

Microchip MPLAB XC8 Assembler V3.10 build 20250813170317 
                                                                                               Tue Apr 14 09:08:22 2026

Microchip MPLAB XC8 C Compiler v3.10 (Free license) build 20250813170317 Og1 
     1                           	processor	18F4580
     2                           	fnconf	rparam,??,?,0
     3                           	pagewidth 120
     4                           	opt	flic
     5                           	psect	idataCOMRAM,global,class=CODE,space=0,delta=1,noexec
     6                           	psect	mediumconst,global,reloc=2,class=MEDIUMCONST,space=0,delta=1,noexec
     7                           	psect	cinit,global,reloc=2,class=CODE,space=0,delta=1
     8                           	psect	bssCOMRAM,global,class=COMRAM,space=1,delta=1,lowdata,noexec
     9                           	psect	dataCOMRAM,global,class=COMRAM,space=1,delta=1,lowdata,noexec
    10                           	psect	cstackCOMRAM,global,class=COMRAM,space=1,delta=1,lowdata,noexec
    11                           	psect	text0,global,reloc=2,class=CODE,space=0,delta=1
    12                           	psect	text1,global,reloc=2,class=CODE,space=0,delta=1
    13                           	psect	text2,global,reloc=2,class=CODE,space=0,delta=1
    14                           	psect	text3,global,reloc=2,class=CODE,space=0,delta=1
    15                           	psect	text4,global,reloc=2,class=CODE,space=0,delta=1
    16                           	psect	text5,global,reloc=2,class=CODE,space=0,delta=1
    17                           	psect	text6,global,reloc=2,class=CODE,space=0,delta=1
    18                           	psect	text7,global,reloc=2,class=CODE,space=0,delta=1
    19                           	psect	text8,global,reloc=2,class=CODE,space=0,delta=1
    20                           	psect	text9,global,reloc=2,class=CODE,space=0,delta=1
    21                           	psect	text10,global,reloc=2,class=CODE,space=0,delta=1
    22                           	psect	text11,global,reloc=2,class=CODE,space=0,delta=1
    23                           	psect	text12,global,reloc=2,class=CODE,space=0,delta=1
    24                           	psect	text13,global,reloc=2,class=CODE,space=0,delta=1
    25                           	psect	text14,global,reloc=2,class=CODE,space=0,delta=1
    26                           	psect	text15,global,reloc=2,class=CODE,space=0,delta=1
    27                           	psect	text16,global,reloc=2,class=CODE,space=0,delta=1
    28                           	psect	text17,global,reloc=2,class=CODE,space=0,delta=1
    29                           	psect	intcode,global,reloc=2,class=CODE,space=0,delta=1
    30                           	psect	intcode_body,global,reloc=2,class=CODE,space=0,delta=1
    31                           	psect	intsave_regs,global,class=BIGRAM,space=1,delta=1,noexec
    32                           	psect	rparam,global,class=COMRAM,space=1,delta=1,noexec
    33                           	dabs	1,0x1,1
    34   000000                     
    35                           ; Generated 17/01/2025 GMT
    36                           ; 
    37                           ; Copyright © 2025, Microchip Technology Inc. and its subsidiaries ("Microchip")
    38                           ; All rights reserved.
    39                           ; 
    40                           ; This software is developed by Microchip Technology Inc. and its subsidiaries ("Microch
      +                          ip").
    41                           ; 
    42                           ; Redistribution and use in source and binary forms, with or without modification, are
    43                           ; permitted provided that the following conditions are met:
    44                           ; 
    45                           ;     1. Redistributions of source code must retain the above copyright notice, this lis
      +                          t of
    46                           ;        conditions and the following disclaimer.
    47                           ; 
    48                           ;     2. Redistributions in binary form must reproduce the above copyright notice, this 
      +                          list
    49                           ;        of conditions and the following disclaimer in the documentation and/or other
    50                           ;        materials provided with the distribution. Publication is not required when
    51                           ;        this file is used in an embedded application.
    52                           ; 
    53                           ;     3. Microchip's name may not be used to endorse or promote products derived from th
      +                          is
    54                           ;        software without specific prior written permission.
    55                           ; 
    56                           ; THIS SOFTWARE IS PROVIDED BY MICROCHIP "AS IS" AND ANY EXPRESS OR IMPLIED WARRANTIES,
    57                           ; INCLUDING, BUT NOT LIMITED TO, THE IMPLIED WARRANTIES OF MERCHANTABILITY AND FITNESS F
      +                          OR
    58                           ; PURPOSE ARE DISCLAIMED.  IN NO EVENT SHALL MICROCHIP BE LIABLE FOR ANY DIRECT, INDIREC
      +                          T,
    59                           ; INCIDENTAL, SPECIAL, EXEMPLARY, OR CONSEQUENTIAL DAMAGES (INCLUDING BUT NOT LIMITED TO
    60                           ; PROCUREMENT OF SUBSTITUTE GOODS OR SERVICES; LOSS OF USE, DATA OR PROFITS; OR BUSINESS
    61                           ; INTERRUPTION) HOWSOEVER CAUSED AND ON ANY THEORY OF LIABILITY, WHETHER IN CONTRACT, ST
      +                          RICT
    62                           ; LIABILITY, OR TORT (INCLUDING NEGLIGENCE OR OTHERWISE) ARISING IN ANY WAY OUT OF THE U
      +                          SE OF
    63                           ; THIS SOFTWARE, EVEN IF ADVISED OF THE POSSIBILITY OF SUCH DAMAGE.
    64                           ; 
    65                           ; 
    66                           ; Code-generator required, PIC18F4580 Definitions
    67                           ; 
    68                           ; SFR Addresses
    69   000FE0                     bsr             equ	4064
    70   000FE9                     fsr0            equ	4073
    71   000FEA                     fsr0h           equ	4074
    72   000FE9                     fsr0l           equ	4073
    73   000FE1                     fsr1            equ	4065
    74   000FE2                     fsr1h           equ	4066
    75   000FE1                     fsr1l           equ	4065
    76   000FD9                     fsr2            equ	4057
    77   000FDA                     fsr2h           equ	4058
    78   000FD9                     fsr2l           equ	4057
    79   000FEF                     indf0           equ	4079
    80   000FE7                     indf1           equ	4071
    81   000FDF                     indf2           equ	4063
    82   000FF2                     intcon          equ	4082
    83   000000                     nvmcon          equ	0
    84   000FF9                     pcl             equ	4089
    85   000FFA                     pclath          equ	4090
    86   000FFB                     pclatu          equ	4091
    87   000FEB                     plusw0          equ	4075
    88   000FE3                     plusw1          equ	4067
    89   000FDB                     plusw2          equ	4059
    90   000FED                     postdec0        equ	4077
    91   000FE5                     postdec1        equ	4069
    92   000FDD                     postdec2        equ	4061
    93   000FEE                     postinc0        equ	4078
    94   000FE6                     postinc1        equ	4070
    95   000FDE                     postinc2        equ	4062
    96   000FEC                     preinc0         equ	4076
    97   000FE4                     preinc1         equ	4068
    98   000FDC                     preinc2         equ	4060
    99   000FF3                     prod            equ	4083
   100   000FF4                     prodh           equ	4084
   101   000FF3                     prodl           equ	4083
   102   000FD8                     status          equ	4056
   103   000FF5                     tablat          equ	4085
   104   000FF6                     tblptr          equ	4086
   105   000FF7                     tblptrh         equ	4087
   106   000FF6                     tblptrl         equ	4086
   107   000FF8                     tblptru         equ	4088
   108   000FFD                     tosl            equ	4093
   109   000FE8                     wreg            equ	4072
   110   000D60                     RXF6SIDH        equ	3424	;# 
   111   000D61                     RXF6SIDL        equ	3425	;# 
   112   000D62                     RXF6EIDH        equ	3426	;# 
   113   000D63                     RXF6EIDL        equ	3427	;# 
   114   000D64                     RXF7SIDH        equ	3428	;# 
   115   000D65                     RXF7SIDL        equ	3429	;# 
   116   000D66                     RXF7EIDH        equ	3430	;# 
   117   000D67                     RXF7EIDL        equ	3431	;# 
   118   000D68                     RXF8SIDH        equ	3432	;# 
   119   000D69                     RXF8SIDL        equ	3433	;# 
   120   000D6A                     RXF8EIDH        equ	3434	;# 
   121   000D6B                     RXF8EIDL        equ	3435	;# 
   122   000D70                     RXF9SIDH        equ	3440	;# 
   123   000D71                     RXF9SIDL        equ	3441	;# 
   124   000D72                     RXF9EIDH        equ	3442	;# 
   125   000D73                     RXF9EIDL        equ	3443	;# 
   126   000D74                     RXF10SIDH       equ	3444	;# 
   127   000D75                     RXF10SIDL       equ	3445	;# 
   128   000D76                     RXF10EIDH       equ	3446	;# 
   129   000D77                     RXF10EIDL       equ	3447	;# 
   130   000D78                     RXF11SIDH       equ	3448	;# 
   131   000D79                     RXF11SIDL       equ	3449	;# 
   132   000D7A                     RXF11EIDH       equ	3450	;# 
   133   000D7B                     RXF11EIDL       equ	3451	;# 
   134   000D80                     RXF12SIDH       equ	3456	;# 
   135   000D81                     RXF12SIDL       equ	3457	;# 
   136   000D82                     RXF12EIDH       equ	3458	;# 
   137   000D83                     RXF12EIDL       equ	3459	;# 
   138   000D84                     RXF13SIDH       equ	3460	;# 
   139   000D85                     RXF13SIDL       equ	3461	;# 
   140   000D86                     RXF13EIDH       equ	3462	;# 
   141   000D87                     RXF13EIDL       equ	3463	;# 
   142   000D88                     RXF14SIDH       equ	3464	;# 
   143   000D89                     RXF14SIDL       equ	3465	;# 
   144   000D8A                     RXF14EIDH       equ	3466	;# 
   145   000D8B                     RXF14EIDL       equ	3467	;# 
   146   000D90                     RXF15SIDH       equ	3472	;# 
   147   000D91                     RXF15SIDL       equ	3473	;# 
   148   000D92                     RXF15EIDH       equ	3474	;# 
   149   000D93                     RXF15EIDL       equ	3475	;# 
   150   000DD4                     RXFCON0         equ	3540	;# 
   151   000DD5                     RXFCON1         equ	3541	;# 
   152   000DD8                     SDFLC           equ	3544	;# 
   153   000DE0                     RXFBCON0        equ	3552	;# 
   154   000DE1                     RXFBCON1        equ	3553	;# 
   155   000DE2                     RXFBCON2        equ	3554	;# 
   156   000DE3                     RXFBCON3        equ	3555	;# 
   157   000DE4                     RXFBCON4        equ	3556	;# 
   158   000DE5                     RXFBCON5        equ	3557	;# 
   159   000DE6                     RXFBCON6        equ	3558	;# 
   160   000DE7                     RXFBCON7        equ	3559	;# 
   161   000DF0                     MSEL0           equ	3568	;# 
   162   000DF1                     MSEL1           equ	3569	;# 
   163   000DF2                     MSEL2           equ	3570	;# 
   164   000DF3                     MSEL3           equ	3571	;# 
   165   000DF8                     BSEL0           equ	3576	;# 
   166   000DFA                     BIE0            equ	3578	;# 
   167   000DFC                     TXBIE           equ	3580	;# 
   168   000E20                     B0CON           equ	3616	;# 
   169   000E21                     B0SIDH          equ	3617	;# 
   170   000E22                     B0SIDL          equ	3618	;# 
   171   000E23                     B0EIDH          equ	3619	;# 
   172   000E24                     B0EIDL          equ	3620	;# 
   173   000E25                     B0DLC           equ	3621	;# 
   174   000E26                     B0D0            equ	3622	;# 
   175   000E27                     B0D1            equ	3623	;# 
   176   000E28                     B0D2            equ	3624	;# 
   177   000E29                     B0D3            equ	3625	;# 
   178   000E2A                     B0D4            equ	3626	;# 
   179   000E2B                     B0D5            equ	3627	;# 
   180   000E2C                     B0D6            equ	3628	;# 
   181   000E2D                     B0D7            equ	3629	;# 
   182   000E2E                     CANSTAT_RO9     equ	3630	;# 
   183   000E2F                     CANCON_RO9      equ	3631	;# 
   184   000E30                     B1CON           equ	3632	;# 
   185   000E31                     B1SIDH          equ	3633	;# 
   186   000E32                     B1SIDL          equ	3634	;# 
   187   000E33                     B1EIDH          equ	3635	;# 
   188   000E34                     B1EIDL          equ	3636	;# 
   189   000E35                     B1DLC           equ	3637	;# 
   190   000E36                     B1D0            equ	3638	;# 
   191   000E37                     B1D1            equ	3639	;# 
   192   000E38                     B1D2            equ	3640	;# 
   193   000E39                     B1D3            equ	3641	;# 
   194   000E3A                     B1D4            equ	3642	;# 
   195   000E3B                     B1D5            equ	3643	;# 
   196   000E3C                     B1D6            equ	3644	;# 
   197   000E3D                     B1D7            equ	3645	;# 
   198   000E3E                     CANSTAT_RO8     equ	3646	;# 
   199   000E3F                     CANCON_RO8      equ	3647	;# 
   200   000E40                     B2CON           equ	3648	;# 
   201   000E41                     B2SIDH          equ	3649	;# 
   202   000E42                     B2SIDL          equ	3650	;# 
   203   000E43                     B2EIDH          equ	3651	;# 
   204   000E44                     B2EIDL          equ	3652	;# 
   205   000E45                     B2DLC           equ	3653	;# 
   206   000E46                     B2D0            equ	3654	;# 
   207   000E47                     B2D1            equ	3655	;# 
   208   000E48                     B2D2            equ	3656	;# 
   209   000E49                     B2D3            equ	3657	;# 
   210   000E4A                     B2D4            equ	3658	;# 
   211   000E4B                     B2D5            equ	3659	;# 
   212   000E4C                     B2D6            equ	3660	;# 
   213   000E4D                     B2D7            equ	3661	;# 
   214   000E4E                     CANSTAT_RO7     equ	3662	;# 
   215   000E4F                     CANCON_RO7      equ	3663	;# 
   216   000E50                     B3CON           equ	3664	;# 
   217   000E51                     B3SIDH          equ	3665	;# 
   218   000E52                     B3SIDL          equ	3666	;# 
   219   000E53                     B3EIDH          equ	3667	;# 
   220   000E54                     B3EIDL          equ	3668	;# 
   221   000E55                     B3DLC           equ	3669	;# 
   222   000E56                     B3D0            equ	3670	;# 
   223   000E57                     B3D1            equ	3671	;# 
   224   000E58                     B3D2            equ	3672	;# 
   225   000E59                     B3D3            equ	3673	;# 
   226   000E5A                     B3D4            equ	3674	;# 
   227   000E5B                     B3D5            equ	3675	;# 
   228   000E5C                     B3D6            equ	3676	;# 
   229   000E5D                     B3D7            equ	3677	;# 
   230   000E5E                     CANSTAT_RO6     equ	3678	;# 
   231   000E5F                     CANCON_RO6      equ	3679	;# 
   232   000E60                     B4CON           equ	3680	;# 
   233   000E61                     B4SIDH          equ	3681	;# 
   234   000E62                     B4SIDL          equ	3682	;# 
   235   000E63                     B4EIDH          equ	3683	;# 
   236   000E64                     B4EIDL          equ	3684	;# 
   237   000E65                     B4DLC           equ	3685	;# 
   238   000E66                     B4D0            equ	3686	;# 
   239   000E67                     B4D1            equ	3687	;# 
   240   000E68                     B4D2            equ	3688	;# 
   241   000E69                     B4D3            equ	3689	;# 
   242   000E6A                     B4D4            equ	3690	;# 
   243   000E6B                     B4D5            equ	3691	;# 
   244   000E6C                     B4D6            equ	3692	;# 
   245   000E6D                     B4D7            equ	3693	;# 
   246   000E6E                     CANSTAT_RO5     equ	3694	;# 
   247   000E6F                     CANCON_RO5      equ	3695	;# 
   248   000E70                     B5CON           equ	3696	;# 
   249   000E71                     B5SIDH          equ	3697	;# 
   250   000E72                     B5SIDL          equ	3698	;# 
   251   000E73                     B5EIDH          equ	3699	;# 
   252   000E74                     B5EIDL          equ	3700	;# 
   253   000E75                     B5DLC           equ	3701	;# 
   254   000E76                     B5D0            equ	3702	;# 
   255   000E77                     B5D1            equ	3703	;# 
   256   000E78                     B5D2            equ	3704	;# 
   257   000E79                     B5D3            equ	3705	;# 
   258   000E7A                     B5D4            equ	3706	;# 
   259   000E7B                     B5D5            equ	3707	;# 
   260   000E7C                     B5D6            equ	3708	;# 
   261   000E7D                     B5D7            equ	3709	;# 
   262   000E7E                     CANSTAT_RO4     equ	3710	;# 
   263   000E7F                     CANCON_RO4      equ	3711	;# 
   264   000F00                     RXF0SIDH        equ	3840	;# 
   265   000F01                     RXF0SIDL        equ	3841	;# 
   266   000F02                     RXF0EIDH        equ	3842	;# 
   267   000F03                     RXF0EIDL        equ	3843	;# 
   268   000F04                     RXF1SIDH        equ	3844	;# 
   269   000F05                     RXF1SIDL        equ	3845	;# 
   270   000F06                     RXF1EIDH        equ	3846	;# 
   271   000F07                     RXF1EIDL        equ	3847	;# 
   272   000F08                     RXF2SIDH        equ	3848	;# 
   273   000F09                     RXF2SIDL        equ	3849	;# 
   274   000F0A                     RXF2EIDH        equ	3850	;# 
   275   000F0B                     RXF2EIDL        equ	3851	;# 
   276   000F0C                     RXF3SIDH        equ	3852	;# 
   277   000F0D                     RXF3SIDL        equ	3853	;# 
   278   000F0E                     RXF3EIDH        equ	3854	;# 
   279   000F0F                     RXF3EIDL        equ	3855	;# 
   280   000F10                     RXF4SIDH        equ	3856	;# 
   281   000F11                     RXF4SIDL        equ	3857	;# 
   282   000F12                     RXF4EIDH        equ	3858	;# 
   283   000F13                     RXF4EIDL        equ	3859	;# 
   284   000F14                     RXF5SIDH        equ	3860	;# 
   285   000F15                     RXF5SIDL        equ	3861	;# 
   286   000F16                     RXF5EIDH        equ	3862	;# 
   287   000F17                     RXF5EIDL        equ	3863	;# 
   288   000F18                     RXM0SIDH        equ	3864	;# 
   289   000F19                     RXM0SIDL        equ	3865	;# 
   290   000F1A                     RXM0EIDH        equ	3866	;# 
   291   000F1B                     RXM0EIDL        equ	3867	;# 
   292   000F1C                     RXM1SIDH        equ	3868	;# 
   293   000F1D                     RXM1SIDL        equ	3869	;# 
   294   000F1E                     RXM1EIDH        equ	3870	;# 
   295   000F1F                     RXM1EIDL        equ	3871	;# 
   296   000F20                     TXB2CON         equ	3872	;# 
   297   000F21                     TXB2SIDH        equ	3873	;# 
   298   000F22                     TXB2SIDL        equ	3874	;# 
   299   000F23                     TXB2EIDH        equ	3875	;# 
   300   000F24                     TXB2EIDL        equ	3876	;# 
   301   000F25                     TXB2DLC         equ	3877	;# 
   302   000F26                     TXB2D0          equ	3878	;# 
   303   000F27                     TXB2D1          equ	3879	;# 
   304   000F28                     TXB2D2          equ	3880	;# 
   305   000F29                     TXB2D3          equ	3881	;# 
   306   000F2A                     TXB2D4          equ	3882	;# 
   307   000F2B                     TXB2D5          equ	3883	;# 
   308   000F2C                     TXB2D6          equ	3884	;# 
   309   000F2D                     TXB2D7          equ	3885	;# 
   310   000F2E                     CANSTAT_RO3     equ	3886	;# 
   311   000F2F                     CANCON_RO3      equ	3887	;# 
   312   000F30                     TXB1CON         equ	3888	;# 
   313   000F31                     TXB1SIDH        equ	3889	;# 
   314   000F32                     TXB1SIDL        equ	3890	;# 
   315   000F33                     TXB1EIDH        equ	3891	;# 
   316   000F34                     TXB1EIDL        equ	3892	;# 
   317   000F35                     TXB1DLC         equ	3893	;# 
   318   000F36                     TXB1D0          equ	3894	;# 
   319   000F37                     TXB1D1          equ	3895	;# 
   320   000F38                     TXB1D2          equ	3896	;# 
   321   000F39                     TXB1D3          equ	3897	;# 
   322   000F3A                     TXB1D4          equ	3898	;# 
   323   000F3B                     TXB1D5          equ	3899	;# 
   324   000F3C                     TXB1D6          equ	3900	;# 
   325   000F3D                     TXB1D7          equ	3901	;# 
   326   000F3E                     CANSTAT_RO2     equ	3902	;# 
   327   000F3F                     CANCON_RO2      equ	3903	;# 
   328   000F40                     TXB0CON         equ	3904	;# 
   329   000F41                     TXB0SIDH        equ	3905	;# 
   330   000F42                     TXB0SIDL        equ	3906	;# 
   331   000F43                     TXB0EIDH        equ	3907	;# 
   332   000F44                     TXB0EIDL        equ	3908	;# 
   333   000F45                     TXB0DLC         equ	3909	;# 
   334   000F46                     TXB0D0          equ	3910	;# 
   335   000F47                     TXB0D1          equ	3911	;# 
   336   000F48                     TXB0D2          equ	3912	;# 
   337   000F49                     TXB0D3          equ	3913	;# 
   338   000F4A                     TXB0D4          equ	3914	;# 
   339   000F4B                     TXB0D5          equ	3915	;# 
   340   000F4C                     TXB0D6          equ	3916	;# 
   341   000F4D                     TXB0D7          equ	3917	;# 
   342   000F4E                     CANSTAT_RO1     equ	3918	;# 
   343   000F4F                     CANCON_RO1      equ	3919	;# 
   344   000F50                     RXB1CON         equ	3920	;# 
   345   000F51                     RXB1SIDH        equ	3921	;# 
   346   000F52                     RXB1SIDL        equ	3922	;# 
   347   000F53                     RXB1EIDH        equ	3923	;# 
   348   000F54                     RXB1EIDL        equ	3924	;# 
   349   000F55                     RXB1DLC         equ	3925	;# 
   350   000F56                     RXB1D0          equ	3926	;# 
   351   000F57                     RXB1D1          equ	3927	;# 
   352   000F58                     RXB1D2          equ	3928	;# 
   353   000F59                     RXB1D3          equ	3929	;# 
   354   000F5A                     RXB1D4          equ	3930	;# 
   355   000F5B                     RXB1D5          equ	3931	;# 
   356   000F5C                     RXB1D6          equ	3932	;# 
   357   000F5D                     RXB1D7          equ	3933	;# 
   358   000F5E                     CANSTAT_RO0     equ	3934	;# 
   359   000F5F                     CANCON_RO0      equ	3935	;# 
   360   000F60                     RXB0CON         equ	3936	;# 
   361   000F61                     RXB0SIDH        equ	3937	;# 
   362   000F62                     RXB0SIDL        equ	3938	;# 
   363   000F63                     RXB0EIDH        equ	3939	;# 
   364   000F64                     RXB0EIDL        equ	3940	;# 
   365   000F65                     RXB0DLC         equ	3941	;# 
   366   000F66                     RXB0D0          equ	3942	;# 
   367   000F67                     RXB0D1          equ	3943	;# 
   368   000F68                     RXB0D2          equ	3944	;# 
   369   000F69                     RXB0D3          equ	3945	;# 
   370   000F6A                     RXB0D4          equ	3946	;# 
   371   000F6B                     RXB0D5          equ	3947	;# 
   372   000F6C                     RXB0D6          equ	3948	;# 
   373   000F6D                     RXB0D7          equ	3949	;# 
   374   000F6E                     CANSTAT         equ	3950	;# 
   375   000F6F                     CANCON          equ	3951	;# 
   376   000F70                     BRGCON1         equ	3952	;# 
   377   000F71                     BRGCON2         equ	3953	;# 
   378   000F72                     BRGCON3         equ	3954	;# 
   379   000F73                     CIOCON          equ	3955	;# 
   380   000F74                     COMSTAT         equ	3956	;# 
   381   000F75                     RXERRCNT        equ	3957	;# 
   382   000F76                     TXERRCNT        equ	3958	;# 
   383   000F77                     ECANCON         equ	3959	;# 
   384   000F80                     PORTA           equ	3968	;# 
   385   000F81                     PORTB           equ	3969	;# 
   386   000F82                     PORTC           equ	3970	;# 
   387   000F83                     PORTD           equ	3971	;# 
   388   000F84                     PORTE           equ	3972	;# 
   389   000F89                     LATA            equ	3977	;# 
   390   000F8A                     LATB            equ	3978	;# 
   391   000F8B                     LATC            equ	3979	;# 
   392   000F8C                     LATD            equ	3980	;# 
   393   000F8D                     LATE            equ	3981	;# 
   394   000F92                     TRISA           equ	3986	;# 
   395   000F92                     DDRA            equ	3986	;# 
   396   000F93                     TRISB           equ	3987	;# 
   397   000F93                     DDRB            equ	3987	;# 
   398   000F94                     TRISC           equ	3988	;# 
   399   000F94                     DDRC            equ	3988	;# 
   400   000F95                     TRISD           equ	3989	;# 
   401   000F95                     DDRD            equ	3989	;# 
   402   000F96                     TRISE           equ	3990	;# 
   403   000F96                     DDRE            equ	3990	;# 
   404   000F9B                     OSCTUNE         equ	3995	;# 
   405   000F9D                     PIE1            equ	3997	;# 
   406   000F9E                     PIR1            equ	3998	;# 
   407   000F9F                     IPR1            equ	3999	;# 
   408   000FA0                     PIE2            equ	4000	;# 
   409   000FA1                     PIR2            equ	4001	;# 
   410   000FA2                     IPR2            equ	4002	;# 
   411   000FA3                     PIE3            equ	4003	;# 
   412   000FA4                     PIR3            equ	4004	;# 
   413   000FA5                     IPR3            equ	4005	;# 
   414   000FA6                     EECON1          equ	4006	;# 
   415   000FA7                     EECON2          equ	4007	;# 
   416   000FA8                     EEDATA          equ	4008	;# 
   417   000FA9                     EEADR           equ	4009	;# 
   418   000FAB                     RCSTA           equ	4011	;# 
   419   000FAB                     RCSTA1          equ	4011	;# 
   420   000FAC                     TXSTA           equ	4012	;# 
   421   000FAC                     TXSTA1          equ	4012	;# 
   422   000FAD                     TXREG           equ	4013	;# 
   423   000FAD                     TXREG1          equ	4013	;# 
   424   000FAE                     RCREG           equ	4014	;# 
   425   000FAE                     RCREG1          equ	4014	;# 
   426   000FAF                     SPBRG           equ	4015	;# 
   427   000FAF                     SPBRG1          equ	4015	;# 
   428   000FB0                     SPBRGH          equ	4016	;# 
   429   000FB1                     T3CON           equ	4017	;# 
   430   000FB2                     TMR3            equ	4018	;# 
   431   000FB2                     TMR3L           equ	4018	;# 
   432   000FB3                     TMR3H           equ	4019	;# 
   433   000FB4                     CMCON           equ	4020	;# 
   434   000FB5                     CVRCON          equ	4021	;# 
   435   000FB6                     ECCP1AS         equ	4022	;# 
   436   000FB7                     ECCP1DEL        equ	4023	;# 
   437   000FB8                     BAUDCON         equ	4024	;# 
   438   000FB8                     BAUDCTL         equ	4024	;# 
   439   000FBA                     ECCP1CON        equ	4026	;# 
   440   000FBB                     ECCPR1          equ	4027	;# 
   441   000FBB                     ECCPR1L         equ	4027	;# 
   442   000FBC                     ECCPR1H         equ	4028	;# 
   443   000FBD                     CCP1CON         equ	4029	;# 
   444   000FBE                     CCPR1           equ	4030	;# 
   445   000FBE                     CCPR1L          equ	4030	;# 
   446   000FBF                     CCPR1H          equ	4031	;# 
   447   000FC0                     ADCON2          equ	4032	;# 
   448   000FC1                     ADCON1          equ	4033	;# 
   449   000FC2                     ADCON0          equ	4034	;# 
   450   000FC3                     ADRES           equ	4035	;# 
   451   000FC3                     ADRESL          equ	4035	;# 
   452   000FC4                     ADRESH          equ	4036	;# 
   453   000FC5                     SSPCON2         equ	4037	;# 
   454   000FC6                     SSPCON1         equ	4038	;# 
   455   000FC7                     SSPSTAT         equ	4039	;# 
   456   000FC8                     SSPADD          equ	4040	;# 
   457   000FC9                     SSPBUF          equ	4041	;# 
   458   000FCA                     T2CON           equ	4042	;# 
   459   000FCB                     PR2             equ	4043	;# 
   460   000FCB                     MEMCON          equ	4043	;# 
   461   000FCC                     TMR2            equ	4044	;# 
   462   000FCD                     T1CON           equ	4045	;# 
   463   000FCE                     TMR1            equ	4046	;# 
   464   000FCE                     TMR1L           equ	4046	;# 
   465   000FCF                     TMR1H           equ	4047	;# 
   466   000FD0                     RCON            equ	4048	;# 
   467   000FD1                     WDTCON          equ	4049	;# 
   468   000FD2                     HLVDCON         equ	4050	;# 
   469   000FD2                     LVDCON          equ	4050	;# 
   470   000FD3                     OSCCON          equ	4051	;# 
   471   000FD5                     T0CON           equ	4053	;# 
   472   000FD6                     TMR0            equ	4054	;# 
   473   000FD6                     TMR0L           equ	4054	;# 
   474   000FD7                     TMR0H           equ	4055	;# 
   475   000FD8                     STATUS          equ	4056	;# 
   476   000FD9                     FSR2            equ	4057	;# 
   477   000FD9                     FSR2L           equ	4057	;# 
   478   000FDA                     FSR2H           equ	4058	;# 
   479   000FDB                     PLUSW2          equ	4059	;# 
   480   000FDC                     PREINC2         equ	4060	;# 
   481   000FDD                     POSTDEC2        equ	4061	;# 
   482   000FDE                     POSTINC2        equ	4062	;# 
   483   000FDF                     INDF2           equ	4063	;# 
   484   000FE0                     BSR             equ	4064	;# 
   485   000FE1                     FSR1            equ	4065	;# 
   486   000FE1                     FSR1L           equ	4065	;# 
   487   000FE2                     FSR1H           equ	4066	;# 
   488   000FE3                     PLUSW1          equ	4067	;# 
   489   000FE4                     PREINC1         equ	4068	;# 
   490   000FE5                     POSTDEC1        equ	4069	;# 
   491   000FE6                     POSTINC1        equ	4070	;# 
   492   000FE7                     INDF1           equ	4071	;# 
   493   000FE8                     WREG            equ	4072	;# 
   494   000FE9                     FSR0            equ	4073	;# 
   495   000FE9                     FSR0L           equ	4073	;# 
   496   000FEA                     FSR0H           equ	4074	;# 
   497   000FEB                     PLUSW0          equ	4075	;# 
   498   000FEC                     PREINC0         equ	4076	;# 
   499   000FED                     POSTDEC0        equ	4077	;# 
   500   000FEE                     POSTINC0        equ	4078	;# 
   501   000FEF                     INDF0           equ	4079	;# 
   502   000FF0                     INTCON3         equ	4080	;# 
   503   000FF1                     INTCON2         equ	4081	;# 
   504   000FF2                     INTCON          equ	4082	;# 
   505   000FF3                     PROD            equ	4083	;# 
   506   000FF3                     PRODL           equ	4083	;# 
   507   000FF4                     PRODH           equ	4084	;# 
   508   000FF5                     TABLAT          equ	4085	;# 
   509   000FF6                     TBLPTR          equ	4086	;# 
   510   000FF6                     TBLPTRL         equ	4086	;# 
   511   000FF7                     TBLPTRH         equ	4087	;# 
   512   000FF8                     TBLPTRU         equ	4088	;# 
   513   000FF9                     PCLAT           equ	4089	;# 
   514   000FF9                     PC              equ	4089	;# 
   515   000FF9                     PCL             equ	4089	;# 
   516   000FFA                     PCLATH          equ	4090	;# 
   517   000FFB                     PCLATU          equ	4091	;# 
   518   000FFC                     STKPTR          equ	4092	;# 
   519   000FFD                     TOS             equ	4093	;# 
   520   000FFD                     TOSL            equ	4093	;# 
   521   000FFE                     TOSH            equ	4094	;# 
   522   000FFF                     TOSU            equ	4095	;# 
   523   000D60                     RXF6SIDH        equ	3424	;# 
   524   000D61                     RXF6SIDL        equ	3425	;# 
   525   000D62                     RXF6EIDH        equ	3426	;# 
   526   000D63                     RXF6EIDL        equ	3427	;# 
   527   000D64                     RXF7SIDH        equ	3428	;# 
   528   000D65                     RXF7SIDL        equ	3429	;# 
   529   000D66                     RXF7EIDH        equ	3430	;# 
   530   000D67                     RXF7EIDL        equ	3431	;# 
   531   000D68                     RXF8SIDH        equ	3432	;# 
   532   000D69                     RXF8SIDL        equ	3433	;# 
   533   000D6A                     RXF8EIDH        equ	3434	;# 
   534   000D6B                     RXF8EIDL        equ	3435	;# 
   535   000D70                     RXF9SIDH        equ	3440	;# 
   536   000D71                     RXF9SIDL        equ	3441	;# 
   537   000D72                     RXF9EIDH        equ	3442	;# 
   538   000D73                     RXF9EIDL        equ	3443	;# 
   539   000D74                     RXF10SIDH       equ	3444	;# 
   540   000D75                     RXF10SIDL       equ	3445	;# 
   541   000D76                     RXF10EIDH       equ	3446	;# 
   542   000D77                     RXF10EIDL       equ	3447	;# 
   543   000D78                     RXF11SIDH       equ	3448	;# 
   544   000D79                     RXF11SIDL       equ	3449	;# 
   545   000D7A                     RXF11EIDH       equ	3450	;# 
   546   000D7B                     RXF11EIDL       equ	3451	;# 
   547   000D80                     RXF12SIDH       equ	3456	;# 
   548   000D81                     RXF12SIDL       equ	3457	;# 
   549   000D82                     RXF12EIDH       equ	3458	;# 
   550   000D83                     RXF12EIDL       equ	3459	;# 
   551   000D84                     RXF13SIDH       equ	3460	;# 
   552   000D85                     RXF13SIDL       equ	3461	;# 
   553   000D86                     RXF13EIDH       equ	3462	;# 
   554   000D87                     RXF13EIDL       equ	3463	;# 
   555   000D88                     RXF14SIDH       equ	3464	;# 
   556   000D89                     RXF14SIDL       equ	3465	;# 
   557   000D8A                     RXF14EIDH       equ	3466	;# 
   558   000D8B                     RXF14EIDL       equ	3467	;# 
   559   000D90                     RXF15SIDH       equ	3472	;# 
   560   000D91                     RXF15SIDL       equ	3473	;# 
   561   000D92                     RXF15EIDH       equ	3474	;# 
   562   000D93                     RXF15EIDL       equ	3475	;# 
   563   000DD4                     RXFCON0         equ	3540	;# 
   564   000DD5                     RXFCON1         equ	3541	;# 
   565   000DD8                     SDFLC           equ	3544	;# 
   566   000DE0                     RXFBCON0        equ	3552	;# 
   567   000DE1                     RXFBCON1        equ	3553	;# 
   568   000DE2                     RXFBCON2        equ	3554	;# 
   569   000DE3                     RXFBCON3        equ	3555	;# 
   570   000DE4                     RXFBCON4        equ	3556	;# 
   571   000DE5                     RXFBCON5        equ	3557	;# 
   572   000DE6                     RXFBCON6        equ	3558	;# 
   573   000DE7                     RXFBCON7        equ	3559	;# 
   574   000DF0                     MSEL0           equ	3568	;# 
   575   000DF1                     MSEL1           equ	3569	;# 
   576   000DF2                     MSEL2           equ	3570	;# 
   577   000DF3                     MSEL3           equ	3571	;# 
   578   000DF8                     BSEL0           equ	3576	;# 
   579   000DFA                     BIE0            equ	3578	;# 
   580   000DFC                     TXBIE           equ	3580	;# 
   581   000E20                     B0CON           equ	3616	;# 
   582   000E21                     B0SIDH          equ	3617	;# 
   583   000E22                     B0SIDL          equ	3618	;# 
   584   000E23                     B0EIDH          equ	3619	;# 
   585   000E24                     B0EIDL          equ	3620	;# 
   586   000E25                     B0DLC           equ	3621	;# 
   587   000E26                     B0D0            equ	3622	;# 
   588   000E27                     B0D1            equ	3623	;# 
   589   000E28                     B0D2            equ	3624	;# 
   590   000E29                     B0D3            equ	3625	;# 
   591   000E2A                     B0D4            equ	3626	;# 
   592   000E2B                     B0D5            equ	3627	;# 
   593   000E2C                     B0D6            equ	3628	;# 
   594   000E2D                     B0D7            equ	3629	;# 
   595   000E2E                     CANSTAT_RO9     equ	3630	;# 
   596   000E2F                     CANCON_RO9      equ	3631	;# 
   597   000E30                     B1CON           equ	3632	;# 
   598   000E31                     B1SIDH          equ	3633	;# 
   599   000E32                     B1SIDL          equ	3634	;# 
   600   000E33                     B1EIDH          equ	3635	;# 
   601   000E34                     B1EIDL          equ	3636	;# 
   602   000E35                     B1DLC           equ	3637	;# 
   603   000E36                     B1D0            equ	3638	;# 
   604   000E37                     B1D1            equ	3639	;# 
   605   000E38                     B1D2            equ	3640	;# 
   606   000E39                     B1D3            equ	3641	;# 
   607   000E3A                     B1D4            equ	3642	;# 
   608   000E3B                     B1D5            equ	3643	;# 
   609   000E3C                     B1D6            equ	3644	;# 
   610   000E3D                     B1D7            equ	3645	;# 
   611   000E3E                     CANSTAT_RO8     equ	3646	;# 
   612   000E3F                     CANCON_RO8      equ	3647	;# 
   613   000E40                     B2CON           equ	3648	;# 
   614   000E41                     B2SIDH          equ	3649	;# 
   615   000E42                     B2SIDL          equ	3650	;# 
   616   000E43                     B2EIDH          equ	3651	;# 
   617   000E44                     B2EIDL          equ	3652	;# 
   618   000E45                     B2DLC           equ	3653	;# 
   619   000E46                     B2D0            equ	3654	;# 
   620   000E47                     B2D1            equ	3655	;# 
   621   000E48                     B2D2            equ	3656	;# 
   622   000E49                     B2D3            equ	3657	;# 
   623   000E4A                     B2D4            equ	3658	;# 
   624   000E4B                     B2D5            equ	3659	;# 
   625   000E4C                     B2D6            equ	3660	;# 
   626   000E4D                     B2D7            equ	3661	;# 
   627   000E4E                     CANSTAT_RO7     equ	3662	;# 
   628   000E4F                     CANCON_RO7      equ	3663	;# 
   629   000E50                     B3CON           equ	3664	;# 
   630   000E51                     B3SIDH          equ	3665	;# 
   631   000E52                     B3SIDL          equ	3666	;# 
   632   000E53                     B3EIDH          equ	3667	;# 
   633   000E54                     B3EIDL          equ	3668	;# 
   634   000E55                     B3DLC           equ	3669	;# 
   635   000E56                     B3D0            equ	3670	;# 
   636   000E57                     B3D1            equ	3671	;# 
   637   000E58                     B3D2            equ	3672	;# 
   638   000E59                     B3D3            equ	3673	;# 
   639   000E5A                     B3D4            equ	3674	;# 
   640   000E5B                     B3D5            equ	3675	;# 
   641   000E5C                     B3D6            equ	3676	;# 
   642   000E5D                     B3D7            equ	3677	;# 
   643   000E5E                     CANSTAT_RO6     equ	3678	;# 
   644   000E5F                     CANCON_RO6      equ	3679	;# 
   645   000E60                     B4CON           equ	3680	;# 
   646   000E61                     B4SIDH          equ	3681	;# 
   647   000E62                     B4SIDL          equ	3682	;# 
   648   000E63                     B4EIDH          equ	3683	;# 
   649   000E64                     B4EIDL          equ	3684	;# 
   650   000E65                     B4DLC           equ	3685	;# 
   651   000E66                     B4D0            equ	3686	;# 
   652   000E67                     B4D1            equ	3687	;# 
   653   000E68                     B4D2            equ	3688	;# 
   654   000E69                     B4D3            equ	3689	;# 
   655   000E6A                     B4D4            equ	3690	;# 
   656   000E6B                     B4D5            equ	3691	;# 
   657   000E6C                     B4D6            equ	3692	;# 
   658   000E6D                     B4D7            equ	3693	;# 
   659   000E6E                     CANSTAT_RO5     equ	3694	;# 
   660   000E6F                     CANCON_RO5      equ	3695	;# 
   661   000E70                     B5CON           equ	3696	;# 
   662   000E71                     B5SIDH          equ	3697	;# 
   663   000E72                     B5SIDL          equ	3698	;# 
   664   000E73                     B5EIDH          equ	3699	;# 
   665   000E74                     B5EIDL          equ	3700	;# 
   666   000E75                     B5DLC           equ	3701	;# 
   667   000E76                     B5D0            equ	3702	;# 
   668   000E77                     B5D1            equ	3703	;# 
   669   000E78                     B5D2            equ	3704	;# 
   670   000E79                     B5D3            equ	3705	;# 
   671   000E7A                     B5D4            equ	3706	;# 
   672   000E7B                     B5D5            equ	3707	;# 
   673   000E7C                     B5D6            equ	3708	;# 
   674   000E7D                     B5D7            equ	3709	;# 
   675   000E7E                     CANSTAT_RO4     equ	3710	;# 
   676   000E7F                     CANCON_RO4      equ	3711	;# 
   677   000F00                     RXF0SIDH        equ	3840	;# 
   678   000F01                     RXF0SIDL        equ	3841	;# 
   679   000F02                     RXF0EIDH        equ	3842	;# 
   680   000F03                     RXF0EIDL        equ	3843	;# 
   681   000F04                     RXF1SIDH        equ	3844	;# 
   682   000F05                     RXF1SIDL        equ	3845	;# 
   683   000F06                     RXF1EIDH        equ	3846	;# 
   684   000F07                     RXF1EIDL        equ	3847	;# 
   685   000F08                     RXF2SIDH        equ	3848	;# 
   686   000F09                     RXF2SIDL        equ	3849	;# 
   687   000F0A                     RXF2EIDH        equ	3850	;# 
   688   000F0B                     RXF2EIDL        equ	3851	;# 
   689   000F0C                     RXF3SIDH        equ	3852	;# 
   690   000F0D                     RXF3SIDL        equ	3853	;# 
   691   000F0E                     RXF3EIDH        equ	3854	;# 
   692   000F0F                     RXF3EIDL        equ	3855	;# 
   693   000F10                     RXF4SIDH        equ	3856	;# 
   694   000F11                     RXF4SIDL        equ	3857	;# 
   695   000F12                     RXF4EIDH        equ	3858	;# 
   696   000F13                     RXF4EIDL        equ	3859	;# 
   697   000F14                     RXF5SIDH        equ	3860	;# 
   698   000F15                     RXF5SIDL        equ	3861	;# 
   699   000F16                     RXF5EIDH        equ	3862	;# 
   700   000F17                     RXF5EIDL        equ	3863	;# 
   701   000F18                     RXM0SIDH        equ	3864	;# 
   702   000F19                     RXM0SIDL        equ	3865	;# 
   703   000F1A                     RXM0EIDH        equ	3866	;# 
   704   000F1B                     RXM0EIDL        equ	3867	;# 
   705   000F1C                     RXM1SIDH        equ	3868	;# 
   706   000F1D                     RXM1SIDL        equ	3869	;# 
   707   000F1E                     RXM1EIDH        equ	3870	;# 
   708   000F1F                     RXM1EIDL        equ	3871	;# 
   709   000F20                     TXB2CON         equ	3872	;# 
   710   000F21                     TXB2SIDH        equ	3873	;# 
   711   000F22                     TXB2SIDL        equ	3874	;# 
   712   000F23                     TXB2EIDH        equ	3875	;# 
   713   000F24                     TXB2EIDL        equ	3876	;# 
   714   000F25                     TXB2DLC         equ	3877	;# 
   715   000F26                     TXB2D0          equ	3878	;# 
   716   000F27                     TXB2D1          equ	3879	;# 
   717   000F28                     TXB2D2          equ	3880	;# 
   718   000F29                     TXB2D3          equ	3881	;# 
   719   000F2A                     TXB2D4          equ	3882	;# 
   720   000F2B                     TXB2D5          equ	3883	;# 
   721   000F2C                     TXB2D6          equ	3884	;# 
   722   000F2D                     TXB2D7          equ	3885	;# 
   723   000F2E                     CANSTAT_RO3     equ	3886	;# 
   724   000F2F                     CANCON_RO3      equ	3887	;# 
   725   000F30                     TXB1CON         equ	3888	;# 
   726   000F31                     TXB1SIDH        equ	3889	;# 
   727   000F32                     TXB1SIDL        equ	3890	;# 
   728   000F33                     TXB1EIDH        equ	3891	;# 
   729   000F34                     TXB1EIDL        equ	3892	;# 
   730   000F35                     TXB1DLC         equ	3893	;# 
   731   000F36                     TXB1D0          equ	3894	;# 
   732   000F37                     TXB1D1          equ	3895	;# 
   733   000F38                     TXB1D2          equ	3896	;# 
   734   000F39                     TXB1D3          equ	3897	;# 
   735   000F3A                     TXB1D4          equ	3898	;# 
   736   000F3B                     TXB1D5          equ	3899	;# 
   737   000F3C                     TXB1D6          equ	3900	;# 
   738   000F3D                     TXB1D7          equ	3901	;# 
   739   000F3E                     CANSTAT_RO2     equ	3902	;# 
   740   000F3F                     CANCON_RO2      equ	3903	;# 
   741   000F40                     TXB0CON         equ	3904	;# 
   742   000F41                     TXB0SIDH        equ	3905	;# 
   743   000F42                     TXB0SIDL        equ	3906	;# 
   744   000F43                     TXB0EIDH        equ	3907	;# 
   745   000F44                     TXB0EIDL        equ	3908	;# 
   746   000F45                     TXB0DLC         equ	3909	;# 
   747   000F46                     TXB0D0          equ	3910	;# 
   748   000F47                     TXB0D1          equ	3911	;# 
   749   000F48                     TXB0D2          equ	3912	;# 
   750   000F49                     TXB0D3          equ	3913	;# 
   751   000F4A                     TXB0D4          equ	3914	;# 
   752   000F4B                     TXB0D5          equ	3915	;# 
   753   000F4C                     TXB0D6          equ	3916	;# 
   754   000F4D                     TXB0D7          equ	3917	;# 
   755   000F4E                     CANSTAT_RO1     equ	3918	;# 
   756   000F4F                     CANCON_RO1      equ	3919	;# 
   757   000F50                     RXB1CON         equ	3920	;# 
   758   000F51                     RXB1SIDH        equ	3921	;# 
   759   000F52                     RXB1SIDL        equ	3922	;# 
   760   000F53                     RXB1EIDH        equ	3923	;# 
   761   000F54                     RXB1EIDL        equ	3924	;# 
   762   000F55                     RXB1DLC         equ	3925	;# 
   763   000F56                     RXB1D0          equ	3926	;# 
   764   000F57                     RXB1D1          equ	3927	;# 
   765   000F58                     RXB1D2          equ	3928	;# 
   766   000F59                     RXB1D3          equ	3929	;# 
   767   000F5A                     RXB1D4          equ	3930	;# 
   768   000F5B                     RXB1D5          equ	3931	;# 
   769   000F5C                     RXB1D6          equ	3932	;# 
   770   000F5D                     RXB1D7          equ	3933	;# 
   771   000F5E                     CANSTAT_RO0     equ	3934	;# 
   772   000F5F                     CANCON_RO0      equ	3935	;# 
   773   000F60                     RXB0CON         equ	3936	;# 
   774   000F61                     RXB0SIDH        equ	3937	;# 
   775   000F62                     RXB0SIDL        equ	3938	;# 
   776   000F63                     RXB0EIDH        equ	3939	;# 
   777   000F64                     RXB0EIDL        equ	3940	;# 
   778   000F65                     RXB0DLC         equ	3941	;# 
   779   000F66                     RXB0D0          equ	3942	;# 
   780   000F67                     RXB0D1          equ	3943	;# 
   781   000F68                     RXB0D2          equ	3944	;# 
   782   000F69                     RXB0D3          equ	3945	;# 
   783   000F6A                     RXB0D4          equ	3946	;# 
   784   000F6B                     RXB0D5          equ	3947	;# 
   785   000F6C                     RXB0D6          equ	3948	;# 
   786   000F6D                     RXB0D7          equ	3949	;# 
   787   000F6E                     CANSTAT         equ	3950	;# 
   788   000F6F                     CANCON          equ	3951	;# 
   789   000F70                     BRGCON1         equ	3952	;# 
   790   000F71                     BRGCON2         equ	3953	;# 
   791   000F72                     BRGCON3         equ	3954	;# 
   792   000F73                     CIOCON          equ	3955	;# 
   793   000F74                     COMSTAT         equ	3956	;# 
   794   000F75                     RXERRCNT        equ	3957	;# 
   795   000F76                     TXERRCNT        equ	3958	;# 
   796   000F77                     ECANCON         equ	3959	;# 
   797   000F80                     PORTA           equ	3968	;# 
   798   000F81                     PORTB           equ	3969	;# 
   799   000F82                     PORTC           equ	3970	;# 
   800   000F83                     PORTD           equ	3971	;# 
   801   000F84                     PORTE           equ	3972	;# 
   802   000F89                     LATA            equ	3977	;# 
   803   000F8A                     LATB            equ	3978	;# 
   804   000F8B                     LATC            equ	3979	;# 
   805   000F8C                     LATD            equ	3980	;# 
   806   000F8D                     LATE            equ	3981	;# 
   807   000F92                     TRISA           equ	3986	;# 
   808   000F92                     DDRA            equ	3986	;# 
   809   000F93                     TRISB           equ	3987	;# 
   810   000F93                     DDRB            equ	3987	;# 
   811   000F94                     TRISC           equ	3988	;# 
   812   000F94                     DDRC            equ	3988	;# 
   813   000F95                     TRISD           equ	3989	;# 
   814   000F95                     DDRD            equ	3989	;# 
   815   000F96                     TRISE           equ	3990	;# 
   816   000F96                     DDRE            equ	3990	;# 
   817   000F9B                     OSCTUNE         equ	3995	;# 
   818   000F9D                     PIE1            equ	3997	;# 
   819   000F9E                     PIR1            equ	3998	;# 
   820   000F9F                     IPR1            equ	3999	;# 
   821   000FA0                     PIE2            equ	4000	;# 
   822   000FA1                     PIR2            equ	4001	;# 
   823   000FA2                     IPR2            equ	4002	;# 
   824   000FA3                     PIE3            equ	4003	;# 
   825   000FA4                     PIR3            equ	4004	;# 
   826   000FA5                     IPR3            equ	4005	;# 
   827   000FA6                     EECON1          equ	4006	;# 
   828   000FA7                     EECON2          equ	4007	;# 
   829   000FA8                     EEDATA          equ	4008	;# 
   830   000FA9                     EEADR           equ	4009	;# 
   831   000FAB                     RCSTA           equ	4011	;# 
   832   000FAB                     RCSTA1          equ	4011	;# 
   833   000FAC                     TXSTA           equ	4012	;# 
   834   000FAC                     TXSTA1          equ	4012	;# 
   835   000FAD                     TXREG           equ	4013	;# 
   836   000FAD                     TXREG1          equ	4013	;# 
   837   000FAE                     RCREG           equ	4014	;# 
   838   000FAE                     RCREG1          equ	4014	;# 
   839   000FAF                     SPBRG           equ	4015	;# 
   840   000FAF                     SPBRG1          equ	4015	;# 
   841   000FB0                     SPBRGH          equ	4016	;# 
   842   000FB1                     T3CON           equ	4017	;# 
   843   000FB2                     TMR3            equ	4018	;# 
   844   000FB2                     TMR3L           equ	4018	;# 
   845   000FB3                     TMR3H           equ	4019	;# 
   846   000FB4                     CMCON           equ	4020	;# 
   847   000FB5                     CVRCON          equ	4021	;# 
   848   000FB6                     ECCP1AS         equ	4022	;# 
   849   000FB7                     ECCP1DEL        equ	4023	;# 
   850   000FB8                     BAUDCON         equ	4024	;# 
   851   000FB8                     BAUDCTL         equ	4024	;# 
   852   000FBA                     ECCP1CON        equ	4026	;# 
   853   000FBB                     ECCPR1          equ	4027	;# 
   854   000FBB                     ECCPR1L         equ	4027	;# 
   855   000FBC                     ECCPR1H         equ	4028	;# 
   856   000FBD                     CCP1CON         equ	4029	;# 
   857   000FBE                     CCPR1           equ	4030	;# 
   858   000FBE                     CCPR1L          equ	4030	;# 
   859   000FBF                     CCPR1H          equ	4031	;# 
   860   000FC0                     ADCON2          equ	4032	;# 
   861   000FC1                     ADCON1          equ	4033	;# 
   862   000FC2                     ADCON0          equ	4034	;# 
   863   000FC3                     ADRES           equ	4035	;# 
   864   000FC3                     ADRESL          equ	4035	;# 
   865   000FC4                     ADRESH          equ	4036	;# 
   866   000FC5                     SSPCON2         equ	4037	;# 
   867   000FC6                     SSPCON1         equ	4038	;# 
   868   000FC7                     SSPSTAT         equ	4039	;# 
   869   000FC8                     SSPADD          equ	4040	;# 
   870   000FC9                     SSPBUF          equ	4041	;# 
   871   000FCA                     T2CON           equ	4042	;# 
   872   000FCB                     PR2             equ	4043	;# 
   873   000FCB                     MEMCON          equ	4043	;# 
   874   000FCC                     TMR2            equ	4044	;# 
   875   000FCD                     T1CON           equ	4045	;# 
   876   000FCE                     TMR1            equ	4046	;# 
   877   000FCE                     TMR1L           equ	4046	;# 
   878   000FCF                     TMR1H           equ	4047	;# 
   879   000FD0                     RCON            equ	4048	;# 
   880   000FD1                     WDTCON          equ	4049	;# 
   881   000FD2                     HLVDCON         equ	4050	;# 
   882   000FD2                     LVDCON          equ	4050	;# 
   883   000FD3                     OSCCON          equ	4051	;# 
   884   000FD5                     T0CON           equ	4053	;# 
   885   000FD6                     TMR0            equ	4054	;# 
   886   000FD6                     TMR0L           equ	4054	;# 
   887   000FD7                     TMR0H           equ	4055	;# 
   888   000FD8                     STATUS          equ	4056	;# 
   889   000FD9                     FSR2            equ	4057	;# 
   890   000FD9                     FSR2L           equ	4057	;# 
   891   000FDA                     FSR2H           equ	4058	;# 
   892   000FDB                     PLUSW2          equ	4059	;# 
   893   000FDC                     PREINC2         equ	4060	;# 
   894   000FDD                     POSTDEC2        equ	4061	;# 
   895   000FDE                     POSTINC2        equ	4062	;# 
   896   000FDF                     INDF2           equ	4063	;# 
   897   000FE0                     BSR             equ	4064	;# 
   898   000FE1                     FSR1            equ	4065	;# 
   899   000FE1                     FSR1L           equ	4065	;# 
   900   000FE2                     FSR1H           equ	4066	;# 
   901   000FE3                     PLUSW1          equ	4067	;# 
   902   000FE4                     PREINC1         equ	4068	;# 
   903   000FE5                     POSTDEC1        equ	4069	;# 
   904   000FE6                     POSTINC1        equ	4070	;# 
   905   000FE7                     INDF1           equ	4071	;# 
   906   000FE8                     WREG            equ	4072	;# 
   907   000FE9                     FSR0            equ	4073	;# 
   908   000FE9                     FSR0L           equ	4073	;# 
   909   000FEA                     FSR0H           equ	4074	;# 
   910   000FEB                     PLUSW0          equ	4075	;# 
   911   000FEC                     PREINC0         equ	4076	;# 
   912   000FED                     POSTDEC0        equ	4077	;# 
   913   000FEE                     POSTINC0        equ	4078	;# 
   914   000FEF                     INDF0           equ	4079	;# 
   915   000FF0                     INTCON3         equ	4080	;# 
   916   000FF1                     INTCON2         equ	4081	;# 
   917   000FF2                     INTCON          equ	4082	;# 
   918   000FF3                     PROD            equ	4083	;# 
   919   000FF3                     PRODL           equ	4083	;# 
   920   000FF4                     PRODH           equ	4084	;# 
   921   000FF5                     TABLAT          equ	4085	;# 
   922   000FF6                     TBLPTR          equ	4086	;# 
   923   000FF6                     TBLPTRL         equ	4086	;# 
   924   000FF7                     TBLPTRH         equ	4087	;# 
   925   000FF8                     TBLPTRU         equ	4088	;# 
   926   000FF9                     PCLAT           equ	4089	;# 
   927   000FF9                     PC              equ	4089	;# 
   928   000FF9                     PCL             equ	4089	;# 
   929   000FFA                     PCLATH          equ	4090	;# 
   930   000FFB                     PCLATU          equ	4091	;# 
   931   000FFC                     STKPTR          equ	4092	;# 
   932   000FFD                     TOS             equ	4093	;# 
   933   000FFD                     TOSL            equ	4093	;# 
   934   000FFE                     TOSH            equ	4094	;# 
   935   000FFF                     TOSU            equ	4095	;# 
   936   000D60                     RXF6SIDH        equ	3424	;# 
   937   000D61                     RXF6SIDL        equ	3425	;# 
   938   000D62                     RXF6EIDH        equ	3426	;# 
   939   000D63                     RXF6EIDL        equ	3427	;# 
   940   000D64                     RXF7SIDH        equ	3428	;# 
   941   000D65                     RXF7SIDL        equ	3429	;# 
   942   000D66                     RXF7EIDH        equ	3430	;# 
   943   000D67                     RXF7EIDL        equ	3431	;# 
   944   000D68                     RXF8SIDH        equ	3432	;# 
   945   000D69                     RXF8SIDL        equ	3433	;# 
   946   000D6A                     RXF8EIDH        equ	3434	;# 
   947   000D6B                     RXF8EIDL        equ	3435	;# 
   948   000D70                     RXF9SIDH        equ	3440	;# 
   949   000D71                     RXF9SIDL        equ	3441	;# 
   950   000D72                     RXF9EIDH        equ	3442	;# 
   951   000D73                     RXF9EIDL        equ	3443	;# 
   952   000D74                     RXF10SIDH       equ	3444	;# 
   953   000D75                     RXF10SIDL       equ	3445	;# 
   954   000D76                     RXF10EIDH       equ	3446	;# 
   955   000D77                     RXF10EIDL       equ	3447	;# 
   956   000D78                     RXF11SIDH       equ	3448	;# 
   957   000D79                     RXF11SIDL       equ	3449	;# 
   958   000D7A                     RXF11EIDH       equ	3450	;# 
   959   000D7B                     RXF11EIDL       equ	3451	;# 
   960   000D80                     RXF12SIDH       equ	3456	;# 
   961   000D81                     RXF12SIDL       equ	3457	;# 
   962   000D82                     RXF12EIDH       equ	3458	;# 
   963   000D83                     RXF12EIDL       equ	3459	;# 
   964   000D84                     RXF13SIDH       equ	3460	;# 
   965   000D85                     RXF13SIDL       equ	3461	;# 
   966   000D86                     RXF13EIDH       equ	3462	;# 
   967   000D87                     RXF13EIDL       equ	3463	;# 
   968   000D88                     RXF14SIDH       equ	3464	;# 
   969   000D89                     RXF14SIDL       equ	3465	;# 
   970   000D8A                     RXF14EIDH       equ	3466	;# 
   971   000D8B                     RXF14EIDL       equ	3467	;# 
   972   000D90                     RXF15SIDH       equ	3472	;# 
   973   000D91                     RXF15SIDL       equ	3473	;# 
   974   000D92                     RXF15EIDH       equ	3474	;# 
   975   000D93                     RXF15EIDL       equ	3475	;# 
   976   000DD4                     RXFCON0         equ	3540	;# 
   977   000DD5                     RXFCON1         equ	3541	;# 
   978   000DD8                     SDFLC           equ	3544	;# 
   979   000DE0                     RXFBCON0        equ	3552	;# 
   980   000DE1                     RXFBCON1        equ	3553	;# 
   981   000DE2                     RXFBCON2        equ	3554	;# 
   982   000DE3                     RXFBCON3        equ	3555	;# 
   983   000DE4                     RXFBCON4        equ	3556	;# 
   984   000DE5                     RXFBCON5        equ	3557	;# 
   985   000DE6                     RXFBCON6        equ	3558	;# 
   986   000DE7                     RXFBCON7        equ	3559	;# 
   987   000DF0                     MSEL0           equ	3568	;# 
   988   000DF1                     MSEL1           equ	3569	;# 
   989   000DF2                     MSEL2           equ	3570	;# 
   990   000DF3                     MSEL3           equ	3571	;# 
   991   000DF8                     BSEL0           equ	3576	;# 
   992   000DFA                     BIE0            equ	3578	;# 
   993   000DFC                     TXBIE           equ	3580	;# 
   994   000E20                     B0CON           equ	3616	;# 
   995   000E21                     B0SIDH          equ	3617	;# 
   996   000E22                     B0SIDL          equ	3618	;# 
   997   000E23                     B0EIDH          equ	3619	;# 
   998   000E24                     B0EIDL          equ	3620	;# 
   999   000E25                     B0DLC           equ	3621	;# 
  1000   000E26                     B0D0            equ	3622	;# 
  1001   000E27                     B0D1            equ	3623	;# 
  1002   000E28                     B0D2            equ	3624	;# 
  1003   000E29                     B0D3            equ	3625	;# 
  1004   000E2A                     B0D4            equ	3626	;# 
  1005   000E2B                     B0D5            equ	3627	;# 
  1006   000E2C                     B0D6            equ	3628	;# 
  1007   000E2D                     B0D7            equ	3629	;# 
  1008   000E2E                     CANSTAT_RO9     equ	3630	;# 
  1009   000E2F                     CANCON_RO9      equ	3631	;# 
  1010   000E30                     B1CON           equ	3632	;# 
  1011   000E31                     B1SIDH          equ	3633	;# 
  1012   000E32                     B1SIDL          equ	3634	;# 
  1013   000E33                     B1EIDH          equ	3635	;# 
  1014   000E34                     B1EIDL          equ	3636	;# 
  1015   000E35                     B1DLC           equ	3637	;# 
  1016   000E36                     B1D0            equ	3638	;# 
  1017   000E37                     B1D1            equ	3639	;# 
  1018   000E38                     B1D2            equ	3640	;# 
  1019   000E39                     B1D3            equ	3641	;# 
  1020   000E3A                     B1D4            equ	3642	;# 
  1021   000E3B                     B1D5            equ	3643	;# 
  1022   000E3C                     B1D6            equ	3644	;# 
  1023   000E3D                     B1D7            equ	3645	;# 
  1024   000E3E                     CANSTAT_RO8     equ	3646	;# 
  1025   000E3F                     CANCON_RO8      equ	3647	;# 
  1026   000E40                     B2CON           equ	3648	;# 
  1027   000E41                     B2SIDH          equ	3649	;# 
  1028   000E42                     B2SIDL          equ	3650	;# 
  1029   000E43                     B2EIDH          equ	3651	;# 
  1030   000E44                     B2EIDL          equ	3652	;# 
  1031   000E45                     B2DLC           equ	3653	;# 
  1032   000E46                     B2D0            equ	3654	;# 
  1033   000E47                     B2D1            equ	3655	;# 
  1034   000E48                     B2D2            equ	3656	;# 
  1035   000E49                     B2D3            equ	3657	;# 
  1036   000E4A                     B2D4            equ	3658	;# 
  1037   000E4B                     B2D5            equ	3659	;# 
  1038   000E4C                     B2D6            equ	3660	;# 
  1039   000E4D                     B2D7            equ	3661	;# 
  1040   000E4E                     CANSTAT_RO7     equ	3662	;# 
  1041   000E4F                     CANCON_RO7      equ	3663	;# 
  1042   000E50                     B3CON           equ	3664	;# 
  1043   000E51                     B3SIDH          equ	3665	;# 
  1044   000E52                     B3SIDL          equ	3666	;# 
  1045   000E53                     B3EIDH          equ	3667	;# 
  1046   000E54                     B3EIDL          equ	3668	;# 
  1047   000E55                     B3DLC           equ	3669	;# 
  1048   000E56                     B3D0            equ	3670	;# 
  1049   000E57                     B3D1            equ	3671	;# 
  1050   000E58                     B3D2            equ	3672	;# 
  1051   000E59                     B3D3            equ	3673	;# 
  1052   000E5A                     B3D4            equ	3674	;# 
  1053   000E5B                     B3D5            equ	3675	;# 
  1054   000E5C                     B3D6            equ	3676	;# 
  1055   000E5D                     B3D7            equ	3677	;# 
  1056   000E5E                     CANSTAT_RO6     equ	3678	;# 
  1057   000E5F                     CANCON_RO6      equ	3679	;# 
  1058   000E60                     B4CON           equ	3680	;# 
  1059   000E61                     B4SIDH          equ	3681	;# 
  1060   000E62                     B4SIDL          equ	3682	;# 
  1061   000E63                     B4EIDH          equ	3683	;# 
  1062   000E64                     B4EIDL          equ	3684	;# 
  1063   000E65                     B4DLC           equ	3685	;# 
  1064   000E66                     B4D0            equ	3686	;# 
  1065   000E67                     B4D1            equ	3687	;# 
  1066   000E68                     B4D2            equ	3688	;# 
  1067   000E69                     B4D3            equ	3689	;# 
  1068   000E6A                     B4D4            equ	3690	;# 
  1069   000E6B                     B4D5            equ	3691	;# 
  1070   000E6C                     B4D6            equ	3692	;# 
  1071   000E6D                     B4D7            equ	3693	;# 
  1072   000E6E                     CANSTAT_RO5     equ	3694	;# 
  1073   000E6F                     CANCON_RO5      equ	3695	;# 
  1074   000E70                     B5CON           equ	3696	;# 
  1075   000E71                     B5SIDH          equ	3697	;# 
  1076   000E72                     B5SIDL          equ	3698	;# 
  1077   000E73                     B5EIDH          equ	3699	;# 
  1078   000E74                     B5EIDL          equ	3700	;# 
  1079   000E75                     B5DLC           equ	3701	;# 
  1080   000E76                     B5D0            equ	3702	;# 
  1081   000E77                     B5D1            equ	3703	;# 
  1082   000E78                     B5D2            equ	3704	;# 
  1083   000E79                     B5D3            equ	3705	;# 
  1084   000E7A                     B5D4            equ	3706	;# 
  1085   000E7B                     B5D5            equ	3707	;# 
  1086   000E7C                     B5D6            equ	3708	;# 
  1087   000E7D                     B5D7            equ	3709	;# 
  1088   000E7E                     CANSTAT_RO4     equ	3710	;# 
  1089   000E7F                     CANCON_RO4      equ	3711	;# 
  1090   000F00                     RXF0SIDH        equ	3840	;# 
  1091   000F01                     RXF0SIDL        equ	3841	;# 
  1092   000F02                     RXF0EIDH        equ	3842	;# 
  1093   000F03                     RXF0EIDL        equ	3843	;# 
  1094   000F04                     RXF1SIDH        equ	3844	;# 
  1095   000F05                     RXF1SIDL        equ	3845	;# 
  1096   000F06                     RXF1EIDH        equ	3846	;# 
  1097   000F07                     RXF1EIDL        equ	3847	;# 
  1098   000F08                     RXF2SIDH        equ	3848	;# 
  1099   000F09                     RXF2SIDL        equ	3849	;# 
  1100   000F0A                     RXF2EIDH        equ	3850	;# 
  1101   000F0B                     RXF2EIDL        equ	3851	;# 
  1102   000F0C                     RXF3SIDH        equ	3852	;# 
  1103   000F0D                     RXF3SIDL        equ	3853	;# 
  1104   000F0E                     RXF3EIDH        equ	3854	;# 
  1105   000F0F                     RXF3EIDL        equ	3855	;# 
  1106   000F10                     RXF4SIDH        equ	3856	;# 
  1107   000F11                     RXF4SIDL        equ	3857	;# 
  1108   000F12                     RXF4EIDH        equ	3858	;# 
  1109   000F13                     RXF4EIDL        equ	3859	;# 
  1110   000F14                     RXF5SIDH        equ	3860	;# 
  1111   000F15                     RXF5SIDL        equ	3861	;# 
  1112   000F16                     RXF5EIDH        equ	3862	;# 
  1113   000F17                     RXF5EIDL        equ	3863	;# 
  1114   000F18                     RXM0SIDH        equ	3864	;# 
  1115   000F19                     RXM0SIDL        equ	3865	;# 
  1116   000F1A                     RXM0EIDH        equ	3866	;# 
  1117   000F1B                     RXM0EIDL        equ	3867	;# 
  1118   000F1C                     RXM1SIDH        equ	3868	;# 
  1119   000F1D                     RXM1SIDL        equ	3869	;# 
  1120   000F1E                     RXM1EIDH        equ	3870	;# 
  1121   000F1F                     RXM1EIDL        equ	3871	;# 
  1122   000F20                     TXB2CON         equ	3872	;# 
  1123   000F21                     TXB2SIDH        equ	3873	;# 
  1124   000F22                     TXB2SIDL        equ	3874	;# 
  1125   000F23                     TXB2EIDH        equ	3875	;# 
  1126   000F24                     TXB2EIDL        equ	3876	;# 
  1127   000F25                     TXB2DLC         equ	3877	;# 
  1128   000F26                     TXB2D0          equ	3878	;# 
  1129   000F27                     TXB2D1          equ	3879	;# 
  1130   000F28                     TXB2D2          equ	3880	;# 
  1131   000F29                     TXB2D3          equ	3881	;# 
  1132   000F2A                     TXB2D4          equ	3882	;# 
  1133   000F2B                     TXB2D5          equ	3883	;# 
  1134   000F2C                     TXB2D6          equ	3884	;# 
  1135   000F2D                     TXB2D7          equ	3885	;# 
  1136   000F2E                     CANSTAT_RO3     equ	3886	;# 
  1137   000F2F                     CANCON_RO3      equ	3887	;# 
  1138   000F30                     TXB1CON         equ	3888	;# 
  1139   000F31                     TXB1SIDH        equ	3889	;# 
  1140   000F32                     TXB1SIDL        equ	3890	;# 
  1141   000F33                     TXB1EIDH        equ	3891	;# 
  1142   000F34                     TXB1EIDL        equ	3892	;# 
  1143   000F35                     TXB1DLC         equ	3893	;# 
  1144   000F36                     TXB1D0          equ	3894	;# 
  1145   000F37                     TXB1D1          equ	3895	;# 
  1146   000F38                     TXB1D2          equ	3896	;# 
  1147   000F39                     TXB1D3          equ	3897	;# 
  1148   000F3A                     TXB1D4          equ	3898	;# 
  1149   000F3B                     TXB1D5          equ	3899	;# 
  1150   000F3C                     TXB1D6          equ	3900	;# 
  1151   000F3D                     TXB1D7          equ	3901	;# 
  1152   000F3E                     CANSTAT_RO2     equ	3902	;# 
  1153   000F3F                     CANCON_RO2      equ	3903	;# 
  1154   000F40                     TXB0CON         equ	3904	;# 
  1155   000F41                     TXB0SIDH        equ	3905	;# 
  1156   000F42                     TXB0SIDL        equ	3906	;# 
  1157   000F43                     TXB0EIDH        equ	3907	;# 
  1158   000F44                     TXB0EIDL        equ	3908	;# 
  1159   000F45                     TXB0DLC         equ	3909	;# 
  1160   000F46                     TXB0D0          equ	3910	;# 
  1161   000F47                     TXB0D1          equ	3911	;# 
  1162   000F48                     TXB0D2          equ	3912	;# 
  1163   000F49                     TXB0D3          equ	3913	;# 
  1164   000F4A                     TXB0D4          equ	3914	;# 
  1165   000F4B                     TXB0D5          equ	3915	;# 
  1166   000F4C                     TXB0D6          equ	3916	;# 
  1167   000F4D                     TXB0D7          equ	3917	;# 
  1168   000F4E                     CANSTAT_RO1     equ	3918	;# 
  1169   000F4F                     CANCON_RO1      equ	3919	;# 
  1170   000F50                     RXB1CON         equ	3920	;# 
  1171   000F51                     RXB1SIDH        equ	3921	;# 
  1172   000F52                     RXB1SIDL        equ	3922	;# 
  1173   000F53                     RXB1EIDH        equ	3923	;# 
  1174   000F54                     RXB1EIDL        equ	3924	;# 
  1175   000F55                     RXB1DLC         equ	3925	;# 
  1176   000F56                     RXB1D0          equ	3926	;# 
  1177   000F57                     RXB1D1          equ	3927	;# 
  1178   000F58                     RXB1D2          equ	3928	;# 
  1179   000F59                     RXB1D3          equ	3929	;# 
  1180   000F5A                     RXB1D4          equ	3930	;# 
  1181   000F5B                     RXB1D5          equ	3931	;# 
  1182   000F5C                     RXB1D6          equ	3932	;# 
  1183   000F5D                     RXB1D7          equ	3933	;# 
  1184   000F5E                     CANSTAT_RO0     equ	3934	;# 
  1185   000F5F                     CANCON_RO0      equ	3935	;# 
  1186   000F60                     RXB0CON         equ	3936	;# 
  1187   000F61                     RXB0SIDH        equ	3937	;# 
  1188   000F62                     RXB0SIDL        equ	3938	;# 
  1189   000F63                     RXB0EIDH        equ	3939	;# 
  1190   000F64                     RXB0EIDL        equ	3940	;# 
  1191   000F65                     RXB0DLC         equ	3941	;# 
  1192   000F66                     RXB0D0          equ	3942	;# 
  1193   000F67                     RXB0D1          equ	3943	;# 
  1194   000F68                     RXB0D2          equ	3944	;# 
  1195   000F69                     RXB0D3          equ	3945	;# 
  1196   000F6A                     RXB0D4          equ	3946	;# 
  1197   000F6B                     RXB0D5          equ	3947	;# 
  1198   000F6C                     RXB0D6          equ	3948	;# 
  1199   000F6D                     RXB0D7          equ	3949	;# 
  1200   000F6E                     CANSTAT         equ	3950	;# 
  1201   000F6F                     CANCON          equ	3951	;# 
  1202   000F70                     BRGCON1         equ	3952	;# 
  1203   000F71                     BRGCON2         equ	3953	;# 
  1204   000F72                     BRGCON3         equ	3954	;# 
  1205   000F73                     CIOCON          equ	3955	;# 
  1206   000F74                     COMSTAT         equ	3956	;# 
  1207   000F75                     RXERRCNT        equ	3957	;# 
  1208   000F76                     TXERRCNT        equ	3958	;# 
  1209   000F77                     ECANCON         equ	3959	;# 
  1210   000F80                     PORTA           equ	3968	;# 
  1211   000F81                     PORTB           equ	3969	;# 
  1212   000F82                     PORTC           equ	3970	;# 
  1213   000F83                     PORTD           equ	3971	;# 
  1214   000F84                     PORTE           equ	3972	;# 
  1215   000F89                     LATA            equ	3977	;# 
  1216   000F8A                     LATB            equ	3978	;# 
  1217   000F8B                     LATC            equ	3979	;# 
  1218   000F8C                     LATD            equ	3980	;# 
  1219   000F8D                     LATE            equ	3981	;# 
  1220   000F92                     TRISA           equ	3986	;# 
  1221   000F92                     DDRA            equ	3986	;# 
  1222   000F93                     TRISB           equ	3987	;# 
  1223   000F93                     DDRB            equ	3987	;# 
  1224   000F94                     TRISC           equ	3988	;# 
  1225   000F94                     DDRC            equ	3988	;# 
  1226   000F95                     TRISD           equ	3989	;# 
  1227   000F95                     DDRD            equ	3989	;# 
  1228   000F96                     TRISE           equ	3990	;# 
  1229   000F96                     DDRE            equ	3990	;# 
  1230   000F9B                     OSCTUNE         equ	3995	;# 
  1231   000F9D                     PIE1            equ	3997	;# 
  1232   000F9E                     PIR1            equ	3998	;# 
  1233   000F9F                     IPR1            equ	3999	;# 
  1234   000FA0                     PIE2            equ	4000	;# 
  1235   000FA1                     PIR2            equ	4001	;# 
  1236   000FA2                     IPR2            equ	4002	;# 
  1237   000FA3                     PIE3            equ	4003	;# 
  1238   000FA4                     PIR3            equ	4004	;# 
  1239   000FA5                     IPR3            equ	4005	;# 
  1240   000FA6                     EECON1          equ	4006	;# 
  1241   000FA7                     EECON2          equ	4007	;# 
  1242   000FA8                     EEDATA          equ	4008	;# 
  1243   000FA9                     EEADR           equ	4009	;# 
  1244   000FAB                     RCSTA           equ	4011	;# 
  1245   000FAB                     RCSTA1          equ	4011	;# 
  1246   000FAC                     TXSTA           equ	4012	;# 
  1247   000FAC                     TXSTA1          equ	4012	;# 
  1248   000FAD                     TXREG           equ	4013	;# 
  1249   000FAD                     TXREG1          equ	4013	;# 
  1250   000FAE                     RCREG           equ	4014	;# 
  1251   000FAE                     RCREG1          equ	4014	;# 
  1252   000FAF                     SPBRG           equ	4015	;# 
  1253   000FAF                     SPBRG1          equ	4015	;# 
  1254   000FB0                     SPBRGH          equ	4016	;# 
  1255   000FB1                     T3CON           equ	4017	;# 
  1256   000FB2                     TMR3            equ	4018	;# 
  1257   000FB2                     TMR3L           equ	4018	;# 
  1258   000FB3                     TMR3H           equ	4019	;# 
  1259   000FB4                     CMCON           equ	4020	;# 
  1260   000FB5                     CVRCON          equ	4021	;# 
  1261   000FB6                     ECCP1AS         equ	4022	;# 
  1262   000FB7                     ECCP1DEL        equ	4023	;# 
  1263   000FB8                     BAUDCON         equ	4024	;# 
  1264   000FB8                     BAUDCTL         equ	4024	;# 
  1265   000FBA                     ECCP1CON        equ	4026	;# 
  1266   000FBB                     ECCPR1          equ	4027	;# 
  1267   000FBB                     ECCPR1L         equ	4027	;# 
  1268   000FBC                     ECCPR1H         equ	4028	;# 
  1269   000FBD                     CCP1CON         equ	4029	;# 
  1270   000FBE                     CCPR1           equ	4030	;# 
  1271   000FBE                     CCPR1L          equ	4030	;# 
  1272   000FBF                     CCPR1H          equ	4031	;# 
  1273   000FC0                     ADCON2          equ	4032	;# 
  1274   000FC1                     ADCON1          equ	4033	;# 
  1275   000FC2                     ADCON0          equ	4034	;# 
  1276   000FC3                     ADRES           equ	4035	;# 
  1277   000FC3                     ADRESL          equ	4035	;# 
  1278   000FC4                     ADRESH          equ	4036	;# 
  1279   000FC5                     SSPCON2         equ	4037	;# 
  1280   000FC6                     SSPCON1         equ	4038	;# 
  1281   000FC7                     SSPSTAT         equ	4039	;# 
  1282   000FC8                     SSPADD          equ	4040	;# 
  1283   000FC9                     SSPBUF          equ	4041	;# 
  1284   000FCA                     T2CON           equ	4042	;# 
  1285   000FCB                     PR2             equ	4043	;# 
  1286   000FCB                     MEMCON          equ	4043	;# 
  1287   000FCC                     TMR2            equ	4044	;# 
  1288   000FCD                     T1CON           equ	4045	;# 
  1289   000FCE                     TMR1            equ	4046	;# 
  1290   000FCE                     TMR1L           equ	4046	;# 
  1291   000FCF                     TMR1H           equ	4047	;# 
  1292   000FD0                     RCON            equ	4048	;# 
  1293   000FD1                     WDTCON          equ	4049	;# 
  1294   000FD2                     HLVDCON         equ	4050	;# 
  1295   000FD2                     LVDCON          equ	4050	;# 
  1296   000FD3                     OSCCON          equ	4051	;# 
  1297   000FD5                     T0CON           equ	4053	;# 
  1298   000FD6                     TMR0            equ	4054	;# 
  1299   000FD6                     TMR0L           equ	4054	;# 
  1300   000FD7                     TMR0H           equ	4055	;# 
  1301   000FD8                     STATUS          equ	4056	;# 
  1302   000FD9                     FSR2            equ	4057	;# 
  1303   000FD9                     FSR2L           equ	4057	;# 
  1304   000FDA                     FSR2H           equ	4058	;# 
  1305   000FDB                     PLUSW2          equ	4059	;# 
  1306   000FDC                     PREINC2         equ	4060	;# 
  1307   000FDD                     POSTDEC2        equ	4061	;# 
  1308   000FDE                     POSTINC2        equ	4062	;# 
  1309   000FDF                     INDF2           equ	4063	;# 
  1310   000FE0                     BSR             equ	4064	;# 
  1311   000FE1                     FSR1            equ	4065	;# 
  1312   000FE1                     FSR1L           equ	4065	;# 
  1313   000FE2                     FSR1H           equ	4066	;# 
  1314   000FE3                     PLUSW1          equ	4067	;# 
  1315   000FE4                     PREINC1         equ	4068	;# 
  1316   000FE5                     POSTDEC1        equ	4069	;# 
  1317   000FE6                     POSTINC1        equ	4070	;# 
  1318   000FE7                     INDF1           equ	4071	;# 
  1319   000FE8                     WREG            equ	4072	;# 
  1320   000FE9                     FSR0            equ	4073	;# 
  1321   000FE9                     FSR0L           equ	4073	;# 
  1322   000FEA                     FSR0H           equ	4074	;# 
  1323   000FEB                     PLUSW0          equ	4075	;# 
  1324   000FEC                     PREINC0         equ	4076	;# 
  1325   000FED                     POSTDEC0        equ	4077	;# 
  1326   000FEE                     POSTINC0        equ	4078	;# 
  1327   000FEF                     INDF0           equ	4079	;# 
  1328   000FF0                     INTCON3         equ	4080	;# 
  1329   000FF1                     INTCON2         equ	4081	;# 
  1330   000FF2                     INTCON          equ	4082	;# 
  1331   000FF3                     PROD            equ	4083	;# 
  1332   000FF3                     PRODL           equ	4083	;# 
  1333   000FF4                     PRODH           equ	4084	;# 
  1334   000FF5                     TABLAT          equ	4085	;# 
  1335   000FF6                     TBLPTR          equ	4086	;# 
  1336   000FF6                     TBLPTRL         equ	4086	;# 
  1337   000FF7                     TBLPTRH         equ	4087	;# 
  1338   000FF8                     TBLPTRU         equ	4088	;# 
  1339   000FF9                     PCLAT           equ	4089	;# 
  1340   000FF9                     PC              equ	4089	;# 
  1341   000FF9                     PCL             equ	4089	;# 
  1342   000FFA                     PCLATH          equ	4090	;# 
  1343   000FFB                     PCLATU          equ	4091	;# 
  1344   000FFC                     STKPTR          equ	4092	;# 
  1345   000FFD                     TOS             equ	4093	;# 
  1346   000FFD                     TOSL            equ	4093	;# 
  1347   000FFE                     TOSH            equ	4094	;# 
  1348   000FFF                     TOSU            equ	4095	;# 
  1349   000D60                     RXF6SIDH        equ	3424	;# 
  1350   000D61                     RXF6SIDL        equ	3425	;# 
  1351   000D62                     RXF6EIDH        equ	3426	;# 
  1352   000D63                     RXF6EIDL        equ	3427	;# 
  1353   000D64                     RXF7SIDH        equ	3428	;# 
  1354   000D65                     RXF7SIDL        equ	3429	;# 
  1355   000D66                     RXF7EIDH        equ	3430	;# 
  1356   000D67                     RXF7EIDL        equ	3431	;# 
  1357   000D68                     RXF8SIDH        equ	3432	;# 
  1358   000D69                     RXF8SIDL        equ	3433	;# 
  1359   000D6A                     RXF8EIDH        equ	3434	;# 
  1360   000D6B                     RXF8EIDL        equ	3435	;# 
  1361   000D70                     RXF9SIDH        equ	3440	;# 
  1362   000D71                     RXF9SIDL        equ	3441	;# 
  1363   000D72                     RXF9EIDH        equ	3442	;# 
  1364   000D73                     RXF9EIDL        equ	3443	;# 
  1365   000D74                     RXF10SIDH       equ	3444	;# 
  1366   000D75                     RXF10SIDL       equ	3445	;# 
  1367   000D76                     RXF10EIDH       equ	3446	;# 
  1368   000D77                     RXF10EIDL       equ	3447	;# 
  1369   000D78                     RXF11SIDH       equ	3448	;# 
  1370   000D79                     RXF11SIDL       equ	3449	;# 
  1371   000D7A                     RXF11EIDH       equ	3450	;# 
  1372   000D7B                     RXF11EIDL       equ	3451	;# 
  1373   000D80                     RXF12SIDH       equ	3456	;# 
  1374   000D81                     RXF12SIDL       equ	3457	;# 
  1375   000D82                     RXF12EIDH       equ	3458	;# 
  1376   000D83                     RXF12EIDL       equ	3459	;# 
  1377   000D84                     RXF13SIDH       equ	3460	;# 
  1378   000D85                     RXF13SIDL       equ	3461	;# 
  1379   000D86                     RXF13EIDH       equ	3462	;# 
  1380   000D87                     RXF13EIDL       equ	3463	;# 
  1381   000D88                     RXF14SIDH       equ	3464	;# 
  1382   000D89                     RXF14SIDL       equ	3465	;# 
  1383   000D8A                     RXF14EIDH       equ	3466	;# 
  1384   000D8B                     RXF14EIDL       equ	3467	;# 
  1385   000D90                     RXF15SIDH       equ	3472	;# 
  1386   000D91                     RXF15SIDL       equ	3473	;# 
  1387   000D92                     RXF15EIDH       equ	3474	;# 
  1388   000D93                     RXF15EIDL       equ	3475	;# 
  1389   000DD4                     RXFCON0         equ	3540	;# 
  1390   000DD5                     RXFCON1         equ	3541	;# 
  1391   000DD8                     SDFLC           equ	3544	;# 
  1392   000DE0                     RXFBCON0        equ	3552	;# 
  1393   000DE1                     RXFBCON1        equ	3553	;# 
  1394   000DE2                     RXFBCON2        equ	3554	;# 
  1395   000DE3                     RXFBCON3        equ	3555	;# 
  1396   000DE4                     RXFBCON4        equ	3556	;# 
  1397   000DE5                     RXFBCON5        equ	3557	;# 
  1398   000DE6                     RXFBCON6        equ	3558	;# 
  1399   000DE7                     RXFBCON7        equ	3559	;# 
  1400   000DF0                     MSEL0           equ	3568	;# 
  1401   000DF1                     MSEL1           equ	3569	;# 
  1402   000DF2                     MSEL2           equ	3570	;# 
  1403   000DF3                     MSEL3           equ	3571	;# 
  1404   000DF8                     BSEL0           equ	3576	;# 
  1405   000DFA                     BIE0            equ	3578	;# 
  1406   000DFC                     TXBIE           equ	3580	;# 
  1407   000E20                     B0CON           equ	3616	;# 
  1408   000E21                     B0SIDH          equ	3617	;# 
  1409   000E22                     B0SIDL          equ	3618	;# 
  1410   000E23                     B0EIDH          equ	3619	;# 
  1411   000E24                     B0EIDL          equ	3620	;# 
  1412   000E25                     B0DLC           equ	3621	;# 
  1413   000E26                     B0D0            equ	3622	;# 
  1414   000E27                     B0D1            equ	3623	;# 
  1415   000E28                     B0D2            equ	3624	;# 
  1416   000E29                     B0D3            equ	3625	;# 
  1417   000E2A                     B0D4            equ	3626	;# 
  1418   000E2B                     B0D5            equ	3627	;# 
  1419   000E2C                     B0D6            equ	3628	;# 
  1420   000E2D                     B0D7            equ	3629	;# 
  1421   000E2E                     CANSTAT_RO9     equ	3630	;# 
  1422   000E2F                     CANCON_RO9      equ	3631	;# 
  1423   000E30                     B1CON           equ	3632	;# 
  1424   000E31                     B1SIDH          equ	3633	;# 
  1425   000E32                     B1SIDL          equ	3634	;# 
  1426   000E33                     B1EIDH          equ	3635	;# 
  1427   000E34                     B1EIDL          equ	3636	;# 
  1428   000E35                     B1DLC           equ	3637	;# 
  1429   000E36                     B1D0            equ	3638	;# 
  1430   000E37                     B1D1            equ	3639	;# 
  1431   000E38                     B1D2            equ	3640	;# 
  1432   000E39                     B1D3            equ	3641	;# 
  1433   000E3A                     B1D4            equ	3642	;# 
  1434   000E3B                     B1D5            equ	3643	;# 
  1435   000E3C                     B1D6            equ	3644	;# 
  1436   000E3D                     B1D7            equ	3645	;# 
  1437   000E3E                     CANSTAT_RO8     equ	3646	;# 
  1438   000E3F                     CANCON_RO8      equ	3647	;# 
  1439   000E40                     B2CON           equ	3648	;# 
  1440   000E41                     B2SIDH          equ	3649	;# 
  1441   000E42                     B2SIDL          equ	3650	;# 
  1442   000E43                     B2EIDH          equ	3651	;# 
  1443   000E44                     B2EIDL          equ	3652	;# 
  1444   000E45                     B2DLC           equ	3653	;# 
  1445   000E46                     B2D0            equ	3654	;# 
  1446   000E47                     B2D1            equ	3655	;# 
  1447   000E48                     B2D2            equ	3656	;# 
  1448   000E49                     B2D3            equ	3657	;# 
  1449   000E4A                     B2D4            equ	3658	;# 
  1450   000E4B                     B2D5            equ	3659	;# 
  1451   000E4C                     B2D6            equ	3660	;# 
  1452   000E4D                     B2D7            equ	3661	;# 
  1453   000E4E                     CANSTAT_RO7     equ	3662	;# 
  1454   000E4F                     CANCON_RO7      equ	3663	;# 
  1455   000E50                     B3CON           equ	3664	;# 
  1456   000E51                     B3SIDH          equ	3665	;# 
  1457   000E52                     B3SIDL          equ	3666	;# 
  1458   000E53                     B3EIDH          equ	3667	;# 
  1459   000E54                     B3EIDL          equ	3668	;# 
  1460   000E55                     B3DLC           equ	3669	;# 
  1461   000E56                     B3D0            equ	3670	;# 
  1462   000E57                     B3D1            equ	3671	;# 
  1463   000E58                     B3D2            equ	3672	;# 
  1464   000E59                     B3D3            equ	3673	;# 
  1465   000E5A                     B3D4            equ	3674	;# 
  1466   000E5B                     B3D5            equ	3675	;# 
  1467   000E5C                     B3D6            equ	3676	;# 
  1468   000E5D                     B3D7            equ	3677	;# 
  1469   000E5E                     CANSTAT_RO6     equ	3678	;# 
  1470   000E5F                     CANCON_RO6      equ	3679	;# 
  1471   000E60                     B4CON           equ	3680	;# 
  1472   000E61                     B4SIDH          equ	3681	;# 
  1473   000E62                     B4SIDL          equ	3682	;# 
  1474   000E63                     B4EIDH          equ	3683	;# 
  1475   000E64                     B4EIDL          equ	3684	;# 
  1476   000E65                     B4DLC           equ	3685	;# 
  1477   000E66                     B4D0            equ	3686	;# 
  1478   000E67                     B4D1            equ	3687	;# 
  1479   000E68                     B4D2            equ	3688	;# 
  1480   000E69                     B4D3            equ	3689	;# 
  1481   000E6A                     B4D4            equ	3690	;# 
  1482   000E6B                     B4D5            equ	3691	;# 
  1483   000E6C                     B4D6            equ	3692	;# 
  1484   000E6D                     B4D7            equ	3693	;# 
  1485   000E6E                     CANSTAT_RO5     equ	3694	;# 
  1486   000E6F                     CANCON_RO5      equ	3695	;# 
  1487   000E70                     B5CON           equ	3696	;# 
  1488   000E71                     B5SIDH          equ	3697	;# 
  1489   000E72                     B5SIDL          equ	3698	;# 
  1490   000E73                     B5EIDH          equ	3699	;# 
  1491   000E74                     B5EIDL          equ	3700	;# 
  1492   000E75                     B5DLC           equ	3701	;# 
  1493   000E76                     B5D0            equ	3702	;# 
  1494   000E77                     B5D1            equ	3703	;# 
  1495   000E78                     B5D2            equ	3704	;# 
  1496   000E79                     B5D3            equ	3705	;# 
  1497   000E7A                     B5D4            equ	3706	;# 
  1498   000E7B                     B5D5            equ	3707	;# 
  1499   000E7C                     B5D6            equ	3708	;# 
  1500   000E7D                     B5D7            equ	3709	;# 
  1501   000E7E                     CANSTAT_RO4     equ	3710	;# 
  1502   000E7F                     CANCON_RO4      equ	3711	;# 
  1503   000F00                     RXF0SIDH        equ	3840	;# 
  1504   000F01                     RXF0SIDL        equ	3841	;# 
  1505   000F02                     RXF0EIDH        equ	3842	;# 
  1506   000F03                     RXF0EIDL        equ	3843	;# 
  1507   000F04                     RXF1SIDH        equ	3844	;# 
  1508   000F05                     RXF1SIDL        equ	3845	;# 
  1509   000F06                     RXF1EIDH        equ	3846	;# 
  1510   000F07                     RXF1EIDL        equ	3847	;# 
  1511   000F08                     RXF2SIDH        equ	3848	;# 
  1512   000F09                     RXF2SIDL        equ	3849	;# 
  1513   000F0A                     RXF2EIDH        equ	3850	;# 
  1514   000F0B                     RXF2EIDL        equ	3851	;# 
  1515   000F0C                     RXF3SIDH        equ	3852	;# 
  1516   000F0D                     RXF3SIDL        equ	3853	;# 
  1517   000F0E                     RXF3EIDH        equ	3854	;# 
  1518   000F0F                     RXF3EIDL        equ	3855	;# 
  1519   000F10                     RXF4SIDH        equ	3856	;# 
  1520   000F11                     RXF4SIDL        equ	3857	;# 
  1521   000F12                     RXF4EIDH        equ	3858	;# 
  1522   000F13                     RXF4EIDL        equ	3859	;# 
  1523   000F14                     RXF5SIDH        equ	3860	;# 
  1524   000F15                     RXF5SIDL        equ	3861	;# 
  1525   000F16                     RXF5EIDH        equ	3862	;# 
  1526   000F17                     RXF5EIDL        equ	3863	;# 
  1527   000F18                     RXM0SIDH        equ	3864	;# 
  1528   000F19                     RXM0SIDL        equ	3865	;# 
  1529   000F1A                     RXM0EIDH        equ	3866	;# 
  1530   000F1B                     RXM0EIDL        equ	3867	;# 
  1531   000F1C                     RXM1SIDH        equ	3868	;# 
  1532   000F1D                     RXM1SIDL        equ	3869	;# 
  1533   000F1E                     RXM1EIDH        equ	3870	;# 
  1534   000F1F                     RXM1EIDL        equ	3871	;# 
  1535   000F20                     TXB2CON         equ	3872	;# 
  1536   000F21                     TXB2SIDH        equ	3873	;# 
  1537   000F22                     TXB2SIDL        equ	3874	;# 
  1538   000F23                     TXB2EIDH        equ	3875	;# 
  1539   000F24                     TXB2EIDL        equ	3876	;# 
  1540   000F25                     TXB2DLC         equ	3877	;# 
  1541   000F26                     TXB2D0          equ	3878	;# 
  1542   000F27                     TXB2D1          equ	3879	;# 
  1543   000F28                     TXB2D2          equ	3880	;# 
  1544   000F29                     TXB2D3          equ	3881	;# 
  1545   000F2A                     TXB2D4          equ	3882	;# 
  1546   000F2B                     TXB2D5          equ	3883	;# 
  1547   000F2C                     TXB2D6          equ	3884	;# 
  1548   000F2D                     TXB2D7          equ	3885	;# 
  1549   000F2E                     CANSTAT_RO3     equ	3886	;# 
  1550   000F2F                     CANCON_RO3      equ	3887	;# 
  1551   000F30                     TXB1CON         equ	3888	;# 
  1552   000F31                     TXB1SIDH        equ	3889	;# 
  1553   000F32                     TXB1SIDL        equ	3890	;# 
  1554   000F33                     TXB1EIDH        equ	3891	;# 
  1555   000F34                     TXB1EIDL        equ	3892	;# 
  1556   000F35                     TXB1DLC         equ	3893	;# 
  1557   000F36                     TXB1D0          equ	3894	;# 
  1558   000F37                     TXB1D1          equ	3895	;# 
  1559   000F38                     TXB1D2          equ	3896	;# 
  1560   000F39                     TXB1D3          equ	3897	;# 
  1561   000F3A                     TXB1D4          equ	3898	;# 
  1562   000F3B                     TXB1D5          equ	3899	;# 
  1563   000F3C                     TXB1D6          equ	3900	;# 
  1564   000F3D                     TXB1D7          equ	3901	;# 
  1565   000F3E                     CANSTAT_RO2     equ	3902	;# 
  1566   000F3F                     CANCON_RO2      equ	3903	;# 
  1567   000F40                     TXB0CON         equ	3904	;# 
  1568   000F41                     TXB0SIDH        equ	3905	;# 
  1569   000F42                     TXB0SIDL        equ	3906	;# 
  1570   000F43                     TXB0EIDH        equ	3907	;# 
  1571   000F44                     TXB0EIDL        equ	3908	;# 
  1572   000F45                     TXB0DLC         equ	3909	;# 
  1573   000F46                     TXB0D0          equ	3910	;# 
  1574   000F47                     TXB0D1          equ	3911	;# 
  1575   000F48                     TXB0D2          equ	3912	;# 
  1576   000F49                     TXB0D3          equ	3913	;# 
  1577   000F4A                     TXB0D4          equ	3914	;# 
  1578   000F4B                     TXB0D5          equ	3915	;# 
  1579   000F4C                     TXB0D6          equ	3916	;# 
  1580   000F4D                     TXB0D7          equ	3917	;# 
  1581   000F4E                     CANSTAT_RO1     equ	3918	;# 
  1582   000F4F                     CANCON_RO1      equ	3919	;# 
  1583   000F50                     RXB1CON         equ	3920	;# 
  1584   000F51                     RXB1SIDH        equ	3921	;# 
  1585   000F52                     RXB1SIDL        equ	3922	;# 
  1586   000F53                     RXB1EIDH        equ	3923	;# 
  1587   000F54                     RXB1EIDL        equ	3924	;# 
  1588   000F55                     RXB1DLC         equ	3925	;# 
  1589   000F56                     RXB1D0          equ	3926	;# 
  1590   000F57                     RXB1D1          equ	3927	;# 
  1591   000F58                     RXB1D2          equ	3928	;# 
  1592   000F59                     RXB1D3          equ	3929	;# 
  1593   000F5A                     RXB1D4          equ	3930	;# 
  1594   000F5B                     RXB1D5          equ	3931	;# 
  1595   000F5C                     RXB1D6          equ	3932	;# 
  1596   000F5D                     RXB1D7          equ	3933	;# 
  1597   000F5E                     CANSTAT_RO0     equ	3934	;# 
  1598   000F5F                     CANCON_RO0      equ	3935	;# 
  1599   000F60                     RXB0CON         equ	3936	;# 
  1600   000F61                     RXB0SIDH        equ	3937	;# 
  1601   000F62                     RXB0SIDL        equ	3938	;# 
  1602   000F63                     RXB0EIDH        equ	3939	;# 
  1603   000F64                     RXB0EIDL        equ	3940	;# 
  1604   000F65                     RXB0DLC         equ	3941	;# 
  1605   000F66                     RXB0D0          equ	3942	;# 
  1606   000F67                     RXB0D1          equ	3943	;# 
  1607   000F68                     RXB0D2          equ	3944	;# 
  1608   000F69                     RXB0D3          equ	3945	;# 
  1609   000F6A                     RXB0D4          equ	3946	;# 
  1610   000F6B                     RXB0D5          equ	3947	;# 
  1611   000F6C                     RXB0D6          equ	3948	;# 
  1612   000F6D                     RXB0D7          equ	3949	;# 
  1613   000F6E                     CANSTAT         equ	3950	;# 
  1614   000F6F                     CANCON          equ	3951	;# 
  1615   000F70                     BRGCON1         equ	3952	;# 
  1616   000F71                     BRGCON2         equ	3953	;# 
  1617   000F72                     BRGCON3         equ	3954	;# 
  1618   000F73                     CIOCON          equ	3955	;# 
  1619   000F74                     COMSTAT         equ	3956	;# 
  1620   000F75                     RXERRCNT        equ	3957	;# 
  1621   000F76                     TXERRCNT        equ	3958	;# 
  1622   000F77                     ECANCON         equ	3959	;# 
  1623   000F80                     PORTA           equ	3968	;# 
  1624   000F81                     PORTB           equ	3969	;# 
  1625   000F82                     PORTC           equ	3970	;# 
  1626   000F83                     PORTD           equ	3971	;# 
  1627   000F84                     PORTE           equ	3972	;# 
  1628   000F89                     LATA            equ	3977	;# 
  1629   000F8A                     LATB            equ	3978	;# 
  1630   000F8B                     LATC            equ	3979	;# 
  1631   000F8C                     LATD            equ	3980	;# 
  1632   000F8D                     LATE            equ	3981	;# 
  1633   000F92                     TRISA           equ	3986	;# 
  1634   000F92                     DDRA            equ	3986	;# 
  1635   000F93                     TRISB           equ	3987	;# 
  1636   000F93                     DDRB            equ	3987	;# 
  1637   000F94                     TRISC           equ	3988	;# 
  1638   000F94                     DDRC            equ	3988	;# 
  1639   000F95                     TRISD           equ	3989	;# 
  1640   000F95                     DDRD            equ	3989	;# 
  1641   000F96                     TRISE           equ	3990	;# 
  1642   000F96                     DDRE            equ	3990	;# 
  1643   000F9B                     OSCTUNE         equ	3995	;# 
  1644   000F9D                     PIE1            equ	3997	;# 
  1645   000F9E                     PIR1            equ	3998	;# 
  1646   000F9F                     IPR1            equ	3999	;# 
  1647   000FA0                     PIE2            equ	4000	;# 
  1648   000FA1                     PIR2            equ	4001	;# 
  1649   000FA2                     IPR2            equ	4002	;# 
  1650   000FA3                     PIE3            equ	4003	;# 
  1651   000FA4                     PIR3            equ	4004	;# 
  1652   000FA5                     IPR3            equ	4005	;# 
  1653   000FA6                     EECON1          equ	4006	;# 
  1654   000FA7                     EECON2          equ	4007	;# 
  1655   000FA8                     EEDATA          equ	4008	;# 
  1656   000FA9                     EEADR           equ	4009	;# 
  1657   000FAB                     RCSTA           equ	4011	;# 
  1658   000FAB                     RCSTA1          equ	4011	;# 
  1659   000FAC                     TXSTA           equ	4012	;# 
  1660   000FAC                     TXSTA1          equ	4012	;# 
  1661   000FAD                     TXREG           equ	4013	;# 
  1662   000FAD                     TXREG1          equ	4013	;# 
  1663   000FAE                     RCREG           equ	4014	;# 
  1664   000FAE                     RCREG1          equ	4014	;# 
  1665   000FAF                     SPBRG           equ	4015	;# 
  1666   000FAF                     SPBRG1          equ	4015	;# 
  1667   000FB0                     SPBRGH          equ	4016	;# 
  1668   000FB1                     T3CON           equ	4017	;# 
  1669   000FB2                     TMR3            equ	4018	;# 
  1670   000FB2                     TMR3L           equ	4018	;# 
  1671   000FB3                     TMR3H           equ	4019	;# 
  1672   000FB4                     CMCON           equ	4020	;# 
  1673   000FB5                     CVRCON          equ	4021	;# 
  1674   000FB6                     ECCP1AS         equ	4022	;# 
  1675   000FB7                     ECCP1DEL        equ	4023	;# 
  1676   000FB8                     BAUDCON         equ	4024	;# 
  1677   000FB8                     BAUDCTL         equ	4024	;# 
  1678   000FBA                     ECCP1CON        equ	4026	;# 
  1679   000FBB                     ECCPR1          equ	4027	;# 
  1680   000FBB                     ECCPR1L         equ	4027	;# 
  1681   000FBC                     ECCPR1H         equ	4028	;# 
  1682   000FBD                     CCP1CON         equ	4029	;# 
  1683   000FBE                     CCPR1           equ	4030	;# 
  1684   000FBE                     CCPR1L          equ	4030	;# 
  1685   000FBF                     CCPR1H          equ	4031	;# 
  1686   000FC0                     ADCON2          equ	4032	;# 
  1687   000FC1                     ADCON1          equ	4033	;# 
  1688   000FC2                     ADCON0          equ	4034	;# 
  1689   000FC3                     ADRES           equ	4035	;# 
  1690   000FC3                     ADRESL          equ	4035	;# 
  1691   000FC4                     ADRESH          equ	4036	;# 
  1692   000FC5                     SSPCON2         equ	4037	;# 
  1693   000FC6                     SSPCON1         equ	4038	;# 
  1694   000FC7                     SSPSTAT         equ	4039	;# 
  1695   000FC8                     SSPADD          equ	4040	;# 
  1696   000FC9                     SSPBUF          equ	4041	;# 
  1697   000FCA                     T2CON           equ	4042	;# 
  1698   000FCB                     PR2             equ	4043	;# 
  1699   000FCB                     MEMCON          equ	4043	;# 
  1700   000FCC                     TMR2            equ	4044	;# 
  1701   000FCD                     T1CON           equ	4045	;# 
  1702   000FCE                     TMR1            equ	4046	;# 
  1703   000FCE                     TMR1L           equ	4046	;# 
  1704   000FCF                     TMR1H           equ	4047	;# 
  1705   000FD0                     RCON            equ	4048	;# 
  1706   000FD1                     WDTCON          equ	4049	;# 
  1707   000FD2                     HLVDCON         equ	4050	;# 
  1708   000FD2                     LVDCON          equ	4050	;# 
  1709   000FD3                     OSCCON          equ	4051	;# 
  1710   000FD5                     T0CON           equ	4053	;# 
  1711   000FD6                     TMR0            equ	4054	;# 
  1712   000FD6                     TMR0L           equ	4054	;# 
  1713   000FD7                     TMR0H           equ	4055	;# 
  1714   000FD8                     STATUS          equ	4056	;# 
  1715   000FD9                     FSR2            equ	4057	;# 
  1716   000FD9                     FSR2L           equ	4057	;# 
  1717   000FDA                     FSR2H           equ	4058	;# 
  1718   000FDB                     PLUSW2          equ	4059	;# 
  1719   000FDC                     PREINC2         equ	4060	;# 
  1720   000FDD                     POSTDEC2        equ	4061	;# 
  1721   000FDE                     POSTINC2        equ	4062	;# 
  1722   000FDF                     INDF2           equ	4063	;# 
  1723   000FE0                     BSR             equ	4064	;# 
  1724   000FE1                     FSR1            equ	4065	;# 
  1725   000FE1                     FSR1L           equ	4065	;# 
  1726   000FE2                     FSR1H           equ	4066	;# 
  1727   000FE3                     PLUSW1          equ	4067	;# 
  1728   000FE4                     PREINC1         equ	4068	;# 
  1729   000FE5                     POSTDEC1        equ	4069	;# 
  1730   000FE6                     POSTINC1        equ	4070	;# 
  1731   000FE7                     INDF1           equ	4071	;# 
  1732   000FE8                     WREG            equ	4072	;# 
  1733   000FE9                     FSR0            equ	4073	;# 
  1734   000FE9                     FSR0L           equ	4073	;# 
  1735   000FEA                     FSR0H           equ	4074	;# 
  1736   000FEB                     PLUSW0          equ	4075	;# 
  1737   000FEC                     PREINC0         equ	4076	;# 
  1738   000FED                     POSTDEC0        equ	4077	;# 
  1739   000FEE                     POSTINC0        equ	4078	;# 
  1740   000FEF                     INDF0           equ	4079	;# 
  1741   000FF0                     INTCON3         equ	4080	;# 
  1742   000FF1                     INTCON2         equ	4081	;# 
  1743   000FF2                     INTCON          equ	4082	;# 
  1744   000FF3                     PROD            equ	4083	;# 
  1745   000FF3                     PRODL           equ	4083	;# 
  1746   000FF4                     PRODH           equ	4084	;# 
  1747   000FF5                     TABLAT          equ	4085	;# 
  1748   000FF6                     TBLPTR          equ	4086	;# 
  1749   000FF6                     TBLPTRL         equ	4086	;# 
  1750   000FF7                     TBLPTRH         equ	4087	;# 
  1751   000FF8                     TBLPTRU         equ	4088	;# 
  1752   000FF9                     PCLAT           equ	4089	;# 
  1753   000FF9                     PC              equ	4089	;# 
  1754   000FF9                     PCL             equ	4089	;# 
  1755   000FFA                     PCLATH          equ	4090	;# 
  1756   000FFB                     PCLATU          equ	4091	;# 
  1757   000FFC                     STKPTR          equ	4092	;# 
  1758   000FFD                     TOS             equ	4093	;# 
  1759   000FFD                     TOSL            equ	4093	;# 
  1760   000FFE                     TOSH            equ	4094	;# 
  1761   000FFF                     TOSU            equ	4095	;# 
  1762   000D60                     RXF6SIDH        equ	3424	;# 
  1763   000D61                     RXF6SIDL        equ	3425	;# 
  1764   000D62                     RXF6EIDH        equ	3426	;# 
  1765   000D63                     RXF6EIDL        equ	3427	;# 
  1766   000D64                     RXF7SIDH        equ	3428	;# 
  1767   000D65                     RXF7SIDL        equ	3429	;# 
  1768   000D66                     RXF7EIDH        equ	3430	;# 
  1769   000D67                     RXF7EIDL        equ	3431	;# 
  1770   000D68                     RXF8SIDH        equ	3432	;# 
  1771   000D69                     RXF8SIDL        equ	3433	;# 
  1772   000D6A                     RXF8EIDH        equ	3434	;# 
  1773   000D6B                     RXF8EIDL        equ	3435	;# 
  1774   000D70                     RXF9SIDH        equ	3440	;# 
  1775   000D71                     RXF9SIDL        equ	3441	;# 
  1776   000D72                     RXF9EIDH        equ	3442	;# 
  1777   000D73                     RXF9EIDL        equ	3443	;# 
  1778   000D74                     RXF10SIDH       equ	3444	;# 
  1779   000D75                     RXF10SIDL       equ	3445	;# 
  1780   000D76                     RXF10EIDH       equ	3446	;# 
  1781   000D77                     RXF10EIDL       equ	3447	;# 
  1782   000D78                     RXF11SIDH       equ	3448	;# 
  1783   000D79                     RXF11SIDL       equ	3449	;# 
  1784   000D7A                     RXF11EIDH       equ	3450	;# 
  1785   000D7B                     RXF11EIDL       equ	3451	;# 
  1786   000D80                     RXF12SIDH       equ	3456	;# 
  1787   000D81                     RXF12SIDL       equ	3457	;# 
  1788   000D82                     RXF12EIDH       equ	3458	;# 
  1789   000D83                     RXF12EIDL       equ	3459	;# 
  1790   000D84                     RXF13SIDH       equ	3460	;# 
  1791   000D85                     RXF13SIDL       equ	3461	;# 
  1792   000D86                     RXF13EIDH       equ	3462	;# 
  1793   000D87                     RXF13EIDL       equ	3463	;# 
  1794   000D88                     RXF14SIDH       equ	3464	;# 
  1795   000D89                     RXF14SIDL       equ	3465	;# 
  1796   000D8A                     RXF14EIDH       equ	3466	;# 
  1797   000D8B                     RXF14EIDL       equ	3467	;# 
  1798   000D90                     RXF15SIDH       equ	3472	;# 
  1799   000D91                     RXF15SIDL       equ	3473	;# 
  1800   000D92                     RXF15EIDH       equ	3474	;# 
  1801   000D93                     RXF15EIDL       equ	3475	;# 
  1802   000DD4                     RXFCON0         equ	3540	;# 
  1803   000DD5                     RXFCON1         equ	3541	;# 
  1804   000DD8                     SDFLC           equ	3544	;# 
  1805   000DE0                     RXFBCON0        equ	3552	;# 
  1806   000DE1                     RXFBCON1        equ	3553	;# 
  1807   000DE2                     RXFBCON2        equ	3554	;# 
  1808   000DE3                     RXFBCON3        equ	3555	;# 
  1809   000DE4                     RXFBCON4        equ	3556	;# 
  1810   000DE5                     RXFBCON5        equ	3557	;# 
  1811   000DE6                     RXFBCON6        equ	3558	;# 
  1812   000DE7                     RXFBCON7        equ	3559	;# 
  1813   000DF0                     MSEL0           equ	3568	;# 
  1814   000DF1                     MSEL1           equ	3569	;# 
  1815   000DF2                     MSEL2           equ	3570	;# 
  1816   000DF3                     MSEL3           equ	3571	;# 
  1817   000DF8                     BSEL0           equ	3576	;# 
  1818   000DFA                     BIE0            equ	3578	;# 
  1819   000DFC                     TXBIE           equ	3580	;# 
  1820   000E20                     B0CON           equ	3616	;# 
  1821   000E21                     B0SIDH          equ	3617	;# 
  1822   000E22                     B0SIDL          equ	3618	;# 
  1823   000E23                     B0EIDH          equ	3619	;# 
  1824   000E24                     B0EIDL          equ	3620	;# 
  1825   000E25                     B0DLC           equ	3621	;# 
  1826   000E26                     B0D0            equ	3622	;# 
  1827   000E27                     B0D1            equ	3623	;# 
  1828   000E28                     B0D2            equ	3624	;# 
  1829   000E29                     B0D3            equ	3625	;# 
  1830   000E2A                     B0D4            equ	3626	;# 
  1831   000E2B                     B0D5            equ	3627	;# 
  1832   000E2C                     B0D6            equ	3628	;# 
  1833   000E2D                     B0D7            equ	3629	;# 
  1834   000E2E                     CANSTAT_RO9     equ	3630	;# 
  1835   000E2F                     CANCON_RO9      equ	3631	;# 
  1836   000E30                     B1CON           equ	3632	;# 
  1837   000E31                     B1SIDH          equ	3633	;# 
  1838   000E32                     B1SIDL          equ	3634	;# 
  1839   000E33                     B1EIDH          equ	3635	;# 
  1840   000E34                     B1EIDL          equ	3636	;# 
  1841   000E35                     B1DLC           equ	3637	;# 
  1842   000E36                     B1D0            equ	3638	;# 
  1843   000E37                     B1D1            equ	3639	;# 
  1844   000E38                     B1D2            equ	3640	;# 
  1845   000E39                     B1D3            equ	3641	;# 
  1846   000E3A                     B1D4            equ	3642	;# 
  1847   000E3B                     B1D5            equ	3643	;# 
  1848   000E3C                     B1D6            equ	3644	;# 
  1849   000E3D                     B1D7            equ	3645	;# 
  1850   000E3E                     CANSTAT_RO8     equ	3646	;# 
  1851   000E3F                     CANCON_RO8      equ	3647	;# 
  1852   000E40                     B2CON           equ	3648	;# 
  1853   000E41                     B2SIDH          equ	3649	;# 
  1854   000E42                     B2SIDL          equ	3650	;# 
  1855   000E43                     B2EIDH          equ	3651	;# 
  1856   000E44                     B2EIDL          equ	3652	;# 
  1857   000E45                     B2DLC           equ	3653	;# 
  1858   000E46                     B2D0            equ	3654	;# 
  1859   000E47                     B2D1            equ	3655	;# 
  1860   000E48                     B2D2            equ	3656	;# 
  1861   000E49                     B2D3            equ	3657	;# 
  1862   000E4A                     B2D4            equ	3658	;# 
  1863   000E4B                     B2D5            equ	3659	;# 
  1864   000E4C                     B2D6            equ	3660	;# 
  1865   000E4D                     B2D7            equ	3661	;# 
  1866   000E4E                     CANSTAT_RO7     equ	3662	;# 
  1867   000E4F                     CANCON_RO7      equ	3663	;# 
  1868   000E50                     B3CON           equ	3664	;# 
  1869   000E51                     B3SIDH          equ	3665	;# 
  1870   000E52                     B3SIDL          equ	3666	;# 
  1871   000E53                     B3EIDH          equ	3667	;# 
  1872   000E54                     B3EIDL          equ	3668	;# 
  1873   000E55                     B3DLC           equ	3669	;# 
  1874   000E56                     B3D0            equ	3670	;# 
  1875   000E57                     B3D1            equ	3671	;# 
  1876   000E58                     B3D2            equ	3672	;# 
  1877   000E59                     B3D3            equ	3673	;# 
  1878   000E5A                     B3D4            equ	3674	;# 
  1879   000E5B                     B3D5            equ	3675	;# 
  1880   000E5C                     B3D6            equ	3676	;# 
  1881   000E5D                     B3D7            equ	3677	;# 
  1882   000E5E                     CANSTAT_RO6     equ	3678	;# 
  1883   000E5F                     CANCON_RO6      equ	3679	;# 
  1884   000E60                     B4CON           equ	3680	;# 
  1885   000E61                     B4SIDH          equ	3681	;# 
  1886   000E62                     B4SIDL          equ	3682	;# 
  1887   000E63                     B4EIDH          equ	3683	;# 
  1888   000E64                     B4EIDL          equ	3684	;# 
  1889   000E65                     B4DLC           equ	3685	;# 
  1890   000E66                     B4D0            equ	3686	;# 
  1891   000E67                     B4D1            equ	3687	;# 
  1892   000E68                     B4D2            equ	3688	;# 
  1893   000E69                     B4D3            equ	3689	;# 
  1894   000E6A                     B4D4            equ	3690	;# 
  1895   000E6B                     B4D5            equ	3691	;# 
  1896   000E6C                     B4D6            equ	3692	;# 
  1897   000E6D                     B4D7            equ	3693	;# 
  1898   000E6E                     CANSTAT_RO5     equ	3694	;# 
  1899   000E6F                     CANCON_RO5      equ	3695	;# 
  1900   000E70                     B5CON           equ	3696	;# 
  1901   000E71                     B5SIDH          equ	3697	;# 
  1902   000E72                     B5SIDL          equ	3698	;# 
  1903   000E73                     B5EIDH          equ	3699	;# 
  1904   000E74                     B5EIDL          equ	3700	;# 
  1905   000E75                     B5DLC           equ	3701	;# 
  1906   000E76                     B5D0            equ	3702	;# 
  1907   000E77                     B5D1            equ	3703	;# 
  1908   000E78                     B5D2            equ	3704	;# 
  1909   000E79                     B5D3            equ	3705	;# 
  1910   000E7A                     B5D4            equ	3706	;# 
  1911   000E7B                     B5D5            equ	3707	;# 
  1912   000E7C                     B5D6            equ	3708	;# 
  1913   000E7D                     B5D7            equ	3709	;# 
  1914   000E7E                     CANSTAT_RO4     equ	3710	;# 
  1915   000E7F                     CANCON_RO4      equ	3711	;# 
  1916   000F00                     RXF0SIDH        equ	3840	;# 
  1917   000F01                     RXF0SIDL        equ	3841	;# 
  1918   000F02                     RXF0EIDH        equ	3842	;# 
  1919   000F03                     RXF0EIDL        equ	3843	;# 
  1920   000F04                     RXF1SIDH        equ	3844	;# 
  1921   000F05                     RXF1SIDL        equ	3845	;# 
  1922   000F06                     RXF1EIDH        equ	3846	;# 
  1923   000F07                     RXF1EIDL        equ	3847	;# 
  1924   000F08                     RXF2SIDH        equ	3848	;# 
  1925   000F09                     RXF2SIDL        equ	3849	;# 
  1926   000F0A                     RXF2EIDH        equ	3850	;# 
  1927   000F0B                     RXF2EIDL        equ	3851	;# 
  1928   000F0C                     RXF3SIDH        equ	3852	;# 
  1929   000F0D                     RXF3SIDL        equ	3853	;# 
  1930   000F0E                     RXF3EIDH        equ	3854	;# 
  1931   000F0F                     RXF3EIDL        equ	3855	;# 
  1932   000F10                     RXF4SIDH        equ	3856	;# 
  1933   000F11                     RXF4SIDL        equ	3857	;# 
  1934   000F12                     RXF4EIDH        equ	3858	;# 
  1935   000F13                     RXF4EIDL        equ	3859	;# 
  1936   000F14                     RXF5SIDH        equ	3860	;# 
  1937   000F15                     RXF5SIDL        equ	3861	;# 
  1938   000F16                     RXF5EIDH        equ	3862	;# 
  1939   000F17                     RXF5EIDL        equ	3863	;# 
  1940   000F18                     RXM0SIDH        equ	3864	;# 
  1941   000F19                     RXM0SIDL        equ	3865	;# 
  1942   000F1A                     RXM0EIDH        equ	3866	;# 
  1943   000F1B                     RXM0EIDL        equ	3867	;# 
  1944   000F1C                     RXM1SIDH        equ	3868	;# 
  1945   000F1D                     RXM1SIDL        equ	3869	;# 
  1946   000F1E                     RXM1EIDH        equ	3870	;# 
  1947   000F1F                     RXM1EIDL        equ	3871	;# 
  1948   000F20                     TXB2CON         equ	3872	;# 
  1949   000F21                     TXB2SIDH        equ	3873	;# 
  1950   000F22                     TXB2SIDL        equ	3874	;# 
  1951   000F23                     TXB2EIDH        equ	3875	;# 
  1952   000F24                     TXB2EIDL        equ	3876	;# 
  1953   000F25                     TXB2DLC         equ	3877	;# 
  1954   000F26                     TXB2D0          equ	3878	;# 
  1955   000F27                     TXB2D1          equ	3879	;# 
  1956   000F28                     TXB2D2          equ	3880	;# 
  1957   000F29                     TXB2D3          equ	3881	;# 
  1958   000F2A                     TXB2D4          equ	3882	;# 
  1959   000F2B                     TXB2D5          equ	3883	;# 
  1960   000F2C                     TXB2D6          equ	3884	;# 
  1961   000F2D                     TXB2D7          equ	3885	;# 
  1962   000F2E                     CANSTAT_RO3     equ	3886	;# 
  1963   000F2F                     CANCON_RO3      equ	3887	;# 
  1964   000F30                     TXB1CON         equ	3888	;# 
  1965   000F31                     TXB1SIDH        equ	3889	;# 
  1966   000F32                     TXB1SIDL        equ	3890	;# 
  1967   000F33                     TXB1EIDH        equ	3891	;# 
  1968   000F34                     TXB1EIDL        equ	3892	;# 
  1969   000F35                     TXB1DLC         equ	3893	;# 
  1970   000F36                     TXB1D0          equ	3894	;# 
  1971   000F37                     TXB1D1          equ	3895	;# 
  1972   000F38                     TXB1D2          equ	3896	;# 
  1973   000F39                     TXB1D3          equ	3897	;# 
  1974   000F3A                     TXB1D4          equ	3898	;# 
  1975   000F3B                     TXB1D5          equ	3899	;# 
  1976   000F3C                     TXB1D6          equ	3900	;# 
  1977   000F3D                     TXB1D7          equ	3901	;# 
  1978   000F3E                     CANSTAT_RO2     equ	3902	;# 
  1979   000F3F                     CANCON_RO2      equ	3903	;# 
  1980   000F40                     TXB0CON         equ	3904	;# 
  1981   000F41                     TXB0SIDH        equ	3905	;# 
  1982   000F42                     TXB0SIDL        equ	3906	;# 
  1983   000F43                     TXB0EIDH        equ	3907	;# 
  1984   000F44                     TXB0EIDL        equ	3908	;# 
  1985   000F45                     TXB0DLC         equ	3909	;# 
  1986   000F46                     TXB0D0          equ	3910	;# 
  1987   000F47                     TXB0D1          equ	3911	;# 
  1988   000F48                     TXB0D2          equ	3912	;# 
  1989   000F49                     TXB0D3          equ	3913	;# 
  1990   000F4A                     TXB0D4          equ	3914	;# 
  1991   000F4B                     TXB0D5          equ	3915	;# 
  1992   000F4C                     TXB0D6          equ	3916	;# 
  1993   000F4D                     TXB0D7          equ	3917	;# 
  1994   000F4E                     CANSTAT_RO1     equ	3918	;# 
  1995   000F4F                     CANCON_RO1      equ	3919	;# 
  1996   000F50                     RXB1CON         equ	3920	;# 
  1997   000F51                     RXB1SIDH        equ	3921	;# 
  1998   000F52                     RXB1SIDL        equ	3922	;# 
  1999   000F53                     RXB1EIDH        equ	3923	;# 
  2000   000F54                     RXB1EIDL        equ	3924	;# 
  2001   000F55                     RXB1DLC         equ	3925	;# 
  2002   000F56                     RXB1D0          equ	3926	;# 
  2003   000F57                     RXB1D1          equ	3927	;# 
  2004   000F58                     RXB1D2          equ	3928	;# 
  2005   000F59                     RXB1D3          equ	3929	;# 
  2006   000F5A                     RXB1D4          equ	3930	;# 
  2007   000F5B                     RXB1D5          equ	3931	;# 
  2008   000F5C                     RXB1D6          equ	3932	;# 
  2009   000F5D                     RXB1D7          equ	3933	;# 
  2010   000F5E                     CANSTAT_RO0     equ	3934	;# 
  2011   000F5F                     CANCON_RO0      equ	3935	;# 
  2012   000F60                     RXB0CON         equ	3936	;# 
  2013   000F61                     RXB0SIDH        equ	3937	;# 
  2014   000F62                     RXB0SIDL        equ	3938	;# 
  2015   000F63                     RXB0EIDH        equ	3939	;# 
  2016   000F64                     RXB0EIDL        equ	3940	;# 
  2017   000F65                     RXB0DLC         equ	3941	;# 
  2018   000F66                     RXB0D0          equ	3942	;# 
  2019   000F67                     RXB0D1          equ	3943	;# 
  2020   000F68                     RXB0D2          equ	3944	;# 
  2021   000F69                     RXB0D3          equ	3945	;# 
  2022   000F6A                     RXB0D4          equ	3946	;# 
  2023   000F6B                     RXB0D5          equ	3947	;# 
  2024   000F6C                     RXB0D6          equ	3948	;# 
  2025   000F6D                     RXB0D7          equ	3949	;# 
  2026   000F6E                     CANSTAT         equ	3950	;# 
  2027   000F6F                     CANCON          equ	3951	;# 
  2028   000F70                     BRGCON1         equ	3952	;# 
  2029   000F71                     BRGCON2         equ	3953	;# 
  2030   000F72                     BRGCON3         equ	3954	;# 
  2031   000F73                     CIOCON          equ	3955	;# 
  2032   000F74                     COMSTAT         equ	3956	;# 
  2033   000F75                     RXERRCNT        equ	3957	;# 
  2034   000F76                     TXERRCNT        equ	3958	;# 
  2035   000F77                     ECANCON         equ	3959	;# 
  2036   000F80                     PORTA           equ	3968	;# 
  2037   000F81                     PORTB           equ	3969	;# 
  2038   000F82                     PORTC           equ	3970	;# 
  2039   000F83                     PORTD           equ	3971	;# 
  2040   000F84                     PORTE           equ	3972	;# 
  2041   000F89                     LATA            equ	3977	;# 
  2042   000F8A                     LATB            equ	3978	;# 
  2043   000F8B                     LATC            equ	3979	;# 
  2044   000F8C                     LATD            equ	3980	;# 
  2045   000F8D                     LATE            equ	3981	;# 
  2046   000F92                     TRISA           equ	3986	;# 
  2047   000F92                     DDRA            equ	3986	;# 
  2048   000F93                     TRISB           equ	3987	;# 
  2049   000F93                     DDRB            equ	3987	;# 
  2050   000F94                     TRISC           equ	3988	;# 
  2051   000F94                     DDRC            equ	3988	;# 
  2052   000F95                     TRISD           equ	3989	;# 
  2053   000F95                     DDRD            equ	3989	;# 
  2054   000F96                     TRISE           equ	3990	;# 
  2055   000F96                     DDRE            equ	3990	;# 
  2056   000F9B                     OSCTUNE         equ	3995	;# 
  2057   000F9D                     PIE1            equ	3997	;# 
  2058   000F9E                     PIR1            equ	3998	;# 
  2059   000F9F                     IPR1            equ	3999	;# 
  2060   000FA0                     PIE2            equ	4000	;# 
  2061   000FA1                     PIR2            equ	4001	;# 
  2062   000FA2                     IPR2            equ	4002	;# 
  2063   000FA3                     PIE3            equ	4003	;# 
  2064   000FA4                     PIR3            equ	4004	;# 
  2065   000FA5                     IPR3            equ	4005	;# 
  2066   000FA6                     EECON1          equ	4006	;# 
  2067   000FA7                     EECON2          equ	4007	;# 
  2068   000FA8                     EEDATA          equ	4008	;# 
  2069   000FA9                     EEADR           equ	4009	;# 
  2070   000FAB                     RCSTA           equ	4011	;# 
  2071   000FAB                     RCSTA1          equ	4011	;# 
  2072   000FAC                     TXSTA           equ	4012	;# 
  2073   000FAC                     TXSTA1          equ	4012	;# 
  2074   000FAD                     TXREG           equ	4013	;# 
  2075   000FAD                     TXREG1          equ	4013	;# 
  2076   000FAE                     RCREG           equ	4014	;# 
  2077   000FAE                     RCREG1          equ	4014	;# 
  2078   000FAF                     SPBRG           equ	4015	;# 
  2079   000FAF                     SPBRG1          equ	4015	;# 
  2080   000FB0                     SPBRGH          equ	4016	;# 
  2081   000FB1                     T3CON           equ	4017	;# 
  2082   000FB2                     TMR3            equ	4018	;# 
  2083   000FB2                     TMR3L           equ	4018	;# 
  2084   000FB3                     TMR3H           equ	4019	;# 
  2085   000FB4                     CMCON           equ	4020	;# 
  2086   000FB5                     CVRCON          equ	4021	;# 
  2087   000FB6                     ECCP1AS         equ	4022	;# 
  2088   000FB7                     ECCP1DEL        equ	4023	;# 
  2089   000FB8                     BAUDCON         equ	4024	;# 
  2090   000FB8                     BAUDCTL         equ	4024	;# 
  2091   000FBA                     ECCP1CON        equ	4026	;# 
  2092   000FBB                     ECCPR1          equ	4027	;# 
  2093   000FBB                     ECCPR1L         equ	4027	;# 
  2094   000FBC                     ECCPR1H         equ	4028	;# 
  2095   000FBD                     CCP1CON         equ	4029	;# 
  2096   000FBE                     CCPR1           equ	4030	;# 
  2097   000FBE                     CCPR1L          equ	4030	;# 
  2098   000FBF                     CCPR1H          equ	4031	;# 
  2099   000FC0                     ADCON2          equ	4032	;# 
  2100   000FC1                     ADCON1          equ	4033	;# 
  2101   000FC2                     ADCON0          equ	4034	;# 
  2102   000FC3                     ADRES           equ	4035	;# 
  2103   000FC3                     ADRESL          equ	4035	;# 
  2104   000FC4                     ADRESH          equ	4036	;# 
  2105   000FC5                     SSPCON2         equ	4037	;# 
  2106   000FC6                     SSPCON1         equ	4038	;# 
  2107   000FC7                     SSPSTAT         equ	4039	;# 
  2108   000FC8                     SSPADD          equ	4040	;# 
  2109   000FC9                     SSPBUF          equ	4041	;# 
  2110   000FCA                     T2CON           equ	4042	;# 
  2111   000FCB                     PR2             equ	4043	;# 
  2112   000FCB                     MEMCON          equ	4043	;# 
  2113   000FCC                     TMR2            equ	4044	;# 
  2114   000FCD                     T1CON           equ	4045	;# 
  2115   000FCE                     TMR1            equ	4046	;# 
  2116   000FCE                     TMR1L           equ	4046	;# 
  2117   000FCF                     TMR1H           equ	4047	;# 
  2118   000FD0                     RCON            equ	4048	;# 
  2119   000FD1                     WDTCON          equ	4049	;# 
  2120   000FD2                     HLVDCON         equ	4050	;# 
  2121   000FD2                     LVDCON          equ	4050	;# 
  2122   000FD3                     OSCCON          equ	4051	;# 
  2123   000FD5                     T0CON           equ	4053	;# 
  2124   000FD6                     TMR0            equ	4054	;# 
  2125   000FD6                     TMR0L           equ	4054	;# 
  2126   000FD7                     TMR0H           equ	4055	;# 
  2127   000FD8                     STATUS          equ	4056	;# 
  2128   000FD9                     FSR2            equ	4057	;# 
  2129   000FD9                     FSR2L           equ	4057	;# 
  2130   000FDA                     FSR2H           equ	4058	;# 
  2131   000FDB                     PLUSW2          equ	4059	;# 
  2132   000FDC                     PREINC2         equ	4060	;# 
  2133   000FDD                     POSTDEC2        equ	4061	;# 
  2134   000FDE                     POSTINC2        equ	4062	;# 
  2135   000FDF                     INDF2           equ	4063	;# 
  2136   000FE0                     BSR             equ	4064	;# 
  2137   000FE1                     FSR1            equ	4065	;# 
  2138   000FE1                     FSR1L           equ	4065	;# 
  2139   000FE2                     FSR1H           equ	4066	;# 
  2140   000FE3                     PLUSW1          equ	4067	;# 
  2141   000FE4                     PREINC1         equ	4068	;# 
  2142   000FE5                     POSTDEC1        equ	4069	;# 
  2143   000FE6                     POSTINC1        equ	4070	;# 
  2144   000FE7                     INDF1           equ	4071	;# 
  2145   000FE8                     WREG            equ	4072	;# 
  2146   000FE9                     FSR0            equ	4073	;# 
  2147   000FE9                     FSR0L           equ	4073	;# 
  2148   000FEA                     FSR0H           equ	4074	;# 
  2149   000FEB                     PLUSW0          equ	4075	;# 
  2150   000FEC                     PREINC0         equ	4076	;# 
  2151   000FED                     POSTDEC0        equ	4077	;# 
  2152   000FEE                     POSTINC0        equ	4078	;# 
  2153   000FEF                     INDF0           equ	4079	;# 
  2154   000FF0                     INTCON3         equ	4080	;# 
  2155   000FF1                     INTCON2         equ	4081	;# 
  2156   000FF2                     INTCON          equ	4082	;# 
  2157   000FF3                     PROD            equ	4083	;# 
  2158   000FF3                     PRODL           equ	4083	;# 
  2159   000FF4                     PRODH           equ	4084	;# 
  2160   000FF5                     TABLAT          equ	4085	;# 
  2161   000FF6                     TBLPTR          equ	4086	;# 
  2162   000FF6                     TBLPTRL         equ	4086	;# 
  2163   000FF7                     TBLPTRH         equ	4087	;# 
  2164   000FF8                     TBLPTRU         equ	4088	;# 
  2165   000FF9                     PCLAT           equ	4089	;# 
  2166   000FF9                     PC              equ	4089	;# 
  2167   000FF9                     PCL             equ	4089	;# 
  2168   000FFA                     PCLATH          equ	4090	;# 
  2169   000FFB                     PCLATU          equ	4091	;# 
  2170   000FFC                     STKPTR          equ	4092	;# 
  2171   000FFD                     TOS             equ	4093	;# 
  2172   000FFD                     TOSL            equ	4093	;# 
  2173   000FFE                     TOSH            equ	4094	;# 
  2174   000FFF                     TOSU            equ	4095	;# 
  2175   000D60                     RXF6SIDH        equ	3424	;# 
  2176   000D61                     RXF6SIDL        equ	3425	;# 
  2177   000D62                     RXF6EIDH        equ	3426	;# 
  2178   000D63                     RXF6EIDL        equ	3427	;# 
  2179   000D64                     RXF7SIDH        equ	3428	;# 
  2180   000D65                     RXF7SIDL        equ	3429	;# 
  2181   000D66                     RXF7EIDH        equ	3430	;# 
  2182   000D67                     RXF7EIDL        equ	3431	;# 
  2183   000D68                     RXF8SIDH        equ	3432	;# 
  2184   000D69                     RXF8SIDL        equ	3433	;# 
  2185   000D6A                     RXF8EIDH        equ	3434	;# 
  2186   000D6B                     RXF8EIDL        equ	3435	;# 
  2187   000D70                     RXF9SIDH        equ	3440	;# 
  2188   000D71                     RXF9SIDL        equ	3441	;# 
  2189   000D72                     RXF9EIDH        equ	3442	;# 
  2190   000D73                     RXF9EIDL        equ	3443	;# 
  2191   000D74                     RXF10SIDH       equ	3444	;# 
  2192   000D75                     RXF10SIDL       equ	3445	;# 
  2193   000D76                     RXF10EIDH       equ	3446	;# 
  2194   000D77                     RXF10EIDL       equ	3447	;# 
  2195   000D78                     RXF11SIDH       equ	3448	;# 
  2196   000D79                     RXF11SIDL       equ	3449	;# 
  2197   000D7A                     RXF11EIDH       equ	3450	;# 
  2198   000D7B                     RXF11EIDL       equ	3451	;# 
  2199   000D80                     RXF12SIDH       equ	3456	;# 
  2200   000D81                     RXF12SIDL       equ	3457	;# 
  2201   000D82                     RXF12EIDH       equ	3458	;# 
  2202   000D83                     RXF12EIDL       equ	3459	;# 
  2203   000D84                     RXF13SIDH       equ	3460	;# 
  2204   000D85                     RXF13SIDL       equ	3461	;# 
  2205   000D86                     RXF13EIDH       equ	3462	;# 
  2206   000D87                     RXF13EIDL       equ	3463	;# 
  2207   000D88                     RXF14SIDH       equ	3464	;# 
  2208   000D89                     RXF14SIDL       equ	3465	;# 
  2209   000D8A                     RXF14EIDH       equ	3466	;# 
  2210   000D8B                     RXF14EIDL       equ	3467	;# 
  2211   000D90                     RXF15SIDH       equ	3472	;# 
  2212   000D91                     RXF15SIDL       equ	3473	;# 
  2213   000D92                     RXF15EIDH       equ	3474	;# 
  2214   000D93                     RXF15EIDL       equ	3475	;# 
  2215   000DD4                     RXFCON0         equ	3540	;# 
  2216   000DD5                     RXFCON1         equ	3541	;# 
  2217   000DD8                     SDFLC           equ	3544	;# 
  2218   000DE0                     RXFBCON0        equ	3552	;# 
  2219   000DE1                     RXFBCON1        equ	3553	;# 
  2220   000DE2                     RXFBCON2        equ	3554	;# 
  2221   000DE3                     RXFBCON3        equ	3555	;# 
  2222   000DE4                     RXFBCON4        equ	3556	;# 
  2223   000DE5                     RXFBCON5        equ	3557	;# 
  2224   000DE6                     RXFBCON6        equ	3558	;# 
  2225   000DE7                     RXFBCON7        equ	3559	;# 
  2226   000DF0                     MSEL0           equ	3568	;# 
  2227   000DF1                     MSEL1           equ	3569	;# 
  2228   000DF2                     MSEL2           equ	3570	;# 
  2229   000DF3                     MSEL3           equ	3571	;# 
  2230   000DF8                     BSEL0           equ	3576	;# 
  2231   000DFA                     BIE0            equ	3578	;# 
  2232   000DFC                     TXBIE           equ	3580	;# 
  2233   000E20                     B0CON           equ	3616	;# 
  2234   000E21                     B0SIDH          equ	3617	;# 
  2235   000E22                     B0SIDL          equ	3618	;# 
  2236   000E23                     B0EIDH          equ	3619	;# 
  2237   000E24                     B0EIDL          equ	3620	;# 
  2238   000E25                     B0DLC           equ	3621	;# 
  2239   000E26                     B0D0            equ	3622	;# 
  2240   000E27                     B0D1            equ	3623	;# 
  2241   000E28                     B0D2            equ	3624	;# 
  2242   000E29                     B0D3            equ	3625	;# 
  2243   000E2A                     B0D4            equ	3626	;# 
  2244   000E2B                     B0D5            equ	3627	;# 
  2245   000E2C                     B0D6            equ	3628	;# 
  2246   000E2D                     B0D7            equ	3629	;# 
  2247   000E2E                     CANSTAT_RO9     equ	3630	;# 
  2248   000E2F                     CANCON_RO9      equ	3631	;# 
  2249   000E30                     B1CON           equ	3632	;# 
  2250   000E31                     B1SIDH          equ	3633	;# 
  2251   000E32                     B1SIDL          equ	3634	;# 
  2252   000E33                     B1EIDH          equ	3635	;# 
  2253   000E34                     B1EIDL          equ	3636	;# 
  2254   000E35                     B1DLC           equ	3637	;# 
  2255   000E36                     B1D0            equ	3638	;# 
  2256   000E37                     B1D1            equ	3639	;# 
  2257   000E38                     B1D2            equ	3640	;# 
  2258   000E39                     B1D3            equ	3641	;# 
  2259   000E3A                     B1D4            equ	3642	;# 
  2260   000E3B                     B1D5            equ	3643	;# 
  2261   000E3C                     B1D6            equ	3644	;# 
  2262   000E3D                     B1D7            equ	3645	;# 
  2263   000E3E                     CANSTAT_RO8     equ	3646	;# 
  2264   000E3F                     CANCON_RO8      equ	3647	;# 
  2265   000E40                     B2CON           equ	3648	;# 
  2266   000E41                     B2SIDH          equ	3649	;# 
  2267   000E42                     B2SIDL          equ	3650	;# 
  2268   000E43                     B2EIDH          equ	3651	;# 
  2269   000E44                     B2EIDL          equ	3652	;# 
  2270   000E45                     B2DLC           equ	3653	;# 
  2271   000E46                     B2D0            equ	3654	;# 
  2272   000E47                     B2D1            equ	3655	;# 
  2273   000E48                     B2D2            equ	3656	;# 
  2274   000E49                     B2D3            equ	3657	;# 
  2275   000E4A                     B2D4            equ	3658	;# 
  2276   000E4B                     B2D5            equ	3659	;# 
  2277   000E4C                     B2D6            equ	3660	;# 
  2278   000E4D                     B2D7            equ	3661	;# 
  2279   000E4E                     CANSTAT_RO7     equ	3662	;# 
  2280   000E4F                     CANCON_RO7      equ	3663	;# 
  2281   000E50                     B3CON           equ	3664	;# 
  2282   000E51                     B3SIDH          equ	3665	;# 
  2283   000E52                     B3SIDL          equ	3666	;# 
  2284   000E53                     B3EIDH          equ	3667	;# 
  2285   000E54                     B3EIDL          equ	3668	;# 
  2286   000E55                     B3DLC           equ	3669	;# 
  2287   000E56                     B3D0            equ	3670	;# 
  2288   000E57                     B3D1            equ	3671	;# 
  2289   000E58                     B3D2            equ	3672	;# 
  2290   000E59                     B3D3            equ	3673	;# 
  2291   000E5A                     B3D4            equ	3674	;# 
  2292   000E5B                     B3D5            equ	3675	;# 
  2293   000E5C                     B3D6            equ	3676	;# 
  2294   000E5D                     B3D7            equ	3677	;# 
  2295   000E5E                     CANSTAT_RO6     equ	3678	;# 
  2296   000E5F                     CANCON_RO6      equ	3679	;# 
  2297   000E60                     B4CON           equ	3680	;# 
  2298   000E61                     B4SIDH          equ	3681	;# 
  2299   000E62                     B4SIDL          equ	3682	;# 
  2300   000E63                     B4EIDH          equ	3683	;# 
  2301   000E64                     B4EIDL          equ	3684	;# 
  2302   000E65                     B4DLC           equ	3685	;# 
  2303   000E66                     B4D0            equ	3686	;# 
  2304   000E67                     B4D1            equ	3687	;# 
  2305   000E68                     B4D2            equ	3688	;# 
  2306   000E69                     B4D3            equ	3689	;# 
  2307   000E6A                     B4D4            equ	3690	;# 
  2308   000E6B                     B4D5            equ	3691	;# 
  2309   000E6C                     B4D6            equ	3692	;# 
  2310   000E6D                     B4D7            equ	3693	;# 
  2311   000E6E                     CANSTAT_RO5     equ	3694	;# 
  2312   000E6F                     CANCON_RO5      equ	3695	;# 
  2313   000E70                     B5CON           equ	3696	;# 
  2314   000E71                     B5SIDH          equ	3697	;# 
  2315   000E72                     B5SIDL          equ	3698	;# 
  2316   000E73                     B5EIDH          equ	3699	;# 
  2317   000E74                     B5EIDL          equ	3700	;# 
  2318   000E75                     B5DLC           equ	3701	;# 
  2319   000E76                     B5D0            equ	3702	;# 
  2320   000E77                     B5D1            equ	3703	;# 
  2321   000E78                     B5D2            equ	3704	;# 
  2322   000E79                     B5D3            equ	3705	;# 
  2323   000E7A                     B5D4            equ	3706	;# 
  2324   000E7B                     B5D5            equ	3707	;# 
  2325   000E7C                     B5D6            equ	3708	;# 
  2326   000E7D                     B5D7            equ	3709	;# 
  2327   000E7E                     CANSTAT_RO4     equ	3710	;# 
  2328   000E7F                     CANCON_RO4      equ	3711	;# 
  2329   000F00                     RXF0SIDH        equ	3840	;# 
  2330   000F01                     RXF0SIDL        equ	3841	;# 
  2331   000F02                     RXF0EIDH        equ	3842	;# 
  2332   000F03                     RXF0EIDL        equ	3843	;# 
  2333   000F04                     RXF1SIDH        equ	3844	;# 
  2334   000F05                     RXF1SIDL        equ	3845	;# 
  2335   000F06                     RXF1EIDH        equ	3846	;# 
  2336   000F07                     RXF1EIDL        equ	3847	;# 
  2337   000F08                     RXF2SIDH        equ	3848	;# 
  2338   000F09                     RXF2SIDL        equ	3849	;# 
  2339   000F0A                     RXF2EIDH        equ	3850	;# 
  2340   000F0B                     RXF2EIDL        equ	3851	;# 
  2341   000F0C                     RXF3SIDH        equ	3852	;# 
  2342   000F0D                     RXF3SIDL        equ	3853	;# 
  2343   000F0E                     RXF3EIDH        equ	3854	;# 
  2344   000F0F                     RXF3EIDL        equ	3855	;# 
  2345   000F10                     RXF4SIDH        equ	3856	;# 
  2346   000F11                     RXF4SIDL        equ	3857	;# 
  2347   000F12                     RXF4EIDH        equ	3858	;# 
  2348   000F13                     RXF4EIDL        equ	3859	;# 
  2349   000F14                     RXF5SIDH        equ	3860	;# 
  2350   000F15                     RXF5SIDL        equ	3861	;# 
  2351   000F16                     RXF5EIDH        equ	3862	;# 
  2352   000F17                     RXF5EIDL        equ	3863	;# 
  2353   000F18                     RXM0SIDH        equ	3864	;# 
  2354   000F19                     RXM0SIDL        equ	3865	;# 
  2355   000F1A                     RXM0EIDH        equ	3866	;# 
  2356   000F1B                     RXM0EIDL        equ	3867	;# 
  2357   000F1C                     RXM1SIDH        equ	3868	;# 
  2358   000F1D                     RXM1SIDL        equ	3869	;# 
  2359   000F1E                     RXM1EIDH        equ	3870	;# 
  2360   000F1F                     RXM1EIDL        equ	3871	;# 
  2361   000F20                     TXB2CON         equ	3872	;# 
  2362   000F21                     TXB2SIDH        equ	3873	;# 
  2363   000F22                     TXB2SIDL        equ	3874	;# 
  2364   000F23                     TXB2EIDH        equ	3875	;# 
  2365   000F24                     TXB2EIDL        equ	3876	;# 
  2366   000F25                     TXB2DLC         equ	3877	;# 
  2367   000F26                     TXB2D0          equ	3878	;# 
  2368   000F27                     TXB2D1          equ	3879	;# 
  2369   000F28                     TXB2D2          equ	3880	;# 
  2370   000F29                     TXB2D3          equ	3881	;# 
  2371   000F2A                     TXB2D4          equ	3882	;# 
  2372   000F2B                     TXB2D5          equ	3883	;# 
  2373   000F2C                     TXB2D6          equ	3884	;# 
  2374   000F2D                     TXB2D7          equ	3885	;# 
  2375   000F2E                     CANSTAT_RO3     equ	3886	;# 
  2376   000F2F                     CANCON_RO3      equ	3887	;# 
  2377   000F30                     TXB1CON         equ	3888	;# 
  2378   000F31                     TXB1SIDH        equ	3889	;# 
  2379   000F32                     TXB1SIDL        equ	3890	;# 
  2380   000F33                     TXB1EIDH        equ	3891	;# 
  2381   000F34                     TXB1EIDL        equ	3892	;# 
  2382   000F35                     TXB1DLC         equ	3893	;# 
  2383   000F36                     TXB1D0          equ	3894	;# 
  2384   000F37                     TXB1D1          equ	3895	;# 
  2385   000F38                     TXB1D2          equ	3896	;# 
  2386   000F39                     TXB1D3          equ	3897	;# 
  2387   000F3A                     TXB1D4          equ	3898	;# 
  2388   000F3B                     TXB1D5          equ	3899	;# 
  2389   000F3C                     TXB1D6          equ	3900	;# 
  2390   000F3D                     TXB1D7          equ	3901	;# 
  2391   000F3E                     CANSTAT_RO2     equ	3902	;# 
  2392   000F3F                     CANCON_RO2      equ	3903	;# 
  2393   000F40                     TXB0CON         equ	3904	;# 
  2394   000F41                     TXB0SIDH        equ	3905	;# 
  2395   000F42                     TXB0SIDL        equ	3906	;# 
  2396   000F43                     TXB0EIDH        equ	3907	;# 
  2397   000F44                     TXB0EIDL        equ	3908	;# 
  2398   000F45                     TXB0DLC         equ	3909	;# 
  2399   000F46                     TXB0D0          equ	3910	;# 
  2400   000F47                     TXB0D1          equ	3911	;# 
  2401   000F48                     TXB0D2          equ	3912	;# 
  2402   000F49                     TXB0D3          equ	3913	;# 
  2403   000F4A                     TXB0D4          equ	3914	;# 
  2404   000F4B                     TXB0D5          equ	3915	;# 
  2405   000F4C                     TXB0D6          equ	3916	;# 
  2406   000F4D                     TXB0D7          equ	3917	;# 
  2407   000F4E                     CANSTAT_RO1     equ	3918	;# 
  2408   000F4F                     CANCON_RO1      equ	3919	;# 
  2409   000F50                     RXB1CON         equ	3920	;# 
  2410   000F51                     RXB1SIDH        equ	3921	;# 
  2411   000F52                     RXB1SIDL        equ	3922	;# 
  2412   000F53                     RXB1EIDH        equ	3923	;# 
  2413   000F54                     RXB1EIDL        equ	3924	;# 
  2414   000F55                     RXB1DLC         equ	3925	;# 
  2415   000F56                     RXB1D0          equ	3926	;# 
  2416   000F57                     RXB1D1          equ	3927	;# 
  2417   000F58                     RXB1D2          equ	3928	;# 
  2418   000F59                     RXB1D3          equ	3929	;# 
  2419   000F5A                     RXB1D4          equ	3930	;# 
  2420   000F5B                     RXB1D5          equ	3931	;# 
  2421   000F5C                     RXB1D6          equ	3932	;# 
  2422   000F5D                     RXB1D7          equ	3933	;# 
  2423   000F5E                     CANSTAT_RO0     equ	3934	;# 
  2424   000F5F                     CANCON_RO0      equ	3935	;# 
  2425   000F60                     RXB0CON         equ	3936	;# 
  2426   000F61                     RXB0SIDH        equ	3937	;# 
  2427   000F62                     RXB0SIDL        equ	3938	;# 
  2428   000F63                     RXB0EIDH        equ	3939	;# 
  2429   000F64                     RXB0EIDL        equ	3940	;# 
  2430   000F65                     RXB0DLC         equ	3941	;# 
  2431   000F66                     RXB0D0          equ	3942	;# 
  2432   000F67                     RXB0D1          equ	3943	;# 
  2433   000F68                     RXB0D2          equ	3944	;# 
  2434   000F69                     RXB0D3          equ	3945	;# 
  2435   000F6A                     RXB0D4          equ	3946	;# 
  2436   000F6B                     RXB0D5          equ	3947	;# 
  2437   000F6C                     RXB0D6          equ	3948	;# 
  2438   000F6D                     RXB0D7          equ	3949	;# 
  2439   000F6E                     CANSTAT         equ	3950	;# 
  2440   000F6F                     CANCON          equ	3951	;# 
  2441   000F70                     BRGCON1         equ	3952	;# 
  2442   000F71                     BRGCON2         equ	3953	;# 
  2443   000F72                     BRGCON3         equ	3954	;# 
  2444   000F73                     CIOCON          equ	3955	;# 
  2445   000F74                     COMSTAT         equ	3956	;# 
  2446   000F75                     RXERRCNT        equ	3957	;# 
  2447   000F76                     TXERRCNT        equ	3958	;# 
  2448   000F77                     ECANCON         equ	3959	;# 
  2449   000F80                     PORTA           equ	3968	;# 
  2450   000F81                     PORTB           equ	3969	;# 
  2451   000F82                     PORTC           equ	3970	;# 
  2452   000F83                     PORTD           equ	3971	;# 
  2453   000F84                     PORTE           equ	3972	;# 
  2454   000F89                     LATA            equ	3977	;# 
  2455   000F8A                     LATB            equ	3978	;# 
  2456   000F8B                     LATC            equ	3979	;# 
  2457   000F8C                     LATD            equ	3980	;# 
  2458   000F8D                     LATE            equ	3981	;# 
  2459   000F92                     TRISA           equ	3986	;# 
  2460   000F92                     DDRA            equ	3986	;# 
  2461   000F93                     TRISB           equ	3987	;# 
  2462   000F93                     DDRB            equ	3987	;# 
  2463   000F94                     TRISC           equ	3988	;# 
  2464   000F94                     DDRC            equ	3988	;# 
  2465   000F95                     TRISD           equ	3989	;# 
  2466   000F95                     DDRD            equ	3989	;# 
  2467   000F96                     TRISE           equ	3990	;# 
  2468   000F96                     DDRE            equ	3990	;# 
  2469   000F9B                     OSCTUNE         equ	3995	;# 
  2470   000F9D                     PIE1            equ	3997	;# 
  2471   000F9E                     PIR1            equ	3998	;# 
  2472   000F9F                     IPR1            equ	3999	;# 
  2473   000FA0                     PIE2            equ	4000	;# 
  2474   000FA1                     PIR2            equ	4001	;# 
  2475   000FA2                     IPR2            equ	4002	;# 
  2476   000FA3                     PIE3            equ	4003	;# 
  2477   000FA4                     PIR3            equ	4004	;# 
  2478   000FA5                     IPR3            equ	4005	;# 
  2479   000FA6                     EECON1          equ	4006	;# 
  2480   000FA7                     EECON2          equ	4007	;# 
  2481   000FA8                     EEDATA          equ	4008	;# 
  2482   000FA9                     EEADR           equ	4009	;# 
  2483   000FAB                     RCSTA           equ	4011	;# 
  2484   000FAB                     RCSTA1          equ	4011	;# 
  2485   000FAC                     TXSTA           equ	4012	;# 
  2486   000FAC                     TXSTA1          equ	4012	;# 
  2487   000FAD                     TXREG           equ	4013	;# 
  2488   000FAD                     TXREG1          equ	4013	;# 
  2489   000FAE                     RCREG           equ	4014	;# 
  2490   000FAE                     RCREG1          equ	4014	;# 
  2491   000FAF                     SPBRG           equ	4015	;# 
  2492   000FAF                     SPBRG1          equ	4015	;# 
  2493   000FB0                     SPBRGH          equ	4016	;# 
  2494   000FB1                     T3CON           equ	4017	;# 
  2495   000FB2                     TMR3            equ	4018	;# 
  2496   000FB2                     TMR3L           equ	4018	;# 
  2497   000FB3                     TMR3H           equ	4019	;# 
  2498   000FB4                     CMCON           equ	4020	;# 
  2499   000FB5                     CVRCON          equ	4021	;# 
  2500   000FB6                     ECCP1AS         equ	4022	;# 
  2501   000FB7                     ECCP1DEL        equ	4023	;# 
  2502   000FB8                     BAUDCON         equ	4024	;# 
  2503   000FB8                     BAUDCTL         equ	4024	;# 
  2504   000FBA                     ECCP1CON        equ	4026	;# 
  2505   000FBB                     ECCPR1          equ	4027	;# 
  2506   000FBB                     ECCPR1L         equ	4027	;# 
  2507   000FBC                     ECCPR1H         equ	4028	;# 
  2508   000FBD                     CCP1CON         equ	4029	;# 
  2509   000FBE                     CCPR1           equ	4030	;# 
  2510   000FBE                     CCPR1L          equ	4030	;# 
  2511   000FBF                     CCPR1H          equ	4031	;# 
  2512   000FC0                     ADCON2          equ	4032	;# 
  2513   000FC1                     ADCON1          equ	4033	;# 
  2514   000FC2                     ADCON0          equ	4034	;# 
  2515   000FC3                     ADRES           equ	4035	;# 
  2516   000FC3                     ADRESL          equ	4035	;# 
  2517   000FC4                     ADRESH          equ	4036	;# 
  2518   000FC5                     SSPCON2         equ	4037	;# 
  2519   000FC6                     SSPCON1         equ	4038	;# 
  2520   000FC7                     SSPSTAT         equ	4039	;# 
  2521   000FC8                     SSPADD          equ	4040	;# 
  2522   000FC9                     SSPBUF          equ	4041	;# 
  2523   000FCA                     T2CON           equ	4042	;# 
  2524   000FCB                     PR2             equ	4043	;# 
  2525   000FCB                     MEMCON          equ	4043	;# 
  2526   000FCC                     TMR2            equ	4044	;# 
  2527   000FCD                     T1CON           equ	4045	;# 
  2528   000FCE                     TMR1            equ	4046	;# 
  2529   000FCE                     TMR1L           equ	4046	;# 
  2530   000FCF                     TMR1H           equ	4047	;# 
  2531   000FD0                     RCON            equ	4048	;# 
  2532   000FD1                     WDTCON          equ	4049	;# 
  2533   000FD2                     HLVDCON         equ	4050	;# 
  2534   000FD2                     LVDCON          equ	4050	;# 
  2535   000FD3                     OSCCON          equ	4051	;# 
  2536   000FD5                     T0CON           equ	4053	;# 
  2537   000FD6                     TMR0            equ	4054	;# 
  2538   000FD6                     TMR0L           equ	4054	;# 
  2539   000FD7                     TMR0H           equ	4055	;# 
  2540   000FD8                     STATUS          equ	4056	;# 
  2541   000FD9                     FSR2            equ	4057	;# 
  2542   000FD9                     FSR2L           equ	4057	;# 
  2543   000FDA                     FSR2H           equ	4058	;# 
  2544   000FDB                     PLUSW2          equ	4059	;# 
  2545   000FDC                     PREINC2         equ	4060	;# 
  2546   000FDD                     POSTDEC2        equ	4061	;# 
  2547   000FDE                     POSTINC2        equ	4062	;# 
  2548   000FDF                     INDF2           equ	4063	;# 
  2549   000FE0                     BSR             equ	4064	;# 
  2550   000FE1                     FSR1            equ	4065	;# 
  2551   000FE1                     FSR1L           equ	4065	;# 
  2552   000FE2                     FSR1H           equ	4066	;# 
  2553   000FE3                     PLUSW1          equ	4067	;# 
  2554   000FE4                     PREINC1         equ	4068	;# 
  2555   000FE5                     POSTDEC1        equ	4069	;# 
  2556   000FE6                     POSTINC1        equ	4070	;# 
  2557   000FE7                     INDF1           equ	4071	;# 
  2558   000FE8                     WREG            equ	4072	;# 
  2559   000FE9                     FSR0            equ	4073	;# 
  2560   000FE9                     FSR0L           equ	4073	;# 
  2561   000FEA                     FSR0H           equ	4074	;# 
  2562   000FEB                     PLUSW0          equ	4075	;# 
  2563   000FEC                     PREINC0         equ	4076	;# 
  2564   000FED                     POSTDEC0        equ	4077	;# 
  2565   000FEE                     POSTINC0        equ	4078	;# 
  2566   000FEF                     INDF0           equ	4079	;# 
  2567   000FF0                     INTCON3         equ	4080	;# 
  2568   000FF1                     INTCON2         equ	4081	;# 
  2569   000FF2                     INTCON          equ	4082	;# 
  2570   000FF3                     PROD            equ	4083	;# 
  2571   000FF3                     PRODL           equ	4083	;# 
  2572   000FF4                     PRODH           equ	4084	;# 
  2573   000FF5                     TABLAT          equ	4085	;# 
  2574   000FF6                     TBLPTR          equ	4086	;# 
  2575   000FF6                     TBLPTRL         equ	4086	;# 
  2576   000FF7                     TBLPTRH         equ	4087	;# 
  2577   000FF8                     TBLPTRU         equ	4088	;# 
  2578   000FF9                     PCLAT           equ	4089	;# 
  2579   000FF9                     PC              equ	4089	;# 
  2580   000FF9                     PCL             equ	4089	;# 
  2581   000FFA                     PCLATH          equ	4090	;# 
  2582   000FFB                     PCLATU          equ	4091	;# 
  2583   000FFC                     STKPTR          equ	4092	;# 
  2584   000FFD                     TOS             equ	4093	;# 
  2585   000FFD                     TOSL            equ	4093	;# 
  2586   000FFE                     TOSH            equ	4094	;# 
  2587   000FFF                     TOSU            equ	4095	;# 
  2588   000D60                     RXF6SIDH        equ	3424	;# 
  2589   000D61                     RXF6SIDL        equ	3425	;# 
  2590   000D62                     RXF6EIDH        equ	3426	;# 
  2591   000D63                     RXF6EIDL        equ	3427	;# 
  2592   000D64                     RXF7SIDH        equ	3428	;# 
  2593   000D65                     RXF7SIDL        equ	3429	;# 
  2594   000D66                     RXF7EIDH        equ	3430	;# 
  2595   000D67                     RXF7EIDL        equ	3431	;# 
  2596   000D68                     RXF8SIDH        equ	3432	;# 
  2597   000D69                     RXF8SIDL        equ	3433	;# 
  2598   000D6A                     RXF8EIDH        equ	3434	;# 
  2599   000D6B                     RXF8EIDL        equ	3435	;# 
  2600   000D70                     RXF9SIDH        equ	3440	;# 
  2601   000D71                     RXF9SIDL        equ	3441	;# 
  2602   000D72                     RXF9EIDH        equ	3442	;# 
  2603   000D73                     RXF9EIDL        equ	3443	;# 
  2604   000D74                     RXF10SIDH       equ	3444	;# 
  2605   000D75                     RXF10SIDL       equ	3445	;# 
  2606   000D76                     RXF10EIDH       equ	3446	;# 
  2607   000D77                     RXF10EIDL       equ	3447	;# 
  2608   000D78                     RXF11SIDH       equ	3448	;# 
  2609   000D79                     RXF11SIDL       equ	3449	;# 
  2610   000D7A                     RXF11EIDH       equ	3450	;# 
  2611   000D7B                     RXF11EIDL       equ	3451	;# 
  2612   000D80                     RXF12SIDH       equ	3456	;# 
  2613   000D81                     RXF12SIDL       equ	3457	;# 
  2614   000D82                     RXF12EIDH       equ	3458	;# 
  2615   000D83                     RXF12EIDL       equ	3459	;# 
  2616   000D84                     RXF13SIDH       equ	3460	;# 
  2617   000D85                     RXF13SIDL       equ	3461	;# 
  2618   000D86                     RXF13EIDH       equ	3462	;# 
  2619   000D87                     RXF13EIDL       equ	3463	;# 
  2620   000D88                     RXF14SIDH       equ	3464	;# 
  2621   000D89                     RXF14SIDL       equ	3465	;# 
  2622   000D8A                     RXF14EIDH       equ	3466	;# 
  2623   000D8B                     RXF14EIDL       equ	3467	;# 
  2624   000D90                     RXF15SIDH       equ	3472	;# 
  2625   000D91                     RXF15SIDL       equ	3473	;# 
  2626   000D92                     RXF15EIDH       equ	3474	;# 
  2627   000D93                     RXF15EIDL       equ	3475	;# 
  2628   000DD4                     RXFCON0         equ	3540	;# 
  2629   000DD5                     RXFCON1         equ	3541	;# 
  2630   000DD8                     SDFLC           equ	3544	;# 
  2631   000DE0                     RXFBCON0        equ	3552	;# 
  2632   000DE1                     RXFBCON1        equ	3553	;# 
  2633   000DE2                     RXFBCON2        equ	3554	;# 
  2634   000DE3                     RXFBCON3        equ	3555	;# 
  2635   000DE4                     RXFBCON4        equ	3556	;# 
  2636   000DE5                     RXFBCON5        equ	3557	;# 
  2637   000DE6                     RXFBCON6        equ	3558	;# 
  2638   000DE7                     RXFBCON7        equ	3559	;# 
  2639   000DF0                     MSEL0           equ	3568	;# 
  2640   000DF1                     MSEL1           equ	3569	;# 
  2641   000DF2                     MSEL2           equ	3570	;# 
  2642   000DF3                     MSEL3           equ	3571	;# 
  2643   000DF8                     BSEL0           equ	3576	;# 
  2644   000DFA                     BIE0            equ	3578	;# 
  2645   000DFC                     TXBIE           equ	3580	;# 
  2646   000E20                     B0CON           equ	3616	;# 
  2647   000E21                     B0SIDH          equ	3617	;# 
  2648   000E22                     B0SIDL          equ	3618	;# 
  2649   000E23                     B0EIDH          equ	3619	;# 
  2650   000E24                     B0EIDL          equ	3620	;# 
  2651   000E25                     B0DLC           equ	3621	;# 
  2652   000E26                     B0D0            equ	3622	;# 
  2653   000E27                     B0D1            equ	3623	;# 
  2654   000E28                     B0D2            equ	3624	;# 
  2655   000E29                     B0D3            equ	3625	;# 
  2656   000E2A                     B0D4            equ	3626	;# 
  2657   000E2B                     B0D5            equ	3627	;# 
  2658   000E2C                     B0D6            equ	3628	;# 
  2659   000E2D                     B0D7            equ	3629	;# 
  2660   000E2E                     CANSTAT_RO9     equ	3630	;# 
  2661   000E2F                     CANCON_RO9      equ	3631	;# 
  2662   000E30                     B1CON           equ	3632	;# 
  2663   000E31                     B1SIDH          equ	3633	;# 
  2664   000E32                     B1SIDL          equ	3634	;# 
  2665   000E33                     B1EIDH          equ	3635	;# 
  2666   000E34                     B1EIDL          equ	3636	;# 
  2667   000E35                     B1DLC           equ	3637	;# 
  2668   000E36                     B1D0            equ	3638	;# 
  2669   000E37                     B1D1            equ	3639	;# 
  2670   000E38                     B1D2            equ	3640	;# 
  2671   000E39                     B1D3            equ	3641	;# 
  2672   000E3A                     B1D4            equ	3642	;# 
  2673   000E3B                     B1D5            equ	3643	;# 
  2674   000E3C                     B1D6            equ	3644	;# 
  2675   000E3D                     B1D7            equ	3645	;# 
  2676   000E3E                     CANSTAT_RO8     equ	3646	;# 
  2677   000E3F                     CANCON_RO8      equ	3647	;# 
  2678   000E40                     B2CON           equ	3648	;# 
  2679   000E41                     B2SIDH          equ	3649	;# 
  2680   000E42                     B2SIDL          equ	3650	;# 
  2681   000E43                     B2EIDH          equ	3651	;# 
  2682   000E44                     B2EIDL          equ	3652	;# 
  2683   000E45                     B2DLC           equ	3653	;# 
  2684   000E46                     B2D0            equ	3654	;# 
  2685   000E47                     B2D1            equ	3655	;# 
  2686   000E48                     B2D2            equ	3656	;# 
  2687   000E49                     B2D3            equ	3657	;# 
  2688   000E4A                     B2D4            equ	3658	;# 
  2689   000E4B                     B2D5            equ	3659	;# 
  2690   000E4C                     B2D6            equ	3660	;# 
  2691   000E4D                     B2D7            equ	3661	;# 
  2692   000E4E                     CANSTAT_RO7     equ	3662	;# 
  2693   000E4F                     CANCON_RO7      equ	3663	;# 
  2694   000E50                     B3CON           equ	3664	;# 
  2695   000E51                     B3SIDH          equ	3665	;# 
  2696   000E52                     B3SIDL          equ	3666	;# 
  2697   000E53                     B3EIDH          equ	3667	;# 
  2698   000E54                     B3EIDL          equ	3668	;# 
  2699   000E55                     B3DLC           equ	3669	;# 
  2700   000E56                     B3D0            equ	3670	;# 
  2701   000E57                     B3D1            equ	3671	;# 
  2702   000E58                     B3D2            equ	3672	;# 
  2703   000E59                     B3D3            equ	3673	;# 
  2704   000E5A                     B3D4            equ	3674	;# 
  2705   000E5B                     B3D5            equ	3675	;# 
  2706   000E5C                     B3D6            equ	3676	;# 
  2707   000E5D                     B3D7            equ	3677	;# 
  2708   000E5E                     CANSTAT_RO6     equ	3678	;# 
  2709   000E5F                     CANCON_RO6      equ	3679	;# 
  2710   000E60                     B4CON           equ	3680	;# 
  2711   000E61                     B4SIDH          equ	3681	;# 
  2712   000E62                     B4SIDL          equ	3682	;# 
  2713   000E63                     B4EIDH          equ	3683	;# 
  2714   000E64                     B4EIDL          equ	3684	;# 
  2715   000E65                     B4DLC           equ	3685	;# 
  2716   000E66                     B4D0            equ	3686	;# 
  2717   000E67                     B4D1            equ	3687	;# 
  2718   000E68                     B4D2            equ	3688	;# 
  2719   000E69                     B4D3            equ	3689	;# 
  2720   000E6A                     B4D4            equ	3690	;# 
  2721   000E6B                     B4D5            equ	3691	;# 
  2722   000E6C                     B4D6            equ	3692	;# 
  2723   000E6D                     B4D7            equ	3693	;# 
  2724   000E6E                     CANSTAT_RO5     equ	3694	;# 
  2725   000E6F                     CANCON_RO5      equ	3695	;# 
  2726   000E70                     B5CON           equ	3696	;# 
  2727   000E71                     B5SIDH          equ	3697	;# 
  2728   000E72                     B5SIDL          equ	3698	;# 
  2729   000E73                     B5EIDH          equ	3699	;# 
  2730   000E74                     B5EIDL          equ	3700	;# 
  2731   000E75                     B5DLC           equ	3701	;# 
  2732   000E76                     B5D0            equ	3702	;# 
  2733   000E77                     B5D1            equ	3703	;# 
  2734   000E78                     B5D2            equ	3704	;# 
  2735   000E79                     B5D3            equ	3705	;# 
  2736   000E7A                     B5D4            equ	3706	;# 
  2737   000E7B                     B5D5            equ	3707	;# 
  2738   000E7C                     B5D6            equ	3708	;# 
  2739   000E7D                     B5D7            equ	3709	;# 
  2740   000E7E                     CANSTAT_RO4     equ	3710	;# 
  2741   000E7F                     CANCON_RO4      equ	3711	;# 
  2742   000F00                     RXF0SIDH        equ	3840	;# 
  2743   000F01                     RXF0SIDL        equ	3841	;# 
  2744   000F02                     RXF0EIDH        equ	3842	;# 
  2745   000F03                     RXF0EIDL        equ	3843	;# 
  2746   000F04                     RXF1SIDH        equ	3844	;# 
  2747   000F05                     RXF1SIDL        equ	3845	;# 
  2748   000F06                     RXF1EIDH        equ	3846	;# 
  2749   000F07                     RXF1EIDL        equ	3847	;# 
  2750   000F08                     RXF2SIDH        equ	3848	;# 
  2751   000F09                     RXF2SIDL        equ	3849	;# 
  2752   000F0A                     RXF2EIDH        equ	3850	;# 
  2753   000F0B                     RXF2EIDL        equ	3851	;# 
  2754   000F0C                     RXF3SIDH        equ	3852	;# 
  2755   000F0D                     RXF3SIDL        equ	3853	;# 
  2756   000F0E                     RXF3EIDH        equ	3854	;# 
  2757   000F0F                     RXF3EIDL        equ	3855	;# 
  2758   000F10                     RXF4SIDH        equ	3856	;# 
  2759   000F11                     RXF4SIDL        equ	3857	;# 
  2760   000F12                     RXF4EIDH        equ	3858	;# 
  2761   000F13                     RXF4EIDL        equ	3859	;# 
  2762   000F14                     RXF5SIDH        equ	3860	;# 
  2763   000F15                     RXF5SIDL        equ	3861	;# 
  2764   000F16                     RXF5EIDH        equ	3862	;# 
  2765   000F17                     RXF5EIDL        equ	3863	;# 
  2766   000F18                     RXM0SIDH        equ	3864	;# 
  2767   000F19                     RXM0SIDL        equ	3865	;# 
  2768   000F1A                     RXM0EIDH        equ	3866	;# 
  2769   000F1B                     RXM0EIDL        equ	3867	;# 
  2770   000F1C                     RXM1SIDH        equ	3868	;# 
  2771   000F1D                     RXM1SIDL        equ	3869	;# 
  2772   000F1E                     RXM1EIDH        equ	3870	;# 
  2773   000F1F                     RXM1EIDL        equ	3871	;# 
  2774   000F20                     TXB2CON         equ	3872	;# 
  2775   000F21                     TXB2SIDH        equ	3873	;# 
  2776   000F22                     TXB2SIDL        equ	3874	;# 
  2777   000F23                     TXB2EIDH        equ	3875	;# 
  2778   000F24                     TXB2EIDL        equ	3876	;# 
  2779   000F25                     TXB2DLC         equ	3877	;# 
  2780   000F26                     TXB2D0          equ	3878	;# 
  2781   000F27                     TXB2D1          equ	3879	;# 
  2782   000F28                     TXB2D2          equ	3880	;# 
  2783   000F29                     TXB2D3          equ	3881	;# 
  2784   000F2A                     TXB2D4          equ	3882	;# 
  2785   000F2B                     TXB2D5          equ	3883	;# 
  2786   000F2C                     TXB2D6          equ	3884	;# 
  2787   000F2D                     TXB2D7          equ	3885	;# 
  2788   000F2E                     CANSTAT_RO3     equ	3886	;# 
  2789   000F2F                     CANCON_RO3      equ	3887	;# 
  2790   000F30                     TXB1CON         equ	3888	;# 
  2791   000F31                     TXB1SIDH        equ	3889	;# 
  2792   000F32                     TXB1SIDL        equ	3890	;# 
  2793   000F33                     TXB1EIDH        equ	3891	;# 
  2794   000F34                     TXB1EIDL        equ	3892	;# 
  2795   000F35                     TXB1DLC         equ	3893	;# 
  2796   000F36                     TXB1D0          equ	3894	;# 
  2797   000F37                     TXB1D1          equ	3895	;# 
  2798   000F38                     TXB1D2          equ	3896	;# 
  2799   000F39                     TXB1D3          equ	3897	;# 
  2800   000F3A                     TXB1D4          equ	3898	;# 
  2801   000F3B                     TXB1D5          equ	3899	;# 
  2802   000F3C                     TXB1D6          equ	3900	;# 
  2803   000F3D                     TXB1D7          equ	3901	;# 
  2804   000F3E                     CANSTAT_RO2     equ	3902	;# 
  2805   000F3F                     CANCON_RO2      equ	3903	;# 
  2806   000F40                     TXB0CON         equ	3904	;# 
  2807   000F41                     TXB0SIDH        equ	3905	;# 
  2808   000F42                     TXB0SIDL        equ	3906	;# 
  2809   000F43                     TXB0EIDH        equ	3907	;# 
  2810   000F44                     TXB0EIDL        equ	3908	;# 
  2811   000F45                     TXB0DLC         equ	3909	;# 
  2812   000F46                     TXB0D0          equ	3910	;# 
  2813   000F47                     TXB0D1          equ	3911	;# 
  2814   000F48                     TXB0D2          equ	3912	;# 
  2815   000F49                     TXB0D3          equ	3913	;# 
  2816   000F4A                     TXB0D4          equ	3914	;# 
  2817   000F4B                     TXB0D5          equ	3915	;# 
  2818   000F4C                     TXB0D6          equ	3916	;# 
  2819   000F4D                     TXB0D7          equ	3917	;# 
  2820   000F4E                     CANSTAT_RO1     equ	3918	;# 
  2821   000F4F                     CANCON_RO1      equ	3919	;# 
  2822   000F50                     RXB1CON         equ	3920	;# 
  2823   000F51                     RXB1SIDH        equ	3921	;# 
  2824   000F52                     RXB1SIDL        equ	3922	;# 
  2825   000F53                     RXB1EIDH        equ	3923	;# 
  2826   000F54                     RXB1EIDL        equ	3924	;# 
  2827   000F55                     RXB1DLC         equ	3925	;# 
  2828   000F56                     RXB1D0          equ	3926	;# 
  2829   000F57                     RXB1D1          equ	3927	;# 
  2830   000F58                     RXB1D2          equ	3928	;# 
  2831   000F59                     RXB1D3          equ	3929	;# 
  2832   000F5A                     RXB1D4          equ	3930	;# 
  2833   000F5B                     RXB1D5          equ	3931	;# 
  2834   000F5C                     RXB1D6          equ	3932	;# 
  2835   000F5D                     RXB1D7          equ	3933	;# 
  2836   000F5E                     CANSTAT_RO0     equ	3934	;# 
  2837   000F5F                     CANCON_RO0      equ	3935	;# 
  2838   000F60                     RXB0CON         equ	3936	;# 
  2839   000F61                     RXB0SIDH        equ	3937	;# 
  2840   000F62                     RXB0SIDL        equ	3938	;# 
  2841   000F63                     RXB0EIDH        equ	3939	;# 
  2842   000F64                     RXB0EIDL        equ	3940	;# 
  2843   000F65                     RXB0DLC         equ	3941	;# 
  2844   000F66                     RXB0D0          equ	3942	;# 
  2845   000F67                     RXB0D1          equ	3943	;# 
  2846   000F68                     RXB0D2          equ	3944	;# 
  2847   000F69                     RXB0D3          equ	3945	;# 
  2848   000F6A                     RXB0D4          equ	3946	;# 
  2849   000F6B                     RXB0D5          equ	3947	;# 
  2850   000F6C                     RXB0D6          equ	3948	;# 
  2851   000F6D                     RXB0D7          equ	3949	;# 
  2852   000F6E                     CANSTAT         equ	3950	;# 
  2853   000F6F                     CANCON          equ	3951	;# 
  2854   000F70                     BRGCON1         equ	3952	;# 
  2855   000F71                     BRGCON2         equ	3953	;# 
  2856   000F72                     BRGCON3         equ	3954	;# 
  2857   000F73                     CIOCON          equ	3955	;# 
  2858   000F74                     COMSTAT         equ	3956	;# 
  2859   000F75                     RXERRCNT        equ	3957	;# 
  2860   000F76                     TXERRCNT        equ	3958	;# 
  2861   000F77                     ECANCON         equ	3959	;# 
  2862   000F80                     PORTA           equ	3968	;# 
  2863   000F81                     PORTB           equ	3969	;# 
  2864   000F82                     PORTC           equ	3970	;# 
  2865   000F83                     PORTD           equ	3971	;# 
  2866   000F84                     PORTE           equ	3972	;# 
  2867   000F89                     LATA            equ	3977	;# 
  2868   000F8A                     LATB            equ	3978	;# 
  2869   000F8B                     LATC            equ	3979	;# 
  2870   000F8C                     LATD            equ	3980	;# 
  2871   000F8D                     LATE            equ	3981	;# 
  2872   000F92                     TRISA           equ	3986	;# 
  2873   000F92                     DDRA            equ	3986	;# 
  2874   000F93                     TRISB           equ	3987	;# 
  2875   000F93                     DDRB            equ	3987	;# 
  2876   000F94                     TRISC           equ	3988	;# 
  2877   000F94                     DDRC            equ	3988	;# 
  2878   000F95                     TRISD           equ	3989	;# 
  2879   000F95                     DDRD            equ	3989	;# 
  2880   000F96                     TRISE           equ	3990	;# 
  2881   000F96                     DDRE            equ	3990	;# 
  2882   000F9B                     OSCTUNE         equ	3995	;# 
  2883   000F9D                     PIE1            equ	3997	;# 
  2884   000F9E                     PIR1            equ	3998	;# 
  2885   000F9F                     IPR1            equ	3999	;# 
  2886   000FA0                     PIE2            equ	4000	;# 
  2887   000FA1                     PIR2            equ	4001	;# 
  2888   000FA2                     IPR2            equ	4002	;# 
  2889   000FA3                     PIE3            equ	4003	;# 
  2890   000FA4                     PIR3            equ	4004	;# 
  2891   000FA5                     IPR3            equ	4005	;# 
  2892   000FA6                     EECON1          equ	4006	;# 
  2893   000FA7                     EECON2          equ	4007	;# 
  2894   000FA8                     EEDATA          equ	4008	;# 
  2895   000FA9                     EEADR           equ	4009	;# 
  2896   000FAB                     RCSTA           equ	4011	;# 
  2897   000FAB                     RCSTA1          equ	4011	;# 
  2898   000FAC                     TXSTA           equ	4012	;# 
  2899   000FAC                     TXSTA1          equ	4012	;# 
  2900   000FAD                     TXREG           equ	4013	;# 
  2901   000FAD                     TXREG1          equ	4013	;# 
  2902   000FAE                     RCREG           equ	4014	;# 
  2903   000FAE                     RCREG1          equ	4014	;# 
  2904   000FAF                     SPBRG           equ	4015	;# 
  2905   000FAF                     SPBRG1          equ	4015	;# 
  2906   000FB0                     SPBRGH          equ	4016	;# 
  2907   000FB1                     T3CON           equ	4017	;# 
  2908   000FB2                     TMR3            equ	4018	;# 
  2909   000FB2                     TMR3L           equ	4018	;# 
  2910   000FB3                     TMR3H           equ	4019	;# 
  2911   000FB4                     CMCON           equ	4020	;# 
  2912   000FB5                     CVRCON          equ	4021	;# 
  2913   000FB6                     ECCP1AS         equ	4022	;# 
  2914   000FB7                     ECCP1DEL        equ	4023	;# 
  2915   000FB8                     BAUDCON         equ	4024	;# 
  2916   000FB8                     BAUDCTL         equ	4024	;# 
  2917   000FBA                     ECCP1CON        equ	4026	;# 
  2918   000FBB                     ECCPR1          equ	4027	;# 
  2919   000FBB                     ECCPR1L         equ	4027	;# 
  2920   000FBC                     ECCPR1H         equ	4028	;# 
  2921   000FBD                     CCP1CON         equ	4029	;# 
  2922   000FBE                     CCPR1           equ	4030	;# 
  2923   000FBE                     CCPR1L          equ	4030	;# 
  2924   000FBF                     CCPR1H          equ	4031	;# 
  2925   000FC0                     ADCON2          equ	4032	;# 
  2926   000FC1                     ADCON1          equ	4033	;# 
  2927   000FC2                     ADCON0          equ	4034	;# 
  2928   000FC3                     ADRES           equ	4035	;# 
  2929   000FC3                     ADRESL          equ	4035	;# 
  2930   000FC4                     ADRESH          equ	4036	;# 
  2931   000FC5                     SSPCON2         equ	4037	;# 
  2932   000FC6                     SSPCON1         equ	4038	;# 
  2933   000FC7                     SSPSTAT         equ	4039	;# 
  2934   000FC8                     SSPADD          equ	4040	;# 
  2935   000FC9                     SSPBUF          equ	4041	;# 
  2936   000FCA                     T2CON           equ	4042	;# 
  2937   000FCB                     PR2             equ	4043	;# 
  2938   000FCB                     MEMCON          equ	4043	;# 
  2939   000FCC                     TMR2            equ	4044	;# 
  2940   000FCD                     T1CON           equ	4045	;# 
  2941   000FCE                     TMR1            equ	4046	;# 
  2942   000FCE                     TMR1L           equ	4046	;# 
  2943   000FCF                     TMR1H           equ	4047	;# 
  2944   000FD0                     RCON            equ	4048	;# 
  2945   000FD1                     WDTCON          equ	4049	;# 
  2946   000FD2                     HLVDCON         equ	4050	;# 
  2947   000FD2                     LVDCON          equ	4050	;# 
  2948   000FD3                     OSCCON          equ	4051	;# 
  2949   000FD5                     T0CON           equ	4053	;# 
  2950   000FD6                     TMR0            equ	4054	;# 
  2951   000FD6                     TMR0L           equ	4054	;# 
  2952   000FD7                     TMR0H           equ	4055	;# 
  2953   000FD8                     STATUS          equ	4056	;# 
  2954   000FD9                     FSR2            equ	4057	;# 
  2955   000FD9                     FSR2L           equ	4057	;# 
  2956   000FDA                     FSR2H           equ	4058	;# 
  2957   000FDB                     PLUSW2          equ	4059	;# 
  2958   000FDC                     PREINC2         equ	4060	;# 
  2959   000FDD                     POSTDEC2        equ	4061	;# 
  2960   000FDE                     POSTINC2        equ	4062	;# 
  2961   000FDF                     INDF2           equ	4063	;# 
  2962   000FE0                     BSR             equ	4064	;# 
  2963   000FE1                     FSR1            equ	4065	;# 
  2964   000FE1                     FSR1L           equ	4065	;# 
  2965   000FE2                     FSR1H           equ	4066	;# 
  2966   000FE3                     PLUSW1          equ	4067	;# 
  2967   000FE4                     PREINC1         equ	4068	;# 
  2968   000FE5                     POSTDEC1        equ	4069	;# 
  2969   000FE6                     POSTINC1        equ	4070	;# 
  2970   000FE7                     INDF1           equ	4071	;# 
  2971   000FE8                     WREG            equ	4072	;# 
  2972   000FE9                     FSR0            equ	4073	;# 
  2973   000FE9                     FSR0L           equ	4073	;# 
  2974   000FEA                     FSR0H           equ	4074	;# 
  2975   000FEB                     PLUSW0          equ	4075	;# 
  2976   000FEC                     PREINC0         equ	4076	;# 
  2977   000FED                     POSTDEC0        equ	4077	;# 
  2978   000FEE                     POSTINC0        equ	4078	;# 
  2979   000FEF                     INDF0           equ	4079	;# 
  2980   000FF0                     INTCON3         equ	4080	;# 
  2981   000FF1                     INTCON2         equ	4081	;# 
  2982   000FF2                     INTCON          equ	4082	;# 
  2983   000FF3                     PROD            equ	4083	;# 
  2984   000FF3                     PRODL           equ	4083	;# 
  2985   000FF4                     PRODH           equ	4084	;# 
  2986   000FF5                     TABLAT          equ	4085	;# 
  2987   000FF6                     TBLPTR          equ	4086	;# 
  2988   000FF6                     TBLPTRL         equ	4086	;# 
  2989   000FF7                     TBLPTRH         equ	4087	;# 
  2990   000FF8                     TBLPTRU         equ	4088	;# 
  2991   000FF9                     PCLAT           equ	4089	;# 
  2992   000FF9                     PC              equ	4089	;# 
  2993   000FF9                     PCL             equ	4089	;# 
  2994   000FFA                     PCLATH          equ	4090	;# 
  2995   000FFB                     PCLATU          equ	4091	;# 
  2996   000FFC                     STKPTR          equ	4092	;# 
  2997   000FFD                     TOS             equ	4093	;# 
  2998   000FFD                     TOSL            equ	4093	;# 
  2999   000FFE                     TOSH            equ	4094	;# 
  3000   000FFF                     TOSU            equ	4095	;# 
  3001                           
  3002                           	psect	idataCOMRAM
  3003   0005E6                     __pidataCOMRAM:
  3004                           	callstack 0
  3005                           
  3006                           ;initializer for _event
  3007   0005E6  4F                 	db	79
  3008   0005E7  4E                 	db	78
  3009   0005E8  00                 	db	0
  3010   0005E9  47                 	db	71
  3011   0005EA  4E                 	db	78
  3012   0005EB  00                 	db	0
  3013   0005EC  47                 	db	71
  3014   0005ED  31                 	db	49
  3015   0005EE  00                 	db	0
  3016   0005EF  47                 	db	71
  3017   0005F0  32                 	db	50
  3018   0005F1  00                 	db	0
  3019   0005F2  47                 	db	71
  3020   0005F3  33                 	db	51
  3021   0005F4  00                 	db	0
  3022   0005F5  47                 	db	71
  3023   0005F6  34                 	db	52
  3024   0005F7  00                 	db	0
  3025   0005F8  47                 	db	71
  3026   0005F9  35                 	db	53
  3027   0005FA  00                 	db	0
  3028   0005FB  47                 	db	71
  3029   0005FC  72                 	db	114
  3030   0005FD  00                 	db	0
  3031   0005FE  43                 	db	67
  3032   0005FF  5F                 	db	95
  3033   000600  00                 	db	0
  3034   000DD4                     _RXFCON0        set	3540
  3035   000F45                     _TXB0DLC        set	3909
  3036   000F44                     _TXB0EIDL       set	3908
  3037   000F43                     _TXB0EIDH       set	3907
  3038   000F41                     _TXB0SIDH       set	3905
  3039   000F42                     _TXB0SIDL       set	3906
  3040   000F46                     _TXB0D0         set	3910
  3041   007A03                     _TXB0REQ        set	31235
  3042   000FD6                     _TMR0           set	4054
  3043   000F65                     _RXB0DLC        set	3941
  3044   000F61                     _RXB0SIDH       set	3937
  3045   000F62                     _RXB0SIDL       set	3938
  3046   000F60                     _RXB0CONbits    set	3936
  3047   000F60                     _RXB0CON        set	3936
  3048   000F72                     _BRGCON3        set	3954
  3049   000F71                     _BRGCON2        set	3953
  3050   000F70                     _BRGCON1        set	3952
  3051   000F77                     _ECANCON        set	3959
  3052   000F6E                     _CANSTAT        set	3950
  3053   000F6F                     _CANCON         set	3951
  3054   000FAE                     _RCREG          set	4014
  3055   000FAD                     _TXREG          set	4013
  3056   000FAF                     _SPBRG          set	4015
  3057   000F81                     _PORTB          set	3969
  3058   000F93                     _TRISB          set	3987
  3059   000F94                     _TRISC          set	3988
  3060   000F95                     _TRISD          set	3989
  3061   000F83                     _PORTD          set	3971
  3062   000F66                     _RXB0D0         set	3942
  3063   007D20                     _RXB0IF         set	32032
  3064   007B07                     _RXB0FUL        set	31495
  3065   007C9B                     _TRISB3         set	31899
  3066   007C9A                     _TRISB2         set	31898
  3067   007CF5                     _RCIF           set	31989
  3068   007CF4                     _TXIF           set	31988
  3069   007DC3                     _BRG16          set	32195
  3070   007D5C                     _CREN           set	32092
  3071   007D5E                     _RX9            set	32094
  3072   007D5F                     _SPEN           set	32095
  3073   007D62                     _BRGH           set	32098
  3074   007D63                     _SENDB          set	32099
  3075   007D64                     _SYNC           set	32100
  3076   007D65                     _TXEN           set	32101
  3077   007D66                     _TX9            set	32102
  3078   007CA6                     _TRISC6         set	31910
  3079   007CA7                     _TRISC7         set	31911
  3080   007F95                     _TMR0IE         set	32661
  3081   007F92                     _TMR0IF         set	32658
  3082   007EAB                     _PSA            set	32427
  3083   007EAF                     _TMR0ON         set	32431
  3084   007EAD                     _T0CS           set	32429
  3085   007EAE                     _T08BIT         set	32430
  3086   007F97                     _GIE            set	32663
  3087   007F96                     _PEIE           set	32662
  3088   007C1F                     _RD7            set	31775
  3089   007C10                     _RC0            set	31760
  3090   007CAF                     _TRISD7         set	31919
  3091   007C12                     _RC2            set	31762
  3092   007C11                     _RC1            set	31761
  3093                           
  3094                           	psect	mediumconst
  3095   002FD4                     __pmediumconst:
  3096                           	callstack 0
  3097   002FD4  00                 	db	0
  3098   002FD5                     STR_6:
  3099   002FD5  56                 	db	86	;'V'
  3100   002FD6  65                 	db	101	;'e'
  3101   002FD7  68                 	db	104	;'h'
  3102   002FD8  69                 	db	105	;'i'
  3103   002FD9  63                 	db	99	;'c'
  3104   002FDA  6C                 	db	108	;'l'
  3105   002FDB  65                 	db	101	;'e'
  3106   002FDC  20                 	db	32
  3107   002FDD  44                 	db	68	;'D'
  3108   002FDE  61                 	db	97	;'a'
  3109   002FDF  6D                 	db	109	;'m'
  3110   002FE0  61                 	db	97	;'a'
  3111   002FE1  67                 	db	103	;'g'
  3112   002FE2  65                 	db	101	;'e'
  3113   002FE3  64                 	db	100	;'d'
  3114   002FE4  00                 	db	0
  3115   002FE5                     STR_5:
  3116   002FE5  43                 	db	67	;'C'
  3117   002FE6  6F                 	db	111	;'o'
  3118   002FE7  6C                 	db	108	;'l'
  3119   002FE8  6C                 	db	108	;'l'
  3120   002FE9  69                 	db	105	;'i'
  3121   002FEA  73                 	db	115	;'s'
  3122   002FEB  69                 	db	105	;'i'
  3123   002FEC  6F                 	db	111	;'o'
  3124   002FED  6E                 	db	110	;'n'
  3125   002FEE  20                 	db	32
  3126   002FEF  21                 	db	33
  3127   002FF0  00                 	db	0
  3128   002FF1                     STR_4:
  3129   002FF1  49                 	db	73	;'I'
  3130   002FF2  4E                 	db	78	;'N'
  3131   002FF3  44                 	db	68	;'D'
  3132   002FF4  00                 	db	0
  3133   002FF5                     STR_3:
  3134   002FF5  52                 	db	82	;'R'
  3135   002FF6  50                 	db	80	;'P'
  3136   002FF7  4D                 	db	77	;'M'
  3137   002FF8  00                 	db	0
  3138   002FF9                     STR_1:
  3139   002FF9  53                 	db	83	;'S'
  3140   002FFA  50                 	db	80	;'P'
  3141   002FFB  00                 	db	0
  3142   002FFC                     STR_2:
  3143   002FFC  47                 	db	71	;'G'
  3144   002FFD  52                 	db	82	;'R'
  3145   002FFE  00                 	db	0
  3146   002FFF  00                 	db	0	; dummy byte at the end
  3147   002FD4                     __smallconst    set	__pmediumconst
  3148   002FD4                     __mediumconst   set	__pmediumconst
  3149   000002                     __activetblptr  equ	2
  3150                           
  3151                           ; #config settings
  3152                           
  3153                           	psect	cinit
  3154   0004DC                     __pcinit:
  3155                           	callstack 0
  3156   0004DC                     start_initialization:
  3157                           	callstack 0
  3158   0004DC                     __initialization:
  3159                           	callstack 0
  3160                           
  3161                           ; Initialize objects allocated to COMRAM (27 bytes)
  3162                           ; load TBLPTR registers with __pidataCOMRAM
  3163   0004DC  0EE6               	movlw	low __pidataCOMRAM
  3164   0004DE  6EF6               	movwf	tblptrl,c
  3165   0004E0  0E05               	movlw	high __pidataCOMRAM
  3166   0004E2  6EF7               	movwf	tblptrh,c
  3167   0004E4  0E00               	movlw	low (__pidataCOMRAM shr (0+16))
  3168   0004E6  6EF8               	movwf	tblptru,c
  3169   0004E8  EE00  F002         	lfsr	0,__pdataCOMRAM
  3170   0004EC  EE10 F01B          	lfsr	1,27
  3171   0004F0                     copy_data0:
  3172   0004F0  0009               	tblrd		*+
  3173   0004F2  CFF5 FFEE          	movff	tablat,postinc0
  3174   0004F6  50E5               	movf	postdec1,w,c
  3175   0004F8  50E1               	movf	fsr1l,w,c
  3176   0004FA  E1FA               	bnz	copy_data0
  3177                           
  3178                           ; Clear objects allocated to COMRAM (6 bytes)
  3179   0004FC  6A3C               	clrf	(__pbssCOMRAM+5)& (0+255),c
  3180   0004FE  6A3B               	clrf	(__pbssCOMRAM+4)& (0+255),c
  3181   000500  6A3A               	clrf	(__pbssCOMRAM+3)& (0+255),c
  3182   000502  6A39               	clrf	(__pbssCOMRAM+2)& (0+255),c
  3183   000504  6A38               	clrf	(__pbssCOMRAM+1)& (0+255),c
  3184   000506  6A37               	clrf	__pbssCOMRAM& (0+255),c
  3185   000508                     end_of_initialization:
  3186                           	callstack 0
  3187   000508                     __end_of__initialization:
  3188                           	callstack 0
  3189   000508  9001               	bcf	int$flags,0,c	;clear compiler interrupt flag (level 1)
  3190   00050A  9201               	bcf	int$flags,1,c	;clear compiler interrupt flag (level 2)
  3191   00050C  0E00               	movlw	low (__Lmediumconst shr (0+16))
  3192   00050E  6EF8               	movwf	tblptru,c
  3193   000510  0100               	movlb	0
  3194   000512  EF25  F003         	goto	_main	;jump to C main() function
  3195                           
  3196                           	psect	bssCOMRAM
  3197   000037                     __pbssCOMRAM:
  3198                           	callstack 0
  3199   000037                     _timer_count:
  3200                           	callstack 0
  3201   000037                     	ds	4
  3202   00003B                     process_canbus_data@c_flag:
  3203                           	callstack 0
  3204   00003B                     	ds	2
  3205                           
  3206                           	psect	dataCOMRAM
  3207   000002                     __pdataCOMRAM:
  3208                           	callstack 0
  3209   000002                     _event:
  3210                           	callstack 0
  3211   000002                     	ds	27
  3212                           
  3213                           	psect	cstackCOMRAM
  3214   00001D                     __pcstackCOMRAM:
  3215                           	callstack 0
  3216   00001D                     ?_get_msg_id_std:
  3217                           	callstack 0
  3218   00001D                     clcd_write@control_bit:
  3219                           	callstack 0
  3220   00001D                     
  3221                           ; 1 bytes @ 0x0
  3222   00001D                     	ds	1
  3223   00001E                     clcd_write@byte:
  3224                           	callstack 0
  3225   00001E                     
  3226                           ; 1 bytes @ 0x1
  3227   00001E                     	ds	1
  3228   00001F                     clcd_putch@addr:
  3229                           	callstack 0
  3230   00001F                     clcd_print@data:
  3231                           	callstack 0
  3232   00001F                     ??_init_clcd:
  3233   00001F                     ??_get_msg_id_std:
  3234                           
  3235                           ; 1 bytes @ 0x2
  3236   00001F                     	ds	1
  3237   000020                     clcd_putch@data:
  3238                           	callstack 0
  3239   000020                     
  3240                           ; 1 bytes @ 0x3
  3241   000020                     	ds	1
  3242   000021                     clcd_print@addr:
  3243                           	callstack 0
  3244   000021                     handle_speed_data@data:
  3245                           	callstack 0
  3246   000021                     handle_indicator_data@data:
  3247                           	callstack 0
  3248                           
  3249                           ; 1 bytes @ 0x4
  3250   000021                     	ds	1
  3251   000022                     handle_speed_data@len:
  3252                           	callstack 0
  3253   000022                     handle_gear_data@data:
  3254                           	callstack 0
  3255   000022                     handle_rpm_data@data:
  3256                           	callstack 0
  3257   000022                     handle_indicator_data@len:
  3258                           	callstack 0
  3259   000022                     
  3260                           ; 1 bytes @ 0x5
  3261   000022                     	ds	1
  3262   000023                     handle_gear_data@len:
  3263                           	callstack 0
  3264   000023                     handle_rpm_data@len:
  3265                           	callstack 0
  3266   000023                     get_msg_id_std@id:
  3267                           	callstack 0
  3268   000023                     ??_handle_indicator_data:
  3269                           
  3270                           ; 1 bytes @ 0x6
  3271   000023                     	ds	1
  3272   000024                     handle_indicator_data@indicator:
  3273                           	callstack 0
  3274   000024                     ??_handle_gear_data:
  3275   000024                     
  3276                           ; 1 bytes @ 0x7
  3277   000024                     	ds	1
  3278   000025                     can_receive@msg_id:
  3279                           	callstack 0
  3280                           
  3281                           ; 1 bytes @ 0x8
  3282   000025                     	ds	1
  3283   000026                     can_receive@data:
  3284                           	callstack 0
  3285                           
  3286                           ; 1 bytes @ 0x9
  3287   000026                     	ds	1
  3288   000027                     can_receive@len:
  3289                           	callstack 0
  3290                           
  3291                           ; 1 bytes @ 0xA
  3292   000027                     	ds	1
  3293   000028                     ??_can_receive:
  3294                           
  3295                           ; 1 bytes @ 0xB
  3296   000028                     	ds	3
  3297   00002B                     can_receive@ptr:
  3298                           	callstack 0
  3299                           
  3300                           ; 2 bytes @ 0xE
  3301   00002B                     	ds	2
  3302   00002D                     can_receive@i:
  3303                           	callstack 0
  3304                           
  3305                           ; 2 bytes @ 0x10
  3306   00002D                     	ds	2
  3307   00002F                     process_canbus_data@data:
  3308                           	callstack 0
  3309   00002F                     
  3310                           ; 1 bytes @ 0x12
  3311   00002F                     	ds	5
  3312   000034                     process_canbus_data@msg_id:
  3313                           	callstack 0
  3314                           
  3315                           ; 2 bytes @ 0x17
  3316   000034                     	ds	2
  3317   000036                     process_canbus_data@len:
  3318                           	callstack 0
  3319                           
  3320                           ; 1 bytes @ 0x19
  3321   000036                     	ds	1
  3322   000037                     
  3323                           ; 1 bytes @ 0x1A
  3324 ;;
  3325 ;;Main: autosize = 0, tempsize = 0, incstack = 0, save=0
  3326 ;;
  3327 ;; *************** function _main *****************
  3328 ;; Defined at:
  3329 ;;		line 20 in file "main.c"
  3330 ;; Parameters:    Size  Location     Type
  3331 ;;		None
  3332 ;; Auto vars:     Size  Location     Type
  3333 ;;		None
  3334 ;; Return value:  Size  Location     Type
  3335 ;;                  1    wreg      void 
  3336 ;; Registers used:
  3337 ;;		wreg, fsr0l, fsr0h, fsr1l, fsr1h, fsr2l, fsr2h, status,2, status,0, tblptrl, tblptrh, tblptru, prodl, prodh, cstack
  3338 ;; Tracked objects:
  3339 ;;		On entry : 0/0
  3340 ;;		On exit  : 0/0
  3341 ;;		Unchanged: 0/0
  3342 ;; Data sizes:     COMRAM   BANK0   BANK1   BANK2   BANK3   BANK4   BANK5
  3343 ;;      Params:         0       0       0       0       0       0       0
  3344 ;;      Locals:         0       0       0       0       0       0       0
  3345 ;;      Temps:          0       0       0       0       0       0       0
  3346 ;;      Totals:         0       0       0       0       0       0       0
  3347 ;;Total ram usage:        0 bytes
  3348 ;; Hardware stack levels required when called: 5
  3349 ;; This function calls:
  3350 ;;		_display_labels
  3351 ;;		_init_config
  3352 ;;		_process_canbus_data
  3353 ;; This function is called by:
  3354 ;;		Startup code after reset
  3355 ;; This function uses a non-reentrant model
  3356 ;;
  3357                           
  3358                           	psect	text0
  3359   00064A                     __ptext0:
  3360                           	callstack 0
  3361   00064A                     _main:
  3362                           	callstack 26
  3363   00064A                     
  3364                           ;main.c: 21:     init_config();
  3365   00064A  EC1A  F003         	call	_init_config	;wreg free
  3366   00064E                     
  3367                           ;main.c: 22:     display_labels();
  3368   00064E  EC2F  F002         	call	_display_labels	;wreg free
  3369   000652                     l1578:
  3370                           
  3371                           ;main.c: 24:         process_canbus_data();
  3372   000652  EC9E  F000         	call	_process_canbus_data	;wreg free
  3373   000656  EF29  F003         	goto	l1578
  3374   00065A  EF07  F000         	goto	start
  3375   00065E                     __end_of_main:
  3376                           	callstack 0
  3377                           
  3378 ;; *************** function _process_canbus_data *****************
  3379 ;; Defined at:
  3380 ;;		line 70 in file "message_handler.c"
  3381 ;; Parameters:    Size  Location     Type
  3382 ;;		None
  3383 ;; Auto vars:     Size  Location     Type
  3384 ;;  data            5   18[COMRAM] unsigned char [5]
  3385 ;;  msg_id          2   23[COMRAM] unsigned short 
  3386 ;;  len             1   25[COMRAM] unsigned char 
  3387 ;; Return value:  Size  Location     Type
  3388 ;;                  1    wreg      void 
  3389 ;; Registers used:
  3390 ;;		wreg, fsr0l, fsr0h, fsr1l, fsr1h, fsr2l, fsr2h, status,2, status,0, tblptrl, tblptrh, tblptru, prodl, prodh, cstack
  3391 ;; Tracked objects:
  3392 ;;		On entry : 0/0
  3393 ;;		On exit  : 0/0
  3394 ;;		Unchanged: 0/0
  3395 ;; Data sizes:     COMRAM   BANK0   BANK1   BANK2   BANK3   BANK4   BANK5
  3396 ;;      Params:         0       0       0       0       0       0       0
  3397 ;;      Locals:         8       0       0       0       0       0       0
  3398 ;;      Temps:          0       0       0       0       0       0       0
  3399 ;;      Totals:         8       0       0       0       0       0       0
  3400 ;;Total ram usage:        8 bytes
  3401 ;; Hardware stack levels used: 1
  3402 ;; Hardware stack levels required when called: 4
  3403 ;; This function calls:
  3404 ;;		_can_receive
  3405 ;;		_clcd_clear
  3406 ;;		_clcd_print
  3407 ;;		_display_labels
  3408 ;;		_handle_gear_data
  3409 ;;		_handle_indicator_data
  3410 ;;		_handle_rpm_data
  3411 ;;		_handle_speed_data
  3412 ;; This function is called by:
  3413 ;;		_main
  3414 ;; This function uses a non-reentrant model
  3415 ;;
  3416                           
  3417                           	psect	text1
  3418   00013C                     __ptext1:
  3419                           	callstack 0
  3420   00013C                     _process_canbus_data:
  3421                           	callstack 26
  3422   00013C                     
  3423                           ;message_handler.c: 71:     uint8_t data[5];;message_handler.c: 72:     uint8_t len = 0;
  3424   00013C  6A36               	clrf	process_canbus_data@len^0,c
  3425   00013E                     
  3426                           ;message_handler.c: 73:     uint16_t msg_id;;message_handler.c: 74:     static int c_fla
      +                          g = 0;;message_handler.c: 75:     can_receive(&msg_id, data, &len);
  3427   00013E  0E34               	movlw	low process_canbus_data@msg_id
  3428   000140  6E25               	movwf	can_receive@msg_id^0,c
  3429   000142  0E2F               	movlw	low process_canbus_data@data
  3430   000144  6E26               	movwf	can_receive@data^0,c
  3431   000146  0E36               	movlw	low process_canbus_data@len
  3432   000148  6E27               	movwf	can_receive@len^0,c
  3433   00014A  EC84  F001         	call	_can_receive	;wreg free
  3434   00014E                     
  3435                           ;message_handler.c: 76:     if(c_flag == 0)
  3436   00014E  503B               	movf	process_canbus_data@c_flag^0,w,c
  3437   000150  103C               	iorwf	(process_canbus_data@c_flag+1)^0,w,c
  3438   000152  A4D8               	btfss	status,2,c
  3439   000154  EFAE  F000         	goto	u451
  3440   000158  EFB0  F000         	goto	u450
  3441   00015C                     u451:
  3442   00015C  EF16  F001         	goto	l1564
  3443   000160                     u450:
  3444   000160                     
  3445                           ;message_handler.c: 77:     {;message_handler.c: 78:         if(msg_id == 0x10) {
  3446   000160  0E10               	movlw	16
  3447   000162  1834               	xorwf	process_canbus_data@msg_id^0,w,c
  3448   000164  1035               	iorwf	(process_canbus_data@msg_id+1)^0,w,c
  3449   000166  A4D8               	btfss	status,2,c
  3450   000168  EFB8  F000         	goto	u461
  3451   00016C  EFBA  F000         	goto	u460
  3452   000170                     u461:
  3453   000170  EFC2  F000         	goto	l1542
  3454   000174                     u460:
  3455   000174                     
  3456                           ;message_handler.c: 79:             handle_speed_data(data, len);
  3457   000174  0E2F               	movlw	low process_canbus_data@data
  3458   000176  6E21               	movwf	handle_speed_data@data^0,c
  3459   000178  C036  F022         	movff	process_canbus_data@len,handle_speed_data@len
  3460   00017C  ECE0  F002         	call	_handle_speed_data	;wreg free
  3461                           
  3462                           ;message_handler.c: 80:         } else if(msg_id == 0x20) {
  3463   000180  EF30  F001         	goto	l129
  3464   000184                     l1542:
  3465   000184  0E20               	movlw	32
  3466   000186  1834               	xorwf	process_canbus_data@msg_id^0,w,c
  3467   000188  1035               	iorwf	(process_canbus_data@msg_id+1)^0,w,c
  3468   00018A  A4D8               	btfss	status,2,c
  3469   00018C  EFCA  F000         	goto	u471
  3470   000190  EFCC  F000         	goto	u470
  3471   000194                     u471:
  3472   000194  EFF2  F000         	goto	l1556
  3473   000198                     u470:
  3474   000198                     
  3475                           ;message_handler.c: 81:             handle_gear_data(data, len);
  3476   000198  0E2F               	movlw	low process_canbus_data@data
  3477   00019A  6E22               	movwf	handle_gear_data@data^0,c
  3478   00019C  C036  F023         	movff	process_canbus_data@len,handle_gear_data@len
  3479   0001A0  ECC5  F002         	call	_handle_gear_data	;wreg free
  3480   0001A4                     
  3481                           ;message_handler.c: 82:             if(*data == 8)
  3482   0001A4  0E08               	movlw	8
  3483   0001A6  182F               	xorwf	process_canbus_data@data^0,w,c
  3484   0001A8  A4D8               	btfss	status,2,c
  3485   0001AA  EFD9  F000         	goto	u481
  3486   0001AE  EFDB  F000         	goto	u480
  3487   0001B2                     u481:
  3488   0001B2  EF30  F001         	goto	l129
  3489   0001B6                     u480:
  3490   0001B6                     
  3491                           ;message_handler.c: 83:             {;message_handler.c: 84:                 c_flag = 1;
  3492   0001B6  6A3C               	clrf	(process_canbus_data@c_flag+1)^0,c
  3493   0001B8  0E01               	movlw	1
  3494   0001BA  6E3B               	movwf	process_canbus_data@c_flag^0,c
  3495   0001BC                     
  3496                           ;message_handler.c: 85:                 clcd_clear();
  3497   0001BC  EC39  F003         	call	_clcd_clear	;wreg free
  3498   0001C0                     
  3499                           ;message_handler.c: 86:                 clcd_print("Collision !", (0x80 + (0)));
  3500   0001C0  0EE5               	movlw	low STR_5
  3501   0001C2  6E1F               	movwf	clcd_print@data^0,c
  3502   0001C4  0E2F               	movlw	high STR_5
  3503   0001C6  6E20               	movwf	(clcd_print@data+1)^0,c
  3504   0001C8  0E80               	movlw	128
  3505   0001CA  6E21               	movwf	clcd_print@addr^0,c
  3506   0001CC  ECCC  F001         	call	_clcd_print	;wreg free
  3507   0001D0                     
  3508                           ;message_handler.c: 87:                 clcd_print("Vehicle Damaged", (0xC0 + (0)));
  3509   0001D0  0ED5               	movlw	low STR_6
  3510   0001D2  6E1F               	movwf	clcd_print@data^0,c
  3511   0001D4  0E2F               	movlw	high STR_6
  3512   0001D6  6E20               	movwf	(clcd_print@data+1)^0,c
  3513   0001D8  0EC0               	movlw	192
  3514   0001DA  6E21               	movwf	clcd_print@addr^0,c
  3515   0001DC  ECCC  F001         	call	_clcd_print	;wreg free
  3516   0001E0  EF30  F001         	goto	l129
  3517   0001E4                     l1556:
  3518   0001E4  0E30               	movlw	48
  3519   0001E6  1834               	xorwf	process_canbus_data@msg_id^0,w,c
  3520   0001E8  1035               	iorwf	(process_canbus_data@msg_id+1)^0,w,c
  3521   0001EA  A4D8               	btfss	status,2,c
  3522   0001EC  EFFA  F000         	goto	u491
  3523   0001F0  EFFC  F000         	goto	u490
  3524   0001F4                     u491:
  3525   0001F4  EF04  F001         	goto	l1560
  3526   0001F8                     u490:
  3527   0001F8                     
  3528                           ;message_handler.c: 90:             handle_rpm_data(data, len);
  3529   0001F8  0E2F               	movlw	low process_canbus_data@data
  3530   0001FA  6E22               	movwf	handle_rpm_data@data^0,c
  3531   0001FC  C036  F023         	movff	process_canbus_data@len,handle_rpm_data@len
  3532   000200  EC01  F003         	call	_handle_rpm_data	;wreg free
  3533                           
  3534                           ;message_handler.c: 91:         } else if(msg_id == 0x50) {
  3535   000204  EF30  F001         	goto	l129
  3536   000208                     l1560:
  3537   000208  0E50               	movlw	80
  3538   00020A  1834               	xorwf	process_canbus_data@msg_id^0,w,c
  3539   00020C  1035               	iorwf	(process_canbus_data@msg_id+1)^0,w,c
  3540   00020E  A4D8               	btfss	status,2,c
  3541   000210  EF0C  F001         	goto	u501
  3542   000214  EF0E  F001         	goto	u500
  3543   000218                     u501:
  3544   000218  EF30  F001         	goto	l129
  3545   00021C                     u500:
  3546   00021C                     
  3547                           ;message_handler.c: 92:             handle_indicator_data(data, len);
  3548   00021C  0E2F               	movlw	low process_canbus_data@data
  3549   00021E  6E21               	movwf	handle_indicator_data@data^0,c
  3550   000220  C036  F022         	movff	process_canbus_data@len,handle_indicator_data@len
  3551   000224  EC09  F000         	call	_handle_indicator_data	;wreg free
  3552   000228  EF30  F001         	goto	l129
  3553   00022C                     l1564:
  3554                           
  3555                           ;message_handler.c: 96:     {;message_handler.c: 97:         if(msg_id == 0x20) {
  3556   00022C  0E20               	movlw	32
  3557   00022E  1834               	xorwf	process_canbus_data@msg_id^0,w,c
  3558   000230  1035               	iorwf	(process_canbus_data@msg_id+1)^0,w,c
  3559   000232  A4D8               	btfss	status,2,c
  3560   000234  EF1E  F001         	goto	u511
  3561   000238  EF20  F001         	goto	u510
  3562   00023C                     u511:
  3563   00023C  EF30  F001         	goto	l129
  3564   000240                     u510:
  3565   000240                     
  3566                           ;message_handler.c: 98:             if(*data != 8)
  3567   000240  0E08               	movlw	8
  3568   000242  182F               	xorwf	process_canbus_data@data^0,w,c
  3569   000244  B4D8               	btfsc	status,2,c
  3570   000246  EF27  F001         	goto	u521
  3571   00024A  EF29  F001         	goto	u520
  3572   00024E                     u521:
  3573   00024E  EF30  F001         	goto	l129
  3574   000252                     u520:
  3575   000252                     
  3576                           ;message_handler.c: 99:             {;message_handler.c: 100:                 c_flag = 0
      +                          ;
  3577   000252  6A3C               	clrf	(process_canbus_data@c_flag+1)^0,c
  3578   000254  0E00               	movlw	0
  3579   000256  6E3B               	movwf	process_canbus_data@c_flag^0,c
  3580   000258                     
  3581                           ;message_handler.c: 101:                 clcd_clear();
  3582   000258  EC39  F003         	call	_clcd_clear	;wreg free
  3583   00025C                     
  3584                           ;message_handler.c: 102:                 display_labels();
  3585   00025C  EC2F  F002         	call	_display_labels	;wreg free
  3586   000260                     l129:
  3587   000260  0012               	return		;funcret
  3588   000262                     __end_of_process_canbus_data:
  3589                           	callstack 0
  3590                           
  3591 ;; *************** function _handle_speed_data *****************
  3592 ;; Defined at:
  3593 ;;		line 15 in file "message_handler.c"
  3594 ;; Parameters:    Size  Location     Type
  3595 ;;  data            1    4[COMRAM] PTR unsigned char 
  3596 ;;		 -> process_canbus_data@data(5), 
  3597 ;;  len             1    5[COMRAM] unsigned char 
  3598 ;; Auto vars:     Size  Location     Type
  3599 ;;		None
  3600 ;; Return value:  Size  Location     Type
  3601 ;;                  1    wreg      void 
  3602 ;; Registers used:
  3603 ;;		wreg, fsr2l, fsr2h, status,2, status,0, cstack
  3604 ;; Tracked objects:
  3605 ;;		On entry : 0/0
  3606 ;;		On exit  : 0/0
  3607 ;;		Unchanged: 0/0
  3608 ;; Data sizes:     COMRAM   BANK0   BANK1   BANK2   BANK3   BANK4   BANK5
  3609 ;;      Params:         2       0       0       0       0       0       0
  3610 ;;      Locals:         0       0       0       0       0       0       0
  3611 ;;      Temps:          0       0       0       0       0       0       0
  3612 ;;      Totals:         2       0       0       0       0       0       0
  3613 ;;Total ram usage:        2 bytes
  3614 ;; Hardware stack levels used: 1
  3615 ;; Hardware stack levels required when called: 2
  3616 ;; This function calls:
  3617 ;;		_clcd_putch
  3618 ;; This function is called by:
  3619 ;;		_process_canbus_data
  3620 ;; This function uses a non-reentrant model
  3621 ;;
  3622                           
  3623                           	psect	text2
  3624   0005C0                     __ptext2:
  3625                           	callstack 0
  3626   0005C0                     _handle_speed_data:
  3627                           	callstack 27
  3628   0005C0                     
  3629                           ;message_handler.c: 16:     clcd_putch(data[0], (0xC0 + (0)));
  3630   0005C0  0EC0               	movlw	192
  3631   0005C2  6E1F               	movwf	clcd_putch@addr^0,c
  3632   0005C4  5021               	movf	handle_speed_data@data^0,w,c
  3633   0005C6  6ED9               	movwf	fsr2l,c
  3634   0005C8  6ADA               	clrf	fsr2h,c
  3635   0005CA  50DF               	movf	indf2,w,c
  3636   0005CC  EC0E  F003         	call	_clcd_putch
  3637   0005D0                     
  3638                           ;message_handler.c: 17:     clcd_putch(data[1], (0xC0 + (1)));
  3639   0005D0  0EC1               	movlw	193
  3640   0005D2  6E1F               	movwf	clcd_putch@addr^0,c
  3641   0005D4  5021               	movf	handle_speed_data@data^0,w,c
  3642   0005D6  6ED9               	movwf	fsr2l,c
  3643   0005D8  6ADA               	clrf	fsr2h,c
  3644   0005DA  0E01               	movlw	1
  3645   0005DC  26D9               	addwf	fsr2l,f,c
  3646   0005DE  50DF               	movf	indf2,w,c
  3647   0005E0  EC0E  F003         	call	_clcd_putch
  3648   0005E4  0012               	return		;funcret
  3649   0005E6                     __end_of_handle_speed_data:
  3650                           	callstack 0
  3651                           
  3652 ;; *************** function _handle_rpm_data *****************
  3653 ;; Defined at:
  3654 ;;		line 23 in file "message_handler.c"
  3655 ;; Parameters:    Size  Location     Type
  3656 ;;  data            1    5[COMRAM] PTR unsigned char 
  3657 ;;		 -> process_canbus_data@data(5), 
  3658 ;;  len             1    6[COMRAM] unsigned char 
  3659 ;; Auto vars:     Size  Location     Type
  3660 ;;		None
  3661 ;; Return value:  Size  Location     Type
  3662 ;;                  1    wreg      void 
  3663 ;; Registers used:
  3664 ;;		wreg, fsr0l, fsr0h, fsr2l, fsr2h, status,2, status,0, tblptrl, tblptrh, tblptru, cstack
  3665 ;; Tracked objects:
  3666 ;;		On entry : 0/0
  3667 ;;		On exit  : 0/0
  3668 ;;		Unchanged: 0/0
  3669 ;; Data sizes:     COMRAM   BANK0   BANK1   BANK2   BANK3   BANK4   BANK5
  3670 ;;      Params:         2       0       0       0       0       0       0
  3671 ;;      Locals:         0       0       0       0       0       0       0
  3672 ;;      Temps:          0       0       0       0       0       0       0
  3673 ;;      Totals:         2       0       0       0       0       0       0
  3674 ;;Total ram usage:        2 bytes
  3675 ;; Hardware stack levels used: 1
  3676 ;; Hardware stack levels required when called: 2
  3677 ;; This function calls:
  3678 ;;		_clcd_print
  3679 ;; This function is called by:
  3680 ;;		_process_canbus_data
  3681 ;; This function uses a non-reentrant model
  3682 ;;
  3683                           
  3684                           	psect	text3
  3685   000602                     __ptext3:
  3686                           	callstack 0
  3687   000602                     _handle_rpm_data:
  3688                           	callstack 27
  3689   000602                     
  3690                           ;message_handler.c: 24:     data[len] = '\0';
  3691   000602  5022               	movf	handle_rpm_data@data^0,w,c
  3692   000604  2423               	addwf	handle_rpm_data@len^0,w,c
  3693   000606  6ED9               	movwf	fsr2l,c
  3694   000608  6ADA               	clrf	fsr2h,c
  3695   00060A  6ADF               	clrf	indf2,c
  3696   00060C                     
  3697                           ;message_handler.c: 25:     clcd_print(data, (0xC0 + (8)));
  3698   00060C  C022  F01F         	movff	handle_rpm_data@data,clcd_print@data
  3699   000610  6A20               	clrf	(clcd_print@data+1)^0,c
  3700   000612  0EC8               	movlw	200
  3701   000614  6E21               	movwf	clcd_print@addr^0,c
  3702   000616  ECCC  F001         	call	_clcd_print	;wreg free
  3703   00061A  0012               	return		;funcret
  3704   00061C                     __end_of_handle_rpm_data:
  3705                           	callstack 0
  3706                           
  3707 ;; *************** function _handle_indicator_data *****************
  3708 ;; Defined at:
  3709 ;;		line 29 in file "message_handler.c"
  3710 ;; Parameters:    Size  Location     Type
  3711 ;;  data            1    4[COMRAM] PTR unsigned char 
  3712 ;;		 -> process_canbus_data@data(5), 
  3713 ;;  len             1    5[COMRAM] unsigned char 
  3714 ;; Auto vars:     Size  Location     Type
  3715 ;;  indicator       2    7[COMRAM] int 
  3716 ;; Return value:  Size  Location     Type
  3717 ;;                  1    wreg      void 
  3718 ;; Registers used:
  3719 ;;		wreg, fsr2l, fsr2h, status,2, status,0, cstack
  3720 ;; Tracked objects:
  3721 ;;		On entry : 0/0
  3722 ;;		On exit  : 0/0
  3723 ;;		Unchanged: 0/0
  3724 ;; Data sizes:     COMRAM   BANK0   BANK1   BANK2   BANK3   BANK4   BANK5
  3725 ;;      Params:         2       0       0       0       0       0       0
  3726 ;;      Locals:         2       0       0       0       0       0       0
  3727 ;;      Temps:          1       0       0       0       0       0       0
  3728 ;;      Totals:         5       0       0       0       0       0       0
  3729 ;;Total ram usage:        5 bytes
  3730 ;; Hardware stack levels used: 1
  3731 ;; Hardware stack levels required when called: 3
  3732 ;; This function calls:
  3733 ;;		_clcd_putch
  3734 ;; This function is called by:
  3735 ;;		_process_canbus_data
  3736 ;; This function uses a non-reentrant model
  3737 ;;
  3738                           
  3739                           	psect	text4
  3740   000012                     __ptext4:
  3741                           	callstack 0
  3742   000012                     _handle_indicator_data:
  3743                           	callstack 26
  3744   000012                     
  3745                           ;message_handler.c: 30:     int indicator = *data;
  3746   000012  5021               	movf	handle_indicator_data@data^0,w,c
  3747   000014  6ED9               	movwf	fsr2l,c
  3748   000016  6ADA               	clrf	fsr2h,c
  3749   000018  50DF               	movf	indf2,w,c
  3750   00001A  6E23               	movwf	??_handle_indicator_data^0,c
  3751   00001C  5023               	movf	??_handle_indicator_data^0,w,c
  3752   00001E  6E24               	movwf	handle_indicator_data@indicator^0,c
  3753   000020  6A25               	clrf	(handle_indicator_data@indicator+1)^0,c
  3754   000022                     
  3755                           ;message_handler.c: 31:     if(timer_count <= 10000)
  3756   000022  503A               	movf	(_timer_count+3)^0,w,c
  3757   000024  1039               	iorwf	(_timer_count+2)^0,w,c
  3758   000026  E109               	bnz	u381
  3759   000028  0E11               	movlw	17
  3760   00002A  5C37               	subwf	_timer_count^0,w,c
  3761   00002C  0E27               	movlw	39
  3762   00002E  5838               	subwfb	(_timer_count+1)^0,w,c
  3763   000030  B0D8               	btfsc	status,0,c
  3764   000032  EF1D  F000         	goto	u381
  3765   000036  EF1F  F000         	goto	u380
  3766   00003A                     u381:
  3767   00003A  EF8D  F000         	goto	l1498
  3768   00003E                     u380:
  3769   00003E                     
  3770                           ;message_handler.c: 32:     {;message_handler.c: 33:         if(indicator == e_ind_off)
  3771   00003E  5024               	movf	handle_indicator_data@indicator^0,w,c
  3772   000040  1025               	iorwf	(handle_indicator_data@indicator+1)^0,w,c
  3773   000042  A4D8               	btfss	status,2,c
  3774   000044  EF26  F000         	goto	u391
  3775   000048  EF28  F000         	goto	u390
  3776   00004C                     u391:
  3777   00004C  EF3A  F000         	goto	l1474
  3778   000050                     u390:
  3779   000050                     
  3780                           ;message_handler.c: 34:         {;message_handler.c: 35:             (PORTB = PORTB & ~0
      +                          x03);
  3781   000050  5081               	movf	129,w,c	;volatile
  3782   000052  0BFC               	andlw	252
  3783   000054  6E81               	movwf	129,c	;volatile
  3784                           
  3785                           ;message_handler.c: 36:             (PORTB = PORTB & ~0xC0);
  3786   000056  5081               	movf	129,w,c	;volatile
  3787   000058  0B3F               	andlw	63
  3788   00005A  6E81               	movwf	129,c	;volatile
  3789   00005C                     
  3790                           ;message_handler.c: 37:             clcd_putch(' ', (0xC0 + (14)));
  3791   00005C  0ECE               	movlw	206
  3792   00005E  6E1F               	movwf	clcd_putch@addr^0,c
  3793   000060  0E20               	movlw	32
  3794   000062  EC0E  F003         	call	_clcd_putch
  3795   000066                     
  3796                           ;message_handler.c: 38:             clcd_putch(' ', (0xC0 + (15)));
  3797   000066  0ECF               	movlw	207
  3798   000068  6E1F               	movwf	clcd_putch@addr^0,c
  3799   00006A  0E20               	movlw	32
  3800   00006C  EC0E  F003         	call	_clcd_putch
  3801                           
  3802                           ;message_handler.c: 39:         }
  3803   000070  EF9D  F000         	goto	l112
  3804   000074                     l1474:
  3805   000074  0424               	decf	handle_indicator_data@indicator^0,w,c
  3806   000076  1025               	iorwf	(handle_indicator_data@indicator+1)^0,w,c
  3807   000078  A4D8               	btfss	status,2,c
  3808   00007A  EF41  F000         	goto	u401
  3809   00007E  EF43  F000         	goto	u400
  3810   000082                     u401:
  3811   000082  EF55  F000         	goto	l1482
  3812   000086                     u400:
  3813   000086                     
  3814                           ;message_handler.c: 41:         {;message_handler.c: 42:             (PORTB = PORTB | 0x
      +                          03);
  3815   000086  5081               	movf	129,w,c	;volatile
  3816   000088  0903               	iorlw	3
  3817   00008A  6E81               	movwf	129,c	;volatile
  3818                           
  3819                           ;message_handler.c: 43:             (PORTB = PORTB & ~0xC0);
  3820   00008C  5081               	movf	129,w,c	;volatile
  3821   00008E  0B3F               	andlw	63
  3822   000090  6E81               	movwf	129,c	;volatile
  3823   000092                     
  3824                           ;message_handler.c: 44:             clcd_putch('<', (0xC0 + (14)));
  3825   000092  0ECE               	movlw	206
  3826   000094  6E1F               	movwf	clcd_putch@addr^0,c
  3827   000096  0E3C               	movlw	60
  3828   000098  EC0E  F003         	call	_clcd_putch
  3829   00009C                     
  3830                           ;message_handler.c: 45:             clcd_putch(' ', (0xC0 + (15)));
  3831   00009C  0ECF               	movlw	207
  3832   00009E  6E1F               	movwf	clcd_putch@addr^0,c
  3833   0000A0  0E20               	movlw	32
  3834   0000A2  EC0E  F003         	call	_clcd_putch
  3835                           
  3836                           ;message_handler.c: 46:         }
  3837   0000A6  EF9D  F000         	goto	l112
  3838   0000AA                     l1482:
  3839   0000AA  0E02               	movlw	2
  3840   0000AC  1824               	xorwf	handle_indicator_data@indicator^0,w,c
  3841   0000AE  1025               	iorwf	(handle_indicator_data@indicator+1)^0,w,c
  3842   0000B0  A4D8               	btfss	status,2,c
  3843   0000B2  EF5D  F000         	goto	u411
  3844   0000B6  EF5F  F000         	goto	u410
  3845   0000BA                     u411:
  3846   0000BA  EF71  F000         	goto	l1490
  3847   0000BE                     u410:
  3848   0000BE                     
  3849                           ;message_handler.c: 48:         {;message_handler.c: 49:             (PORTB = PORTB & ~0
      +                          x03);
  3850   0000BE  5081               	movf	129,w,c	;volatile
  3851   0000C0  0BFC               	andlw	252
  3852   0000C2  6E81               	movwf	129,c	;volatile
  3853                           
  3854                           ;message_handler.c: 50:             (PORTB = PORTB | 0xC0);
  3855   0000C4  5081               	movf	129,w,c	;volatile
  3856   0000C6  09C0               	iorlw	192
  3857   0000C8  6E81               	movwf	129,c	;volatile
  3858   0000CA                     
  3859                           ;message_handler.c: 51:             clcd_putch(' ', (0xC0 + (14)));
  3860   0000CA  0ECE               	movlw	206
  3861   0000CC  6E1F               	movwf	clcd_putch@addr^0,c
  3862   0000CE  0E20               	movlw	32
  3863   0000D0  EC0E  F003         	call	_clcd_putch
  3864   0000D4                     
  3865                           ;message_handler.c: 52:             clcd_putch('>', (0xC0 + (15)));
  3866   0000D4  0ECF               	movlw	207
  3867   0000D6  6E1F               	movwf	clcd_putch@addr^0,c
  3868   0000D8  0E3E               	movlw	62
  3869   0000DA  EC0E  F003         	call	_clcd_putch
  3870                           
  3871                           ;message_handler.c: 53:         }
  3872   0000DE  EF9D  F000         	goto	l112
  3873   0000E2                     l1490:
  3874   0000E2  0E03               	movlw	3
  3875   0000E4  1824               	xorwf	handle_indicator_data@indicator^0,w,c
  3876   0000E6  1025               	iorwf	(handle_indicator_data@indicator+1)^0,w,c
  3877   0000E8  A4D8               	btfss	status,2,c
  3878   0000EA  EF79  F000         	goto	u421
  3879   0000EE  EF7B  F000         	goto	u420
  3880   0000F2                     u421:
  3881   0000F2  EF9D  F000         	goto	l112
  3882   0000F6                     u420:
  3883   0000F6                     
  3884                           ;message_handler.c: 55:         {;message_handler.c: 56:             (PORTB = PORTB | 0x
      +                          C0);
  3885   0000F6  5081               	movf	129,w,c	;volatile
  3886   0000F8  09C0               	iorlw	192
  3887   0000FA  6E81               	movwf	129,c	;volatile
  3888                           
  3889                           ;message_handler.c: 57:             (PORTB = PORTB | 0x03);
  3890   0000FC  5081               	movf	129,w,c	;volatile
  3891   0000FE  0903               	iorlw	3
  3892   000100  6E81               	movwf	129,c	;volatile
  3893   000102                     
  3894                           ;message_handler.c: 58:             clcd_putch('<', (0xC0 + (14)));
  3895   000102  0ECE               	movlw	206
  3896   000104  6E1F               	movwf	clcd_putch@addr^0,c
  3897   000106  0E3C               	movlw	60
  3898   000108  EC0E  F003         	call	_clcd_putch
  3899   00010C                     
  3900                           ;message_handler.c: 59:             clcd_putch('>', (0xC0 + (15)));
  3901   00010C  0ECF               	movlw	207
  3902   00010E  6E1F               	movwf	clcd_putch@addr^0,c
  3903   000110  0E3E               	movlw	62
  3904   000112  EC0E  F003         	call	_clcd_putch
  3905   000116  EF9D  F000         	goto	l112
  3906   00011A                     l1498:
  3907                           
  3908                           ;message_handler.c: 63:     {;message_handler.c: 64:         (PORTB = PORTB & ~0x03);
  3909   00011A  5081               	movf	129,w,c	;volatile
  3910   00011C  0BFC               	andlw	252
  3911   00011E  6E81               	movwf	129,c	;volatile
  3912                           
  3913                           ;message_handler.c: 65:         (PORTB = PORTB & ~0xC0);
  3914   000120  5081               	movf	129,w,c	;volatile
  3915   000122  0B3F               	andlw	63
  3916   000124  6E81               	movwf	129,c	;volatile
  3917   000126                     
  3918                           ;message_handler.c: 66:         clcd_putch(' ', (0xC0 + (14)));
  3919   000126  0ECE               	movlw	206
  3920   000128  6E1F               	movwf	clcd_putch@addr^0,c
  3921   00012A  0E20               	movlw	32
  3922   00012C  EC0E  F003         	call	_clcd_putch
  3923   000130                     
  3924                           ;message_handler.c: 67:         clcd_putch(' ', (0xC0 + (15)));
  3925   000130  0ECF               	movlw	207
  3926   000132  6E1F               	movwf	clcd_putch@addr^0,c
  3927   000134  0E20               	movlw	32
  3928   000136  EC0E  F003         	call	_clcd_putch
  3929   00013A                     l112:
  3930   00013A  0012               	return		;funcret
  3931   00013C                     __end_of_handle_indicator_data:
  3932                           	callstack 0
  3933                           
  3934 ;; *************** function _clcd_putch *****************
  3935 ;; Defined at:
  3936 ;;		line 47 in file "clcd.c"
  3937 ;; Parameters:    Size  Location     Type
  3938 ;;  data            1    wreg     const unsigned char 
  3939 ;;  addr            1    2[COMRAM] unsigned char 
  3940 ;; Auto vars:     Size  Location     Type
  3941 ;;  data            1    3[COMRAM] const unsigned char 
  3942 ;; Return value:  Size  Location     Type
  3943 ;;                  1    wreg      void 
  3944 ;; Registers used:
  3945 ;;		wreg, status,2, cstack
  3946 ;; Tracked objects:
  3947 ;;		On entry : 0/0
  3948 ;;		On exit  : 0/0
  3949 ;;		Unchanged: 0/0
  3950 ;; Data sizes:     COMRAM   BANK0   BANK1   BANK2   BANK3   BANK4   BANK5
  3951 ;;      Params:         1       0       0       0       0       0       0
  3952 ;;      Locals:         1       0       0       0       0       0       0
  3953 ;;      Temps:          0       0       0       0       0       0       0
  3954 ;;      Totals:         2       0       0       0       0       0       0
  3955 ;;Total ram usage:        2 bytes
  3956 ;; Hardware stack levels used: 1
  3957 ;; Hardware stack levels required when called: 1
  3958 ;; This function calls:
  3959 ;;		_clcd_write
  3960 ;; This function is called by:
  3961 ;;		_handle_speed_data
  3962 ;;		_handle_indicator_data
  3963 ;; This function uses a non-reentrant model
  3964 ;;
  3965                           
  3966                           	psect	text5
  3967   00061C                     __ptext5:
  3968                           	callstack 0
  3969   00061C                     _clcd_putch:
  3970                           	callstack 27
  3971                           
  3972                           ;incstack = 0
  3973                           ;clcd_putch@data stored from wreg
  3974   00061C  6E20               	movwf	clcd_putch@data^0,c
  3975   00061E                     
  3976                           ;clcd.c: 47: void clcd_putch(const unsigned char data, unsigned char addr);clcd.c: 48: {
      +                          ;clcd.c: 49:     clcd_write(addr, 0);
  3977   00061E  0E00               	movlw	0
  3978   000620  6E1D               	movwf	clcd_write@control_bit^0,c
  3979   000622  501F               	movf	clcd_putch@addr^0,w,c
  3980   000624  ECA8  F002         	call	_clcd_write
  3981                           
  3982                           ;clcd.c: 50:     clcd_write(data, 1);
  3983   000628  0E01               	movlw	1
  3984   00062A  6E1D               	movwf	clcd_write@control_bit^0,c
  3985   00062C  5020               	movf	clcd_putch@data^0,w,c
  3986   00062E  ECA8  F002         	call	_clcd_write
  3987   000632  0012               	return		;funcret
  3988   000634                     __end_of_clcd_putch:
  3989                           	callstack 0
  3990                           
  3991 ;; *************** function _handle_gear_data *****************
  3992 ;; Defined at:
  3993 ;;		line 19 in file "message_handler.c"
  3994 ;; Parameters:    Size  Location     Type
  3995 ;;  data            1    5[COMRAM] PTR unsigned char 
  3996 ;;		 -> process_canbus_data@data(5), 
  3997 ;;  len             1    6[COMRAM] unsigned char 
  3998 ;; Auto vars:     Size  Location     Type
  3999 ;;		None
  4000 ;; Return value:  Size  Location     Type
  4001 ;;                  1    wreg      void 
  4002 ;; Registers used:
  4003 ;;		wreg, fsr0l, fsr0h, fsr2l, fsr2h, status,2, status,0, tblptrl, tblptrh, tblptru, prodl, prodh, cstack
  4004 ;; Tracked objects:
  4005 ;;		On entry : 0/0
  4006 ;;		On exit  : 0/0
  4007 ;;		Unchanged: 0/0
  4008 ;; Data sizes:     COMRAM   BANK0   BANK1   BANK2   BANK3   BANK4   BANK5
  4009 ;;      Params:         2       0       0       0       0       0       0
  4010 ;;      Locals:         0       0       0       0       0       0       0
  4011 ;;      Temps:          1       0       0       0       0       0       0
  4012 ;;      Totals:         3       0       0       0       0       0       0
  4013 ;;Total ram usage:        3 bytes
  4014 ;; Hardware stack levels used: 1
  4015 ;; Hardware stack levels required when called: 2
  4016 ;; This function calls:
  4017 ;;		_clcd_print
  4018 ;; This function is called by:
  4019 ;;		_process_canbus_data
  4020 ;; This function uses a non-reentrant model
  4021 ;;
  4022                           
  4023                           	psect	text6
  4024   00058A                     __ptext6:
  4025                           	callstack 0
  4026   00058A                     _handle_gear_data:
  4027                           	callstack 27
  4028   00058A                     
  4029                           ;message_handler.c: 20:     if(*data < 9)
  4030   00058A  5022               	movf	handle_gear_data@data^0,w,c
  4031   00058C  6ED9               	movwf	fsr2l,c
  4032   00058E  6ADA               	clrf	fsr2h,c
  4033   000590  0E09               	movlw	9
  4034   000592  60DF               	cpfslt	indf2,c
  4035   000594  EFCE  F002         	goto	u371
  4036   000598  EFD0  F002         	goto	u370
  4037   00059C                     u371:
  4038   00059C  EFDF  F002         	goto	l94
  4039   0005A0                     u370:
  4040   0005A0                     
  4041                           ;message_handler.c: 21:         clcd_print(event[*data], (0xC0 + (4)));
  4042   0005A0  5022               	movf	handle_gear_data@data^0,w,c
  4043   0005A2  6ED9               	movwf	fsr2l,c
  4044   0005A4  6ADA               	clrf	fsr2h,c
  4045   0005A6  50DF               	movf	indf2,w,c
  4046   0005A8  0D03               	mullw	3
  4047   0005AA  50F3               	movf	243,w,c
  4048   0005AC  0F02               	addlw	low _event
  4049   0005AE  6E24               	movwf	??_handle_gear_data^0,c
  4050   0005B0  C024  F01F         	movff	??_handle_gear_data,clcd_print@data
  4051   0005B4  6A20               	clrf	(clcd_print@data+1)^0,c
  4052   0005B6  0EC4               	movlw	196
  4053   0005B8  6E21               	movwf	clcd_print@addr^0,c
  4054   0005BA  ECCC  F001         	call	_clcd_print	;wreg free
  4055   0005BE                     l94:
  4056   0005BE  0012               	return		;funcret
  4057   0005C0                     __end_of_handle_gear_data:
  4058                           	callstack 0
  4059                           
  4060 ;; *************** function _display_labels *****************
  4061 ;; Defined at:
  4062 ;;		line 9 in file "message_handler.c"
  4063 ;; Parameters:    Size  Location     Type
  4064 ;;		None
  4065 ;; Auto vars:     Size  Location     Type
  4066 ;;		None
  4067 ;; Return value:  Size  Location     Type
  4068 ;;                  1    wreg      void 
  4069 ;; Registers used:
  4070 ;;		wreg, fsr0l, fsr0h, status,2, status,0, tblptrl, tblptrh, tblptru, cstack
  4071 ;; Tracked objects:
  4072 ;;		On entry : 0/0
  4073 ;;		On exit  : 0/0
  4074 ;;		Unchanged: 0/0
  4075 ;; Data sizes:     COMRAM   BANK0   BANK1   BANK2   BANK3   BANK4   BANK5
  4076 ;;      Params:         0       0       0       0       0       0       0
  4077 ;;      Locals:         0       0       0       0       0       0       0
  4078 ;;      Temps:          0       0       0       0       0       0       0
  4079 ;;      Totals:         0       0       0       0       0       0       0
  4080 ;;Total ram usage:        0 bytes
  4081 ;; Hardware stack levels used: 1
  4082 ;; Hardware stack levels required when called: 1
  4083 ;; This function calls:
  4084 ;;		_clcd_print
  4085 ;; This function is called by:
  4086 ;;		_main
  4087 ;;		_process_canbus_data
  4088 ;; This function uses a non-reentrant model
  4089 ;;
  4090                           
  4091                           	psect	text7
  4092   00045E                     __ptext7:
  4093                           	callstack 0
  4094   00045E                     _display_labels:
  4095                           	callstack 28
  4096   00045E                     
  4097                           ;message_handler.c: 10:     clcd_print("SP", (0x80 + (0)));
  4098   00045E  0EF9               	movlw	low STR_1
  4099   000460  6E1F               	movwf	clcd_print@data^0,c
  4100   000462  0E2F               	movlw	high STR_1
  4101   000464  6E20               	movwf	(clcd_print@data+1)^0,c
  4102   000466  0E80               	movlw	128
  4103   000468  6E21               	movwf	clcd_print@addr^0,c
  4104   00046A  ECCC  F001         	call	_clcd_print	;wreg free
  4105                           
  4106                           ;message_handler.c: 11:     clcd_print("GR", (0x80 + (4)));
  4107   00046E  0EFC               	movlw	low STR_2
  4108   000470  6E1F               	movwf	clcd_print@data^0,c
  4109   000472  0E2F               	movlw	high STR_2
  4110   000474  6E20               	movwf	(clcd_print@data+1)^0,c
  4111   000476  0E84               	movlw	132
  4112   000478  6E21               	movwf	clcd_print@addr^0,c
  4113   00047A  ECCC  F001         	call	_clcd_print	;wreg free
  4114                           
  4115                           ;message_handler.c: 12:     clcd_print("RPM", (0x80 + (8)));
  4116   00047E  0EF5               	movlw	low STR_3
  4117   000480  6E1F               	movwf	clcd_print@data^0,c
  4118   000482  0E2F               	movlw	high STR_3
  4119   000484  6E20               	movwf	(clcd_print@data+1)^0,c
  4120   000486  0E88               	movlw	136
  4121   000488  6E21               	movwf	clcd_print@addr^0,c
  4122   00048A  ECCC  F001         	call	_clcd_print	;wreg free
  4123                           
  4124                           ;message_handler.c: 13:     clcd_print("IND", (0x80 + (13)));
  4125   00048E  0EF1               	movlw	low STR_4
  4126   000490  6E1F               	movwf	clcd_print@data^0,c
  4127   000492  0E2F               	movlw	high STR_4
  4128   000494  6E20               	movwf	(clcd_print@data+1)^0,c
  4129   000496  0E8D               	movlw	141
  4130   000498  6E21               	movwf	clcd_print@addr^0,c
  4131   00049A  ECCC  F001         	call	_clcd_print	;wreg free
  4132   00049E  0012               	return		;funcret
  4133   0004A0                     __end_of_display_labels:
  4134                           	callstack 0
  4135                           
  4136 ;; *************** function _clcd_print *****************
  4137 ;; Defined at:
  4138 ;;		line 40 in file "clcd.c"
  4139 ;; Parameters:    Size  Location     Type
  4140 ;;  data            2    2[COMRAM] PTR const unsigned char 
  4141 ;;		 -> STR_6(16), STR_5(12), process_canbus_data@data(5), event(27), 
  4142 ;;		 -> STR_4(4), STR_3(4), STR_2(3), STR_1(3), 
  4143 ;;  addr            1    4[COMRAM] unsigned char 
  4144 ;; Auto vars:     Size  Location     Type
  4145 ;;		None
  4146 ;; Return value:  Size  Location     Type
  4147 ;;                  1    wreg      void 
  4148 ;; Registers used:
  4149 ;;		wreg, fsr0l, fsr0h, status,2, status,0, tblptrl, tblptrh, tblptru, cstack
  4150 ;; Tracked objects:
  4151 ;;		On entry : 0/0
  4152 ;;		On exit  : 0/0
  4153 ;;		Unchanged: 0/0
  4154 ;; Data sizes:     COMRAM   BANK0   BANK1   BANK2   BANK3   BANK4   BANK5
  4155 ;;      Params:         3       0       0       0       0       0       0
  4156 ;;      Locals:         0       0       0       0       0       0       0
  4157 ;;      Temps:          0       0       0       0       0       0       0
  4158 ;;      Totals:         3       0       0       0       0       0       0
  4159 ;;Total ram usage:        3 bytes
  4160 ;; Hardware stack levels used: 1
  4161 ;; Hardware stack levels required when called: 1
  4162 ;; This function calls:
  4163 ;;		_clcd_write
  4164 ;; This function is called by:
  4165 ;;		_display_labels
  4166 ;;		_handle_gear_data
  4167 ;;		_handle_rpm_data
  4168 ;;		_process_canbus_data
  4169 ;; This function uses a non-reentrant model
  4170 ;;
  4171                           
  4172                           	psect	text8
  4173   000398                     __ptext8:
  4174                           	callstack 0
  4175   000398                     _clcd_print:
  4176                           	callstack 27
  4177   000398                     
  4178                           ;clcd.c: 40: void clcd_print(const unsigned char *data, unsigned char addr);clcd.c: 41: 
      +                          {;clcd.c: 42:     clcd_write(addr, 0);
  4179   000398  0E00               	movlw	0
  4180   00039A  6E1D               	movwf	clcd_write@control_bit^0,c
  4181   00039C  5021               	movf	clcd_print@addr^0,w,c
  4182   00039E  ECA8  F002         	call	_clcd_write
  4183                           
  4184                           ;clcd.c: 43:     while (*data != '\0') {
  4185   0003A2  EFE9  F001         	goto	l1398
  4186   0003A6                     l1394:
  4187                           
  4188                           ;clcd.c: 44:         clcd_write(*data++, 1);
  4189   0003A6  0E01               	movlw	1
  4190   0003A8  6E1D               	movwf	clcd_write@control_bit^0,c
  4191   0003AA  C01F  FFF6         	movff	clcd_print@data,tblptrl
  4192   0003AE  C020  FFF7         	movff	clcd_print@data+1,tblptrh
  4193   0003B2  6AF8               	clrf	tblptru,c
  4194   0003B4  0E05               	movlw	(high __ramtop+-1)
  4195   0003B6  64F7               	cpfsgt	tblptrh,c
  4196   0003B8  D003               	bra	u347
  4197   0003BA  0008               	tblrd		*
  4198   0003BC  50F5               	movf	tablat,w,c
  4199   0003BE  D005               	bra	u340
  4200   0003C0                     u347:
  4201   0003C0  CFF6 FFE9          	movff	tblptrl,fsr0l
  4202   0003C4  CFF7 FFEA          	movff	tblptrh,fsr0h
  4203   0003C8  50EF               	movf	indf0,w,c
  4204   0003CA                     u340:
  4205   0003CA  ECA8  F002         	call	_clcd_write
  4206   0003CE  4A1F               	infsnz	clcd_print@data^0,f,c
  4207   0003D0  2A20               	incf	(clcd_print@data+1)^0,f,c
  4208   0003D2                     l1398:
  4209                           
  4210                           ;clcd.c: 43:     while (*data != '\0') {
  4211   0003D2  C01F  FFF6         	movff	clcd_print@data,tblptrl
  4212   0003D6  C020  FFF7         	movff	clcd_print@data+1,tblptrh
  4213   0003DA  6AF8               	clrf	tblptru,c
  4214   0003DC  0E05               	movlw	(high __ramtop+-1)
  4215   0003DE  64F7               	cpfsgt	tblptrh,c
  4216   0003E0  D003               	bra	u357
  4217   0003E2  0008               	tblrd		*
  4218   0003E4  50F5               	movf	tablat,w,c
  4219   0003E6  D005               	bra	u350
  4220   0003E8                     u357:
  4221   0003E8  CFF6 FFE9          	movff	tblptrl,fsr0l
  4222   0003EC  CFF7 FFEA          	movff	tblptrh,fsr0h
  4223   0003F0  50EF               	movf	indf0,w,c
  4224   0003F2                     u350:
  4225   0003F2  0900               	iorlw	0
  4226   0003F4  A4D8               	btfss	status,2,c
  4227   0003F6  EFFF  F001         	goto	u361
  4228   0003FA  EF01  F002         	goto	u360
  4229   0003FE                     u361:
  4230   0003FE  EFD3  F001         	goto	l1394
  4231   000402                     u360:
  4232   000402  0012               	return		;funcret
  4233   000404                     __end_of_clcd_print:
  4234                           	callstack 0
  4235                           
  4236 ;; *************** function _clcd_clear *****************
  4237 ;; Defined at:
  4238 ;;		line 52 in file "clcd.c"
  4239 ;; Parameters:    Size  Location     Type
  4240 ;;		None
  4241 ;; Auto vars:     Size  Location     Type
  4242 ;;		None
  4243 ;; Return value:  Size  Location     Type
  4244 ;;                  1    wreg      void 
  4245 ;; Registers used:
  4246 ;;		wreg, status,2, cstack
  4247 ;; Tracked objects:
  4248 ;;		On entry : 0/0
  4249 ;;		On exit  : 0/0
  4250 ;;		Unchanged: 0/0
  4251 ;; Data sizes:     COMRAM   BANK0   BANK1   BANK2   BANK3   BANK4   BANK5
  4252 ;;      Params:         0       0       0       0       0       0       0
  4253 ;;      Locals:         0       0       0       0       0       0       0
  4254 ;;      Temps:          0       0       0       0       0       0       0
  4255 ;;      Totals:         0       0       0       0       0       0       0
  4256 ;;Total ram usage:        0 bytes
  4257 ;; Hardware stack levels used: 1
  4258 ;; Hardware stack levels required when called: 2
  4259 ;; This function calls:
  4260 ;;		_clcd_write
  4261 ;; This function is called by:
  4262 ;;		_process_canbus_data
  4263 ;; This function uses a non-reentrant model
  4264 ;;
  4265                           
  4266                           	psect	text9
  4267   000672                     __ptext9:
  4268                           	callstack 0
  4269   000672                     _clcd_clear:
  4270                           	callstack 27
  4271   000672                     
  4272                           ;clcd.c: 54:     clcd_write(0x01, 0);
  4273   000672  0E00               	movlw	0
  4274   000674  6E1D               	movwf	clcd_write@control_bit^0,c
  4275   000676  0E01               	movlw	1
  4276   000678  ECA8  F002         	call	_clcd_write
  4277   00067C  0012               	return		;funcret
  4278   00067E                     __end_of_clcd_clear:
  4279                           	callstack 0
  4280                           
  4281 ;; *************** function _can_receive *****************
  4282 ;; Defined at:
  4283 ;;		line 48 in file "can.c"
  4284 ;; Parameters:    Size  Location     Type
  4285 ;;  msg_id          1    8[COMRAM] PTR unsigned short 
  4286 ;;		 -> process_canbus_data@msg_id(2), 
  4287 ;;  data            1    9[COMRAM] PTR unsigned char 
  4288 ;;		 -> process_canbus_data@data(5), 
  4289 ;;  len             1   10[COMRAM] PTR unsigned char 
  4290 ;;		 -> process_canbus_data@len(1), 
  4291 ;; Auto vars:     Size  Location     Type
  4292 ;;  i               2   16[COMRAM] int 
  4293 ;;  ptr             2   14[COMRAM] PTR unsigned char 
  4294 ;;		 -> RXB0D0(1), 
  4295 ;; Return value:  Size  Location     Type
  4296 ;;                  1    wreg      void 
  4297 ;; Registers used:
  4298 ;;		wreg, fsr1l, fsr1h, fsr2l, fsr2h, status,2, status,0, cstack
  4299 ;; Tracked objects:
  4300 ;;		On entry : 0/0
  4301 ;;		On exit  : 0/0
  4302 ;;		Unchanged: 0/0
  4303 ;; Data sizes:     COMRAM   BANK0   BANK1   BANK2   BANK3   BANK4   BANK5
  4304 ;;      Params:         3       0       0       0       0       0       0
  4305 ;;      Locals:         4       0       0       0       0       0       0
  4306 ;;      Temps:          3       0       0       0       0       0       0
  4307 ;;      Totals:        10       0       0       0       0       0       0
  4308 ;;Total ram usage:       10 bytes
  4309 ;; Hardware stack levels used: 1
  4310 ;; Hardware stack levels required when called: 2
  4311 ;; This function calls:
  4312 ;;		_get_msg_id_std
  4313 ;; This function is called by:
  4314 ;;		_process_canbus_data
  4315 ;; This function uses a non-reentrant model
  4316 ;;
  4317                           
  4318                           	psect	text10
  4319   000308                     __ptext10:
  4320                           	callstack 0
  4321   000308                     _can_receive:
  4322                           	callstack 27
  4323   000308                     
  4324                           ;can.c: 49:     uint8_t *ptr;;can.c: 50:     if (RXB0FUL) {
  4325   000308  AE60               	btfss	3936,7,c	;volatile
  4326   00030A  EF89  F001         	goto	u431
  4327   00030E  EF8B  F001         	goto	u430
  4328   000312                     u431:
  4329   000312  EFC7  F001         	goto	l1520
  4330   000316                     u430:
  4331   000316                     
  4332                           ;can.c: 51:         *msg_id = get_msg_id_std();
  4333   000316  EC8B  F002         	call	_get_msg_id_std	;wreg free
  4334   00031A  5025               	movf	can_receive@msg_id^0,w,c
  4335   00031C  6ED9               	movwf	fsr2l,c
  4336   00031E  6ADA               	clrf	fsr2h,c
  4337   000320  C01D  FFDE         	movff	?_get_msg_id_std,postinc2
  4338   000324  C01E  FFDD         	movff	?_get_msg_id_std+1,postdec2
  4339   000328                     
  4340                           ;can.c: 52:         *len = RXB0DLC;
  4341   000328  5027               	movf	can_receive@len^0,w,c
  4342   00032A  6ED9               	movwf	fsr2l,c
  4343   00032C  6ADA               	clrf	fsr2h,c
  4344   00032E  CF65 FFDF          	movff	3941,indf2	;volatile
  4345   000332                     
  4346                           ;can.c: 53:         ptr = (uint8_t *) & RXB0D0;
  4347   000332  0E66               	movlw	102
  4348   000334  6E2B               	movwf	can_receive@ptr^0,c
  4349   000336  0E0F               	movlw	15
  4350   000338  6E2C               	movwf	(can_receive@ptr+1)^0,c
  4351   00033A                     
  4352                           ;can.c: 54:         for (int i = 0; i < *len; i++) {
  4353   00033A  6A2E               	clrf	(can_receive@i+1)^0,c
  4354   00033C  0E00               	movlw	0
  4355   00033E  6E2D               	movwf	can_receive@i^0,c
  4356   000340  EFB0  F001         	goto	l1518
  4357   000344                     l1514:
  4358                           
  4359                           ;can.c: 55:             data[i] = ptr[i];
  4360   000344  502D               	movf	can_receive@i^0,w,c
  4361   000346  242B               	addwf	can_receive@ptr^0,w,c
  4362   000348  6ED9               	movwf	fsr2l,c
  4363   00034A  502E               	movf	(can_receive@i+1)^0,w,c
  4364   00034C  202C               	addwfc	(can_receive@ptr+1)^0,w,c
  4365   00034E  6EDA               	movwf	fsr2h,c
  4366   000350  5026               	movf	can_receive@data^0,w,c
  4367   000352  242D               	addwf	can_receive@i^0,w,c
  4368   000354  6EE1               	movwf	fsr1l,c
  4369   000356  6AE2               	clrf	fsr1h,c
  4370   000358  CFDF FFE7          	movff	indf2,indf1
  4371   00035C                     
  4372                           ;can.c: 56:         }
  4373   00035C  4A2D               	infsnz	can_receive@i^0,f,c
  4374   00035E  2A2E               	incf	(can_receive@i+1)^0,f,c
  4375   000360                     l1518:
  4376   000360  5027               	movf	can_receive@len^0,w,c
  4377   000362  6ED9               	movwf	fsr2l,c
  4378   000364  6ADA               	clrf	fsr2h,c
  4379   000366  50DF               	movf	indf2,w,c
  4380   000368  6E28               	movwf	??_can_receive^0,c
  4381   00036A  6A29               	clrf	(??_can_receive+1)^0,c
  4382   00036C  5028               	movf	??_can_receive^0,w,c
  4383   00036E  5C2D               	subwf	can_receive@i^0,w,c
  4384   000370  502E               	movf	(can_receive@i+1)^0,w,c
  4385   000372  0A80               	xorlw	128
  4386   000374  6E2A               	movwf	(??_can_receive+2)^0,c
  4387   000376  5029               	movf	(??_can_receive+1)^0,w,c
  4388   000378  0A80               	xorlw	128
  4389   00037A  582A               	subwfb	(??_can_receive+2)^0,w,c
  4390   00037C  A0D8               	btfss	status,0,c
  4391   00037E  EFC3  F001         	goto	u441
  4392   000382  EFC5  F001         	goto	u440
  4393   000386                     u441:
  4394   000386  EFA2  F001         	goto	l1514
  4395   00038A                     u440:
  4396   00038A                     
  4397                           ;can.c: 57:         RXB0FUL = 0;
  4398   00038A  9E60               	bcf	3936,7,c	;volatile
  4399                           
  4400                           ;can.c: 58:         RXB0IF = 0;
  4401   00038C  90A4               	bcf	4004,0,c	;volatile
  4402   00038E                     l1520:
  4403                           
  4404                           ;can.c: 60:     *len = 0;
  4405   00038E  5027               	movf	can_receive@len^0,w,c
  4406   000390  6ED9               	movwf	fsr2l,c
  4407   000392  6ADA               	clrf	fsr2h,c
  4408   000394  6ADF               	clrf	indf2,c
  4409   000396  0012               	return		;funcret
  4410   000398                     __end_of_can_receive:
  4411                           	callstack 0
  4412                           
  4413 ;; *************** function _get_msg_id_std *****************
  4414 ;; Defined at:
  4415 ;;		line 25 in file "can.c"
  4416 ;; Parameters:    Size  Location     Type
  4417 ;;		None
  4418 ;; Auto vars:     Size  Location     Type
  4419 ;;  id              2    6[COMRAM] unsigned short 
  4420 ;; Return value:  Size  Location     Type
  4421 ;;                  2    0[COMRAM] unsigned short 
  4422 ;; Registers used:
  4423 ;;		wreg, status,2, status,0
  4424 ;; Tracked objects:
  4425 ;;		On entry : 0/0
  4426 ;;		On exit  : 0/0
  4427 ;;		Unchanged: 0/0
  4428 ;; Data sizes:     COMRAM   BANK0   BANK1   BANK2   BANK3   BANK4   BANK5
  4429 ;;      Params:         2       0       0       0       0       0       0
  4430 ;;      Locals:         2       0       0       0       0       0       0
  4431 ;;      Temps:          4       0       0       0       0       0       0
  4432 ;;      Totals:         8       0       0       0       0       0       0
  4433 ;;Total ram usage:        8 bytes
  4434 ;; Hardware stack levels used: 1
  4435 ;; Hardware stack levels required when called: 1
  4436 ;; This function calls:
  4437 ;;		Nothing
  4438 ;; This function is called by:
  4439 ;;		_can_receive
  4440 ;; This function uses a non-reentrant model
  4441 ;;
  4442                           
  4443                           	psect	text11
  4444   000516                     __ptext11:
  4445                           	callstack 0
  4446   000516                     _get_msg_id_std:
  4447                           	callstack 27
  4448   000516                     
  4449                           ;can.c: 27:     id = ((RXB0SIDL >> 5) & 0x7) | (RXB0SIDH << 3);
  4450   000516  5061               	movf	97,w,c	;volatile
  4451   000518  6E1F               	movwf	??_get_msg_id_std^0,c
  4452   00051A  6A20               	clrf	(??_get_msg_id_std+1)^0,c
  4453   00051C  90D8               	bcf	status,0,c
  4454   00051E  361F               	rlcf	??_get_msg_id_std^0,f,c
  4455   000520  3620               	rlcf	(??_get_msg_id_std+1)^0,f,c
  4456   000522  90D8               	bcf	status,0,c
  4457   000524  361F               	rlcf	??_get_msg_id_std^0,f,c
  4458   000526  3620               	rlcf	(??_get_msg_id_std+1)^0,f,c
  4459   000528  90D8               	bcf	status,0,c
  4460   00052A  361F               	rlcf	??_get_msg_id_std^0,f,c
  4461   00052C  3620               	rlcf	(??_get_msg_id_std+1)^0,f,c
  4462   00052E  3862               	swapf	98,w,c	;volatile
  4463   000530  42E8               	rrncf	wreg,f,c
  4464   000532  0B07               	andlw	7
  4465   000534  0B07               	andlw	7
  4466   000536  6E21               	movwf	(??_get_msg_id_std+2)^0,c
  4467   000538  6A22               	clrf	(??_get_msg_id_std+3)^0,c
  4468   00053A  501F               	movf	??_get_msg_id_std^0,w,c
  4469   00053C  1021               	iorwf	(??_get_msg_id_std+2)^0,w,c
  4470   00053E  6E23               	movwf	get_msg_id_std@id^0,c
  4471   000540  5020               	movf	(??_get_msg_id_std+1)^0,w,c
  4472   000542  1022               	iorwf	(??_get_msg_id_std+3)^0,w,c
  4473   000544  6E24               	movwf	(get_msg_id_std@id+1)^0,c
  4474   000546                     
  4475                           ;can.c: 28:     return id;
  4476   000546  C023  F01D         	movff	get_msg_id_std@id,?_get_msg_id_std
  4477   00054A  C024  F01E         	movff	get_msg_id_std@id+1,?_get_msg_id_std+1
  4478   00054E  0012               	return		;funcret
  4479   000550                     __end_of_get_msg_id_std:
  4480                           	callstack 0
  4481                           
  4482 ;; *************** function _init_config *****************
  4483 ;; Defined at:
  4484 ;;		line 12 in file "main.c"
  4485 ;; Parameters:    Size  Location     Type
  4486 ;;		None
  4487 ;; Auto vars:     Size  Location     Type
  4488 ;;		None
  4489 ;; Return value:  Size  Location     Type
  4490 ;;                  1    wreg      void 
  4491 ;; Registers used:
  4492 ;;		wreg, status,2, status,0, cstack
  4493 ;; Tracked objects:
  4494 ;;		On entry : 0/0
  4495 ;;		On exit  : 0/0
  4496 ;;		Unchanged: 0/0
  4497 ;; Data sizes:     COMRAM   BANK0   BANK1   BANK2   BANK3   BANK4   BANK5
  4498 ;;      Params:         0       0       0       0       0       0       0
  4499 ;;      Locals:         0       0       0       0       0       0       0
  4500 ;;      Temps:          0       0       0       0       0       0       0
  4501 ;;      Totals:         0       0       0       0       0       0       0
  4502 ;;Total ram usage:        0 bytes
  4503 ;; Hardware stack levels used: 1
  4504 ;; Hardware stack levels required when called: 3
  4505 ;; This function calls:
  4506 ;;		_init_can
  4507 ;;		_init_clcd
  4508 ;;		_init_leds
  4509 ;;		_init_timer0
  4510 ;; This function is called by:
  4511 ;;		_main
  4512 ;; This function uses a non-reentrant model
  4513 ;;
  4514                           
  4515                           	psect	text12
  4516   000634                     __ptext12:
  4517                           	callstack 0
  4518   000634                     _init_config:
  4519                           	callstack 27
  4520   000634                     
  4521                           ;main.c: 13:     init_clcd();
  4522   000634  EC31  F001         	call	_init_clcd	;wreg free
  4523                           
  4524                           ;main.c: 14:     init_can();
  4525   000638  EC50  F002         	call	_init_can	;wreg free
  4526   00063C                     
  4527                           ;main.c: 15:     init_leds();
  4528   00063C  EC3F  F003         	call	_init_leds	;wreg free
  4529   000640                     
  4530                           ;main.c: 16:     PEIE = 1;
  4531   000640  8CF2               	bsf	4082,6,c	;volatile
  4532   000642                     
  4533                           ;main.c: 17:     GIE = 1;
  4534   000642  8EF2               	bsf	4082,7,c	;volatile
  4535   000644                     
  4536                           ;main.c: 18:     init_timer0();
  4537   000644  EC2F  F003         	call	_init_timer0	;wreg free
  4538   000648  0012               	return		;funcret
  4539   00064A                     __end_of_init_config:
  4540                           	callstack 0
  4541                           
  4542 ;; *************** function _init_timer0 *****************
  4543 ;; Defined at:
  4544 ;;		line 3 in file "timer0.c"
  4545 ;; Parameters:    Size  Location     Type
  4546 ;;		None
  4547 ;; Auto vars:     Size  Location     Type
  4548 ;;		None
  4549 ;; Return value:  Size  Location     Type
  4550 ;;                  1    wreg      void 
  4551 ;; Registers used:
  4552 ;;		wreg, status,2
  4553 ;; Tracked objects:
  4554 ;;		On entry : 0/0
  4555 ;;		On exit  : 0/0
  4556 ;;		Unchanged: 0/0
  4557 ;; Data sizes:     COMRAM   BANK0   BANK1   BANK2   BANK3   BANK4   BANK5
  4558 ;;      Params:         0       0       0       0       0       0       0
  4559 ;;      Locals:         0       0       0       0       0       0       0
  4560 ;;      Temps:          0       0       0       0       0       0       0
  4561 ;;      Totals:         0       0       0       0       0       0       0
  4562 ;;Total ram usage:        0 bytes
  4563 ;; Hardware stack levels used: 1
  4564 ;; Hardware stack levels required when called: 1
  4565 ;; This function calls:
  4566 ;;		Nothing
  4567 ;; This function is called by:
  4568 ;;		_init_config
  4569 ;; This function uses a non-reentrant model
  4570 ;;
  4571                           
  4572                           	psect	text13
  4573   00065E                     __ptext13:
  4574                           	callstack 0
  4575   00065E                     _init_timer0:
  4576                           	callstack 28
  4577   00065E                     
  4578                           ;timer0.c: 5:     T08BIT = 1;
  4579   00065E  8CD5               	bsf	4053,6,c	;volatile
  4580                           
  4581                           ;timer0.c: 6:     T0CS = 0;
  4582   000660  9AD5               	bcf	4053,5,c	;volatile
  4583                           
  4584                           ;timer0.c: 7:     TMR0ON = 1;
  4585   000662  8ED5               	bsf	4053,7,c	;volatile
  4586                           
  4587                           ;timer0.c: 8:     PSA = 1;
  4588   000664  86D5               	bsf	4053,3,c	;volatile
  4589   000666                     
  4590                           ;timer0.c: 9:     TMR0 = 6;
  4591   000666  6AD7               	clrf	215,c	;volatile
  4592   000668  0E06               	movlw	6
  4593   00066A  6ED6               	movwf	214,c	;volatile
  4594   00066C                     
  4595                           ;timer0.c: 10:     TMR0IF = 0;
  4596   00066C  94F2               	bcf	4082,2,c	;volatile
  4597   00066E                     
  4598                           ;timer0.c: 11:     TMR0IE = 1;
  4599   00066E  8AF2               	bsf	4082,5,c	;volatile
  4600   000670  0012               	return		;funcret
  4601   000672                     __end_of_init_timer0:
  4602                           	callstack 0
  4603                           
  4604 ;; *************** function _init_leds *****************
  4605 ;; Defined at:
  4606 ;;		line 8 in file "main.c"
  4607 ;; Parameters:    Size  Location     Type
  4608 ;;		None
  4609 ;; Auto vars:     Size  Location     Type
  4610 ;;		None
  4611 ;; Return value:  Size  Location     Type
  4612 ;;                  1    wreg      void 
  4613 ;; Registers used:
  4614 ;;		wreg, status,2
  4615 ;; Tracked objects:
  4616 ;;		On entry : 0/0
  4617 ;;		On exit  : 0/0
  4618 ;;		Unchanged: 0/0
  4619 ;; Data sizes:     COMRAM   BANK0   BANK1   BANK2   BANK3   BANK4   BANK5
  4620 ;;      Params:         0       0       0       0       0       0       0
  4621 ;;      Locals:         0       0       0       0       0       0       0
  4622 ;;      Temps:          0       0       0       0       0       0       0
  4623 ;;      Totals:         0       0       0       0       0       0       0
  4624 ;;Total ram usage:        0 bytes
  4625 ;; Hardware stack levels used: 1
  4626 ;; Hardware stack levels required when called: 1
  4627 ;; This function calls:
  4628 ;;		Nothing
  4629 ;; This function is called by:
  4630 ;;		_init_config
  4631 ;; This function uses a non-reentrant model
  4632 ;;
  4633                           
  4634                           	psect	text14
  4635   00067E                     __ptext14:
  4636                           	callstack 0
  4637   00067E                     _init_leds:
  4638                           	callstack 28
  4639   00067E                     
  4640                           ;main.c: 9:     TRISB = 0x08;
  4641   00067E  0E08               	movlw	8
  4642   000680  6E93               	movwf	147,c	;volatile
  4643   000682                     
  4644                           ;main.c: 10:     PORTB = 0x00;
  4645   000682  6A81               	clrf	129,c	;volatile
  4646   000684  0012               	return		;funcret
  4647   000686                     __end_of_init_leds:
  4648                           	callstack 0
  4649                           
  4650 ;; *************** function _init_clcd *****************
  4651 ;; Defined at:
  4652 ;;		line 19 in file "clcd.c"
  4653 ;; Parameters:    Size  Location     Type
  4654 ;;		None
  4655 ;; Auto vars:     Size  Location     Type
  4656 ;;		None
  4657 ;; Return value:  Size  Location     Type
  4658 ;;                  1    wreg      void 
  4659 ;; Registers used:
  4660 ;;		wreg, status,2, status,0, cstack
  4661 ;; Tracked objects:
  4662 ;;		On entry : 0/0
  4663 ;;		On exit  : 0/0
  4664 ;;		Unchanged: 0/0
  4665 ;; Data sizes:     COMRAM   BANK0   BANK1   BANK2   BANK3   BANK4   BANK5
  4666 ;;      Params:         0       0       0       0       0       0       0
  4667 ;;      Locals:         0       0       0       0       0       0       0
  4668 ;;      Temps:          1       0       0       0       0       0       0
  4669 ;;      Totals:         1       0       0       0       0       0       0
  4670 ;;Total ram usage:        1 bytes
  4671 ;; Hardware stack levels used: 1
  4672 ;; Hardware stack levels required when called: 2
  4673 ;; This function calls:
  4674 ;;		_clcd_write
  4675 ;; This function is called by:
  4676 ;;		_init_config
  4677 ;; This function uses a non-reentrant model
  4678 ;;
  4679                           
  4680                           	psect	text15
  4681   000262                     __ptext15:
  4682                           	callstack 0
  4683   000262                     _init_clcd:
  4684                           	callstack 27
  4685   000262                     
  4686                           ;clcd.c: 21:     TRISD = 0x00;
  4687   000262  6A95               	clrf	149,c	;volatile
  4688   000264                     
  4689                           ;clcd.c: 22:     TRISC = TRISC & 0xF8;
  4690   000264  5094               	movf	148,w,c	;volatile
  4691   000266  0BF8               	andlw	248
  4692   000268  6E94               	movwf	148,c	;volatile
  4693   00026A                     
  4694                           ;clcd.c: 23:     RC0 = 0;
  4695   00026A  9082               	bcf	3970,0,c	;volatile
  4696   00026C                     
  4697                           ;clcd.c: 24:     _delay((unsigned long)((30)*(20000000/4000.0)));
  4698   00026C  0EC3               	movlw	195
  4699   00026E  6E1F               	movwf	??_init_clcd^0,c
  4700   000270  0ECD               	movlw	205
  4701   000272                     u537:
  4702   000272  2EE8               	decfsz	wreg,f,c
  4703   000274  D7FE               	bra	u537
  4704   000276  2E1F               	decfsz	??_init_clcd^0,f,c
  4705   000278  D7FC               	bra	u537
  4706   00027A  0000               	nop	
  4707   00027C                     
  4708                           ;clcd.c: 25:     clcd_write(0x33, 0);
  4709   00027C  0E00               	movlw	0
  4710   00027E  6E1D               	movwf	clcd_write@control_bit^0,c
  4711   000280  0E33               	movlw	51
  4712   000282  ECA8  F002         	call	_clcd_write
  4713   000286                     
  4714                           ;clcd.c: 26:     _delay((unsigned long)((4100)*(20000000/4000000.0)));
  4715   000286  0E1B               	movlw	27
  4716   000288  6E1F               	movwf	??_init_clcd^0,c
  4717   00028A  0E9E               	movlw	158
  4718   00028C                     u547:
  4719   00028C  2EE8               	decfsz	wreg,f,c
  4720   00028E  D7FE               	bra	u547
  4721   000290  2E1F               	decfsz	??_init_clcd^0,f,c
  4722   000292  D7FC               	bra	u547
  4723   000294  D000               	nop2	
  4724   000296                     
  4725                           ;clcd.c: 27:     clcd_write(0x33, 0);
  4726   000296  0E00               	movlw	0
  4727   000298  6E1D               	movwf	clcd_write@control_bit^0,c
  4728   00029A  0E33               	movlw	51
  4729   00029C  ECA8  F002         	call	_clcd_write
  4730   0002A0                     
  4731                           ;clcd.c: 28:     _delay((unsigned long)((100)*(20000000/4000000.0)));
  4732   0002A0  0EA6               	movlw	166
  4733   0002A2                     u557:
  4734   0002A2  2EE8               	decfsz	wreg,f,c
  4735   0002A4  D7FE               	bra	u557
  4736   0002A6  D000               	nop2	
  4737   0002A8                     
  4738                           ;clcd.c: 29:     clcd_write(0x33, 0);
  4739   0002A8  0E00               	movlw	0
  4740   0002AA  6E1D               	movwf	clcd_write@control_bit^0,c
  4741   0002AC  0E33               	movlw	51
  4742   0002AE  ECA8  F002         	call	_clcd_write
  4743   0002B2                     
  4744                           ;clcd.c: 30:     _delay((unsigned long)((1)*(20000000/4000000.0)));
  4745   0002B2  D000               	nop2		;2 cycle nop
  4746   0002B4  D000               	nop2		;2 cycle nop
  4747   0002B6  0000               	nop	
  4748   0002B8                     
  4749                           ;clcd.c: 31:     clcd_write(0x02, 0);
  4750   0002B8  0E00               	movlw	0
  4751   0002BA  6E1D               	movwf	clcd_write@control_bit^0,c
  4752   0002BC  0E02               	movlw	2
  4753   0002BE  ECA8  F002         	call	_clcd_write
  4754   0002C2                     
  4755                           ;clcd.c: 32:     _delay((unsigned long)((100)*(20000000/4000000.0)));
  4756   0002C2  0EA6               	movlw	166
  4757   0002C4                     u567:
  4758   0002C4  2EE8               	decfsz	wreg,f,c
  4759   0002C6  D7FE               	bra	u567
  4760   0002C8  D000               	nop2	
  4761   0002CA                     
  4762                           ;clcd.c: 33:     clcd_write(0x38, 0);
  4763   0002CA  0E00               	movlw	0
  4764   0002CC  6E1D               	movwf	clcd_write@control_bit^0,c
  4765   0002CE  0E38               	movlw	56
  4766   0002D0  ECA8  F002         	call	_clcd_write
  4767   0002D4                     
  4768                           ;clcd.c: 34:     _delay((unsigned long)((100)*(20000000/4000000.0)));
  4769   0002D4  0EA6               	movlw	166
  4770   0002D6                     u577:
  4771   0002D6  2EE8               	decfsz	wreg,f,c
  4772   0002D8  D7FE               	bra	u577
  4773   0002DA  D000               	nop2	
  4774   0002DC                     
  4775                           ;clcd.c: 35:     clcd_write(0x01, 0);
  4776   0002DC  0E00               	movlw	0
  4777   0002DE  6E1D               	movwf	clcd_write@control_bit^0,c
  4778   0002E0  0E01               	movlw	1
  4779   0002E2  ECA8  F002         	call	_clcd_write
  4780   0002E6                     
  4781                           ;clcd.c: 36:     _delay((unsigned long)((500)*(20000000/4000000.0)));
  4782   0002E6  0E04               	movlw	4
  4783   0002E8  6E1F               	movwf	??_init_clcd^0,c
  4784   0002EA  0E3E               	movlw	62
  4785   0002EC                     u587:
  4786   0002EC  2EE8               	decfsz	wreg,f,c
  4787   0002EE  D7FE               	bra	u587
  4788   0002F0  2E1F               	decfsz	??_init_clcd^0,f,c
  4789   0002F2  D7FC               	bra	u587
  4790   0002F4                     
  4791                           ;clcd.c: 37:     clcd_write(0x0C, 0);
  4792   0002F4  0E00               	movlw	0
  4793   0002F6  6E1D               	movwf	clcd_write@control_bit^0,c
  4794   0002F8  0E0C               	movlw	12
  4795   0002FA  ECA8  F002         	call	_clcd_write
  4796   0002FE                     
  4797                           ;clcd.c: 38:     _delay((unsigned long)((100)*(20000000/4000000.0)));
  4798   0002FE  0EA6               	movlw	166
  4799   000300                     u597:
  4800   000300  2EE8               	decfsz	wreg,f,c
  4801   000302  D7FE               	bra	u597
  4802   000304  D000               	nop2	
  4803   000306  0012               	return		;funcret
  4804   000308                     __end_of_init_clcd:
  4805                           	callstack 0
  4806                           
  4807 ;; *************** function _clcd_write *****************
  4808 ;; Defined at:
  4809 ;;		line 3 in file "clcd.c"
  4810 ;; Parameters:    Size  Location     Type
  4811 ;;  byte            1    wreg     unsigned char 
  4812 ;;  control_bit     1    0[COMRAM] unsigned char 
  4813 ;; Auto vars:     Size  Location     Type
  4814 ;;  byte            1    1[COMRAM] unsigned char 
  4815 ;; Return value:  Size  Location     Type
  4816 ;;                  1    wreg      void 
  4817 ;; Registers used:
  4818 ;;		wreg
  4819 ;; Tracked objects:
  4820 ;;		On entry : 0/0
  4821 ;;		On exit  : 0/0
  4822 ;;		Unchanged: 0/0
  4823 ;; Data sizes:     COMRAM   BANK0   BANK1   BANK2   BANK3   BANK4   BANK5
  4824 ;;      Params:         1       0       0       0       0       0       0
  4825 ;;      Locals:         1       0       0       0       0       0       0
  4826 ;;      Temps:          0       0       0       0       0       0       0
  4827 ;;      Totals:         2       0       0       0       0       0       0
  4828 ;;Total ram usage:        2 bytes
  4829 ;; Hardware stack levels used: 1
  4830 ;; Hardware stack levels required when called: 1
  4831 ;; This function calls:
  4832 ;;		Nothing
  4833 ;; This function is called by:
  4834 ;;		_init_clcd
  4835 ;;		_clcd_print
  4836 ;;		_clcd_putch
  4837 ;;		_clcd_clear
  4838 ;; This function uses a non-reentrant model
  4839 ;;
  4840                           
  4841                           	psect	text16
  4842   000550                     __ptext16:
  4843                           	callstack 0
  4844   000550                     _clcd_write:
  4845                           	callstack 26
  4846                           
  4847                           ;incstack = 0
  4848                           ;clcd_write@byte stored from wreg
  4849   000550  6E1E               	movwf	clcd_write@byte^0,c
  4850   000552                     
  4851                           ;clcd.c: 3: void clcd_write(unsigned char byte, unsigned char control_bit);clcd.c: 4: {;
      +                          clcd.c: 5:     RC1 = control_bit;
  4852   000552  B01D               	btfsc	clcd_write@control_bit^0,0,c
  4853   000554  EFAE  F002         	goto	u311
  4854   000558  EFB1  F002         	goto	u310
  4855   00055C                     u311:
  4856   00055C  8282               	bsf	3970,1,c	;volatile
  4857   00055E  EFB2  F002         	goto	u325
  4858   000562                     u310:
  4859   000562  9282               	bcf	3970,1,c	;volatile
  4860   000564                     u325:
  4861   000564                     
  4862                           ;clcd.c: 6:     PORTD = byte;
  4863   000564  C01E  FF83         	movff	clcd_write@byte,3971	;volatile
  4864   000568                     
  4865                           ;clcd.c: 7:     RC2 = 1;
  4866   000568  8482               	bsf	3970,2,c	;volatile
  4867   00056A                     
  4868                           ;clcd.c: 8:     RC2 = 0;
  4869   00056A  9482               	bcf	3970,2,c	;volatile
  4870   00056C                     
  4871                           ;clcd.c: 9:     TRISD7 = 0xFF;
  4872   00056C  8E95               	bsf	3989,7,c	;volatile
  4873   00056E                     
  4874                           ;clcd.c: 10:     RC0 = 1;
  4875   00056E  8082               	bsf	3970,0,c	;volatile
  4876   000570                     
  4877                           ;clcd.c: 11:     RC1 = 0;
  4878   000570  9282               	bcf	3970,1,c	;volatile
  4879   000572                     l1386:
  4880                           
  4881                           ;clcd.c: 13:         RC2 = 1;
  4882   000572  8482               	bsf	3970,2,c	;volatile
  4883   000574                     
  4884                           ;clcd.c: 14:         RC2 = 0;
  4885   000574  9482               	bcf	3970,2,c	;volatile
  4886   000576                     
  4887                           ;clcd.c: 15:     } while (RD7);
  4888   000576  BE83               	btfsc	3971,7,c	;volatile
  4889   000578  EFC0  F002         	goto	u331
  4890   00057C  EFC2  F002         	goto	u330
  4891   000580                     u331:
  4892   000580  EFB9  F002         	goto	l1386
  4893   000584                     u330:
  4894   000584                     
  4895                           ;clcd.c: 16:     RC0 = 0;
  4896   000584  9082               	bcf	3970,0,c	;volatile
  4897                           
  4898                           ;clcd.c: 17:     TRISD7 = 0x00;
  4899   000586  9E95               	bcf	3989,7,c	;volatile
  4900   000588  0012               	return		;funcret
  4901   00058A                     __end_of_clcd_write:
  4902                           	callstack 0
  4903                           
  4904 ;; *************** function _init_can *****************
  4905 ;; Defined at:
  4906 ;;		line 9 in file "can.c"
  4907 ;; Parameters:    Size  Location     Type
  4908 ;;		None
  4909 ;; Auto vars:     Size  Location     Type
  4910 ;;		None
  4911 ;; Return value:  Size  Location     Type
  4912 ;;                  1    wreg      void 
  4913 ;; Registers used:
  4914 ;;		wreg, status,2, status,0
  4915 ;; Tracked objects:
  4916 ;;		On entry : 0/0
  4917 ;;		On exit  : 0/0
  4918 ;;		Unchanged: 0/0
  4919 ;; Data sizes:     COMRAM   BANK0   BANK1   BANK2   BANK3   BANK4   BANK5
  4920 ;;      Params:         0       0       0       0       0       0       0
  4921 ;;      Locals:         0       0       0       0       0       0       0
  4922 ;;      Temps:          0       0       0       0       0       0       0
  4923 ;;      Totals:         0       0       0       0       0       0       0
  4924 ;;Total ram usage:        0 bytes
  4925 ;; Hardware stack levels used: 1
  4926 ;; Hardware stack levels required when called: 1
  4927 ;; This function calls:
  4928 ;;		Nothing
  4929 ;; This function is called by:
  4930 ;;		_init_config
  4931 ;; This function uses a non-reentrant model
  4932 ;;
  4933                           
  4934                           	psect	text17
  4935   0004A0                     __ptext17:
  4936                           	callstack 0
  4937   0004A0                     _init_can:
  4938                           	callstack 28
  4939   0004A0                     
  4940                           ;can.c: 10:     TRISB2 = 0;
  4941   0004A0  9493               	bcf	3987,2,c	;volatile
  4942                           
  4943                           ;can.c: 11:     TRISB3 = 1;
  4944   0004A2  8693               	bsf	3987,3,c	;volatile
  4945   0004A4                     
  4946                           ;can.c: 12:     { CANCON &= 0x1F; CANCON |= e_can_op_mode_config; };
  4947   0004A4  0E1F               	movlw	31
  4948   0004A6  166F               	andwf	111,f,c	;volatile
  4949   0004A8  8E6F               	bsf	111,7,c	;volatile
  4950   0004AA                     l1160:
  4951   0004AA  0E80               	movlw	128
  4952   0004AC  186E               	xorwf	110,w,c	;volatile
  4953   0004AE  A4D8               	btfss	status,2,c
  4954   0004B0  EF5C  F002         	goto	u71
  4955   0004B4  EF5E  F002         	goto	u70
  4956   0004B8                     u71:
  4957   0004B8  EF55  F002         	goto	l1160
  4958   0004BC                     u70:
  4959   0004BC                     
  4960                           ;can.c: 14:     ECANCON = 0x00;
  4961   0004BC  6A77               	clrf	119,c	;volatile
  4962   0004BE                     
  4963                           ;can.c: 15:     BRGCON1 = 0xE1;
  4964   0004BE  0EE1               	movlw	225
  4965   0004C0  6E70               	movwf	112,c	;volatile
  4966                           
  4967                           ;can.c: 16:     BRGCON2 = 0x1B;
  4968   0004C2  0E1B               	movlw	27
  4969   0004C4  6E71               	movwf	113,c	;volatile
  4970                           
  4971                           ;can.c: 17:     BRGCON3 = 0x03;
  4972   0004C6  0E03               	movlw	3
  4973   0004C8  6E72               	movwf	114,c	;volatile
  4974   0004CA                     
  4975                           ;can.c: 19:     RXFCON0 = 0x00;
  4976   0004CA  010D               	movlb	13	; () banked
  4977   0004CC  6BD4               	clrf	212,b	;volatile
  4978   0004CE                     
  4979                           ; BSR set to: 13
  4980                           ;can.c: 20:     { CANCON &= 0x1F; CANCON |= e_can_op_mode_normal; };
  4981   0004CE  0E1F               	movlw	31
  4982   0004D0  166F               	andwf	111,f,c	;volatile
  4983   0004D2                     
  4984                           ; BSR set to: 13
  4985   0004D2  506F               	movf	111,w,c	;volatile
  4986   0004D4                     
  4987                           ; BSR set to: 13
  4988                           ;can.c: 21:     RXB0CON = 0x00;
  4989   0004D4  6A60               	clrf	96,c	;volatile
  4990   0004D6                     
  4991                           ; BSR set to: 13
  4992                           ;can.c: 22:     RXB0CONbits.RXM0 = 1;
  4993   0004D6  8A60               	bsf	96,5,c	;volatile
  4994   0004D8                     
  4995                           ; BSR set to: 13
  4996                           ;can.c: 23:     RXB0CONbits.RXM1 = 1;
  4997   0004D8  8C60               	bsf	96,6,c	;volatile
  4998   0004DA                     
  4999                           ; BSR set to: 13
  5000   0004DA  0012               	return		;funcret
  5001   0004DC                     __end_of_init_can:
  5002                           	callstack 0
  5003                           
  5004 ;; *************** function _isr *****************
  5005 ;; Defined at:
  5006 ;;		line 3 in file "isr.c"
  5007 ;; Parameters:    Size  Location     Type
  5008 ;;		None
  5009 ;; Auto vars:     Size  Location     Type
  5010 ;;		None
  5011 ;; Return value:  Size  Location     Type
  5012 ;;                  1    wreg      void 
  5013 ;; Registers used:
  5014 ;;		wreg, status,2, status,0
  5015 ;; Tracked objects:
  5016 ;;		On entry : 0/0
  5017 ;;		On exit  : 0/0
  5018 ;;		Unchanged: 0/0
  5019 ;; Data sizes:     COMRAM   BANK0   BANK1   BANK2   BANK3   BANK4   BANK5
  5020 ;;      Params:         0       0       0       0       0       0       0
  5021 ;;      Locals:         0       0       0       0       0       0       0
  5022 ;;      Temps:          0       0       0       0       0       0       0
  5023 ;;      Totals:         0       0       0       0       0       0       0
  5024 ;;Total ram usage:        0 bytes
  5025 ;; Hardware stack levels used: 1
  5026 ;; This function calls:
  5027 ;;		Nothing
  5028 ;; This function is called by:
  5029 ;;		Interrupt level 2
  5030 ;; This function uses a non-reentrant model
  5031 ;;
  5032                           
  5033                           	psect	intcode
  5034   000008                     __pintcode:
  5035                           	callstack 0
  5036   000008                     _isr:
  5037                           	callstack 26
  5038                           
  5039                           ; BSR set to: 13
  5040                           ;incstack = 0
  5041   000008  8201               	bsf	int$flags,1,c	;set compiler interrupt flag (level 2)
  5042   00000A  ED02  F002         	call	int_func,f	;refresh shadow registers
  5043                           
  5044                           	psect	intcode_body
  5045   000404                     __pintcode_body:
  5046                           	callstack 26
  5047   000404                     int_func:
  5048                           	callstack 26
  5049   000404  0006               	pop		; remove dummy address from shadow register refresh
  5050   000406                     
  5051                           ;isr.c: 4:     if(TMR0IF) {
  5052   000406  A4F2               	btfss	4082,2,c	;volatile
  5053   000408  EF08  F002         	goto	i2u29_41
  5054   00040C  EF0A  F002         	goto	i2u29_40
  5055   000410                     i2u29_41:
  5056   000410  EF2D  F002         	goto	i2l288
  5057   000414                     i2u29_40:
  5058   000414                     
  5059                           ;isr.c: 5:         TMR0 = TMR0 + 9;
  5060   000414  0E09               	movlw	9
  5061   000416  24D6               	addwf	214,w,c	;volatile
  5062   000418  6ED6               	movwf	214,c	;volatile
  5063   00041A  0E00               	movlw	0
  5064   00041C  20D7               	addwfc	215,w,c	;volatile
  5065   00041E  6ED7               	movwf	215,c	;volatile
  5066                           
  5067                           ;isr.c: 6:         if(timer_count++ == 20000) timer_count = 0;
  5068   000420  0E01               	movlw	1
  5069   000422  2637               	addwf	_timer_count^0,f,c
  5070   000424  0E00               	movlw	0
  5071   000426  2238               	addwfc	(_timer_count+1)^0,f,c
  5072   000428  2239               	addwfc	(_timer_count+2)^0,f,c
  5073   00042A  223A               	addwfc	(_timer_count+3)^0,f,c
  5074   00042C  0E21               	movlw	33
  5075   00042E  1837               	xorwf	_timer_count^0,w,c
  5076   000430  E109               	bnz	i2u30_41
  5077   000432  0E4E               	movlw	78
  5078   000434  1838               	xorwf	(_timer_count+1)^0,w,c
  5079   000436  1039               	iorwf	(_timer_count+2)^0,w,c
  5080   000438  103A               	iorwf	(_timer_count+3)^0,w,c
  5081   00043A  A4D8               	btfss	status,2,c
  5082   00043C  EF22  F002         	goto	i2u30_41
  5083   000440  EF24  F002         	goto	i2u30_40
  5084   000444                     i2u30_41:
  5085   000444  EF2C  F002         	goto	i2l1370
  5086   000448                     i2u30_40:
  5087   000448  0E00               	movlw	0
  5088   00044A  6E37               	movwf	_timer_count^0,c
  5089   00044C  0E00               	movlw	0
  5090   00044E  6E38               	movwf	(_timer_count+1)^0,c
  5091   000450  0E00               	movlw	0
  5092   000452  6E39               	movwf	(_timer_count+2)^0,c
  5093   000454  0E00               	movlw	0
  5094   000456  6E3A               	movwf	(_timer_count+3)^0,c
  5095   000458                     i2l1370:
  5096                           
  5097                           ;isr.c: 7:         TMR0IF = 0;
  5098   000458  94F2               	bcf	4082,2,c	;volatile
  5099   00045A                     i2l288:
  5100   00045A  9201               	bcf	int$flags,1,c	;clear compiler interrupt flag (level 2)
  5101   00045C  0011               	retfie		f
  5102   00045E                     __end_of_isr:
  5103                           	callstack 0
  5104                           
  5105                           	psect	rparam
  5106   000001                     ___rparam_used  equ	1
  5107   000000                     ___param_bank   equ	0
  5108   000000                     __Lparam        equ	__Lrparam
  5109   000000                     __Hparam        equ	__Hrparam
  5110   000001                     btemp           set	1	;btemp
  5111   000001                     int$flags       set	1
  5112   000001                     btemp0          set	1
  5113   000002                     btemp1          set	2
  5114                           tosu	equ	0xFFF
  5115                           tosh	equ	0xFFE
  5116                           tosl	equ	0xFFD
  5117                           stkptr	equ	0xFFC
  5118                           pclatu	equ	0xFFB
  5119                           pclath	equ	0xFFA
  5120                           pcl	equ	0xFF9
  5121                           tblptru	equ	0xFF8
  5122                           tblptrh	equ	0xFF7
  5123                           tblptrl	equ	0xFF6
  5124                           tablat	equ	0xFF5
  5125                           prodh	equ	0xFF4
  5126                           prodl	equ	0xFF3
  5127                           indf0	equ	0xFEF
  5128                           postinc0	equ	0xFEE
  5129                           postdec0	equ	0xFED
  5130                           preinc0	equ	0xFEC
  5131                           plusw0	equ	0xFEB
  5132                           fsr0h	equ	0xFEA
  5133                           fsr0l	equ	0xFE9
  5134                           wreg	equ	0xFE8
  5135                           indf1	equ	0xFE7
  5136                           postinc1	equ	0xFE6
  5137                           postdec1	equ	0xFE5
  5138                           preinc1	equ	0xFE4
  5139                           plusw1	equ	0xFE3
  5140                           fsr1h	equ	0xFE2
  5141                           fsr1l	equ	0xFE1
  5142                           bsr	equ	0xFE0
  5143                           indf2	equ	0xFDF
  5144                           postinc2	equ	0xFDE
  5145                           postdec2	equ	0xFDD
  5146                           preinc2	equ	0xFDC
  5147                           plusw2	equ	0xFDB
  5148                           fsr2h	equ	0xFDA
  5149                           fsr2l	equ	0xFD9
  5150                           status	equ	0xFD8

Data Sizes:
    Strings     42
    Constant    0
    Data        27
    BSS         6
    Persistent  0
    Stack       0

Auto Spaces:
    Space          Size  Autos    Used
    COMRAM           94     26      59
    BANK0           160      0       0
    BANK1           256      0       0
    BANK2           256      0       0
    BANK3           256      0       0
    BANK4           256      0       0
    BANK5           256      0       0

Pointer List with Targets:

    can_receive@data	PTR unsigned char  size(1) Largest target is 5
		 -> process_canbus_data@data(COMRAM[5]), 

    can_receive@len	PTR unsigned char  size(1) Largest target is 1
		 -> process_canbus_data@len(COMRAM[1]), 

    can_receive@msg_id	PTR unsigned short  size(1) Largest target is 2
		 -> process_canbus_data@msg_id(COMRAM[2]), 

    can_receive@ptr	PTR unsigned char  size(2) Largest target is 1
		 -> RXB0D0(SFR_3[1]), 

    clcd_print@data	PTR const unsigned char  size(2) Largest target is 27
		 -> event(COMRAM[27]), process_canbus_data@data(COMRAM[5]), STR_1(CODE[3]), STR_2(CODE[3]), 
		 -> STR_3(CODE[4]), STR_4(CODE[4]), STR_5(CODE[12]), STR_6(CODE[16]), 

    handle_gear_data@data	PTR unsigned char  size(1) Largest target is 5
		 -> process_canbus_data@data(COMRAM[5]), 

    handle_indicator_data@data	PTR unsigned char  size(1) Largest target is 5
		 -> process_canbus_data@data(COMRAM[5]), 

    handle_rpm_data@data	PTR unsigned char  size(1) Largest target is 5
		 -> process_canbus_data@data(COMRAM[5]), 

    handle_speed_data@data	PTR unsigned char  size(1) Largest target is 5
		 -> process_canbus_data@data(COMRAM[5]), 


Critical Paths under _main in COMRAM

    _main->_process_canbus_data
    _process_canbus_data->_can_receive
    _handle_speed_data->_clcd_putch
    _handle_rpm_data->_clcd_print
    _handle_indicator_data->_clcd_putch
    _clcd_putch->_clcd_write
    _handle_gear_data->_clcd_print
    _display_labels->_clcd_print
    _clcd_print->_clcd_write
    _clcd_clear->_clcd_write
    _can_receive->_get_msg_id_std
    _init_config->_init_clcd
    _init_clcd->_clcd_write

Critical Paths under _isr in COMRAM

    None.

Critical Paths under _main in BANK0

    None.

Critical Paths under _isr in BANK0

    None.

Critical Paths under _main in BANK1

    None.

Critical Paths under _isr in BANK1

    None.

Critical Paths under _main in BANK2

    None.

Critical Paths under _isr in BANK2

    None.

Critical Paths under _main in BANK3

    None.

Critical Paths under _isr in BANK3

    None.

Critical Paths under _main in BANK4

    None.

Critical Paths under _isr in BANK4

    None.

Critical Paths under _main in BANK5

    None.

Critical Paths under _isr in BANK5

    None.

Call Graph Tables:

 ---------------------------------------------------------------------------------
 (Depth) Function   	        Calls       Base Space   Used Autos Params    Refs
 ---------------------------------------------------------------------------------
 (0) _main                                                 0     0      0    2024
                     _display_labels
                        _init_config
                _process_canbus_data
 ---------------------------------------------------------------------------------
 (1) _process_canbus_data                                  8     8      0    1815
                                             18 COMRAM     8     8      0
                        _can_receive
                         _clcd_clear
                         _clcd_print
                     _display_labels
                   _handle_gear_data
              _handle_indicator_data
                    _handle_rpm_data
                  _handle_speed_data
 ---------------------------------------------------------------------------------
 (2) _handle_speed_data                                    2     0      2     172
                                              4 COMRAM     2     0      2
                         _clcd_putch
 ---------------------------------------------------------------------------------
 (2) _handle_rpm_data                                      2     0      2     214
                                              5 COMRAM     2     0      2
                         _clcd_print
 ---------------------------------------------------------------------------------
 (2) _handle_indicator_data                                5     3      2     239
                                              4 COMRAM     5     3      2
                         _clcd_putch
 ---------------------------------------------------------------------------------
 (3) _clcd_putch                                           2     1      1     126
                                              2 COMRAM     2     1      1
                         _clcd_write
 ---------------------------------------------------------------------------------
 (2) _handle_gear_data                                     3     1      2     192
                                              5 COMRAM     3     1      2
                         _clcd_print
 ---------------------------------------------------------------------------------
 (2) _display_labels                                       0     0      0     146
                         _clcd_print
 ---------------------------------------------------------------------------------
 (3) _clcd_print                                           3     0      3     146
                                              2 COMRAM     3     0      3
                         _clcd_write
 ---------------------------------------------------------------------------------
 (2) _clcd_clear                                           0     0      0      63
                         _clcd_write
 ---------------------------------------------------------------------------------
 (2) _can_receive                                         10     7      3     228
                                              8 COMRAM    10     7      3
                     _get_msg_id_std
 ---------------------------------------------------------------------------------
 (3) _get_msg_id_std                                       8     6      2      24
                                              0 COMRAM     8     6      2
 ---------------------------------------------------------------------------------
 (1) _init_config                                          0     0      0      63
                           _init_can
                          _init_clcd
                          _init_leds
                        _init_timer0
 ---------------------------------------------------------------------------------
 (2) _init_timer0                                          0     0      0       0
 ---------------------------------------------------------------------------------
 (2) _init_leds                                            0     0      0       0
 ---------------------------------------------------------------------------------
 (2) _init_clcd                                            1     1      0      63
                                              2 COMRAM     1     1      0
                         _clcd_write
 ---------------------------------------------------------------------------------
 (4) _clcd_write                                           2     1      1      63
                                              0 COMRAM     2     1      1
 ---------------------------------------------------------------------------------
 (2) _init_can                                             0     0      0       0
 ---------------------------------------------------------------------------------
 Estimated maximum stack depth 4
 ---------------------------------------------------------------------------------
 (Depth) Function   	        Calls       Base Space   Used Autos Params    Refs
 ---------------------------------------------------------------------------------
 (5) _isr                                                  0     0      0       0
 ---------------------------------------------------------------------------------
 Estimated maximum stack depth 5
 ---------------------------------------------------------------------------------

 Call Graph Graphs:

 _main (ROOT)
   _display_labels
     _clcd_print
       _clcd_write
   _init_config
     _init_can
     _init_clcd
       _clcd_write
     _init_leds
     _init_timer0
   _process_canbus_data
     _can_receive
       _get_msg_id_std
     _clcd_clear
       _clcd_write
     _clcd_print
     _display_labels
     _handle_gear_data
       _clcd_print
     _handle_indicator_data
       _clcd_putch
         _clcd_write
     _handle_rpm_data
       _clcd_print
     _handle_speed_data
       _clcd_putch

 _isr (ROOT)

Address spaces:
Name               Size   Autos  Total    Usage
BIGRAM            1535      0       0      0.0%
BITBIGSFRllh       410      0       0      0.0%
BITBANK5           256      0       0      0.0%
BANK5              256      0       0      0.0%
BITBANK4           256      0       0      0.0%
BANK4              256      0       0      0.0%
BITBANK3           256      0       0      0.0%
BANK3              256      0       0      0.0%
BITBANK2           256      0       0      0.0%
BANK2              256      0       0      0.0%
BITBANK1           256      0       0      0.0%
BANK1              256      0       0      0.0%
BITBIGSFRlll       212      0       0      0.0%
BITBANK0           160      0       0      0.0%
BANK0              160      0       0      0.0%
BITCOMRAM           94      0       0      0.0%
COMRAM              94     26      59     62.8%
BITBIGSFRh          82      0       0      0.0%
BITBIGSFRlh         61      0       0      0.0%
STACK                0      0       0      0.0%
DATA                 0      0      59      0.0%


Microchip Technology PIC18 Macro Assembler V3.10 build 20250813170317 
Symbol Table                                                                                   Tue Apr 14 09:08:22 2026

                clcd_print@addr 0021                  clcd_print@data 001F                              l22 0584  
                            l23 0588                              l32 0402                              l26 0306  
                            l35 0632                              l62 0648                              l38 067C  
                            l90 05E4                              l59 0684                              l94 05BE  
                            l87 049E                              l97 061A                              u70 04BC  
                            u71 04B8                 ?_get_msg_id_std 001D          __end_of_display_labels 04A0  
                           l112 013A                             l129 0260                             l146 0670  
                           l255 04BC                             l256 04DA                             l274 038A  
                           l259 054E                             l275 0396                             _GIE 7F97  
                           _RC0 7C10                             _RC1 7C11                             _RC2 7C12  
                           _RD7 7C1F                             u310 0562                             u311 055C  
                           u400 0086                             u401 0082                             u330 0584  
                           u410 00BE                             u331 0580                             u411 00BA  
                           u340 03CA                             u420 00F6                             u500 021C  
                           u325 0564                             u421 00F2                             u501 0218  
                           u430 0316                             u350 03F2                             u510 0240  
                           u431 0312                             u511 023C                             u440 038A  
                           u360 0402                             u520 0252                             u441 0386  
                           u361 03FE                             u521 024E                             u370 05A0  
                           u450 0160                             u347 03C0                             u371 059C  
                           u451 015C                             u380 003E                             u460 0174  
                           u357 03E8                             u381 003A                             u461 0170  
                           u390 0050                             u470 0198                             u391 004C  
                           u471 0194                             u480 01B6                             u537 0272  
                           u481 01B2                             u490 01F8                             u547 028C  
                           u491 01F4                             u557 02A2                             u567 02C4  
                           _PSA 7EAB                             u577 02D6                             u587 02EC  
                           u597 0300                             _RX9 7D5E                             _TX9 7D66  
         ??_process_canbus_data 002F                             _isr 0008                  clcd_putch@addr 001F  
                clcd_putch@data 0020               can_receive@msg_id 0025                             wreg 0FE8  
                          l1150 067E                            l1160 04AA                            l1152 0682  
                          l1400 061E                            l1170 04D4                            l1162 04BE  
                          l1154 04A0                            l1410 0262                            l1402 0516  
                          l1172 04D6                            l1164 04CA                            l1156 04A4  
                          l1420 0286                            l1412 0264                            l1180 066C  
                          l1404 0516                            l1500 0126                            l1174 04D8  
                          l1166 04CE                            l1158 04A8                            l1430 02B8  
                          l1422 0296                            l1414 026A                            l1182 066E  
                          l1406 0546                            l1510 0332                            l1502 0130  
                          l1168 04D2                            l1440 02E6                            l1432 02C2  
                          l1424 02A0                            l1416 026C                            l1176 065E  
                          l1512 033A                            l1520 038E                            l1504 0308  
                          l1442 02F4                            l1434 02CA                            l1426 02A8  
                          l1418 027C                            l1178 0666                            l1530 0644  
                          l1522 0634                            l1514 0344                            l1506 0316  
                          l1450 05C0                            l1380 056C                            l1372 0552  
                          l1444 02FE                            l1436 02D4                            l1428 02B2  
                          l1524 063C                            l1516 035C                            l1508 0328  
                          l1460 060C                            l1452 05D0                            l1540 0174  
                          l1532 013C                            l1390 0576                            l1382 056E  
                          l1374 0564                            l1438 02DC                            l1526 0640  
                          l1518 0360                            l1446 0672                            l1454 058A  
                          l1470 005C                            l1462 0012                            l1550 01BC  
                          l1542 0184                            l1534 013E                            l1384 0570  
                          l1376 0568                            l1528 0642                            l1392 0398  
                          l1448 045E                            l1456 05A0                            l1480 009C  
                          l1472 0066                            l1464 0022                            l1560 0208  
                          l1552 01C0                            l1544 0198                            l1536 014E  
                          l1386 0572                            l1378 056A                            l1394 03A6  
                          l1490 00E2                            l1482 00AA                            l1474 0074  
                          l1466 003E                            l1458 0602                            l1570 0258  
                          l1562 021C                            l1554 01D0                            l1546 01A4  
                          l1538 0160                            l1388 0574                            l1396 03CE  
                          l1492 00F6                            l1484 00BE                            l1476 0086  
                          l1468 0050                            l1572 025C                            l1548 01B6  
                          l1556 01E4                            l1564 022C                            l1398 03D2  
                          l1494 0102                            l1486 00CA                            l1478 0092  
                          l1566 0240                            l1558 01F8                            l1574 064A  
                          l1496 010C                            l1488 00D4                            l1568 0252  
                          l1576 064E                            l1498 011A                            l1578 0652  
                          ?_isr 001D                            STR_1 2FF9                            STR_2 2FFC  
                          STR_3 2FF5                            STR_4 2FF1                            STR_5 2FE5  
                          STR_6 2FD5                            _BRGH 7D62                            _CREN 7D5C  
                          _T0CS 7EAD                            _PEIE 7F96                            _RCIF 7CF5  
                          _TMR0 0FD6                            _SPEN 7D5F                            _TXEN 7D65  
                          _TXIF 7CF4                            _SYNC 7D64                            _main 064A  
                          fsr0h 0FEA                            fsr1h 0FE2                            indf0 0FEF  
                          fsr2h 0FDA                            fsr0l 0FE9                            indf1 0FE7  
                          indf2 0FDF                            fsr1l 0FE1                            fsr2l 0FD9  
                          btemp 0001              handle_rpm_data@len 0023                            prodl 0FF3  
                          start 000E                    ___param_bank 0000                  clcd_write@byte 001E  
                         ??_isr 001D                           ?_main 001D                           _BRG16 7DC3  
               ?_display_labels 001D                    ?_init_config 001D                           i2l288 045A  
                         _RCREG 0FAE                           _SENDB 7D63                           _SPBRG 0FAF  
                         _PORTB 0F81                           _PORTD 0F83                           _TRISB 0F93  
                         _TRISC 0F94                           _TRISD 0F95                           _TXREG 0FAD  
                  ?_init_timer0 001D                           _event 0002                           btemp0 0001  
                         btemp1 0002             handle_rpm_data@data 0022                           tablat 0FF5  
                         status 0FD8                 __initialization 04DC                    __end_of_main 065E  
               _handle_rpm_data 0602          process_canbus_data@len 0036                          ??_main 0037  
                 __activetblptr 0002            handle_speed_data@len 0022                          _CANCON 0F6F  
                        _T08BIT 7EAE        handle_indicator_data@len 0022                          i2l1370 0458  
                        i2l1364 0406                          i2l1366 0414                          i2l1368 0448  
                        _RXB0D0 0F66                          _RXB0IF 7D20                          _TMR0IE 7F95  
                        _TMR0IF 7F92                          _TXB0D0 0F46                          _TMR0ON 7EAF  
                        _TRISB2 7C9A                          _TRISB3 7C9B                          _TRISC6 7CA6  
                        _TRISC7 7CA7                          _TRISD7 7CAF           _handle_indicator_data 0012  
              __end_of_init_can 04DC                          isa$std 0001                    __pdataCOMRAM 0002  
              _handle_gear_data 058A                    __mediumconst 2FD4                          tblptrh 0FF7  
                        tblptrl 0FF6                          tblptru 0FF8                      __accesstop 0060  
       __end_of__initialization 0508                  can_receive@len 0027                  can_receive@ptr 002B  
                 ___rparam_used 0001                ??_get_msg_id_std 001F         __end_of_handle_rpm_data 061C  
                __pcstackCOMRAM 001D                get_msg_id_std@id 0023         process_canbus_data@data 002F  
handle_indicator_data@indicator 0024          ?_handle_indicator_data 0021                      _clcd_clear 0672  
                    _clcd_print 0398                      _clcd_putch 061C                      _clcd_write 0550  
         handle_speed_data@data 0021                ??_display_labels 0022     __end_of_process_canbus_data 0262  
                       _ECANCON 0F77                         _CANSTAT 0F6E                         _BRGCON1 0F70  
                       _BRGCON2 0F71                         _BRGCON3 0F72                         i2u30_40 0448  
                       i2u30_41 0444                         _RXB0DLC 0F65                         _RXB0CON 0F60  
                       i2u29_40 0414                         i2u29_41 0410                         _RXB0FUL 7B07  
                       _TXB0DLC 0F45                         _TXB0REQ 7A03                         _RXFCON0 0DD4  
                     ?_init_can 001D                         __Hparam 0000                         __Lparam 0000  
              ?_handle_rpm_data 0022                   ??_can_receive 0028                         __pcinit 04DC  
                       __ramtop 0600                         __ptext0 064A                         __ptext1 013C  
                       __ptext2 05C0                         __ptext3 0602                         __ptext4 0012  
                       __ptext5 061C                         __ptext6 058A                         __ptext7 045E  
                       __ptext8 0398                         __ptext9 0672               __end_of_init_clcd 0308  
             __end_of_init_leds 0686                  __pintcode_body 0404            end_of_initialization 0508  
                    ??_init_can 001D                   __Lmediumconst 2FD4                         int_func 0404  
                   ?_clcd_clear 001D                     ?_clcd_print 001F                     ?_clcd_putch 001F  
                   ?_clcd_write 001D        __end_of_handle_gear_data 05C0                         postdec1 0FE5  
                       postdec2 0FDD                         postinc0 0FEE                         postinc2 0FDE  
           __end_of_can_receive 0398                 can_receive@data 0026                   __pidataCOMRAM 05E6  
           start_initialization 04DC                    can_receive@i 002D                     __end_of_isr 045E  
       ??_handle_indicator_data 0023               _handle_speed_data 05C0                     _can_receive 0308  
            ?_handle_speed_data 0021                   ??_init_config 0020             ??_handle_speed_data 0023  
                 ??_init_timer0 001D                     __pbssCOMRAM 0037       __end_of_handle_speed_data 05E6  
                     __pintcode 0008                   __pmediumconst 2FD4                     __smallconst 2FD4  
                     _init_clcd 0262                       _init_leds 067E             __end_of_init_config 064A  
           __end_of_init_timer0 0672                    ??_clcd_clear 001F                    ??_clcd_print 0022  
                  ??_clcd_putch 0020                    ??_clcd_write 001E               ?_handle_gear_data 0022  
                      _RXB0SIDH 0F61                        _RXB0SIDL 0F62                        _TXB0EIDH 0F43  
                      _TXB0EIDL 0F44              ??_handle_gear_data 0024                        _TXB0SIDH 0F41  
                      _TXB0SIDL 0F42           clcd_write@control_bit 001D              __end_of_clcd_clear 067E  
            __end_of_clcd_print 0404              __end_of_clcd_putch 0634              __end_of_clcd_write 058A  
                    ?_init_clcd 001D                      ?_init_leds 001D                       copy_data0 04F0  
                      __Hrparam 0000                        __Lrparam 0000       process_canbus_data@c_flag 003B  
     process_canbus_data@msg_id 0034                     _init_config 0634                     _init_timer0 065E  
                      __ptext10 0308                        __ptext11 0516                        __ptext12 0634  
                      __ptext13 065E                        __ptext14 067E                        __ptext15 0262  
                      __ptext16 0550                        __ptext17 04A0   __end_of_handle_indicator_data 013C  
                      _init_can 04A0            handle_gear_data@data 0022                        isa$xinst 0000  
                  ?_can_receive 0025                        int$flags 0001                  _get_msg_id_std 0516  
                   _RXB0CONbits 0F60                     ??_init_clcd 001F                     ??_init_leds 001D  
             ??_handle_rpm_data 0024                        intlevel2 0000             _process_canbus_data 013C  
           handle_gear_data@len 0023       handle_indicator_data@data 0021          __end_of_get_msg_id_std 0550  
                _display_labels 045E            ?_process_canbus_data 001D                     _timer_count 0037  
