

Microchip MPLAB XC8 Assembler V3.10 build 20250813170317 
                                                                                               Tue Apr 14 09:08:31 2026

Microchip MPLAB XC8 C Compiler v3.10 (Free license) build 20250813170317 Og1 
     1                           	processor	18F4580
     2                           	fnconf	rparam,??,?,0
     3                           	pagewidth 120
     4                           	opt	flic
     5                           	psect	idataCOMRAM,global,class=CODE,space=0,delta=1,noexec
     6                           	psect	cinit,global,reloc=2,class=CODE,space=0,delta=1
     7                           	psect	bssCOMRAM,global,class=COMRAM,space=1,delta=1,lowdata,noexec
     8                           	psect	dataCOMRAM,global,class=COMRAM,space=1,delta=1,lowdata,noexec
     9                           	psect	cstackCOMRAM,global,class=COMRAM,space=1,delta=1,lowdata,noexec
    10                           	psect	text0,global,reloc=2,class=CODE,space=0,delta=1
    11                           	psect	text1,global,reloc=2,class=CODE,space=0,delta=1
    12                           	psect	text2,global,reloc=2,class=CODE,space=0,delta=1
    13                           	psect	text3,global,reloc=2,class=CODE,space=0,delta=1
    14                           	psect	text4,global,reloc=2,class=CODE,space=0,delta=1
    15                           	psect	text5,global,reloc=2,class=CODE,space=0,delta=1
    16                           	psect	text6,global,reloc=2,class=CODE,space=0,delta=1
    17                           	psect	text7,global,reloc=2,class=CODE,space=0,delta=1
    18                           	psect	text8,global,reloc=2,class=CODE,space=0,delta=1
    19                           	psect	text9,global,reloc=2,class=CODE,space=0,delta=1
    20                           	psect	text10,global,reloc=2,class=CODE,space=0,delta=1
    21                           	psect	text11,global,reloc=2,class=CODE,space=0,delta=1
    22                           	psect	text12,global,reloc=2,class=CODE,space=0,delta=1,group=1
    23                           	psect	text13,global,reloc=2,class=CODE,space=0,delta=1,group=1
    24                           	psect	text14,global,reloc=2,class=CODE,space=0,delta=1,group=1
    25                           	psect	text15,global,reloc=2,class=CODE,space=0,delta=1,group=1
    26                           	psect	smallconst,global,reloc=2,class=SMALLCONST,space=0,delta=1,noexec
    27                           	psect	intsave_regs,global,class=BIGRAM,space=1,delta=1,noexec
    28                           	psect	rparam,global,class=COMRAM,space=1,delta=1,noexec
    29   000000                     
    30                           ; Generated 17/01/2025 GMT
    31                           ; 
    32                           ; Copyright © 2025, Microchip Technology Inc. and its subsidiaries ("Microchip")
    33                           ; All rights reserved.
    34                           ; 
    35                           ; This software is developed by Microchip Technology Inc. and its subsidiaries ("Microch
      +                          ip").
    36                           ; 
    37                           ; Redistribution and use in source and binary forms, with or without modification, are
    38                           ; permitted provided that the following conditions are met:
    39                           ; 
    40                           ;     1. Redistributions of source code must retain the above copyright notice, this lis
      +                          t of
    41                           ;        conditions and the following disclaimer.
    42                           ; 
    43                           ;     2. Redistributions in binary form must reproduce the above copyright notice, this 
      +                          list
    44                           ;        of conditions and the following disclaimer in the documentation and/or other
    45                           ;        materials provided with the distribution. Publication is not required when
    46                           ;        this file is used in an embedded application.
    47                           ; 
    48                           ;     3. Microchip's name may not be used to endorse or promote products derived from th
      +                          is
    49                           ;        software without specific prior written permission.
    50                           ; 
    51                           ; THIS SOFTWARE IS PROVIDED BY MICROCHIP "AS IS" AND ANY EXPRESS OR IMPLIED WARRANTIES,
    52                           ; INCLUDING, BUT NOT LIMITED TO, THE IMPLIED WARRANTIES OF MERCHANTABILITY AND FITNESS F
      +                          OR
    53                           ; PURPOSE ARE DISCLAIMED.  IN NO EVENT SHALL MICROCHIP BE LIABLE FOR ANY DIRECT, INDIREC
      +                          T,
    54                           ; INCIDENTAL, SPECIAL, EXEMPLARY, OR CONSEQUENTIAL DAMAGES (INCLUDING BUT NOT LIMITED TO
    55                           ; PROCUREMENT OF SUBSTITUTE GOODS OR SERVICES; LOSS OF USE, DATA OR PROFITS; OR BUSINESS
    56                           ; INTERRUPTION) HOWSOEVER CAUSED AND ON ANY THEORY OF LIABILITY, WHETHER IN CONTRACT, ST
      +                          RICT
    57                           ; LIABILITY, OR TORT (INCLUDING NEGLIGENCE OR OTHERWISE) ARISING IN ANY WAY OUT OF THE U
      +                          SE OF
    58                           ; THIS SOFTWARE, EVEN IF ADVISED OF THE POSSIBILITY OF SUCH DAMAGE.
    59                           ; 
    60                           ; 
    61                           ; Code-generator required, PIC18F4580 Definitions
    62                           ; 
    63                           ; SFR Addresses
    64   000FE0                     bsr             equ	4064
    65   000FE9                     fsr0            equ	4073
    66   000FEA                     fsr0h           equ	4074
    67   000FE9                     fsr0l           equ	4073
    68   000FE1                     fsr1            equ	4065
    69   000FE2                     fsr1h           equ	4066
    70   000FE1                     fsr1l           equ	4065
    71   000FD9                     fsr2            equ	4057
    72   000FDA                     fsr2h           equ	4058
    73   000FD9                     fsr2l           equ	4057
    74   000FEF                     indf0           equ	4079
    75   000FE7                     indf1           equ	4071
    76   000FDF                     indf2           equ	4063
    77   000FF2                     intcon          equ	4082
    78   000000                     nvmcon          equ	0
    79   000FF9                     pcl             equ	4089
    80   000FFA                     pclath          equ	4090
    81   000FFB                     pclatu          equ	4091
    82   000FEB                     plusw0          equ	4075
    83   000FE3                     plusw1          equ	4067
    84   000FDB                     plusw2          equ	4059
    85   000FED                     postdec0        equ	4077
    86   000FE5                     postdec1        equ	4069
    87   000FDD                     postdec2        equ	4061
    88   000FEE                     postinc0        equ	4078
    89   000FE6                     postinc1        equ	4070
    90   000FDE                     postinc2        equ	4062
    91   000FEC                     preinc0         equ	4076
    92   000FE4                     preinc1         equ	4068
    93   000FDC                     preinc2         equ	4060
    94   000FF3                     prod            equ	4083
    95   000FF4                     prodh           equ	4084
    96   000FF3                     prodl           equ	4083
    97   000FD8                     status          equ	4056
    98   000FF5                     tablat          equ	4085
    99   000FF6                     tblptr          equ	4086
   100   000FF7                     tblptrh         equ	4087
   101   000FF6                     tblptrl         equ	4086
   102   000FF8                     tblptru         equ	4088
   103   000FFD                     tosl            equ	4093
   104   000FE8                     wreg            equ	4072
   105   000D60                     RXF6SIDH        equ	3424	;# 
   106   000D61                     RXF6SIDL        equ	3425	;# 
   107   000D62                     RXF6EIDH        equ	3426	;# 
   108   000D63                     RXF6EIDL        equ	3427	;# 
   109   000D64                     RXF7SIDH        equ	3428	;# 
   110   000D65                     RXF7SIDL        equ	3429	;# 
   111   000D66                     RXF7EIDH        equ	3430	;# 
   112   000D67                     RXF7EIDL        equ	3431	;# 
   113   000D68                     RXF8SIDH        equ	3432	;# 
   114   000D69                     RXF8SIDL        equ	3433	;# 
   115   000D6A                     RXF8EIDH        equ	3434	;# 
   116   000D6B                     RXF8EIDL        equ	3435	;# 
   117   000D70                     RXF9SIDH        equ	3440	;# 
   118   000D71                     RXF9SIDL        equ	3441	;# 
   119   000D72                     RXF9EIDH        equ	3442	;# 
   120   000D73                     RXF9EIDL        equ	3443	;# 
   121   000D74                     RXF10SIDH       equ	3444	;# 
   122   000D75                     RXF10SIDL       equ	3445	;# 
   123   000D76                     RXF10EIDH       equ	3446	;# 
   124   000D77                     RXF10EIDL       equ	3447	;# 
   125   000D78                     RXF11SIDH       equ	3448	;# 
   126   000D79                     RXF11SIDL       equ	3449	;# 
   127   000D7A                     RXF11EIDH       equ	3450	;# 
   128   000D7B                     RXF11EIDL       equ	3451	;# 
   129   000D80                     RXF12SIDH       equ	3456	;# 
   130   000D81                     RXF12SIDL       equ	3457	;# 
   131   000D82                     RXF12EIDH       equ	3458	;# 
   132   000D83                     RXF12EIDL       equ	3459	;# 
   133   000D84                     RXF13SIDH       equ	3460	;# 
   134   000D85                     RXF13SIDL       equ	3461	;# 
   135   000D86                     RXF13EIDH       equ	3462	;# 
   136   000D87                     RXF13EIDL       equ	3463	;# 
   137   000D88                     RXF14SIDH       equ	3464	;# 
   138   000D89                     RXF14SIDL       equ	3465	;# 
   139   000D8A                     RXF14EIDH       equ	3466	;# 
   140   000D8B                     RXF14EIDL       equ	3467	;# 
   141   000D90                     RXF15SIDH       equ	3472	;# 
   142   000D91                     RXF15SIDL       equ	3473	;# 
   143   000D92                     RXF15EIDH       equ	3474	;# 
   144   000D93                     RXF15EIDL       equ	3475	;# 
   145   000DD4                     RXFCON0         equ	3540	;# 
   146   000DD5                     RXFCON1         equ	3541	;# 
   147   000DD8                     SDFLC           equ	3544	;# 
   148   000DE0                     RXFBCON0        equ	3552	;# 
   149   000DE1                     RXFBCON1        equ	3553	;# 
   150   000DE2                     RXFBCON2        equ	3554	;# 
   151   000DE3                     RXFBCON3        equ	3555	;# 
   152   000DE4                     RXFBCON4        equ	3556	;# 
   153   000DE5                     RXFBCON5        equ	3557	;# 
   154   000DE6                     RXFBCON6        equ	3558	;# 
   155   000DE7                     RXFBCON7        equ	3559	;# 
   156   000DF0                     MSEL0           equ	3568	;# 
   157   000DF1                     MSEL1           equ	3569	;# 
   158   000DF2                     MSEL2           equ	3570	;# 
   159   000DF3                     MSEL3           equ	3571	;# 
   160   000DF8                     BSEL0           equ	3576	;# 
   161   000DFA                     BIE0            equ	3578	;# 
   162   000DFC                     TXBIE           equ	3580	;# 
   163   000E20                     B0CON           equ	3616	;# 
   164   000E21                     B0SIDH          equ	3617	;# 
   165   000E22                     B0SIDL          equ	3618	;# 
   166   000E23                     B0EIDH          equ	3619	;# 
   167   000E24                     B0EIDL          equ	3620	;# 
   168   000E25                     B0DLC           equ	3621	;# 
   169   000E26                     B0D0            equ	3622	;# 
   170   000E27                     B0D1            equ	3623	;# 
   171   000E28                     B0D2            equ	3624	;# 
   172   000E29                     B0D3            equ	3625	;# 
   173   000E2A                     B0D4            equ	3626	;# 
   174   000E2B                     B0D5            equ	3627	;# 
   175   000E2C                     B0D6            equ	3628	;# 
   176   000E2D                     B0D7            equ	3629	;# 
   177   000E2E                     CANSTAT_RO9     equ	3630	;# 
   178   000E2F                     CANCON_RO9      equ	3631	;# 
   179   000E30                     B1CON           equ	3632	;# 
   180   000E31                     B1SIDH          equ	3633	;# 
   181   000E32                     B1SIDL          equ	3634	;# 
   182   000E33                     B1EIDH          equ	3635	;# 
   183   000E34                     B1EIDL          equ	3636	;# 
   184   000E35                     B1DLC           equ	3637	;# 
   185   000E36                     B1D0            equ	3638	;# 
   186   000E37                     B1D1            equ	3639	;# 
   187   000E38                     B1D2            equ	3640	;# 
   188   000E39                     B1D3            equ	3641	;# 
   189   000E3A                     B1D4            equ	3642	;# 
   190   000E3B                     B1D5            equ	3643	;# 
   191   000E3C                     B1D6            equ	3644	;# 
   192   000E3D                     B1D7            equ	3645	;# 
   193   000E3E                     CANSTAT_RO8     equ	3646	;# 
   194   000E3F                     CANCON_RO8      equ	3647	;# 
   195   000E40                     B2CON           equ	3648	;# 
   196   000E41                     B2SIDH          equ	3649	;# 
   197   000E42                     B2SIDL          equ	3650	;# 
   198   000E43                     B2EIDH          equ	3651	;# 
   199   000E44                     B2EIDL          equ	3652	;# 
   200   000E45                     B2DLC           equ	3653	;# 
   201   000E46                     B2D0            equ	3654	;# 
   202   000E47                     B2D1            equ	3655	;# 
   203   000E48                     B2D2            equ	3656	;# 
   204   000E49                     B2D3            equ	3657	;# 
   205   000E4A                     B2D4            equ	3658	;# 
   206   000E4B                     B2D5            equ	3659	;# 
   207   000E4C                     B2D6            equ	3660	;# 
   208   000E4D                     B2D7            equ	3661	;# 
   209   000E4E                     CANSTAT_RO7     equ	3662	;# 
   210   000E4F                     CANCON_RO7      equ	3663	;# 
   211   000E50                     B3CON           equ	3664	;# 
   212   000E51                     B3SIDH          equ	3665	;# 
   213   000E52                     B3SIDL          equ	3666	;# 
   214   000E53                     B3EIDH          equ	3667	;# 
   215   000E54                     B3EIDL          equ	3668	;# 
   216   000E55                     B3DLC           equ	3669	;# 
   217   000E56                     B3D0            equ	3670	;# 
   218   000E57                     B3D1            equ	3671	;# 
   219   000E58                     B3D2            equ	3672	;# 
   220   000E59                     B3D3            equ	3673	;# 
   221   000E5A                     B3D4            equ	3674	;# 
   222   000E5B                     B3D5            equ	3675	;# 
   223   000E5C                     B3D6            equ	3676	;# 
   224   000E5D                     B3D7            equ	3677	;# 
   225   000E5E                     CANSTAT_RO6     equ	3678	;# 
   226   000E5F                     CANCON_RO6      equ	3679	;# 
   227   000E60                     B4CON           equ	3680	;# 
   228   000E61                     B4SIDH          equ	3681	;# 
   229   000E62                     B4SIDL          equ	3682	;# 
   230   000E63                     B4EIDH          equ	3683	;# 
   231   000E64                     B4EIDL          equ	3684	;# 
   232   000E65                     B4DLC           equ	3685	;# 
   233   000E66                     B4D0            equ	3686	;# 
   234   000E67                     B4D1            equ	3687	;# 
   235   000E68                     B4D2            equ	3688	;# 
   236   000E69                     B4D3            equ	3689	;# 
   237   000E6A                     B4D4            equ	3690	;# 
   238   000E6B                     B4D5            equ	3691	;# 
   239   000E6C                     B4D6            equ	3692	;# 
   240   000E6D                     B4D7            equ	3693	;# 
   241   000E6E                     CANSTAT_RO5     equ	3694	;# 
   242   000E6F                     CANCON_RO5      equ	3695	;# 
   243   000E70                     B5CON           equ	3696	;# 
   244   000E71                     B5SIDH          equ	3697	;# 
   245   000E72                     B5SIDL          equ	3698	;# 
   246   000E73                     B5EIDH          equ	3699	;# 
   247   000E74                     B5EIDL          equ	3700	;# 
   248   000E75                     B5DLC           equ	3701	;# 
   249   000E76                     B5D0            equ	3702	;# 
   250   000E77                     B5D1            equ	3703	;# 
   251   000E78                     B5D2            equ	3704	;# 
   252   000E79                     B5D3            equ	3705	;# 
   253   000E7A                     B5D4            equ	3706	;# 
   254   000E7B                     B5D5            equ	3707	;# 
   255   000E7C                     B5D6            equ	3708	;# 
   256   000E7D                     B5D7            equ	3709	;# 
   257   000E7E                     CANSTAT_RO4     equ	3710	;# 
   258   000E7F                     CANCON_RO4      equ	3711	;# 
   259   000F00                     RXF0SIDH        equ	3840	;# 
   260   000F01                     RXF0SIDL        equ	3841	;# 
   261   000F02                     RXF0EIDH        equ	3842	;# 
   262   000F03                     RXF0EIDL        equ	3843	;# 
   263   000F04                     RXF1SIDH        equ	3844	;# 
   264   000F05                     RXF1SIDL        equ	3845	;# 
   265   000F06                     RXF1EIDH        equ	3846	;# 
   266   000F07                     RXF1EIDL        equ	3847	;# 
   267   000F08                     RXF2SIDH        equ	3848	;# 
   268   000F09                     RXF2SIDL        equ	3849	;# 
   269   000F0A                     RXF2EIDH        equ	3850	;# 
   270   000F0B                     RXF2EIDL        equ	3851	;# 
   271   000F0C                     RXF3SIDH        equ	3852	;# 
   272   000F0D                     RXF3SIDL        equ	3853	;# 
   273   000F0E                     RXF3EIDH        equ	3854	;# 
   274   000F0F                     RXF3EIDL        equ	3855	;# 
   275   000F10                     RXF4SIDH        equ	3856	;# 
   276   000F11                     RXF4SIDL        equ	3857	;# 
   277   000F12                     RXF4EIDH        equ	3858	;# 
   278   000F13                     RXF4EIDL        equ	3859	;# 
   279   000F14                     RXF5SIDH        equ	3860	;# 
   280   000F15                     RXF5SIDL        equ	3861	;# 
   281   000F16                     RXF5EIDH        equ	3862	;# 
   282   000F17                     RXF5EIDL        equ	3863	;# 
   283   000F18                     RXM0SIDH        equ	3864	;# 
   284   000F19                     RXM0SIDL        equ	3865	;# 
   285   000F1A                     RXM0EIDH        equ	3866	;# 
   286   000F1B                     RXM0EIDL        equ	3867	;# 
   287   000F1C                     RXM1SIDH        equ	3868	;# 
   288   000F1D                     RXM1SIDL        equ	3869	;# 
   289   000F1E                     RXM1EIDH        equ	3870	;# 
   290   000F1F                     RXM1EIDL        equ	3871	;# 
   291   000F20                     TXB2CON         equ	3872	;# 
   292   000F21                     TXB2SIDH        equ	3873	;# 
   293   000F22                     TXB2SIDL        equ	3874	;# 
   294   000F23                     TXB2EIDH        equ	3875	;# 
   295   000F24                     TXB2EIDL        equ	3876	;# 
   296   000F25                     TXB2DLC         equ	3877	;# 
   297   000F26                     TXB2D0          equ	3878	;# 
   298   000F27                     TXB2D1          equ	3879	;# 
   299   000F28                     TXB2D2          equ	3880	;# 
   300   000F29                     TXB2D3          equ	3881	;# 
   301   000F2A                     TXB2D4          equ	3882	;# 
   302   000F2B                     TXB2D5          equ	3883	;# 
   303   000F2C                     TXB2D6          equ	3884	;# 
   304   000F2D                     TXB2D7          equ	3885	;# 
   305   000F2E                     CANSTAT_RO3     equ	3886	;# 
   306   000F2F                     CANCON_RO3      equ	3887	;# 
   307   000F30                     TXB1CON         equ	3888	;# 
   308   000F31                     TXB1SIDH        equ	3889	;# 
   309   000F32                     TXB1SIDL        equ	3890	;# 
   310   000F33                     TXB1EIDH        equ	3891	;# 
   311   000F34                     TXB1EIDL        equ	3892	;# 
   312   000F35                     TXB1DLC         equ	3893	;# 
   313   000F36                     TXB1D0          equ	3894	;# 
   314   000F37                     TXB1D1          equ	3895	;# 
   315   000F38                     TXB1D2          equ	3896	;# 
   316   000F39                     TXB1D3          equ	3897	;# 
   317   000F3A                     TXB1D4          equ	3898	;# 
   318   000F3B                     TXB1D5          equ	3899	;# 
   319   000F3C                     TXB1D6          equ	3900	;# 
   320   000F3D                     TXB1D7          equ	3901	;# 
   321   000F3E                     CANSTAT_RO2     equ	3902	;# 
   322   000F3F                     CANCON_RO2      equ	3903	;# 
   323   000F40                     TXB0CON         equ	3904	;# 
   324   000F41                     TXB0SIDH        equ	3905	;# 
   325   000F42                     TXB0SIDL        equ	3906	;# 
   326   000F43                     TXB0EIDH        equ	3907	;# 
   327   000F44                     TXB0EIDL        equ	3908	;# 
   328   000F45                     TXB0DLC         equ	3909	;# 
   329   000F46                     TXB0D0          equ	3910	;# 
   330   000F47                     TXB0D1          equ	3911	;# 
   331   000F48                     TXB0D2          equ	3912	;# 
   332   000F49                     TXB0D3          equ	3913	;# 
   333   000F4A                     TXB0D4          equ	3914	;# 
   334   000F4B                     TXB0D5          equ	3915	;# 
   335   000F4C                     TXB0D6          equ	3916	;# 
   336   000F4D                     TXB0D7          equ	3917	;# 
   337   000F4E                     CANSTAT_RO1     equ	3918	;# 
   338   000F4F                     CANCON_RO1      equ	3919	;# 
   339   000F50                     RXB1CON         equ	3920	;# 
   340   000F51                     RXB1SIDH        equ	3921	;# 
   341   000F52                     RXB1SIDL        equ	3922	;# 
   342   000F53                     RXB1EIDH        equ	3923	;# 
   343   000F54                     RXB1EIDL        equ	3924	;# 
   344   000F55                     RXB1DLC         equ	3925	;# 
   345   000F56                     RXB1D0          equ	3926	;# 
   346   000F57                     RXB1D1          equ	3927	;# 
   347   000F58                     RXB1D2          equ	3928	;# 
   348   000F59                     RXB1D3          equ	3929	;# 
   349   000F5A                     RXB1D4          equ	3930	;# 
   350   000F5B                     RXB1D5          equ	3931	;# 
   351   000F5C                     RXB1D6          equ	3932	;# 
   352   000F5D                     RXB1D7          equ	3933	;# 
   353   000F5E                     CANSTAT_RO0     equ	3934	;# 
   354   000F5F                     CANCON_RO0      equ	3935	;# 
   355   000F60                     RXB0CON         equ	3936	;# 
   356   000F61                     RXB0SIDH        equ	3937	;# 
   357   000F62                     RXB0SIDL        equ	3938	;# 
   358   000F63                     RXB0EIDH        equ	3939	;# 
   359   000F64                     RXB0EIDL        equ	3940	;# 
   360   000F65                     RXB0DLC         equ	3941	;# 
   361   000F66                     RXB0D0          equ	3942	;# 
   362   000F67                     RXB0D1          equ	3943	;# 
   363   000F68                     RXB0D2          equ	3944	;# 
   364   000F69                     RXB0D3          equ	3945	;# 
   365   000F6A                     RXB0D4          equ	3946	;# 
   366   000F6B                     RXB0D5          equ	3947	;# 
   367   000F6C                     RXB0D6          equ	3948	;# 
   368   000F6D                     RXB0D7          equ	3949	;# 
   369   000F6E                     CANSTAT         equ	3950	;# 
   370   000F6F                     CANCON          equ	3951	;# 
   371   000F70                     BRGCON1         equ	3952	;# 
   372   000F71                     BRGCON2         equ	3953	;# 
   373   000F72                     BRGCON3         equ	3954	;# 
   374   000F73                     CIOCON          equ	3955	;# 
   375   000F74                     COMSTAT         equ	3956	;# 
   376   000F75                     RXERRCNT        equ	3957	;# 
   377   000F76                     TXERRCNT        equ	3958	;# 
   378   000F77                     ECANCON         equ	3959	;# 
   379   000F80                     PORTA           equ	3968	;# 
   380   000F81                     PORTB           equ	3969	;# 
   381   000F82                     PORTC           equ	3970	;# 
   382   000F83                     PORTD           equ	3971	;# 
   383   000F84                     PORTE           equ	3972	;# 
   384   000F89                     LATA            equ	3977	;# 
   385   000F8A                     LATB            equ	3978	;# 
   386   000F8B                     LATC            equ	3979	;# 
   387   000F8C                     LATD            equ	3980	;# 
   388   000F8D                     LATE            equ	3981	;# 
   389   000F92                     TRISA           equ	3986	;# 
   390   000F92                     DDRA            equ	3986	;# 
   391   000F93                     TRISB           equ	3987	;# 
   392   000F93                     DDRB            equ	3987	;# 
   393   000F94                     TRISC           equ	3988	;# 
   394   000F94                     DDRC            equ	3988	;# 
   395   000F95                     TRISD           equ	3989	;# 
   396   000F95                     DDRD            equ	3989	;# 
   397   000F96                     TRISE           equ	3990	;# 
   398   000F96                     DDRE            equ	3990	;# 
   399   000F9B                     OSCTUNE         equ	3995	;# 
   400   000F9D                     PIE1            equ	3997	;# 
   401   000F9E                     PIR1            equ	3998	;# 
   402   000F9F                     IPR1            equ	3999	;# 
   403   000FA0                     PIE2            equ	4000	;# 
   404   000FA1                     PIR2            equ	4001	;# 
   405   000FA2                     IPR2            equ	4002	;# 
   406   000FA3                     PIE3            equ	4003	;# 
   407   000FA4                     PIR3            equ	4004	;# 
   408   000FA5                     IPR3            equ	4005	;# 
   409   000FA6                     EECON1          equ	4006	;# 
   410   000FA7                     EECON2          equ	4007	;# 
   411   000FA8                     EEDATA          equ	4008	;# 
   412   000FA9                     EEADR           equ	4009	;# 
   413   000FAB                     RCSTA           equ	4011	;# 
   414   000FAB                     RCSTA1          equ	4011	;# 
   415   000FAC                     TXSTA           equ	4012	;# 
   416   000FAC                     TXSTA1          equ	4012	;# 
   417   000FAD                     TXREG           equ	4013	;# 
   418   000FAD                     TXREG1          equ	4013	;# 
   419   000FAE                     RCREG           equ	4014	;# 
   420   000FAE                     RCREG1          equ	4014	;# 
   421   000FAF                     SPBRG           equ	4015	;# 
   422   000FAF                     SPBRG1          equ	4015	;# 
   423   000FB0                     SPBRGH          equ	4016	;# 
   424   000FB1                     T3CON           equ	4017	;# 
   425   000FB2                     TMR3            equ	4018	;# 
   426   000FB2                     TMR3L           equ	4018	;# 
   427   000FB3                     TMR3H           equ	4019	;# 
   428   000FB4                     CMCON           equ	4020	;# 
   429   000FB5                     CVRCON          equ	4021	;# 
   430   000FB6                     ECCP1AS         equ	4022	;# 
   431   000FB7                     ECCP1DEL        equ	4023	;# 
   432   000FB8                     BAUDCON         equ	4024	;# 
   433   000FB8                     BAUDCTL         equ	4024	;# 
   434   000FBA                     ECCP1CON        equ	4026	;# 
   435   000FBB                     ECCPR1          equ	4027	;# 
   436   000FBB                     ECCPR1L         equ	4027	;# 
   437   000FBC                     ECCPR1H         equ	4028	;# 
   438   000FBD                     CCP1CON         equ	4029	;# 
   439   000FBE                     CCPR1           equ	4030	;# 
   440   000FBE                     CCPR1L          equ	4030	;# 
   441   000FBF                     CCPR1H          equ	4031	;# 
   442   000FC0                     ADCON2          equ	4032	;# 
   443   000FC1                     ADCON1          equ	4033	;# 
   444   000FC2                     ADCON0          equ	4034	;# 
   445   000FC3                     ADRES           equ	4035	;# 
   446   000FC3                     ADRESL          equ	4035	;# 
   447   000FC4                     ADRESH          equ	4036	;# 
   448   000FC5                     SSPCON2         equ	4037	;# 
   449   000FC6                     SSPCON1         equ	4038	;# 
   450   000FC7                     SSPSTAT         equ	4039	;# 
   451   000FC8                     SSPADD          equ	4040	;# 
   452   000FC9                     SSPBUF          equ	4041	;# 
   453   000FCA                     T2CON           equ	4042	;# 
   454   000FCB                     PR2             equ	4043	;# 
   455   000FCB                     MEMCON          equ	4043	;# 
   456   000FCC                     TMR2            equ	4044	;# 
   457   000FCD                     T1CON           equ	4045	;# 
   458   000FCE                     TMR1            equ	4046	;# 
   459   000FCE                     TMR1L           equ	4046	;# 
   460   000FCF                     TMR1H           equ	4047	;# 
   461   000FD0                     RCON            equ	4048	;# 
   462   000FD1                     WDTCON          equ	4049	;# 
   463   000FD2                     HLVDCON         equ	4050	;# 
   464   000FD2                     LVDCON          equ	4050	;# 
   465   000FD3                     OSCCON          equ	4051	;# 
   466   000FD5                     T0CON           equ	4053	;# 
   467   000FD6                     TMR0            equ	4054	;# 
   468   000FD6                     TMR0L           equ	4054	;# 
   469   000FD7                     TMR0H           equ	4055	;# 
   470   000FD8                     STATUS          equ	4056	;# 
   471   000FD9                     FSR2            equ	4057	;# 
   472   000FD9                     FSR2L           equ	4057	;# 
   473   000FDA                     FSR2H           equ	4058	;# 
   474   000FDB                     PLUSW2          equ	4059	;# 
   475   000FDC                     PREINC2         equ	4060	;# 
   476   000FDD                     POSTDEC2        equ	4061	;# 
   477   000FDE                     POSTINC2        equ	4062	;# 
   478   000FDF                     INDF2           equ	4063	;# 
   479   000FE0                     BSR             equ	4064	;# 
   480   000FE1                     FSR1            equ	4065	;# 
   481   000FE1                     FSR1L           equ	4065	;# 
   482   000FE2                     FSR1H           equ	4066	;# 
   483   000FE3                     PLUSW1          equ	4067	;# 
   484   000FE4                     PREINC1         equ	4068	;# 
   485   000FE5                     POSTDEC1        equ	4069	;# 
   486   000FE6                     POSTINC1        equ	4070	;# 
   487   000FE7                     INDF1           equ	4071	;# 
   488   000FE8                     WREG            equ	4072	;# 
   489   000FE9                     FSR0            equ	4073	;# 
   490   000FE9                     FSR0L           equ	4073	;# 
   491   000FEA                     FSR0H           equ	4074	;# 
   492   000FEB                     PLUSW0          equ	4075	;# 
   493   000FEC                     PREINC0         equ	4076	;# 
   494   000FED                     POSTDEC0        equ	4077	;# 
   495   000FEE                     POSTINC0        equ	4078	;# 
   496   000FEF                     INDF0           equ	4079	;# 
   497   000FF0                     INTCON3         equ	4080	;# 
   498   000FF1                     INTCON2         equ	4081	;# 
   499   000FF2                     INTCON          equ	4082	;# 
   500   000FF3                     PROD            equ	4083	;# 
   501   000FF3                     PRODL           equ	4083	;# 
   502   000FF4                     PRODH           equ	4084	;# 
   503   000FF5                     TABLAT          equ	4085	;# 
   504   000FF6                     TBLPTR          equ	4086	;# 
   505   000FF6                     TBLPTRL         equ	4086	;# 
   506   000FF7                     TBLPTRH         equ	4087	;# 
   507   000FF8                     TBLPTRU         equ	4088	;# 
   508   000FF9                     PCLAT           equ	4089	;# 
   509   000FF9                     PC              equ	4089	;# 
   510   000FF9                     PCL             equ	4089	;# 
   511   000FFA                     PCLATH          equ	4090	;# 
   512   000FFB                     PCLATU          equ	4091	;# 
   513   000FFC                     STKPTR          equ	4092	;# 
   514   000FFD                     TOS             equ	4093	;# 
   515   000FFD                     TOSL            equ	4093	;# 
   516   000FFE                     TOSH            equ	4094	;# 
   517   000FFF                     TOSU            equ	4095	;# 
   518   000D60                     RXF6SIDH        equ	3424	;# 
   519   000D61                     RXF6SIDL        equ	3425	;# 
   520   000D62                     RXF6EIDH        equ	3426	;# 
   521   000D63                     RXF6EIDL        equ	3427	;# 
   522   000D64                     RXF7SIDH        equ	3428	;# 
   523   000D65                     RXF7SIDL        equ	3429	;# 
   524   000D66                     RXF7EIDH        equ	3430	;# 
   525   000D67                     RXF7EIDL        equ	3431	;# 
   526   000D68                     RXF8SIDH        equ	3432	;# 
   527   000D69                     RXF8SIDL        equ	3433	;# 
   528   000D6A                     RXF8EIDH        equ	3434	;# 
   529   000D6B                     RXF8EIDL        equ	3435	;# 
   530   000D70                     RXF9SIDH        equ	3440	;# 
   531   000D71                     RXF9SIDL        equ	3441	;# 
   532   000D72                     RXF9EIDH        equ	3442	;# 
   533   000D73                     RXF9EIDL        equ	3443	;# 
   534   000D74                     RXF10SIDH       equ	3444	;# 
   535   000D75                     RXF10SIDL       equ	3445	;# 
   536   000D76                     RXF10EIDH       equ	3446	;# 
   537   000D77                     RXF10EIDL       equ	3447	;# 
   538   000D78                     RXF11SIDH       equ	3448	;# 
   539   000D79                     RXF11SIDL       equ	3449	;# 
   540   000D7A                     RXF11EIDH       equ	3450	;# 
   541   000D7B                     RXF11EIDL       equ	3451	;# 
   542   000D80                     RXF12SIDH       equ	3456	;# 
   543   000D81                     RXF12SIDL       equ	3457	;# 
   544   000D82                     RXF12EIDH       equ	3458	;# 
   545   000D83                     RXF12EIDL       equ	3459	;# 
   546   000D84                     RXF13SIDH       equ	3460	;# 
   547   000D85                     RXF13SIDL       equ	3461	;# 
   548   000D86                     RXF13EIDH       equ	3462	;# 
   549   000D87                     RXF13EIDL       equ	3463	;# 
   550   000D88                     RXF14SIDH       equ	3464	;# 
   551   000D89                     RXF14SIDL       equ	3465	;# 
   552   000D8A                     RXF14EIDH       equ	3466	;# 
   553   000D8B                     RXF14EIDL       equ	3467	;# 
   554   000D90                     RXF15SIDH       equ	3472	;# 
   555   000D91                     RXF15SIDL       equ	3473	;# 
   556   000D92                     RXF15EIDH       equ	3474	;# 
   557   000D93                     RXF15EIDL       equ	3475	;# 
   558   000DD4                     RXFCON0         equ	3540	;# 
   559   000DD5                     RXFCON1         equ	3541	;# 
   560   000DD8                     SDFLC           equ	3544	;# 
   561   000DE0                     RXFBCON0        equ	3552	;# 
   562   000DE1                     RXFBCON1        equ	3553	;# 
   563   000DE2                     RXFBCON2        equ	3554	;# 
   564   000DE3                     RXFBCON3        equ	3555	;# 
   565   000DE4                     RXFBCON4        equ	3556	;# 
   566   000DE5                     RXFBCON5        equ	3557	;# 
   567   000DE6                     RXFBCON6        equ	3558	;# 
   568   000DE7                     RXFBCON7        equ	3559	;# 
   569   000DF0                     MSEL0           equ	3568	;# 
   570   000DF1                     MSEL1           equ	3569	;# 
   571   000DF2                     MSEL2           equ	3570	;# 
   572   000DF3                     MSEL3           equ	3571	;# 
   573   000DF8                     BSEL0           equ	3576	;# 
   574   000DFA                     BIE0            equ	3578	;# 
   575   000DFC                     TXBIE           equ	3580	;# 
   576   000E20                     B0CON           equ	3616	;# 
   577   000E21                     B0SIDH          equ	3617	;# 
   578   000E22                     B0SIDL          equ	3618	;# 
   579   000E23                     B0EIDH          equ	3619	;# 
   580   000E24                     B0EIDL          equ	3620	;# 
   581   000E25                     B0DLC           equ	3621	;# 
   582   000E26                     B0D0            equ	3622	;# 
   583   000E27                     B0D1            equ	3623	;# 
   584   000E28                     B0D2            equ	3624	;# 
   585   000E29                     B0D3            equ	3625	;# 
   586   000E2A                     B0D4            equ	3626	;# 
   587   000E2B                     B0D5            equ	3627	;# 
   588   000E2C                     B0D6            equ	3628	;# 
   589   000E2D                     B0D7            equ	3629	;# 
   590   000E2E                     CANSTAT_RO9     equ	3630	;# 
   591   000E2F                     CANCON_RO9      equ	3631	;# 
   592   000E30                     B1CON           equ	3632	;# 
   593   000E31                     B1SIDH          equ	3633	;# 
   594   000E32                     B1SIDL          equ	3634	;# 
   595   000E33                     B1EIDH          equ	3635	;# 
   596   000E34                     B1EIDL          equ	3636	;# 
   597   000E35                     B1DLC           equ	3637	;# 
   598   000E36                     B1D0            equ	3638	;# 
   599   000E37                     B1D1            equ	3639	;# 
   600   000E38                     B1D2            equ	3640	;# 
   601   000E39                     B1D3            equ	3641	;# 
   602   000E3A                     B1D4            equ	3642	;# 
   603   000E3B                     B1D5            equ	3643	;# 
   604   000E3C                     B1D6            equ	3644	;# 
   605   000E3D                     B1D7            equ	3645	;# 
   606   000E3E                     CANSTAT_RO8     equ	3646	;# 
   607   000E3F                     CANCON_RO8      equ	3647	;# 
   608   000E40                     B2CON           equ	3648	;# 
   609   000E41                     B2SIDH          equ	3649	;# 
   610   000E42                     B2SIDL          equ	3650	;# 
   611   000E43                     B2EIDH          equ	3651	;# 
   612   000E44                     B2EIDL          equ	3652	;# 
   613   000E45                     B2DLC           equ	3653	;# 
   614   000E46                     B2D0            equ	3654	;# 
   615   000E47                     B2D1            equ	3655	;# 
   616   000E48                     B2D2            equ	3656	;# 
   617   000E49                     B2D3            equ	3657	;# 
   618   000E4A                     B2D4            equ	3658	;# 
   619   000E4B                     B2D5            equ	3659	;# 
   620   000E4C                     B2D6            equ	3660	;# 
   621   000E4D                     B2D7            equ	3661	;# 
   622   000E4E                     CANSTAT_RO7     equ	3662	;# 
   623   000E4F                     CANCON_RO7      equ	3663	;# 
   624   000E50                     B3CON           equ	3664	;# 
   625   000E51                     B3SIDH          equ	3665	;# 
   626   000E52                     B3SIDL          equ	3666	;# 
   627   000E53                     B3EIDH          equ	3667	;# 
   628   000E54                     B3EIDL          equ	3668	;# 
   629   000E55                     B3DLC           equ	3669	;# 
   630   000E56                     B3D0            equ	3670	;# 
   631   000E57                     B3D1            equ	3671	;# 
   632   000E58                     B3D2            equ	3672	;# 
   633   000E59                     B3D3            equ	3673	;# 
   634   000E5A                     B3D4            equ	3674	;# 
   635   000E5B                     B3D5            equ	3675	;# 
   636   000E5C                     B3D6            equ	3676	;# 
   637   000E5D                     B3D7            equ	3677	;# 
   638   000E5E                     CANSTAT_RO6     equ	3678	;# 
   639   000E5F                     CANCON_RO6      equ	3679	;# 
   640   000E60                     B4CON           equ	3680	;# 
   641   000E61                     B4SIDH          equ	3681	;# 
   642   000E62                     B4SIDL          equ	3682	;# 
   643   000E63                     B4EIDH          equ	3683	;# 
   644   000E64                     B4EIDL          equ	3684	;# 
   645   000E65                     B4DLC           equ	3685	;# 
   646   000E66                     B4D0            equ	3686	;# 
   647   000E67                     B4D1            equ	3687	;# 
   648   000E68                     B4D2            equ	3688	;# 
   649   000E69                     B4D3            equ	3689	;# 
   650   000E6A                     B4D4            equ	3690	;# 
   651   000E6B                     B4D5            equ	3691	;# 
   652   000E6C                     B4D6            equ	3692	;# 
   653   000E6D                     B4D7            equ	3693	;# 
   654   000E6E                     CANSTAT_RO5     equ	3694	;# 
   655   000E6F                     CANCON_RO5      equ	3695	;# 
   656   000E70                     B5CON           equ	3696	;# 
   657   000E71                     B5SIDH          equ	3697	;# 
   658   000E72                     B5SIDL          equ	3698	;# 
   659   000E73                     B5EIDH          equ	3699	;# 
   660   000E74                     B5EIDL          equ	3700	;# 
   661   000E75                     B5DLC           equ	3701	;# 
   662   000E76                     B5D0            equ	3702	;# 
   663   000E77                     B5D1            equ	3703	;# 
   664   000E78                     B5D2            equ	3704	;# 
   665   000E79                     B5D3            equ	3705	;# 
   666   000E7A                     B5D4            equ	3706	;# 
   667   000E7B                     B5D5            equ	3707	;# 
   668   000E7C                     B5D6            equ	3708	;# 
   669   000E7D                     B5D7            equ	3709	;# 
   670   000E7E                     CANSTAT_RO4     equ	3710	;# 
   671   000E7F                     CANCON_RO4      equ	3711	;# 
   672   000F00                     RXF0SIDH        equ	3840	;# 
   673   000F01                     RXF0SIDL        equ	3841	;# 
   674   000F02                     RXF0EIDH        equ	3842	;# 
   675   000F03                     RXF0EIDL        equ	3843	;# 
   676   000F04                     RXF1SIDH        equ	3844	;# 
   677   000F05                     RXF1SIDL        equ	3845	;# 
   678   000F06                     RXF1EIDH        equ	3846	;# 
   679   000F07                     RXF1EIDL        equ	3847	;# 
   680   000F08                     RXF2SIDH        equ	3848	;# 
   681   000F09                     RXF2SIDL        equ	3849	;# 
   682   000F0A                     RXF2EIDH        equ	3850	;# 
   683   000F0B                     RXF2EIDL        equ	3851	;# 
   684   000F0C                     RXF3SIDH        equ	3852	;# 
   685   000F0D                     RXF3SIDL        equ	3853	;# 
   686   000F0E                     RXF3EIDH        equ	3854	;# 
   687   000F0F                     RXF3EIDL        equ	3855	;# 
   688   000F10                     RXF4SIDH        equ	3856	;# 
   689   000F11                     RXF4SIDL        equ	3857	;# 
   690   000F12                     RXF4EIDH        equ	3858	;# 
   691   000F13                     RXF4EIDL        equ	3859	;# 
   692   000F14                     RXF5SIDH        equ	3860	;# 
   693   000F15                     RXF5SIDL        equ	3861	;# 
   694   000F16                     RXF5EIDH        equ	3862	;# 
   695   000F17                     RXF5EIDL        equ	3863	;# 
   696   000F18                     RXM0SIDH        equ	3864	;# 
   697   000F19                     RXM0SIDL        equ	3865	;# 
   698   000F1A                     RXM0EIDH        equ	3866	;# 
   699   000F1B                     RXM0EIDL        equ	3867	;# 
   700   000F1C                     RXM1SIDH        equ	3868	;# 
   701   000F1D                     RXM1SIDL        equ	3869	;# 
   702   000F1E                     RXM1EIDH        equ	3870	;# 
   703   000F1F                     RXM1EIDL        equ	3871	;# 
   704   000F20                     TXB2CON         equ	3872	;# 
   705   000F21                     TXB2SIDH        equ	3873	;# 
   706   000F22                     TXB2SIDL        equ	3874	;# 
   707   000F23                     TXB2EIDH        equ	3875	;# 
   708   000F24                     TXB2EIDL        equ	3876	;# 
   709   000F25                     TXB2DLC         equ	3877	;# 
   710   000F26                     TXB2D0          equ	3878	;# 
   711   000F27                     TXB2D1          equ	3879	;# 
   712   000F28                     TXB2D2          equ	3880	;# 
   713   000F29                     TXB2D3          equ	3881	;# 
   714   000F2A                     TXB2D4          equ	3882	;# 
   715   000F2B                     TXB2D5          equ	3883	;# 
   716   000F2C                     TXB2D6          equ	3884	;# 
   717   000F2D                     TXB2D7          equ	3885	;# 
   718   000F2E                     CANSTAT_RO3     equ	3886	;# 
   719   000F2F                     CANCON_RO3      equ	3887	;# 
   720   000F30                     TXB1CON         equ	3888	;# 
   721   000F31                     TXB1SIDH        equ	3889	;# 
   722   000F32                     TXB1SIDL        equ	3890	;# 
   723   000F33                     TXB1EIDH        equ	3891	;# 
   724   000F34                     TXB1EIDL        equ	3892	;# 
   725   000F35                     TXB1DLC         equ	3893	;# 
   726   000F36                     TXB1D0          equ	3894	;# 
   727   000F37                     TXB1D1          equ	3895	;# 
   728   000F38                     TXB1D2          equ	3896	;# 
   729   000F39                     TXB1D3          equ	3897	;# 
   730   000F3A                     TXB1D4          equ	3898	;# 
   731   000F3B                     TXB1D5          equ	3899	;# 
   732   000F3C                     TXB1D6          equ	3900	;# 
   733   000F3D                     TXB1D7          equ	3901	;# 
   734   000F3E                     CANSTAT_RO2     equ	3902	;# 
   735   000F3F                     CANCON_RO2      equ	3903	;# 
   736   000F40                     TXB0CON         equ	3904	;# 
   737   000F41                     TXB0SIDH        equ	3905	;# 
   738   000F42                     TXB0SIDL        equ	3906	;# 
   739   000F43                     TXB0EIDH        equ	3907	;# 
   740   000F44                     TXB0EIDL        equ	3908	;# 
   741   000F45                     TXB0DLC         equ	3909	;# 
   742   000F46                     TXB0D0          equ	3910	;# 
   743   000F47                     TXB0D1          equ	3911	;# 
   744   000F48                     TXB0D2          equ	3912	;# 
   745   000F49                     TXB0D3          equ	3913	;# 
   746   000F4A                     TXB0D4          equ	3914	;# 
   747   000F4B                     TXB0D5          equ	3915	;# 
   748   000F4C                     TXB0D6          equ	3916	;# 
   749   000F4D                     TXB0D7          equ	3917	;# 
   750   000F4E                     CANSTAT_RO1     equ	3918	;# 
   751   000F4F                     CANCON_RO1      equ	3919	;# 
   752   000F50                     RXB1CON         equ	3920	;# 
   753   000F51                     RXB1SIDH        equ	3921	;# 
   754   000F52                     RXB1SIDL        equ	3922	;# 
   755   000F53                     RXB1EIDH        equ	3923	;# 
   756   000F54                     RXB1EIDL        equ	3924	;# 
   757   000F55                     RXB1DLC         equ	3925	;# 
   758   000F56                     RXB1D0          equ	3926	;# 
   759   000F57                     RXB1D1          equ	3927	;# 
   760   000F58                     RXB1D2          equ	3928	;# 
   761   000F59                     RXB1D3          equ	3929	;# 
   762   000F5A                     RXB1D4          equ	3930	;# 
   763   000F5B                     RXB1D5          equ	3931	;# 
   764   000F5C                     RXB1D6          equ	3932	;# 
   765   000F5D                     RXB1D7          equ	3933	;# 
   766   000F5E                     CANSTAT_RO0     equ	3934	;# 
   767   000F5F                     CANCON_RO0      equ	3935	;# 
   768   000F60                     RXB0CON         equ	3936	;# 
   769   000F61                     RXB0SIDH        equ	3937	;# 
   770   000F62                     RXB0SIDL        equ	3938	;# 
   771   000F63                     RXB0EIDH        equ	3939	;# 
   772   000F64                     RXB0EIDL        equ	3940	;# 
   773   000F65                     RXB0DLC         equ	3941	;# 
   774   000F66                     RXB0D0          equ	3942	;# 
   775   000F67                     RXB0D1          equ	3943	;# 
   776   000F68                     RXB0D2          equ	3944	;# 
   777   000F69                     RXB0D3          equ	3945	;# 
   778   000F6A                     RXB0D4          equ	3946	;# 
   779   000F6B                     RXB0D5          equ	3947	;# 
   780   000F6C                     RXB0D6          equ	3948	;# 
   781   000F6D                     RXB0D7          equ	3949	;# 
   782   000F6E                     CANSTAT         equ	3950	;# 
   783   000F6F                     CANCON          equ	3951	;# 
   784   000F70                     BRGCON1         equ	3952	;# 
   785   000F71                     BRGCON2         equ	3953	;# 
   786   000F72                     BRGCON3         equ	3954	;# 
   787   000F73                     CIOCON          equ	3955	;# 
   788   000F74                     COMSTAT         equ	3956	;# 
   789   000F75                     RXERRCNT        equ	3957	;# 
   790   000F76                     TXERRCNT        equ	3958	;# 
   791   000F77                     ECANCON         equ	3959	;# 
   792   000F80                     PORTA           equ	3968	;# 
   793   000F81                     PORTB           equ	3969	;# 
   794   000F82                     PORTC           equ	3970	;# 
   795   000F83                     PORTD           equ	3971	;# 
   796   000F84                     PORTE           equ	3972	;# 
   797   000F89                     LATA            equ	3977	;# 
   798   000F8A                     LATB            equ	3978	;# 
   799   000F8B                     LATC            equ	3979	;# 
   800   000F8C                     LATD            equ	3980	;# 
   801   000F8D                     LATE            equ	3981	;# 
   802   000F92                     TRISA           equ	3986	;# 
   803   000F92                     DDRA            equ	3986	;# 
   804   000F93                     TRISB           equ	3987	;# 
   805   000F93                     DDRB            equ	3987	;# 
   806   000F94                     TRISC           equ	3988	;# 
   807   000F94                     DDRC            equ	3988	;# 
   808   000F95                     TRISD           equ	3989	;# 
   809   000F95                     DDRD            equ	3989	;# 
   810   000F96                     TRISE           equ	3990	;# 
   811   000F96                     DDRE            equ	3990	;# 
   812   000F9B                     OSCTUNE         equ	3995	;# 
   813   000F9D                     PIE1            equ	3997	;# 
   814   000F9E                     PIR1            equ	3998	;# 
   815   000F9F                     IPR1            equ	3999	;# 
   816   000FA0                     PIE2            equ	4000	;# 
   817   000FA1                     PIR2            equ	4001	;# 
   818   000FA2                     IPR2            equ	4002	;# 
   819   000FA3                     PIE3            equ	4003	;# 
   820   000FA4                     PIR3            equ	4004	;# 
   821   000FA5                     IPR3            equ	4005	;# 
   822   000FA6                     EECON1          equ	4006	;# 
   823   000FA7                     EECON2          equ	4007	;# 
   824   000FA8                     EEDATA          equ	4008	;# 
   825   000FA9                     EEADR           equ	4009	;# 
   826   000FAB                     RCSTA           equ	4011	;# 
   827   000FAB                     RCSTA1          equ	4011	;# 
   828   000FAC                     TXSTA           equ	4012	;# 
   829   000FAC                     TXSTA1          equ	4012	;# 
   830   000FAD                     TXREG           equ	4013	;# 
   831   000FAD                     TXREG1          equ	4013	;# 
   832   000FAE                     RCREG           equ	4014	;# 
   833   000FAE                     RCREG1          equ	4014	;# 
   834   000FAF                     SPBRG           equ	4015	;# 
   835   000FAF                     SPBRG1          equ	4015	;# 
   836   000FB0                     SPBRGH          equ	4016	;# 
   837   000FB1                     T3CON           equ	4017	;# 
   838   000FB2                     TMR3            equ	4018	;# 
   839   000FB2                     TMR3L           equ	4018	;# 
   840   000FB3                     TMR3H           equ	4019	;# 
   841   000FB4                     CMCON           equ	4020	;# 
   842   000FB5                     CVRCON          equ	4021	;# 
   843   000FB6                     ECCP1AS         equ	4022	;# 
   844   000FB7                     ECCP1DEL        equ	4023	;# 
   845   000FB8                     BAUDCON         equ	4024	;# 
   846   000FB8                     BAUDCTL         equ	4024	;# 
   847   000FBA                     ECCP1CON        equ	4026	;# 
   848   000FBB                     ECCPR1          equ	4027	;# 
   849   000FBB                     ECCPR1L         equ	4027	;# 
   850   000FBC                     ECCPR1H         equ	4028	;# 
   851   000FBD                     CCP1CON         equ	4029	;# 
   852   000FBE                     CCPR1           equ	4030	;# 
   853   000FBE                     CCPR1L          equ	4030	;# 
   854   000FBF                     CCPR1H          equ	4031	;# 
   855   000FC0                     ADCON2          equ	4032	;# 
   856   000FC1                     ADCON1          equ	4033	;# 
   857   000FC2                     ADCON0          equ	4034	;# 
   858   000FC3                     ADRES           equ	4035	;# 
   859   000FC3                     ADRESL          equ	4035	;# 
   860   000FC4                     ADRESH          equ	4036	;# 
   861   000FC5                     SSPCON2         equ	4037	;# 
   862   000FC6                     SSPCON1         equ	4038	;# 
   863   000FC7                     SSPSTAT         equ	4039	;# 
   864   000FC8                     SSPADD          equ	4040	;# 
   865   000FC9                     SSPBUF          equ	4041	;# 
   866   000FCA                     T2CON           equ	4042	;# 
   867   000FCB                     PR2             equ	4043	;# 
   868   000FCB                     MEMCON          equ	4043	;# 
   869   000FCC                     TMR2            equ	4044	;# 
   870   000FCD                     T1CON           equ	4045	;# 
   871   000FCE                     TMR1            equ	4046	;# 
   872   000FCE                     TMR1L           equ	4046	;# 
   873   000FCF                     TMR1H           equ	4047	;# 
   874   000FD0                     RCON            equ	4048	;# 
   875   000FD1                     WDTCON          equ	4049	;# 
   876   000FD2                     HLVDCON         equ	4050	;# 
   877   000FD2                     LVDCON          equ	4050	;# 
   878   000FD3                     OSCCON          equ	4051	;# 
   879   000FD5                     T0CON           equ	4053	;# 
   880   000FD6                     TMR0            equ	4054	;# 
   881   000FD6                     TMR0L           equ	4054	;# 
   882   000FD7                     TMR0H           equ	4055	;# 
   883   000FD8                     STATUS          equ	4056	;# 
   884   000FD9                     FSR2            equ	4057	;# 
   885   000FD9                     FSR2L           equ	4057	;# 
   886   000FDA                     FSR2H           equ	4058	;# 
   887   000FDB                     PLUSW2          equ	4059	;# 
   888   000FDC                     PREINC2         equ	4060	;# 
   889   000FDD                     POSTDEC2        equ	4061	;# 
   890   000FDE                     POSTINC2        equ	4062	;# 
   891   000FDF                     INDF2           equ	4063	;# 
   892   000FE0                     BSR             equ	4064	;# 
   893   000FE1                     FSR1            equ	4065	;# 
   894   000FE1                     FSR1L           equ	4065	;# 
   895   000FE2                     FSR1H           equ	4066	;# 
   896   000FE3                     PLUSW1          equ	4067	;# 
   897   000FE4                     PREINC1         equ	4068	;# 
   898   000FE5                     POSTDEC1        equ	4069	;# 
   899   000FE6                     POSTINC1        equ	4070	;# 
   900   000FE7                     INDF1           equ	4071	;# 
   901   000FE8                     WREG            equ	4072	;# 
   902   000FE9                     FSR0            equ	4073	;# 
   903   000FE9                     FSR0L           equ	4073	;# 
   904   000FEA                     FSR0H           equ	4074	;# 
   905   000FEB                     PLUSW0          equ	4075	;# 
   906   000FEC                     PREINC0         equ	4076	;# 
   907   000FED                     POSTDEC0        equ	4077	;# 
   908   000FEE                     POSTINC0        equ	4078	;# 
   909   000FEF                     INDF0           equ	4079	;# 
   910   000FF0                     INTCON3         equ	4080	;# 
   911   000FF1                     INTCON2         equ	4081	;# 
   912   000FF2                     INTCON          equ	4082	;# 
   913   000FF3                     PROD            equ	4083	;# 
   914   000FF3                     PRODL           equ	4083	;# 
   915   000FF4                     PRODH           equ	4084	;# 
   916   000FF5                     TABLAT          equ	4085	;# 
   917   000FF6                     TBLPTR          equ	4086	;# 
   918   000FF6                     TBLPTRL         equ	4086	;# 
   919   000FF7                     TBLPTRH         equ	4087	;# 
   920   000FF8                     TBLPTRU         equ	4088	;# 
   921   000FF9                     PCLAT           equ	4089	;# 
   922   000FF9                     PC              equ	4089	;# 
   923   000FF9                     PCL             equ	4089	;# 
   924   000FFA                     PCLATH          equ	4090	;# 
   925   000FFB                     PCLATU          equ	4091	;# 
   926   000FFC                     STKPTR          equ	4092	;# 
   927   000FFD                     TOS             equ	4093	;# 
   928   000FFD                     TOSL            equ	4093	;# 
   929   000FFE                     TOSH            equ	4094	;# 
   930   000FFF                     TOSU            equ	4095	;# 
   931   000D60                     RXF6SIDH        equ	3424	;# 
   932   000D61                     RXF6SIDL        equ	3425	;# 
   933   000D62                     RXF6EIDH        equ	3426	;# 
   934   000D63                     RXF6EIDL        equ	3427	;# 
   935   000D64                     RXF7SIDH        equ	3428	;# 
   936   000D65                     RXF7SIDL        equ	3429	;# 
   937   000D66                     RXF7EIDH        equ	3430	;# 
   938   000D67                     RXF7EIDL        equ	3431	;# 
   939   000D68                     RXF8SIDH        equ	3432	;# 
   940   000D69                     RXF8SIDL        equ	3433	;# 
   941   000D6A                     RXF8EIDH        equ	3434	;# 
   942   000D6B                     RXF8EIDL        equ	3435	;# 
   943   000D70                     RXF9SIDH        equ	3440	;# 
   944   000D71                     RXF9SIDL        equ	3441	;# 
   945   000D72                     RXF9EIDH        equ	3442	;# 
   946   000D73                     RXF9EIDL        equ	3443	;# 
   947   000D74                     RXF10SIDH       equ	3444	;# 
   948   000D75                     RXF10SIDL       equ	3445	;# 
   949   000D76                     RXF10EIDH       equ	3446	;# 
   950   000D77                     RXF10EIDL       equ	3447	;# 
   951   000D78                     RXF11SIDH       equ	3448	;# 
   952   000D79                     RXF11SIDL       equ	3449	;# 
   953   000D7A                     RXF11EIDH       equ	3450	;# 
   954   000D7B                     RXF11EIDL       equ	3451	;# 
   955   000D80                     RXF12SIDH       equ	3456	;# 
   956   000D81                     RXF12SIDL       equ	3457	;# 
   957   000D82                     RXF12EIDH       equ	3458	;# 
   958   000D83                     RXF12EIDL       equ	3459	;# 
   959   000D84                     RXF13SIDH       equ	3460	;# 
   960   000D85                     RXF13SIDL       equ	3461	;# 
   961   000D86                     RXF13EIDH       equ	3462	;# 
   962   000D87                     RXF13EIDL       equ	3463	;# 
   963   000D88                     RXF14SIDH       equ	3464	;# 
   964   000D89                     RXF14SIDL       equ	3465	;# 
   965   000D8A                     RXF14EIDH       equ	3466	;# 
   966   000D8B                     RXF14EIDL       equ	3467	;# 
   967   000D90                     RXF15SIDH       equ	3472	;# 
   968   000D91                     RXF15SIDL       equ	3473	;# 
   969   000D92                     RXF15EIDH       equ	3474	;# 
   970   000D93                     RXF15EIDL       equ	3475	;# 
   971   000DD4                     RXFCON0         equ	3540	;# 
   972   000DD5                     RXFCON1         equ	3541	;# 
   973   000DD8                     SDFLC           equ	3544	;# 
   974   000DE0                     RXFBCON0        equ	3552	;# 
   975   000DE1                     RXFBCON1        equ	3553	;# 
   976   000DE2                     RXFBCON2        equ	3554	;# 
   977   000DE3                     RXFBCON3        equ	3555	;# 
   978   000DE4                     RXFBCON4        equ	3556	;# 
   979   000DE5                     RXFBCON5        equ	3557	;# 
   980   000DE6                     RXFBCON6        equ	3558	;# 
   981   000DE7                     RXFBCON7        equ	3559	;# 
   982   000DF0                     MSEL0           equ	3568	;# 
   983   000DF1                     MSEL1           equ	3569	;# 
   984   000DF2                     MSEL2           equ	3570	;# 
   985   000DF3                     MSEL3           equ	3571	;# 
   986   000DF8                     BSEL0           equ	3576	;# 
   987   000DFA                     BIE0            equ	3578	;# 
   988   000DFC                     TXBIE           equ	3580	;# 
   989   000E20                     B0CON           equ	3616	;# 
   990   000E21                     B0SIDH          equ	3617	;# 
   991   000E22                     B0SIDL          equ	3618	;# 
   992   000E23                     B0EIDH          equ	3619	;# 
   993   000E24                     B0EIDL          equ	3620	;# 
   994   000E25                     B0DLC           equ	3621	;# 
   995   000E26                     B0D0            equ	3622	;# 
   996   000E27                     B0D1            equ	3623	;# 
   997   000E28                     B0D2            equ	3624	;# 
   998   000E29                     B0D3            equ	3625	;# 
   999   000E2A                     B0D4            equ	3626	;# 
  1000   000E2B                     B0D5            equ	3627	;# 
  1001   000E2C                     B0D6            equ	3628	;# 
  1002   000E2D                     B0D7            equ	3629	;# 
  1003   000E2E                     CANSTAT_RO9     equ	3630	;# 
  1004   000E2F                     CANCON_RO9      equ	3631	;# 
  1005   000E30                     B1CON           equ	3632	;# 
  1006   000E31                     B1SIDH          equ	3633	;# 
  1007   000E32                     B1SIDL          equ	3634	;# 
  1008   000E33                     B1EIDH          equ	3635	;# 
  1009   000E34                     B1EIDL          equ	3636	;# 
  1010   000E35                     B1DLC           equ	3637	;# 
  1011   000E36                     B1D0            equ	3638	;# 
  1012   000E37                     B1D1            equ	3639	;# 
  1013   000E38                     B1D2            equ	3640	;# 
  1014   000E39                     B1D3            equ	3641	;# 
  1015   000E3A                     B1D4            equ	3642	;# 
  1016   000E3B                     B1D5            equ	3643	;# 
  1017   000E3C                     B1D6            equ	3644	;# 
  1018   000E3D                     B1D7            equ	3645	;# 
  1019   000E3E                     CANSTAT_RO8     equ	3646	;# 
  1020   000E3F                     CANCON_RO8      equ	3647	;# 
  1021   000E40                     B2CON           equ	3648	;# 
  1022   000E41                     B2SIDH          equ	3649	;# 
  1023   000E42                     B2SIDL          equ	3650	;# 
  1024   000E43                     B2EIDH          equ	3651	;# 
  1025   000E44                     B2EIDL          equ	3652	;# 
  1026   000E45                     B2DLC           equ	3653	;# 
  1027   000E46                     B2D0            equ	3654	;# 
  1028   000E47                     B2D1            equ	3655	;# 
  1029   000E48                     B2D2            equ	3656	;# 
  1030   000E49                     B2D3            equ	3657	;# 
  1031   000E4A                     B2D4            equ	3658	;# 
  1032   000E4B                     B2D5            equ	3659	;# 
  1033   000E4C                     B2D6            equ	3660	;# 
  1034   000E4D                     B2D7            equ	3661	;# 
  1035   000E4E                     CANSTAT_RO7     equ	3662	;# 
  1036   000E4F                     CANCON_RO7      equ	3663	;# 
  1037   000E50                     B3CON           equ	3664	;# 
  1038   000E51                     B3SIDH          equ	3665	;# 
  1039   000E52                     B3SIDL          equ	3666	;# 
  1040   000E53                     B3EIDH          equ	3667	;# 
  1041   000E54                     B3EIDL          equ	3668	;# 
  1042   000E55                     B3DLC           equ	3669	;# 
  1043   000E56                     B3D0            equ	3670	;# 
  1044   000E57                     B3D1            equ	3671	;# 
  1045   000E58                     B3D2            equ	3672	;# 
  1046   000E59                     B3D3            equ	3673	;# 
  1047   000E5A                     B3D4            equ	3674	;# 
  1048   000E5B                     B3D5            equ	3675	;# 
  1049   000E5C                     B3D6            equ	3676	;# 
  1050   000E5D                     B3D7            equ	3677	;# 
  1051   000E5E                     CANSTAT_RO6     equ	3678	;# 
  1052   000E5F                     CANCON_RO6      equ	3679	;# 
  1053   000E60                     B4CON           equ	3680	;# 
  1054   000E61                     B4SIDH          equ	3681	;# 
  1055   000E62                     B4SIDL          equ	3682	;# 
  1056   000E63                     B4EIDH          equ	3683	;# 
  1057   000E64                     B4EIDL          equ	3684	;# 
  1058   000E65                     B4DLC           equ	3685	;# 
  1059   000E66                     B4D0            equ	3686	;# 
  1060   000E67                     B4D1            equ	3687	;# 
  1061   000E68                     B4D2            equ	3688	;# 
  1062   000E69                     B4D3            equ	3689	;# 
  1063   000E6A                     B4D4            equ	3690	;# 
  1064   000E6B                     B4D5            equ	3691	;# 
  1065   000E6C                     B4D6            equ	3692	;# 
  1066   000E6D                     B4D7            equ	3693	;# 
  1067   000E6E                     CANSTAT_RO5     equ	3694	;# 
  1068   000E6F                     CANCON_RO5      equ	3695	;# 
  1069   000E70                     B5CON           equ	3696	;# 
  1070   000E71                     B5SIDH          equ	3697	;# 
  1071   000E72                     B5SIDL          equ	3698	;# 
  1072   000E73                     B5EIDH          equ	3699	;# 
  1073   000E74                     B5EIDL          equ	3700	;# 
  1074   000E75                     B5DLC           equ	3701	;# 
  1075   000E76                     B5D0            equ	3702	;# 
  1076   000E77                     B5D1            equ	3703	;# 
  1077   000E78                     B5D2            equ	3704	;# 
  1078   000E79                     B5D3            equ	3705	;# 
  1079   000E7A                     B5D4            equ	3706	;# 
  1080   000E7B                     B5D5            equ	3707	;# 
  1081   000E7C                     B5D6            equ	3708	;# 
  1082   000E7D                     B5D7            equ	3709	;# 
  1083   000E7E                     CANSTAT_RO4     equ	3710	;# 
  1084   000E7F                     CANCON_RO4      equ	3711	;# 
  1085   000F00                     RXF0SIDH        equ	3840	;# 
  1086   000F01                     RXF0SIDL        equ	3841	;# 
  1087   000F02                     RXF0EIDH        equ	3842	;# 
  1088   000F03                     RXF0EIDL        equ	3843	;# 
  1089   000F04                     RXF1SIDH        equ	3844	;# 
  1090   000F05                     RXF1SIDL        equ	3845	;# 
  1091   000F06                     RXF1EIDH        equ	3846	;# 
  1092   000F07                     RXF1EIDL        equ	3847	;# 
  1093   000F08                     RXF2SIDH        equ	3848	;# 
  1094   000F09                     RXF2SIDL        equ	3849	;# 
  1095   000F0A                     RXF2EIDH        equ	3850	;# 
  1096   000F0B                     RXF2EIDL        equ	3851	;# 
  1097   000F0C                     RXF3SIDH        equ	3852	;# 
  1098   000F0D                     RXF3SIDL        equ	3853	;# 
  1099   000F0E                     RXF3EIDH        equ	3854	;# 
  1100   000F0F                     RXF3EIDL        equ	3855	;# 
  1101   000F10                     RXF4SIDH        equ	3856	;# 
  1102   000F11                     RXF4SIDL        equ	3857	;# 
  1103   000F12                     RXF4EIDH        equ	3858	;# 
  1104   000F13                     RXF4EIDL        equ	3859	;# 
  1105   000F14                     RXF5SIDH        equ	3860	;# 
  1106   000F15                     RXF5SIDL        equ	3861	;# 
  1107   000F16                     RXF5EIDH        equ	3862	;# 
  1108   000F17                     RXF5EIDL        equ	3863	;# 
  1109   000F18                     RXM0SIDH        equ	3864	;# 
  1110   000F19                     RXM0SIDL        equ	3865	;# 
  1111   000F1A                     RXM0EIDH        equ	3866	;# 
  1112   000F1B                     RXM0EIDL        equ	3867	;# 
  1113   000F1C                     RXM1SIDH        equ	3868	;# 
  1114   000F1D                     RXM1SIDL        equ	3869	;# 
  1115   000F1E                     RXM1EIDH        equ	3870	;# 
  1116   000F1F                     RXM1EIDL        equ	3871	;# 
  1117   000F20                     TXB2CON         equ	3872	;# 
  1118   000F21                     TXB2SIDH        equ	3873	;# 
  1119   000F22                     TXB2SIDL        equ	3874	;# 
  1120   000F23                     TXB2EIDH        equ	3875	;# 
  1121   000F24                     TXB2EIDL        equ	3876	;# 
  1122   000F25                     TXB2DLC         equ	3877	;# 
  1123   000F26                     TXB2D0          equ	3878	;# 
  1124   000F27                     TXB2D1          equ	3879	;# 
  1125   000F28                     TXB2D2          equ	3880	;# 
  1126   000F29                     TXB2D3          equ	3881	;# 
  1127   000F2A                     TXB2D4          equ	3882	;# 
  1128   000F2B                     TXB2D5          equ	3883	;# 
  1129   000F2C                     TXB2D6          equ	3884	;# 
  1130   000F2D                     TXB2D7          equ	3885	;# 
  1131   000F2E                     CANSTAT_RO3     equ	3886	;# 
  1132   000F2F                     CANCON_RO3      equ	3887	;# 
  1133   000F30                     TXB1CON         equ	3888	;# 
  1134   000F31                     TXB1SIDH        equ	3889	;# 
  1135   000F32                     TXB1SIDL        equ	3890	;# 
  1136   000F33                     TXB1EIDH        equ	3891	;# 
  1137   000F34                     TXB1EIDL        equ	3892	;# 
  1138   000F35                     TXB1DLC         equ	3893	;# 
  1139   000F36                     TXB1D0          equ	3894	;# 
  1140   000F37                     TXB1D1          equ	3895	;# 
  1141   000F38                     TXB1D2          equ	3896	;# 
  1142   000F39                     TXB1D3          equ	3897	;# 
  1143   000F3A                     TXB1D4          equ	3898	;# 
  1144   000F3B                     TXB1D5          equ	3899	;# 
  1145   000F3C                     TXB1D6          equ	3900	;# 
  1146   000F3D                     TXB1D7          equ	3901	;# 
  1147   000F3E                     CANSTAT_RO2     equ	3902	;# 
  1148   000F3F                     CANCON_RO2      equ	3903	;# 
  1149   000F40                     TXB0CON         equ	3904	;# 
  1150   000F41                     TXB0SIDH        equ	3905	;# 
  1151   000F42                     TXB0SIDL        equ	3906	;# 
  1152   000F43                     TXB0EIDH        equ	3907	;# 
  1153   000F44                     TXB0EIDL        equ	3908	;# 
  1154   000F45                     TXB0DLC         equ	3909	;# 
  1155   000F46                     TXB0D0          equ	3910	;# 
  1156   000F47                     TXB0D1          equ	3911	;# 
  1157   000F48                     TXB0D2          equ	3912	;# 
  1158   000F49                     TXB0D3          equ	3913	;# 
  1159   000F4A                     TXB0D4          equ	3914	;# 
  1160   000F4B                     TXB0D5          equ	3915	;# 
  1161   000F4C                     TXB0D6          equ	3916	;# 
  1162   000F4D                     TXB0D7          equ	3917	;# 
  1163   000F4E                     CANSTAT_RO1     equ	3918	;# 
  1164   000F4F                     CANCON_RO1      equ	3919	;# 
  1165   000F50                     RXB1CON         equ	3920	;# 
  1166   000F51                     RXB1SIDH        equ	3921	;# 
  1167   000F52                     RXB1SIDL        equ	3922	;# 
  1168   000F53                     RXB1EIDH        equ	3923	;# 
  1169   000F54                     RXB1EIDL        equ	3924	;# 
  1170   000F55                     RXB1DLC         equ	3925	;# 
  1171   000F56                     RXB1D0          equ	3926	;# 
  1172   000F57                     RXB1D1          equ	3927	;# 
  1173   000F58                     RXB1D2          equ	3928	;# 
  1174   000F59                     RXB1D3          equ	3929	;# 
  1175   000F5A                     RXB1D4          equ	3930	;# 
  1176   000F5B                     RXB1D5          equ	3931	;# 
  1177   000F5C                     RXB1D6          equ	3932	;# 
  1178   000F5D                     RXB1D7          equ	3933	;# 
  1179   000F5E                     CANSTAT_RO0     equ	3934	;# 
  1180   000F5F                     CANCON_RO0      equ	3935	;# 
  1181   000F60                     RXB0CON         equ	3936	;# 
  1182   000F61                     RXB0SIDH        equ	3937	;# 
  1183   000F62                     RXB0SIDL        equ	3938	;# 
  1184   000F63                     RXB0EIDH        equ	3939	;# 
  1185   000F64                     RXB0EIDL        equ	3940	;# 
  1186   000F65                     RXB0DLC         equ	3941	;# 
  1187   000F66                     RXB0D0          equ	3942	;# 
  1188   000F67                     RXB0D1          equ	3943	;# 
  1189   000F68                     RXB0D2          equ	3944	;# 
  1190   000F69                     RXB0D3          equ	3945	;# 
  1191   000F6A                     RXB0D4          equ	3946	;# 
  1192   000F6B                     RXB0D5          equ	3947	;# 
  1193   000F6C                     RXB0D6          equ	3948	;# 
  1194   000F6D                     RXB0D7          equ	3949	;# 
  1195   000F6E                     CANSTAT         equ	3950	;# 
  1196   000F6F                     CANCON          equ	3951	;# 
  1197   000F70                     BRGCON1         equ	3952	;# 
  1198   000F71                     BRGCON2         equ	3953	;# 
  1199   000F72                     BRGCON3         equ	3954	;# 
  1200   000F73                     CIOCON          equ	3955	;# 
  1201   000F74                     COMSTAT         equ	3956	;# 
  1202   000F75                     RXERRCNT        equ	3957	;# 
  1203   000F76                     TXERRCNT        equ	3958	;# 
  1204   000F77                     ECANCON         equ	3959	;# 
  1205   000F80                     PORTA           equ	3968	;# 
  1206   000F81                     PORTB           equ	3969	;# 
  1207   000F82                     PORTC           equ	3970	;# 
  1208   000F83                     PORTD           equ	3971	;# 
  1209   000F84                     PORTE           equ	3972	;# 
  1210   000F89                     LATA            equ	3977	;# 
  1211   000F8A                     LATB            equ	3978	;# 
  1212   000F8B                     LATC            equ	3979	;# 
  1213   000F8C                     LATD            equ	3980	;# 
  1214   000F8D                     LATE            equ	3981	;# 
  1215   000F92                     TRISA           equ	3986	;# 
  1216   000F92                     DDRA            equ	3986	;# 
  1217   000F93                     TRISB           equ	3987	;# 
  1218   000F93                     DDRB            equ	3987	;# 
  1219   000F94                     TRISC           equ	3988	;# 
  1220   000F94                     DDRC            equ	3988	;# 
  1221   000F95                     TRISD           equ	3989	;# 
  1222   000F95                     DDRD            equ	3989	;# 
  1223   000F96                     TRISE           equ	3990	;# 
  1224   000F96                     DDRE            equ	3990	;# 
  1225   000F9B                     OSCTUNE         equ	3995	;# 
  1226   000F9D                     PIE1            equ	3997	;# 
  1227   000F9E                     PIR1            equ	3998	;# 
  1228   000F9F                     IPR1            equ	3999	;# 
  1229   000FA0                     PIE2            equ	4000	;# 
  1230   000FA1                     PIR2            equ	4001	;# 
  1231   000FA2                     IPR2            equ	4002	;# 
  1232   000FA3                     PIE3            equ	4003	;# 
  1233   000FA4                     PIR3            equ	4004	;# 
  1234   000FA5                     IPR3            equ	4005	;# 
  1235   000FA6                     EECON1          equ	4006	;# 
  1236   000FA7                     EECON2          equ	4007	;# 
  1237   000FA8                     EEDATA          equ	4008	;# 
  1238   000FA9                     EEADR           equ	4009	;# 
  1239   000FAB                     RCSTA           equ	4011	;# 
  1240   000FAB                     RCSTA1          equ	4011	;# 
  1241   000FAC                     TXSTA           equ	4012	;# 
  1242   000FAC                     TXSTA1          equ	4012	;# 
  1243   000FAD                     TXREG           equ	4013	;# 
  1244   000FAD                     TXREG1          equ	4013	;# 
  1245   000FAE                     RCREG           equ	4014	;# 
  1246   000FAE                     RCREG1          equ	4014	;# 
  1247   000FAF                     SPBRG           equ	4015	;# 
  1248   000FAF                     SPBRG1          equ	4015	;# 
  1249   000FB0                     SPBRGH          equ	4016	;# 
  1250   000FB1                     T3CON           equ	4017	;# 
  1251   000FB2                     TMR3            equ	4018	;# 
  1252   000FB2                     TMR3L           equ	4018	;# 
  1253   000FB3                     TMR3H           equ	4019	;# 
  1254   000FB4                     CMCON           equ	4020	;# 
  1255   000FB5                     CVRCON          equ	4021	;# 
  1256   000FB6                     ECCP1AS         equ	4022	;# 
  1257   000FB7                     ECCP1DEL        equ	4023	;# 
  1258   000FB8                     BAUDCON         equ	4024	;# 
  1259   000FB8                     BAUDCTL         equ	4024	;# 
  1260   000FBA                     ECCP1CON        equ	4026	;# 
  1261   000FBB                     ECCPR1          equ	4027	;# 
  1262   000FBB                     ECCPR1L         equ	4027	;# 
  1263   000FBC                     ECCPR1H         equ	4028	;# 
  1264   000FBD                     CCP1CON         equ	4029	;# 
  1265   000FBE                     CCPR1           equ	4030	;# 
  1266   000FBE                     CCPR1L          equ	4030	;# 
  1267   000FBF                     CCPR1H          equ	4031	;# 
  1268   000FC0                     ADCON2          equ	4032	;# 
  1269   000FC1                     ADCON1          equ	4033	;# 
  1270   000FC2                     ADCON0          equ	4034	;# 
  1271   000FC3                     ADRES           equ	4035	;# 
  1272   000FC3                     ADRESL          equ	4035	;# 
  1273   000FC4                     ADRESH          equ	4036	;# 
  1274   000FC5                     SSPCON2         equ	4037	;# 
  1275   000FC6                     SSPCON1         equ	4038	;# 
  1276   000FC7                     SSPSTAT         equ	4039	;# 
  1277   000FC8                     SSPADD          equ	4040	;# 
  1278   000FC9                     SSPBUF          equ	4041	;# 
  1279   000FCA                     T2CON           equ	4042	;# 
  1280   000FCB                     PR2             equ	4043	;# 
  1281   000FCB                     MEMCON          equ	4043	;# 
  1282   000FCC                     TMR2            equ	4044	;# 
  1283   000FCD                     T1CON           equ	4045	;# 
  1284   000FCE                     TMR1            equ	4046	;# 
  1285   000FCE                     TMR1L           equ	4046	;# 
  1286   000FCF                     TMR1H           equ	4047	;# 
  1287   000FD0                     RCON            equ	4048	;# 
  1288   000FD1                     WDTCON          equ	4049	;# 
  1289   000FD2                     HLVDCON         equ	4050	;# 
  1290   000FD2                     LVDCON          equ	4050	;# 
  1291   000FD3                     OSCCON          equ	4051	;# 
  1292   000FD5                     T0CON           equ	4053	;# 
  1293   000FD6                     TMR0            equ	4054	;# 
  1294   000FD6                     TMR0L           equ	4054	;# 
  1295   000FD7                     TMR0H           equ	4055	;# 
  1296   000FD8                     STATUS          equ	4056	;# 
  1297   000FD9                     FSR2            equ	4057	;# 
  1298   000FD9                     FSR2L           equ	4057	;# 
  1299   000FDA                     FSR2H           equ	4058	;# 
  1300   000FDB                     PLUSW2          equ	4059	;# 
  1301   000FDC                     PREINC2         equ	4060	;# 
  1302   000FDD                     POSTDEC2        equ	4061	;# 
  1303   000FDE                     POSTINC2        equ	4062	;# 
  1304   000FDF                     INDF2           equ	4063	;# 
  1305   000FE0                     BSR             equ	4064	;# 
  1306   000FE1                     FSR1            equ	4065	;# 
  1307   000FE1                     FSR1L           equ	4065	;# 
  1308   000FE2                     FSR1H           equ	4066	;# 
  1309   000FE3                     PLUSW1          equ	4067	;# 
  1310   000FE4                     PREINC1         equ	4068	;# 
  1311   000FE5                     POSTDEC1        equ	4069	;# 
  1312   000FE6                     POSTINC1        equ	4070	;# 
  1313   000FE7                     INDF1           equ	4071	;# 
  1314   000FE8                     WREG            equ	4072	;# 
  1315   000FE9                     FSR0            equ	4073	;# 
  1316   000FE9                     FSR0L           equ	4073	;# 
  1317   000FEA                     FSR0H           equ	4074	;# 
  1318   000FEB                     PLUSW0          equ	4075	;# 
  1319   000FEC                     PREINC0         equ	4076	;# 
  1320   000FED                     POSTDEC0        equ	4077	;# 
  1321   000FEE                     POSTINC0        equ	4078	;# 
  1322   000FEF                     INDF0           equ	4079	;# 
  1323   000FF0                     INTCON3         equ	4080	;# 
  1324   000FF1                     INTCON2         equ	4081	;# 
  1325   000FF2                     INTCON          equ	4082	;# 
  1326   000FF3                     PROD            equ	4083	;# 
  1327   000FF3                     PRODL           equ	4083	;# 
  1328   000FF4                     PRODH           equ	4084	;# 
  1329   000FF5                     TABLAT          equ	4085	;# 
  1330   000FF6                     TBLPTR          equ	4086	;# 
  1331   000FF6                     TBLPTRL         equ	4086	;# 
  1332   000FF7                     TBLPTRH         equ	4087	;# 
  1333   000FF8                     TBLPTRU         equ	4088	;# 
  1334   000FF9                     PCLAT           equ	4089	;# 
  1335   000FF9                     PC              equ	4089	;# 
  1336   000FF9                     PCL             equ	4089	;# 
  1337   000FFA                     PCLATH          equ	4090	;# 
  1338   000FFB                     PCLATU          equ	4091	;# 
  1339   000FFC                     STKPTR          equ	4092	;# 
  1340   000FFD                     TOS             equ	4093	;# 
  1341   000FFD                     TOSL            equ	4093	;# 
  1342   000FFE                     TOSH            equ	4094	;# 
  1343   000FFF                     TOSU            equ	4095	;# 
  1344   000D60                     RXF6SIDH        equ	3424	;# 
  1345   000D61                     RXF6SIDL        equ	3425	;# 
  1346   000D62                     RXF6EIDH        equ	3426	;# 
  1347   000D63                     RXF6EIDL        equ	3427	;# 
  1348   000D64                     RXF7SIDH        equ	3428	;# 
  1349   000D65                     RXF7SIDL        equ	3429	;# 
  1350   000D66                     RXF7EIDH        equ	3430	;# 
  1351   000D67                     RXF7EIDL        equ	3431	;# 
  1352   000D68                     RXF8SIDH        equ	3432	;# 
  1353   000D69                     RXF8SIDL        equ	3433	;# 
  1354   000D6A                     RXF8EIDH        equ	3434	;# 
  1355   000D6B                     RXF8EIDL        equ	3435	;# 
  1356   000D70                     RXF9SIDH        equ	3440	;# 
  1357   000D71                     RXF9SIDL        equ	3441	;# 
  1358   000D72                     RXF9EIDH        equ	3442	;# 
  1359   000D73                     RXF9EIDL        equ	3443	;# 
  1360   000D74                     RXF10SIDH       equ	3444	;# 
  1361   000D75                     RXF10SIDL       equ	3445	;# 
  1362   000D76                     RXF10EIDH       equ	3446	;# 
  1363   000D77                     RXF10EIDL       equ	3447	;# 
  1364   000D78                     RXF11SIDH       equ	3448	;# 
  1365   000D79                     RXF11SIDL       equ	3449	;# 
  1366   000D7A                     RXF11EIDH       equ	3450	;# 
  1367   000D7B                     RXF11EIDL       equ	3451	;# 
  1368   000D80                     RXF12SIDH       equ	3456	;# 
  1369   000D81                     RXF12SIDL       equ	3457	;# 
  1370   000D82                     RXF12EIDH       equ	3458	;# 
  1371   000D83                     RXF12EIDL       equ	3459	;# 
  1372   000D84                     RXF13SIDH       equ	3460	;# 
  1373   000D85                     RXF13SIDL       equ	3461	;# 
  1374   000D86                     RXF13EIDH       equ	3462	;# 
  1375   000D87                     RXF13EIDL       equ	3463	;# 
  1376   000D88                     RXF14SIDH       equ	3464	;# 
  1377   000D89                     RXF14SIDL       equ	3465	;# 
  1378   000D8A                     RXF14EIDH       equ	3466	;# 
  1379   000D8B                     RXF14EIDL       equ	3467	;# 
  1380   000D90                     RXF15SIDH       equ	3472	;# 
  1381   000D91                     RXF15SIDL       equ	3473	;# 
  1382   000D92                     RXF15EIDH       equ	3474	;# 
  1383   000D93                     RXF15EIDL       equ	3475	;# 
  1384   000DD4                     RXFCON0         equ	3540	;# 
  1385   000DD5                     RXFCON1         equ	3541	;# 
  1386   000DD8                     SDFLC           equ	3544	;# 
  1387   000DE0                     RXFBCON0        equ	3552	;# 
  1388   000DE1                     RXFBCON1        equ	3553	;# 
  1389   000DE2                     RXFBCON2        equ	3554	;# 
  1390   000DE3                     RXFBCON3        equ	3555	;# 
  1391   000DE4                     RXFBCON4        equ	3556	;# 
  1392   000DE5                     RXFBCON5        equ	3557	;# 
  1393   000DE6                     RXFBCON6        equ	3558	;# 
  1394   000DE7                     RXFBCON7        equ	3559	;# 
  1395   000DF0                     MSEL0           equ	3568	;# 
  1396   000DF1                     MSEL1           equ	3569	;# 
  1397   000DF2                     MSEL2           equ	3570	;# 
  1398   000DF3                     MSEL3           equ	3571	;# 
  1399   000DF8                     BSEL0           equ	3576	;# 
  1400   000DFA                     BIE0            equ	3578	;# 
  1401   000DFC                     TXBIE           equ	3580	;# 
  1402   000E20                     B0CON           equ	3616	;# 
  1403   000E21                     B0SIDH          equ	3617	;# 
  1404   000E22                     B0SIDL          equ	3618	;# 
  1405   000E23                     B0EIDH          equ	3619	;# 
  1406   000E24                     B0EIDL          equ	3620	;# 
  1407   000E25                     B0DLC           equ	3621	;# 
  1408   000E26                     B0D0            equ	3622	;# 
  1409   000E27                     B0D1            equ	3623	;# 
  1410   000E28                     B0D2            equ	3624	;# 
  1411   000E29                     B0D3            equ	3625	;# 
  1412   000E2A                     B0D4            equ	3626	;# 
  1413   000E2B                     B0D5            equ	3627	;# 
  1414   000E2C                     B0D6            equ	3628	;# 
  1415   000E2D                     B0D7            equ	3629	;# 
  1416   000E2E                     CANSTAT_RO9     equ	3630	;# 
  1417   000E2F                     CANCON_RO9      equ	3631	;# 
  1418   000E30                     B1CON           equ	3632	;# 
  1419   000E31                     B1SIDH          equ	3633	;# 
  1420   000E32                     B1SIDL          equ	3634	;# 
  1421   000E33                     B1EIDH          equ	3635	;# 
  1422   000E34                     B1EIDL          equ	3636	;# 
  1423   000E35                     B1DLC           equ	3637	;# 
  1424   000E36                     B1D0            equ	3638	;# 
  1425   000E37                     B1D1            equ	3639	;# 
  1426   000E38                     B1D2            equ	3640	;# 
  1427   000E39                     B1D3            equ	3641	;# 
  1428   000E3A                     B1D4            equ	3642	;# 
  1429   000E3B                     B1D5            equ	3643	;# 
  1430   000E3C                     B1D6            equ	3644	;# 
  1431   000E3D                     B1D7            equ	3645	;# 
  1432   000E3E                     CANSTAT_RO8     equ	3646	;# 
  1433   000E3F                     CANCON_RO8      equ	3647	;# 
  1434   000E40                     B2CON           equ	3648	;# 
  1435   000E41                     B2SIDH          equ	3649	;# 
  1436   000E42                     B2SIDL          equ	3650	;# 
  1437   000E43                     B2EIDH          equ	3651	;# 
  1438   000E44                     B2EIDL          equ	3652	;# 
  1439   000E45                     B2DLC           equ	3653	;# 
  1440   000E46                     B2D0            equ	3654	;# 
  1441   000E47                     B2D1            equ	3655	;# 
  1442   000E48                     B2D2            equ	3656	;# 
  1443   000E49                     B2D3            equ	3657	;# 
  1444   000E4A                     B2D4            equ	3658	;# 
  1445   000E4B                     B2D5            equ	3659	;# 
  1446   000E4C                     B2D6            equ	3660	;# 
  1447   000E4D                     B2D7            equ	3661	;# 
  1448   000E4E                     CANSTAT_RO7     equ	3662	;# 
  1449   000E4F                     CANCON_RO7      equ	3663	;# 
  1450   000E50                     B3CON           equ	3664	;# 
  1451   000E51                     B3SIDH          equ	3665	;# 
  1452   000E52                     B3SIDL          equ	3666	;# 
  1453   000E53                     B3EIDH          equ	3667	;# 
  1454   000E54                     B3EIDL          equ	3668	;# 
  1455   000E55                     B3DLC           equ	3669	;# 
  1456   000E56                     B3D0            equ	3670	;# 
  1457   000E57                     B3D1            equ	3671	;# 
  1458   000E58                     B3D2            equ	3672	;# 
  1459   000E59                     B3D3            equ	3673	;# 
  1460   000E5A                     B3D4            equ	3674	;# 
  1461   000E5B                     B3D5            equ	3675	;# 
  1462   000E5C                     B3D6            equ	3676	;# 
  1463   000E5D                     B3D7            equ	3677	;# 
  1464   000E5E                     CANSTAT_RO6     equ	3678	;# 
  1465   000E5F                     CANCON_RO6      equ	3679	;# 
  1466   000E60                     B4CON           equ	3680	;# 
  1467   000E61                     B4SIDH          equ	3681	;# 
  1468   000E62                     B4SIDL          equ	3682	;# 
  1469   000E63                     B4EIDH          equ	3683	;# 
  1470   000E64                     B4EIDL          equ	3684	;# 
  1471   000E65                     B4DLC           equ	3685	;# 
  1472   000E66                     B4D0            equ	3686	;# 
  1473   000E67                     B4D1            equ	3687	;# 
  1474   000E68                     B4D2            equ	3688	;# 
  1475   000E69                     B4D3            equ	3689	;# 
  1476   000E6A                     B4D4            equ	3690	;# 
  1477   000E6B                     B4D5            equ	3691	;# 
  1478   000E6C                     B4D6            equ	3692	;# 
  1479   000E6D                     B4D7            equ	3693	;# 
  1480   000E6E                     CANSTAT_RO5     equ	3694	;# 
  1481   000E6F                     CANCON_RO5      equ	3695	;# 
  1482   000E70                     B5CON           equ	3696	;# 
  1483   000E71                     B5SIDH          equ	3697	;# 
  1484   000E72                     B5SIDL          equ	3698	;# 
  1485   000E73                     B5EIDH          equ	3699	;# 
  1486   000E74                     B5EIDL          equ	3700	;# 
  1487   000E75                     B5DLC           equ	3701	;# 
  1488   000E76                     B5D0            equ	3702	;# 
  1489   000E77                     B5D1            equ	3703	;# 
  1490   000E78                     B5D2            equ	3704	;# 
  1491   000E79                     B5D3            equ	3705	;# 
  1492   000E7A                     B5D4            equ	3706	;# 
  1493   000E7B                     B5D5            equ	3707	;# 
  1494   000E7C                     B5D6            equ	3708	;# 
  1495   000E7D                     B5D7            equ	3709	;# 
  1496   000E7E                     CANSTAT_RO4     equ	3710	;# 
  1497   000E7F                     CANCON_RO4      equ	3711	;# 
  1498   000F00                     RXF0SIDH        equ	3840	;# 
  1499   000F01                     RXF0SIDL        equ	3841	;# 
  1500   000F02                     RXF0EIDH        equ	3842	;# 
  1501   000F03                     RXF0EIDL        equ	3843	;# 
  1502   000F04                     RXF1SIDH        equ	3844	;# 
  1503   000F05                     RXF1SIDL        equ	3845	;# 
  1504   000F06                     RXF1EIDH        equ	3846	;# 
  1505   000F07                     RXF1EIDL        equ	3847	;# 
  1506   000F08                     RXF2SIDH        equ	3848	;# 
  1507   000F09                     RXF2SIDL        equ	3849	;# 
  1508   000F0A                     RXF2EIDH        equ	3850	;# 
  1509   000F0B                     RXF2EIDL        equ	3851	;# 
  1510   000F0C                     RXF3SIDH        equ	3852	;# 
  1511   000F0D                     RXF3SIDL        equ	3853	;# 
  1512   000F0E                     RXF3EIDH        equ	3854	;# 
  1513   000F0F                     RXF3EIDL        equ	3855	;# 
  1514   000F10                     RXF4SIDH        equ	3856	;# 
  1515   000F11                     RXF4SIDL        equ	3857	;# 
  1516   000F12                     RXF4EIDH        equ	3858	;# 
  1517   000F13                     RXF4EIDL        equ	3859	;# 
  1518   000F14                     RXF5SIDH        equ	3860	;# 
  1519   000F15                     RXF5SIDL        equ	3861	;# 
  1520   000F16                     RXF5EIDH        equ	3862	;# 
  1521   000F17                     RXF5EIDL        equ	3863	;# 
  1522   000F18                     RXM0SIDH        equ	3864	;# 
  1523   000F19                     RXM0SIDL        equ	3865	;# 
  1524   000F1A                     RXM0EIDH        equ	3866	;# 
  1525   000F1B                     RXM0EIDL        equ	3867	;# 
  1526   000F1C                     RXM1SIDH        equ	3868	;# 
  1527   000F1D                     RXM1SIDL        equ	3869	;# 
  1528   000F1E                     RXM1EIDH        equ	3870	;# 
  1529   000F1F                     RXM1EIDL        equ	3871	;# 
  1530   000F20                     TXB2CON         equ	3872	;# 
  1531   000F21                     TXB2SIDH        equ	3873	;# 
  1532   000F22                     TXB2SIDL        equ	3874	;# 
  1533   000F23                     TXB2EIDH        equ	3875	;# 
  1534   000F24                     TXB2EIDL        equ	3876	;# 
  1535   000F25                     TXB2DLC         equ	3877	;# 
  1536   000F26                     TXB2D0          equ	3878	;# 
  1537   000F27                     TXB2D1          equ	3879	;# 
  1538   000F28                     TXB2D2          equ	3880	;# 
  1539   000F29                     TXB2D3          equ	3881	;# 
  1540   000F2A                     TXB2D4          equ	3882	;# 
  1541   000F2B                     TXB2D5          equ	3883	;# 
  1542   000F2C                     TXB2D6          equ	3884	;# 
  1543   000F2D                     TXB2D7          equ	3885	;# 
  1544   000F2E                     CANSTAT_RO3     equ	3886	;# 
  1545   000F2F                     CANCON_RO3      equ	3887	;# 
  1546   000F30                     TXB1CON         equ	3888	;# 
  1547   000F31                     TXB1SIDH        equ	3889	;# 
  1548   000F32                     TXB1SIDL        equ	3890	;# 
  1549   000F33                     TXB1EIDH        equ	3891	;# 
  1550   000F34                     TXB1EIDL        equ	3892	;# 
  1551   000F35                     TXB1DLC         equ	3893	;# 
  1552   000F36                     TXB1D0          equ	3894	;# 
  1553   000F37                     TXB1D1          equ	3895	;# 
  1554   000F38                     TXB1D2          equ	3896	;# 
  1555   000F39                     TXB1D3          equ	3897	;# 
  1556   000F3A                     TXB1D4          equ	3898	;# 
  1557   000F3B                     TXB1D5          equ	3899	;# 
  1558   000F3C                     TXB1D6          equ	3900	;# 
  1559   000F3D                     TXB1D7          equ	3901	;# 
  1560   000F3E                     CANSTAT_RO2     equ	3902	;# 
  1561   000F3F                     CANCON_RO2      equ	3903	;# 
  1562   000F40                     TXB0CON         equ	3904	;# 
  1563   000F41                     TXB0SIDH        equ	3905	;# 
  1564   000F42                     TXB0SIDL        equ	3906	;# 
  1565   000F43                     TXB0EIDH        equ	3907	;# 
  1566   000F44                     TXB0EIDL        equ	3908	;# 
  1567   000F45                     TXB0DLC         equ	3909	;# 
  1568   000F46                     TXB0D0          equ	3910	;# 
  1569   000F47                     TXB0D1          equ	3911	;# 
  1570   000F48                     TXB0D2          equ	3912	;# 
  1571   000F49                     TXB0D3          equ	3913	;# 
  1572   000F4A                     TXB0D4          equ	3914	;# 
  1573   000F4B                     TXB0D5          equ	3915	;# 
  1574   000F4C                     TXB0D6          equ	3916	;# 
  1575   000F4D                     TXB0D7          equ	3917	;# 
  1576   000F4E                     CANSTAT_RO1     equ	3918	;# 
  1577   000F4F                     CANCON_RO1      equ	3919	;# 
  1578   000F50                     RXB1CON         equ	3920	;# 
  1579   000F51                     RXB1SIDH        equ	3921	;# 
  1580   000F52                     RXB1SIDL        equ	3922	;# 
  1581   000F53                     RXB1EIDH        equ	3923	;# 
  1582   000F54                     RXB1EIDL        equ	3924	;# 
  1583   000F55                     RXB1DLC         equ	3925	;# 
  1584   000F56                     RXB1D0          equ	3926	;# 
  1585   000F57                     RXB1D1          equ	3927	;# 
  1586   000F58                     RXB1D2          equ	3928	;# 
  1587   000F59                     RXB1D3          equ	3929	;# 
  1588   000F5A                     RXB1D4          equ	3930	;# 
  1589   000F5B                     RXB1D5          equ	3931	;# 
  1590   000F5C                     RXB1D6          equ	3932	;# 
  1591   000F5D                     RXB1D7          equ	3933	;# 
  1592   000F5E                     CANSTAT_RO0     equ	3934	;# 
  1593   000F5F                     CANCON_RO0      equ	3935	;# 
  1594   000F60                     RXB0CON         equ	3936	;# 
  1595   000F61                     RXB0SIDH        equ	3937	;# 
  1596   000F62                     RXB0SIDL        equ	3938	;# 
  1597   000F63                     RXB0EIDH        equ	3939	;# 
  1598   000F64                     RXB0EIDL        equ	3940	;# 
  1599   000F65                     RXB0DLC         equ	3941	;# 
  1600   000F66                     RXB0D0          equ	3942	;# 
  1601   000F67                     RXB0D1          equ	3943	;# 
  1602   000F68                     RXB0D2          equ	3944	;# 
  1603   000F69                     RXB0D3          equ	3945	;# 
  1604   000F6A                     RXB0D4          equ	3946	;# 
  1605   000F6B                     RXB0D5          equ	3947	;# 
  1606   000F6C                     RXB0D6          equ	3948	;# 
  1607   000F6D                     RXB0D7          equ	3949	;# 
  1608   000F6E                     CANSTAT         equ	3950	;# 
  1609   000F6F                     CANCON          equ	3951	;# 
  1610   000F70                     BRGCON1         equ	3952	;# 
  1611   000F71                     BRGCON2         equ	3953	;# 
  1612   000F72                     BRGCON3         equ	3954	;# 
  1613   000F73                     CIOCON          equ	3955	;# 
  1614   000F74                     COMSTAT         equ	3956	;# 
  1615   000F75                     RXERRCNT        equ	3957	;# 
  1616   000F76                     TXERRCNT        equ	3958	;# 
  1617   000F77                     ECANCON         equ	3959	;# 
  1618   000F80                     PORTA           equ	3968	;# 
  1619   000F81                     PORTB           equ	3969	;# 
  1620   000F82                     PORTC           equ	3970	;# 
  1621   000F83                     PORTD           equ	3971	;# 
  1622   000F84                     PORTE           equ	3972	;# 
  1623   000F89                     LATA            equ	3977	;# 
  1624   000F8A                     LATB            equ	3978	;# 
  1625   000F8B                     LATC            equ	3979	;# 
  1626   000F8C                     LATD            equ	3980	;# 
  1627   000F8D                     LATE            equ	3981	;# 
  1628   000F92                     TRISA           equ	3986	;# 
  1629   000F92                     DDRA            equ	3986	;# 
  1630   000F93                     TRISB           equ	3987	;# 
  1631   000F93                     DDRB            equ	3987	;# 
  1632   000F94                     TRISC           equ	3988	;# 
  1633   000F94                     DDRC            equ	3988	;# 
  1634   000F95                     TRISD           equ	3989	;# 
  1635   000F95                     DDRD            equ	3989	;# 
  1636   000F96                     TRISE           equ	3990	;# 
  1637   000F96                     DDRE            equ	3990	;# 
  1638   000F9B                     OSCTUNE         equ	3995	;# 
  1639   000F9D                     PIE1            equ	3997	;# 
  1640   000F9E                     PIR1            equ	3998	;# 
  1641   000F9F                     IPR1            equ	3999	;# 
  1642   000FA0                     PIE2            equ	4000	;# 
  1643   000FA1                     PIR2            equ	4001	;# 
  1644   000FA2                     IPR2            equ	4002	;# 
  1645   000FA3                     PIE3            equ	4003	;# 
  1646   000FA4                     PIR3            equ	4004	;# 
  1647   000FA5                     IPR3            equ	4005	;# 
  1648   000FA6                     EECON1          equ	4006	;# 
  1649   000FA7                     EECON2          equ	4007	;# 
  1650   000FA8                     EEDATA          equ	4008	;# 
  1651   000FA9                     EEADR           equ	4009	;# 
  1652   000FAB                     RCSTA           equ	4011	;# 
  1653   000FAB                     RCSTA1          equ	4011	;# 
  1654   000FAC                     TXSTA           equ	4012	;# 
  1655   000FAC                     TXSTA1          equ	4012	;# 
  1656   000FAD                     TXREG           equ	4013	;# 
  1657   000FAD                     TXREG1          equ	4013	;# 
  1658   000FAE                     RCREG           equ	4014	;# 
  1659   000FAE                     RCREG1          equ	4014	;# 
  1660   000FAF                     SPBRG           equ	4015	;# 
  1661   000FAF                     SPBRG1          equ	4015	;# 
  1662   000FB0                     SPBRGH          equ	4016	;# 
  1663   000FB1                     T3CON           equ	4017	;# 
  1664   000FB2                     TMR3            equ	4018	;# 
  1665   000FB2                     TMR3L           equ	4018	;# 
  1666   000FB3                     TMR3H           equ	4019	;# 
  1667   000FB4                     CMCON           equ	4020	;# 
  1668   000FB5                     CVRCON          equ	4021	;# 
  1669   000FB6                     ECCP1AS         equ	4022	;# 
  1670   000FB7                     ECCP1DEL        equ	4023	;# 
  1671   000FB8                     BAUDCON         equ	4024	;# 
  1672   000FB8                     BAUDCTL         equ	4024	;# 
  1673   000FBA                     ECCP1CON        equ	4026	;# 
  1674   000FBB                     ECCPR1          equ	4027	;# 
  1675   000FBB                     ECCPR1L         equ	4027	;# 
  1676   000FBC                     ECCPR1H         equ	4028	;# 
  1677   000FBD                     CCP1CON         equ	4029	;# 
  1678   000FBE                     CCPR1           equ	4030	;# 
  1679   000FBE                     CCPR1L          equ	4030	;# 
  1680   000FBF                     CCPR1H          equ	4031	;# 
  1681   000FC0                     ADCON2          equ	4032	;# 
  1682   000FC1                     ADCON1          equ	4033	;# 
  1683   000FC2                     ADCON0          equ	4034	;# 
  1684   000FC3                     ADRES           equ	4035	;# 
  1685   000FC3                     ADRESL          equ	4035	;# 
  1686   000FC4                     ADRESH          equ	4036	;# 
  1687   000FC5                     SSPCON2         equ	4037	;# 
  1688   000FC6                     SSPCON1         equ	4038	;# 
  1689   000FC7                     SSPSTAT         equ	4039	;# 
  1690   000FC8                     SSPADD          equ	4040	;# 
  1691   000FC9                     SSPBUF          equ	4041	;# 
  1692   000FCA                     T2CON           equ	4042	;# 
  1693   000FCB                     PR2             equ	4043	;# 
  1694   000FCB                     MEMCON          equ	4043	;# 
  1695   000FCC                     TMR2            equ	4044	;# 
  1696   000FCD                     T1CON           equ	4045	;# 
  1697   000FCE                     TMR1            equ	4046	;# 
  1698   000FCE                     TMR1L           equ	4046	;# 
  1699   000FCF                     TMR1H           equ	4047	;# 
  1700   000FD0                     RCON            equ	4048	;# 
  1701   000FD1                     WDTCON          equ	4049	;# 
  1702   000FD2                     HLVDCON         equ	4050	;# 
  1703   000FD2                     LVDCON          equ	4050	;# 
  1704   000FD3                     OSCCON          equ	4051	;# 
  1705   000FD5                     T0CON           equ	4053	;# 
  1706   000FD6                     TMR0            equ	4054	;# 
  1707   000FD6                     TMR0L           equ	4054	;# 
  1708   000FD7                     TMR0H           equ	4055	;# 
  1709   000FD8                     STATUS          equ	4056	;# 
  1710   000FD9                     FSR2            equ	4057	;# 
  1711   000FD9                     FSR2L           equ	4057	;# 
  1712   000FDA                     FSR2H           equ	4058	;# 
  1713   000FDB                     PLUSW2          equ	4059	;# 
  1714   000FDC                     PREINC2         equ	4060	;# 
  1715   000FDD                     POSTDEC2        equ	4061	;# 
  1716   000FDE                     POSTINC2        equ	4062	;# 
  1717   000FDF                     INDF2           equ	4063	;# 
  1718   000FE0                     BSR             equ	4064	;# 
  1719   000FE1                     FSR1            equ	4065	;# 
  1720   000FE1                     FSR1L           equ	4065	;# 
  1721   000FE2                     FSR1H           equ	4066	;# 
  1722   000FE3                     PLUSW1          equ	4067	;# 
  1723   000FE4                     PREINC1         equ	4068	;# 
  1724   000FE5                     POSTDEC1        equ	4069	;# 
  1725   000FE6                     POSTINC1        equ	4070	;# 
  1726   000FE7                     INDF1           equ	4071	;# 
  1727   000FE8                     WREG            equ	4072	;# 
  1728   000FE9                     FSR0            equ	4073	;# 
  1729   000FE9                     FSR0L           equ	4073	;# 
  1730   000FEA                     FSR0H           equ	4074	;# 
  1731   000FEB                     PLUSW0          equ	4075	;# 
  1732   000FEC                     PREINC0         equ	4076	;# 
  1733   000FED                     POSTDEC0        equ	4077	;# 
  1734   000FEE                     POSTINC0        equ	4078	;# 
  1735   000FEF                     INDF0           equ	4079	;# 
  1736   000FF0                     INTCON3         equ	4080	;# 
  1737   000FF1                     INTCON2         equ	4081	;# 
  1738   000FF2                     INTCON          equ	4082	;# 
  1739   000FF3                     PROD            equ	4083	;# 
  1740   000FF3                     PRODL           equ	4083	;# 
  1741   000FF4                     PRODH           equ	4084	;# 
  1742   000FF5                     TABLAT          equ	4085	;# 
  1743   000FF6                     TBLPTR          equ	4086	;# 
  1744   000FF6                     TBLPTRL         equ	4086	;# 
  1745   000FF7                     TBLPTRH         equ	4087	;# 
  1746   000FF8                     TBLPTRU         equ	4088	;# 
  1747   000FF9                     PCLAT           equ	4089	;# 
  1748   000FF9                     PC              equ	4089	;# 
  1749   000FF9                     PCL             equ	4089	;# 
  1750   000FFA                     PCLATH          equ	4090	;# 
  1751   000FFB                     PCLATU          equ	4091	;# 
  1752   000FFC                     STKPTR          equ	4092	;# 
  1753   000FFD                     TOS             equ	4093	;# 
  1754   000FFD                     TOSL            equ	4093	;# 
  1755   000FFE                     TOSH            equ	4094	;# 
  1756   000FFF                     TOSU            equ	4095	;# 
  1757   000D60                     RXF6SIDH        equ	3424	;# 
  1758   000D61                     RXF6SIDL        equ	3425	;# 
  1759   000D62                     RXF6EIDH        equ	3426	;# 
  1760   000D63                     RXF6EIDL        equ	3427	;# 
  1761   000D64                     RXF7SIDH        equ	3428	;# 
  1762   000D65                     RXF7SIDL        equ	3429	;# 
  1763   000D66                     RXF7EIDH        equ	3430	;# 
  1764   000D67                     RXF7EIDL        equ	3431	;# 
  1765   000D68                     RXF8SIDH        equ	3432	;# 
  1766   000D69                     RXF8SIDL        equ	3433	;# 
  1767   000D6A                     RXF8EIDH        equ	3434	;# 
  1768   000D6B                     RXF8EIDL        equ	3435	;# 
  1769   000D70                     RXF9SIDH        equ	3440	;# 
  1770   000D71                     RXF9SIDL        equ	3441	;# 
  1771   000D72                     RXF9EIDH        equ	3442	;# 
  1772   000D73                     RXF9EIDL        equ	3443	;# 
  1773   000D74                     RXF10SIDH       equ	3444	;# 
  1774   000D75                     RXF10SIDL       equ	3445	;# 
  1775   000D76                     RXF10EIDH       equ	3446	;# 
  1776   000D77                     RXF10EIDL       equ	3447	;# 
  1777   000D78                     RXF11SIDH       equ	3448	;# 
  1778   000D79                     RXF11SIDL       equ	3449	;# 
  1779   000D7A                     RXF11EIDH       equ	3450	;# 
  1780   000D7B                     RXF11EIDL       equ	3451	;# 
  1781   000D80                     RXF12SIDH       equ	3456	;# 
  1782   000D81                     RXF12SIDL       equ	3457	;# 
  1783   000D82                     RXF12EIDH       equ	3458	;# 
  1784   000D83                     RXF12EIDL       equ	3459	;# 
  1785   000D84                     RXF13SIDH       equ	3460	;# 
  1786   000D85                     RXF13SIDL       equ	3461	;# 
  1787   000D86                     RXF13EIDH       equ	3462	;# 
  1788   000D87                     RXF13EIDL       equ	3463	;# 
  1789   000D88                     RXF14SIDH       equ	3464	;# 
  1790   000D89                     RXF14SIDL       equ	3465	;# 
  1791   000D8A                     RXF14EIDH       equ	3466	;# 
  1792   000D8B                     RXF14EIDL       equ	3467	;# 
  1793   000D90                     RXF15SIDH       equ	3472	;# 
  1794   000D91                     RXF15SIDL       equ	3473	;# 
  1795   000D92                     RXF15EIDH       equ	3474	;# 
  1796   000D93                     RXF15EIDL       equ	3475	;# 
  1797   000DD4                     RXFCON0         equ	3540	;# 
  1798   000DD5                     RXFCON1         equ	3541	;# 
  1799   000DD8                     SDFLC           equ	3544	;# 
  1800   000DE0                     RXFBCON0        equ	3552	;# 
  1801   000DE1                     RXFBCON1        equ	3553	;# 
  1802   000DE2                     RXFBCON2        equ	3554	;# 
  1803   000DE3                     RXFBCON3        equ	3555	;# 
  1804   000DE4                     RXFBCON4        equ	3556	;# 
  1805   000DE5                     RXFBCON5        equ	3557	;# 
  1806   000DE6                     RXFBCON6        equ	3558	;# 
  1807   000DE7                     RXFBCON7        equ	3559	;# 
  1808   000DF0                     MSEL0           equ	3568	;# 
  1809   000DF1                     MSEL1           equ	3569	;# 
  1810   000DF2                     MSEL2           equ	3570	;# 
  1811   000DF3                     MSEL3           equ	3571	;# 
  1812   000DF8                     BSEL0           equ	3576	;# 
  1813   000DFA                     BIE0            equ	3578	;# 
  1814   000DFC                     TXBIE           equ	3580	;# 
  1815   000E20                     B0CON           equ	3616	;# 
  1816   000E21                     B0SIDH          equ	3617	;# 
  1817   000E22                     B0SIDL          equ	3618	;# 
  1818   000E23                     B0EIDH          equ	3619	;# 
  1819   000E24                     B0EIDL          equ	3620	;# 
  1820   000E25                     B0DLC           equ	3621	;# 
  1821   000E26                     B0D0            equ	3622	;# 
  1822   000E27                     B0D1            equ	3623	;# 
  1823   000E28                     B0D2            equ	3624	;# 
  1824   000E29                     B0D3            equ	3625	;# 
  1825   000E2A                     B0D4            equ	3626	;# 
  1826   000E2B                     B0D5            equ	3627	;# 
  1827   000E2C                     B0D6            equ	3628	;# 
  1828   000E2D                     B0D7            equ	3629	;# 
  1829   000E2E                     CANSTAT_RO9     equ	3630	;# 
  1830   000E2F                     CANCON_RO9      equ	3631	;# 
  1831   000E30                     B1CON           equ	3632	;# 
  1832   000E31                     B1SIDH          equ	3633	;# 
  1833   000E32                     B1SIDL          equ	3634	;# 
  1834   000E33                     B1EIDH          equ	3635	;# 
  1835   000E34                     B1EIDL          equ	3636	;# 
  1836   000E35                     B1DLC           equ	3637	;# 
  1837   000E36                     B1D0            equ	3638	;# 
  1838   000E37                     B1D1            equ	3639	;# 
  1839   000E38                     B1D2            equ	3640	;# 
  1840   000E39                     B1D3            equ	3641	;# 
  1841   000E3A                     B1D4            equ	3642	;# 
  1842   000E3B                     B1D5            equ	3643	;# 
  1843   000E3C                     B1D6            equ	3644	;# 
  1844   000E3D                     B1D7            equ	3645	;# 
  1845   000E3E                     CANSTAT_RO8     equ	3646	;# 
  1846   000E3F                     CANCON_RO8      equ	3647	;# 
  1847   000E40                     B2CON           equ	3648	;# 
  1848   000E41                     B2SIDH          equ	3649	;# 
  1849   000E42                     B2SIDL          equ	3650	;# 
  1850   000E43                     B2EIDH          equ	3651	;# 
  1851   000E44                     B2EIDL          equ	3652	;# 
  1852   000E45                     B2DLC           equ	3653	;# 
  1853   000E46                     B2D0            equ	3654	;# 
  1854   000E47                     B2D1            equ	3655	;# 
  1855   000E48                     B2D2            equ	3656	;# 
  1856   000E49                     B2D3            equ	3657	;# 
  1857   000E4A                     B2D4            equ	3658	;# 
  1858   000E4B                     B2D5            equ	3659	;# 
  1859   000E4C                     B2D6            equ	3660	;# 
  1860   000E4D                     B2D7            equ	3661	;# 
  1861   000E4E                     CANSTAT_RO7     equ	3662	;# 
  1862   000E4F                     CANCON_RO7      equ	3663	;# 
  1863   000E50                     B3CON           equ	3664	;# 
  1864   000E51                     B3SIDH          equ	3665	;# 
  1865   000E52                     B3SIDL          equ	3666	;# 
  1866   000E53                     B3EIDH          equ	3667	;# 
  1867   000E54                     B3EIDL          equ	3668	;# 
  1868   000E55                     B3DLC           equ	3669	;# 
  1869   000E56                     B3D0            equ	3670	;# 
  1870   000E57                     B3D1            equ	3671	;# 
  1871   000E58                     B3D2            equ	3672	;# 
  1872   000E59                     B3D3            equ	3673	;# 
  1873   000E5A                     B3D4            equ	3674	;# 
  1874   000E5B                     B3D5            equ	3675	;# 
  1875   000E5C                     B3D6            equ	3676	;# 
  1876   000E5D                     B3D7            equ	3677	;# 
  1877   000E5E                     CANSTAT_RO6     equ	3678	;# 
  1878   000E5F                     CANCON_RO6      equ	3679	;# 
  1879   000E60                     B4CON           equ	3680	;# 
  1880   000E61                     B4SIDH          equ	3681	;# 
  1881   000E62                     B4SIDL          equ	3682	;# 
  1882   000E63                     B4EIDH          equ	3683	;# 
  1883   000E64                     B4EIDL          equ	3684	;# 
  1884   000E65                     B4DLC           equ	3685	;# 
  1885   000E66                     B4D0            equ	3686	;# 
  1886   000E67                     B4D1            equ	3687	;# 
  1887   000E68                     B4D2            equ	3688	;# 
  1888   000E69                     B4D3            equ	3689	;# 
  1889   000E6A                     B4D4            equ	3690	;# 
  1890   000E6B                     B4D5            equ	3691	;# 
  1891   000E6C                     B4D6            equ	3692	;# 
  1892   000E6D                     B4D7            equ	3693	;# 
  1893   000E6E                     CANSTAT_RO5     equ	3694	;# 
  1894   000E6F                     CANCON_RO5      equ	3695	;# 
  1895   000E70                     B5CON           equ	3696	;# 
  1896   000E71                     B5SIDH          equ	3697	;# 
  1897   000E72                     B5SIDL          equ	3698	;# 
  1898   000E73                     B5EIDH          equ	3699	;# 
  1899   000E74                     B5EIDL          equ	3700	;# 
  1900   000E75                     B5DLC           equ	3701	;# 
  1901   000E76                     B5D0            equ	3702	;# 
  1902   000E77                     B5D1            equ	3703	;# 
  1903   000E78                     B5D2            equ	3704	;# 
  1904   000E79                     B5D3            equ	3705	;# 
  1905   000E7A                     B5D4            equ	3706	;# 
  1906   000E7B                     B5D5            equ	3707	;# 
  1907   000E7C                     B5D6            equ	3708	;# 
  1908   000E7D                     B5D7            equ	3709	;# 
  1909   000E7E                     CANSTAT_RO4     equ	3710	;# 
  1910   000E7F                     CANCON_RO4      equ	3711	;# 
  1911   000F00                     RXF0SIDH        equ	3840	;# 
  1912   000F01                     RXF0SIDL        equ	3841	;# 
  1913   000F02                     RXF0EIDH        equ	3842	;# 
  1914   000F03                     RXF0EIDL        equ	3843	;# 
  1915   000F04                     RXF1SIDH        equ	3844	;# 
  1916   000F05                     RXF1SIDL        equ	3845	;# 
  1917   000F06                     RXF1EIDH        equ	3846	;# 
  1918   000F07                     RXF1EIDL        equ	3847	;# 
  1919   000F08                     RXF2SIDH        equ	3848	;# 
  1920   000F09                     RXF2SIDL        equ	3849	;# 
  1921   000F0A                     RXF2EIDH        equ	3850	;# 
  1922   000F0B                     RXF2EIDL        equ	3851	;# 
  1923   000F0C                     RXF3SIDH        equ	3852	;# 
  1924   000F0D                     RXF3SIDL        equ	3853	;# 
  1925   000F0E                     RXF3EIDH        equ	3854	;# 
  1926   000F0F                     RXF3EIDL        equ	3855	;# 
  1927   000F10                     RXF4SIDH        equ	3856	;# 
  1928   000F11                     RXF4SIDL        equ	3857	;# 
  1929   000F12                     RXF4EIDH        equ	3858	;# 
  1930   000F13                     RXF4EIDL        equ	3859	;# 
  1931   000F14                     RXF5SIDH        equ	3860	;# 
  1932   000F15                     RXF5SIDL        equ	3861	;# 
  1933   000F16                     RXF5EIDH        equ	3862	;# 
  1934   000F17                     RXF5EIDL        equ	3863	;# 
  1935   000F18                     RXM0SIDH        equ	3864	;# 
  1936   000F19                     RXM0SIDL        equ	3865	;# 
  1937   000F1A                     RXM0EIDH        equ	3866	;# 
  1938   000F1B                     RXM0EIDL        equ	3867	;# 
  1939   000F1C                     RXM1SIDH        equ	3868	;# 
  1940   000F1D                     RXM1SIDL        equ	3869	;# 
  1941   000F1E                     RXM1EIDH        equ	3870	;# 
  1942   000F1F                     RXM1EIDL        equ	3871	;# 
  1943   000F20                     TXB2CON         equ	3872	;# 
  1944   000F21                     TXB2SIDH        equ	3873	;# 
  1945   000F22                     TXB2SIDL        equ	3874	;# 
  1946   000F23                     TXB2EIDH        equ	3875	;# 
  1947   000F24                     TXB2EIDL        equ	3876	;# 
  1948   000F25                     TXB2DLC         equ	3877	;# 
  1949   000F26                     TXB2D0          equ	3878	;# 
  1950   000F27                     TXB2D1          equ	3879	;# 
  1951   000F28                     TXB2D2          equ	3880	;# 
  1952   000F29                     TXB2D3          equ	3881	;# 
  1953   000F2A                     TXB2D4          equ	3882	;# 
  1954   000F2B                     TXB2D5          equ	3883	;# 
  1955   000F2C                     TXB2D6          equ	3884	;# 
  1956   000F2D                     TXB2D7          equ	3885	;# 
  1957   000F2E                     CANSTAT_RO3     equ	3886	;# 
  1958   000F2F                     CANCON_RO3      equ	3887	;# 
  1959   000F30                     TXB1CON         equ	3888	;# 
  1960   000F31                     TXB1SIDH        equ	3889	;# 
  1961   000F32                     TXB1SIDL        equ	3890	;# 
  1962   000F33                     TXB1EIDH        equ	3891	;# 
  1963   000F34                     TXB1EIDL        equ	3892	;# 
  1964   000F35                     TXB1DLC         equ	3893	;# 
  1965   000F36                     TXB1D0          equ	3894	;# 
  1966   000F37                     TXB1D1          equ	3895	;# 
  1967   000F38                     TXB1D2          equ	3896	;# 
  1968   000F39                     TXB1D3          equ	3897	;# 
  1969   000F3A                     TXB1D4          equ	3898	;# 
  1970   000F3B                     TXB1D5          equ	3899	;# 
  1971   000F3C                     TXB1D6          equ	3900	;# 
  1972   000F3D                     TXB1D7          equ	3901	;# 
  1973   000F3E                     CANSTAT_RO2     equ	3902	;# 
  1974   000F3F                     CANCON_RO2      equ	3903	;# 
  1975   000F40                     TXB0CON         equ	3904	;# 
  1976   000F41                     TXB0SIDH        equ	3905	;# 
  1977   000F42                     TXB0SIDL        equ	3906	;# 
  1978   000F43                     TXB0EIDH        equ	3907	;# 
  1979   000F44                     TXB0EIDL        equ	3908	;# 
  1980   000F45                     TXB0DLC         equ	3909	;# 
  1981   000F46                     TXB0D0          equ	3910	;# 
  1982   000F47                     TXB0D1          equ	3911	;# 
  1983   000F48                     TXB0D2          equ	3912	;# 
  1984   000F49                     TXB0D3          equ	3913	;# 
  1985   000F4A                     TXB0D4          equ	3914	;# 
  1986   000F4B                     TXB0D5          equ	3915	;# 
  1987   000F4C                     TXB0D6          equ	3916	;# 
  1988   000F4D                     TXB0D7          equ	3917	;# 
  1989   000F4E                     CANSTAT_RO1     equ	3918	;# 
  1990   000F4F                     CANCON_RO1      equ	3919	;# 
  1991   000F50                     RXB1CON         equ	3920	;# 
  1992   000F51                     RXB1SIDH        equ	3921	;# 
  1993   000F52                     RXB1SIDL        equ	3922	;# 
  1994   000F53                     RXB1EIDH        equ	3923	;# 
  1995   000F54                     RXB1EIDL        equ	3924	;# 
  1996   000F55                     RXB1DLC         equ	3925	;# 
  1997   000F56                     RXB1D0          equ	3926	;# 
  1998   000F57                     RXB1D1          equ	3927	;# 
  1999   000F58                     RXB1D2          equ	3928	;# 
  2000   000F59                     RXB1D3          equ	3929	;# 
  2001   000F5A                     RXB1D4          equ	3930	;# 
  2002   000F5B                     RXB1D5          equ	3931	;# 
  2003   000F5C                     RXB1D6          equ	3932	;# 
  2004   000F5D                     RXB1D7          equ	3933	;# 
  2005   000F5E                     CANSTAT_RO0     equ	3934	;# 
  2006   000F5F                     CANCON_RO0      equ	3935	;# 
  2007   000F60                     RXB0CON         equ	3936	;# 
  2008   000F61                     RXB0SIDH        equ	3937	;# 
  2009   000F62                     RXB0SIDL        equ	3938	;# 
  2010   000F63                     RXB0EIDH        equ	3939	;# 
  2011   000F64                     RXB0EIDL        equ	3940	;# 
  2012   000F65                     RXB0DLC         equ	3941	;# 
  2013   000F66                     RXB0D0          equ	3942	;# 
  2014   000F67                     RXB0D1          equ	3943	;# 
  2015   000F68                     RXB0D2          equ	3944	;# 
  2016   000F69                     RXB0D3          equ	3945	;# 
  2017   000F6A                     RXB0D4          equ	3946	;# 
  2018   000F6B                     RXB0D5          equ	3947	;# 
  2019   000F6C                     RXB0D6          equ	3948	;# 
  2020   000F6D                     RXB0D7          equ	3949	;# 
  2021   000F6E                     CANSTAT         equ	3950	;# 
  2022   000F6F                     CANCON          equ	3951	;# 
  2023   000F70                     BRGCON1         equ	3952	;# 
  2024   000F71                     BRGCON2         equ	3953	;# 
  2025   000F72                     BRGCON3         equ	3954	;# 
  2026   000F73                     CIOCON          equ	3955	;# 
  2027   000F74                     COMSTAT         equ	3956	;# 
  2028   000F75                     RXERRCNT        equ	3957	;# 
  2029   000F76                     TXERRCNT        equ	3958	;# 
  2030   000F77                     ECANCON         equ	3959	;# 
  2031   000F80                     PORTA           equ	3968	;# 
  2032   000F81                     PORTB           equ	3969	;# 
  2033   000F82                     PORTC           equ	3970	;# 
  2034   000F83                     PORTD           equ	3971	;# 
  2035   000F84                     PORTE           equ	3972	;# 
  2036   000F89                     LATA            equ	3977	;# 
  2037   000F8A                     LATB            equ	3978	;# 
  2038   000F8B                     LATC            equ	3979	;# 
  2039   000F8C                     LATD            equ	3980	;# 
  2040   000F8D                     LATE            equ	3981	;# 
  2041   000F92                     TRISA           equ	3986	;# 
  2042   000F92                     DDRA            equ	3986	;# 
  2043   000F93                     TRISB           equ	3987	;# 
  2044   000F93                     DDRB            equ	3987	;# 
  2045   000F94                     TRISC           equ	3988	;# 
  2046   000F94                     DDRC            equ	3988	;# 
  2047   000F95                     TRISD           equ	3989	;# 
  2048   000F95                     DDRD            equ	3989	;# 
  2049   000F96                     TRISE           equ	3990	;# 
  2050   000F96                     DDRE            equ	3990	;# 
  2051   000F9B                     OSCTUNE         equ	3995	;# 
  2052   000F9D                     PIE1            equ	3997	;# 
  2053   000F9E                     PIR1            equ	3998	;# 
  2054   000F9F                     IPR1            equ	3999	;# 
  2055   000FA0                     PIE2            equ	4000	;# 
  2056   000FA1                     PIR2            equ	4001	;# 
  2057   000FA2                     IPR2            equ	4002	;# 
  2058   000FA3                     PIE3            equ	4003	;# 
  2059   000FA4                     PIR3            equ	4004	;# 
  2060   000FA5                     IPR3            equ	4005	;# 
  2061   000FA6                     EECON1          equ	4006	;# 
  2062   000FA7                     EECON2          equ	4007	;# 
  2063   000FA8                     EEDATA          equ	4008	;# 
  2064   000FA9                     EEADR           equ	4009	;# 
  2065   000FAB                     RCSTA           equ	4011	;# 
  2066   000FAB                     RCSTA1          equ	4011	;# 
  2067   000FAC                     TXSTA           equ	4012	;# 
  2068   000FAC                     TXSTA1          equ	4012	;# 
  2069   000FAD                     TXREG           equ	4013	;# 
  2070   000FAD                     TXREG1          equ	4013	;# 
  2071   000FAE                     RCREG           equ	4014	;# 
  2072   000FAE                     RCREG1          equ	4014	;# 
  2073   000FAF                     SPBRG           equ	4015	;# 
  2074   000FAF                     SPBRG1          equ	4015	;# 
  2075   000FB0                     SPBRGH          equ	4016	;# 
  2076   000FB1                     T3CON           equ	4017	;# 
  2077   000FB2                     TMR3            equ	4018	;# 
  2078   000FB2                     TMR3L           equ	4018	;# 
  2079   000FB3                     TMR3H           equ	4019	;# 
  2080   000FB4                     CMCON           equ	4020	;# 
  2081   000FB5                     CVRCON          equ	4021	;# 
  2082   000FB6                     ECCP1AS         equ	4022	;# 
  2083   000FB7                     ECCP1DEL        equ	4023	;# 
  2084   000FB8                     BAUDCON         equ	4024	;# 
  2085   000FB8                     BAUDCTL         equ	4024	;# 
  2086   000FBA                     ECCP1CON        equ	4026	;# 
  2087   000FBB                     ECCPR1          equ	4027	;# 
  2088   000FBB                     ECCPR1L         equ	4027	;# 
  2089   000FBC                     ECCPR1H         equ	4028	;# 
  2090   000FBD                     CCP1CON         equ	4029	;# 
  2091   000FBE                     CCPR1           equ	4030	;# 
  2092   000FBE                     CCPR1L          equ	4030	;# 
  2093   000FBF                     CCPR1H          equ	4031	;# 
  2094   000FC0                     ADCON2          equ	4032	;# 
  2095   000FC1                     ADCON1          equ	4033	;# 
  2096   000FC2                     ADCON0          equ	4034	;# 
  2097   000FC3                     ADRES           equ	4035	;# 
  2098   000FC3                     ADRESL          equ	4035	;# 
  2099   000FC4                     ADRESH          equ	4036	;# 
  2100   000FC5                     SSPCON2         equ	4037	;# 
  2101   000FC6                     SSPCON1         equ	4038	;# 
  2102   000FC7                     SSPSTAT         equ	4039	;# 
  2103   000FC8                     SSPADD          equ	4040	;# 
  2104   000FC9                     SSPBUF          equ	4041	;# 
  2105   000FCA                     T2CON           equ	4042	;# 
  2106   000FCB                     PR2             equ	4043	;# 
  2107   000FCB                     MEMCON          equ	4043	;# 
  2108   000FCC                     TMR2            equ	4044	;# 
  2109   000FCD                     T1CON           equ	4045	;# 
  2110   000FCE                     TMR1            equ	4046	;# 
  2111   000FCE                     TMR1L           equ	4046	;# 
  2112   000FCF                     TMR1H           equ	4047	;# 
  2113   000FD0                     RCON            equ	4048	;# 
  2114   000FD1                     WDTCON          equ	4049	;# 
  2115   000FD2                     HLVDCON         equ	4050	;# 
  2116   000FD2                     LVDCON          equ	4050	;# 
  2117   000FD3                     OSCCON          equ	4051	;# 
  2118   000FD5                     T0CON           equ	4053	;# 
  2119   000FD6                     TMR0            equ	4054	;# 
  2120   000FD6                     TMR0L           equ	4054	;# 
  2121   000FD7                     TMR0H           equ	4055	;# 
  2122   000FD8                     STATUS          equ	4056	;# 
  2123   000FD9                     FSR2            equ	4057	;# 
  2124   000FD9                     FSR2L           equ	4057	;# 
  2125   000FDA                     FSR2H           equ	4058	;# 
  2126   000FDB                     PLUSW2          equ	4059	;# 
  2127   000FDC                     PREINC2         equ	4060	;# 
  2128   000FDD                     POSTDEC2        equ	4061	;# 
  2129   000FDE                     POSTINC2        equ	4062	;# 
  2130   000FDF                     INDF2           equ	4063	;# 
  2131   000FE0                     BSR             equ	4064	;# 
  2132   000FE1                     FSR1            equ	4065	;# 
  2133   000FE1                     FSR1L           equ	4065	;# 
  2134   000FE2                     FSR1H           equ	4066	;# 
  2135   000FE3                     PLUSW1          equ	4067	;# 
  2136   000FE4                     PREINC1         equ	4068	;# 
  2137   000FE5                     POSTDEC1        equ	4069	;# 
  2138   000FE6                     POSTINC1        equ	4070	;# 
  2139   000FE7                     INDF1           equ	4071	;# 
  2140   000FE8                     WREG            equ	4072	;# 
  2141   000FE9                     FSR0            equ	4073	;# 
  2142   000FE9                     FSR0L           equ	4073	;# 
  2143   000FEA                     FSR0H           equ	4074	;# 
  2144   000FEB                     PLUSW0          equ	4075	;# 
  2145   000FEC                     PREINC0         equ	4076	;# 
  2146   000FED                     POSTDEC0        equ	4077	;# 
  2147   000FEE                     POSTINC0        equ	4078	;# 
  2148   000FEF                     INDF0           equ	4079	;# 
  2149   000FF0                     INTCON3         equ	4080	;# 
  2150   000FF1                     INTCON2         equ	4081	;# 
  2151   000FF2                     INTCON          equ	4082	;# 
  2152   000FF3                     PROD            equ	4083	;# 
  2153   000FF3                     PRODL           equ	4083	;# 
  2154   000FF4                     PRODH           equ	4084	;# 
  2155   000FF5                     TABLAT          equ	4085	;# 
  2156   000FF6                     TBLPTR          equ	4086	;# 
  2157   000FF6                     TBLPTRL         equ	4086	;# 
  2158   000FF7                     TBLPTRH         equ	4087	;# 
  2159   000FF8                     TBLPTRU         equ	4088	;# 
  2160   000FF9                     PCLAT           equ	4089	;# 
  2161   000FF9                     PC              equ	4089	;# 
  2162   000FF9                     PCL             equ	4089	;# 
  2163   000FFA                     PCLATH          equ	4090	;# 
  2164   000FFB                     PCLATU          equ	4091	;# 
  2165   000FFC                     STKPTR          equ	4092	;# 
  2166   000FFD                     TOS             equ	4093	;# 
  2167   000FFD                     TOSL            equ	4093	;# 
  2168   000FFE                     TOSH            equ	4094	;# 
  2169   000FFF                     TOSU            equ	4095	;# 
  2170                           
  2171                           	psect	idataCOMRAM
  2172   003000                     __pidataCOMRAM:
  2173                           	callstack 0
  2174                           
  2175                           ;initializer for read_digital_keypad@once
  2176   003000  01                 	db	1
  2177   000DD4                     _RXFCON0        set	3540
  2178   000F45                     _TXB0DLC        set	3909
  2179   000F44                     _TXB0EIDL       set	3908
  2180   000F43                     _TXB0EIDH       set	3907
  2181   000F41                     _TXB0SIDH       set	3905
  2182   000F42                     _TXB0SIDL       set	3906
  2183   000F46                     _TXB0D0         set	3910
  2184   007A03                     _TXB0REQ        set	31235
  2185   000F82                     _PORTC          set	3970
  2186   000F94                     _TRISC          set	3988
  2187   000F65                     _RXB0DLC        set	3941
  2188   000F61                     _RXB0SIDH       set	3937
  2189   000F62                     _RXB0SIDL       set	3938
  2190   000F60                     _RXB0CONbits    set	3936
  2191   000F60                     _RXB0CON        set	3936
  2192   000F72                     _BRGCON3        set	3954
  2193   000F71                     _BRGCON2        set	3953
  2194   000F70                     _BRGCON1        set	3952
  2195   000F77                     _ECANCON        set	3959
  2196   000F6E                     _CANSTAT        set	3950
  2197   000F6F                     _CANCON         set	3951
  2198   000FC2                     _ADCON0         set	4034
  2199   000FC3                     _ADRESL         set	4035
  2200   000FC4                     _ADRESH         set	4036
  2201   000F81                     _PORTBbits      set	3969
  2202   000F80                     _PORTA          set	3968
  2203   000F92                     _TRISA          set	3986
  2204   000F95                     _TRISD          set	3989
  2205   000F66                     _RXB0D0         set	3942
  2206   007D20                     _RXB0IF         set	32032
  2207   007B07                     _RXB0FUL        set	31495
  2208   007C9B                     _TRISB3         set	31899
  2209   007C9A                     _TRISB2         set	31898
  2210   007E11                     _GO             set	32273
  2211   007E10                     _ADON           set	32272
  2212   007E0C                     _VCFG0          set	32268
  2213   007E0D                     _VCFG1          set	32269
  2214   007E11                     _GODONE         set	32273
  2215   007E02                     _ADCS2          set	32258
  2216   007E01                     _ADCS1          set	32257
  2217   007E00                     _ADCS0          set	32256
  2218   007E03                     _ACQT0          set	32259
  2219   007E04                     _ACQT1          set	32260
  2220   007E05                     _ACQT2          set	32261
  2221   007E07                     _ADFM           set	32263
  2222   007C9F                     _TRISB7         set	31903
  2223   007C9E                     _TRISB6         set	31902
  2224   007C99                     _TRISB1         set	31897
  2225   007C98                     _TRISB0         set	31896
  2226                           
  2227                           ; #config settings
  2228                           
  2229                           	psect	cinit
  2230   000C2A                     __pcinit:
  2231                           	callstack 0
  2232   000C2A                     start_initialization:
  2233                           	callstack 0
  2234   000C2A                     __initialization:
  2235                           	callstack 0
  2236                           
  2237                           ; Initialize objects allocated to COMRAM (1 bytes)
  2238                           ; load TBLPTR registers with __pidataCOMRAM
  2239   000C2A  0E00               	movlw	low __pidataCOMRAM
  2240   000C2C  6EF6               	movwf	tblptrl,c
  2241   000C2E  0E30               	movlw	high __pidataCOMRAM
  2242   000C30  6EF7               	movwf	tblptrh,c
  2243   000C32  0E00               	movlw	low (__pidataCOMRAM shr (0+16))
  2244   000C34  6EF8               	movwf	tblptru,c
  2245   000C36  0009               	tblrd		*+	;fetch initializer
  2246   000C38  CFF5 F03C          	movff	tablat,__pdataCOMRAM
  2247                           
  2248                           ; Clear objects allocated to COMRAM (10 bytes)
  2249   000C3C  EE00  F032         	lfsr	0,__pbssCOMRAM
  2250   000C40  0E0A               	movlw	10
  2251   000C42                     clear_0:
  2252   000C42  6AEE               	clrf	postinc0,c
  2253   000C44  06E8               	decf	wreg,f,c
  2254   000C46  E1FD               	bnz	clear_0
  2255   000C48                     end_of_initialization:
  2256                           	callstack 0
  2257   000C48                     __end_of__initialization:
  2258                           	callstack 0
  2259   000C48  0100               	movlb	0
  2260   000C4A  EF35  F006         	goto	_main	;jump to C main() function
  2261                           
  2262                           	psect	bssCOMRAM
  2263   000032                     __pbssCOMRAM:
  2264                           	callstack 0
  2265   000032                     	ds	5
  2266   000037                     process_indicator@key:
  2267                           	callstack 0
  2268   000037                     	ds	2
  2269   000039                     _status:
  2270                           	callstack 0
  2271   000039                     	ds	1
  2272   00003A                     process_indicator@indicator:
  2273                           	callstack 0
  2274   00003A                     	ds	2
  2275                           
  2276                           	psect	dataCOMRAM
  2277   00003C                     __pdataCOMRAM:
  2278                           	callstack 0
  2279   00003C                     read_digital_keypad@once:
  2280                           	callstack 0
  2281   00003C                     	ds	1
  2282                           
  2283                           	psect	cstackCOMRAM
  2284   000001                     __pcstackCOMRAM:
  2285                           	callstack 0
  2286   000001                     ?___awdiv:
  2287                           	callstack 0
  2288   000001                     ?___awmod:
  2289                           	callstack 0
  2290   000001                     ?_read_adc:
  2291                           	callstack 0
  2292   000001                     read_digital_keypad@detection_type:
  2293                           	callstack 0
  2294   000001                     set_msg_id_std@id:
  2295                           	callstack 0
  2296   000001                     ___awdiv@dividend:
  2297                           	callstack 0
  2298   000001                     ___awmod@dividend:
  2299                           	callstack 0
  2300   000001                     
  2301                           ; 1 bytes @ 0x0
  2302   000001                     	ds	2
  2303   000003                     ___awdiv@divisor:
  2304                           	callstack 0
  2305   000003                     ___awmod@divisor:
  2306                           	callstack 0
  2307   000003                     ??_read_adc:
  2308   000003                     ??_set_msg_id_std:
  2309                           
  2310                           ; 1 bytes @ 0x2
  2311   000003                     	ds	2
  2312   000005                     ___awdiv@counter:
  2313                           	callstack 0
  2314   000005                     ___awmod@counter:
  2315                           	callstack 0
  2316   000005                     read_adc@reg_val:
  2317                           	callstack 0
  2318   000005                     can_transmit@msg_id:
  2319                           	callstack 0
  2320   000005                     
  2321                           ; 1 bytes @ 0x4
  2322   000005                     	ds	1
  2323   000006                     ___awdiv@sign:
  2324                           	callstack 0
  2325   000006                     ___awmod@sign:
  2326                           	callstack 0
  2327                           
  2328                           ; 1 bytes @ 0x5
  2329   000006                     	ds	1
  2330   000007                     read_adc@channel:
  2331                           	callstack 0
  2332   000007                     can_transmit@data:
  2333                           	callstack 0
  2334   000007                     ___awdiv@quotient:
  2335                           	callstack 0
  2336                           
  2337                           ; 2 bytes @ 0x6
  2338   000007                     	ds	1
  2339   000008                     ?___lmul:
  2340                           	callstack 0
  2341   000008                     can_transmit@len:
  2342                           	callstack 0
  2343   000008                     ___lmul@multiplier:
  2344                           	callstack 0
  2345                           
  2346                           ; 4 bytes @ 0x7
  2347   000008                     	ds	1
  2348   000009                     ??_can_transmit:
  2349                           
  2350                           ; 1 bytes @ 0x8
  2351   000009                     	ds	3
  2352   00000C                     can_transmit@ptr:
  2353                           	callstack 0
  2354   00000C                     ___lmul@multiplicand:
  2355                           	callstack 0
  2356                           
  2357                           ; 4 bytes @ 0xB
  2358   00000C                     	ds	2
  2359   00000E                     can_transmit@i:
  2360                           	callstack 0
  2361                           
  2362                           ; 2 bytes @ 0xD
  2363   00000E                     	ds	2
  2364   000010                     ___lmul@product:
  2365                           	callstack 0
  2366   000010                     ??_process_indicator:
  2367   000010                     
  2368                           ; 1 bytes @ 0xF
  2369   000010                     	ds	4
  2370   000014                     ?___lldiv:
  2371                           	callstack 0
  2372   000014                     ___lldiv@dividend:
  2373                           	callstack 0
  2374                           
  2375                           ; 4 bytes @ 0x13
  2376   000014                     	ds	4
  2377   000018                     ___lldiv@divisor:
  2378                           	callstack 0
  2379                           
  2380                           ; 4 bytes @ 0x17
  2381   000018                     	ds	4
  2382   00001C                     ___lldiv@quotient:
  2383                           	callstack 0
  2384   00001C                     
  2385                           ; 1 bytes @ 0x1B
  2386   00001C                     	ds	4
  2387   000020                     ___lldiv@counter:
  2388                           	callstack 0
  2389                           
  2390                           ; 1 bytes @ 0x1F
  2391   000020                     	ds	1
  2392   000021                     ??_get_rpm:
  2393                           
  2394                           ; 1 bytes @ 0x20
  2395   000021                     	ds	1
  2396   000022                     get_rpm@rpm:
  2397                           	callstack 0
  2398                           
  2399                           ; 2 bytes @ 0x21
  2400   000022                     	ds	2
  2401   000024                     get_rpm@t:
  2402                           	callstack 0
  2403                           
  2404                           ; 1 bytes @ 0x23
  2405   000024                     	ds	1
  2406   000025                     get_rpm@data:
  2407                           	callstack 0
  2408                           
  2409                           ; 5 bytes @ 0x24
  2410   000025                     	ds	5
  2411   00002A                     get_rpm@s:
  2412                           	callstack 0
  2413                           
  2414                           ; 2 bytes @ 0x29
  2415   00002A                     	ds	2
  2416   00002C                     get_rpm@e:
  2417                           	callstack 0
  2418                           
  2419                           ; 2 bytes @ 0x2B
  2420   00002C                     	ds	2
  2421   00002E                     get_rpm@num:
  2422                           	callstack 0
  2423                           
  2424                           ; 2 bytes @ 0x2D
  2425   00002E                     	ds	2
  2426   000030                     get_rpm@i:
  2427                           	callstack 0
  2428                           
  2429                           ; 2 bytes @ 0x2F
  2430   000030                     	ds	2
  2431   000032                     
  2432                           ; 1 bytes @ 0x31
  2433 ;;
  2434 ;;Main: autosize = 0, tempsize = 0, incstack = 0, save=0
  2435 ;;
  2436 ;; *************** function _main *****************
  2437 ;; Defined at:
  2438 ;;		line 29 in file "main.c"
  2439 ;; Parameters:    Size  Location     Type
  2440 ;;		None
  2441 ;; Auto vars:     Size  Location     Type
  2442 ;;		None
  2443 ;; Return value:  Size  Location     Type
  2444 ;;                  2   39[None  ] int 
  2445 ;; Registers used:
  2446 ;;		wreg, fsr1l, fsr1h, fsr2l, fsr2h, status,2, status,0, cstack
  2447 ;; Tracked objects:
  2448 ;;		On entry : 0/0
  2449 ;;		On exit  : 0/0
  2450 ;;		Unchanged: 0/0
  2451 ;; Data sizes:     COMRAM   BANK0   BANK1   BANK2   BANK3   BANK4   BANK5
  2452 ;;      Params:         0       0       0       0       0       0       0
  2453 ;;      Locals:         0       0       0       0       0       0       0
  2454 ;;      Temps:          0       0       0       0       0       0       0
  2455 ;;      Totals:         0       0       0       0       0       0       0
  2456 ;;Total ram usage:        0 bytes
  2457 ;; Hardware stack levels required when called: 3
  2458 ;; This function calls:
  2459 ;;		_get_rpm
  2460 ;;		_init_config
  2461 ;;		_process_indicator
  2462 ;; This function is called by:
  2463 ;;		Startup code after reset
  2464 ;; This function uses a non-reentrant model
  2465 ;;
  2466                           
  2467                           	psect	text0
  2468   000C6A                     __ptext0:
  2469                           	callstack 0
  2470   000C6A                     _main:
  2471                           	callstack 28
  2472   000C6A                     
  2473                           ;main.c: 31:     init_config();
  2474   000C6A  EC3F  F006         	call	_init_config	;wreg free
  2475   000C6E                     l1511:
  2476                           
  2477                           ;main.c: 33:     {;main.c: 34:         get_rpm();
  2478   000C6E  EC01  F003         	call	_get_rpm	;wreg free
  2479   000C72                     
  2480                           ;main.c: 35:         process_indicator();
  2481   000C72  EC69  F004         	call	_process_indicator	;wreg free
  2482   000C76  EF37  F006         	goto	l1511
  2483   000C7A  EFFE  F017         	goto	start
  2484   000C7E                     __end_of_main:
  2485                           	callstack 0
  2486                           
  2487 ;; *************** function _process_indicator *****************
  2488 ;; Defined at:
  2489 ;;		line 24 in file "ecu2.c"
  2490 ;; Parameters:    Size  Location     Type
  2491 ;;		None
  2492 ;; Auto vars:     Size  Location     Type
  2493 ;;		None
  2494 ;; Return value:  Size  Location     Type
  2495 ;;                  1    wreg      enum E10606
  2496 ;; Registers used:
  2497 ;;		wreg, fsr1l, fsr1h, fsr2l, fsr2h, status,2, status,0, cstack
  2498 ;; Tracked objects:
  2499 ;;		On entry : 0/0
  2500 ;;		On exit  : 0/0
  2501 ;;		Unchanged: 0/0
  2502 ;; Data sizes:     COMRAM   BANK0   BANK1   BANK2   BANK3   BANK4   BANK5
  2503 ;;      Params:         0       0       0       0       0       0       0
  2504 ;;      Locals:         0       0       0       0       0       0       0
  2505 ;;      Temps:          1       0       0       0       0       0       0
  2506 ;;      Totals:         1       0       0       0       0       0       0
  2507 ;;Total ram usage:        1 bytes
  2508 ;; Hardware stack levels used: 1
  2509 ;; Hardware stack levels required when called: 1
  2510 ;; This function calls:
  2511 ;;		_can_transmit
  2512 ;;		_read_digital_keypad
  2513 ;; This function is called by:
  2514 ;;		_main
  2515 ;; This function uses a non-reentrant model
  2516 ;;
  2517                           
  2518                           	psect	text1
  2519   0008D2                     __ptext1:
  2520                           	callstack 0
  2521   0008D2                     _process_indicator:
  2522                           	callstack 29
  2523   0008D2                     
  2524                           ;ecu2.c: 26:     static int indicator = 0x00, key;;ecu2.c: 27:     key = read_digital_ke
      +                          ypad(1);
  2525   0008D2  0E01               	movlw	1
  2526   0008D4  EC10  F005         	call	_read_digital_keypad
  2527   0008D8  6E10               	movwf	??_process_indicator^0,c
  2528   0008DA  5010               	movf	??_process_indicator^0,w,c
  2529   0008DC  6E37               	movwf	process_indicator@key^0,c
  2530   0008DE  6A38               	clrf	(process_indicator@key+1)^0,c
  2531   0008E0                     
  2532                           ;ecu2.c: 28:     if(key != 0x0F) {
  2533   0008E0  0E0F               	movlw	15
  2534   0008E2  1837               	xorwf	process_indicator@key^0,w,c
  2535   0008E4  1038               	iorwf	(process_indicator@key+1)^0,w,c
  2536   0008E6  B4D8               	btfsc	status,2,c
  2537   0008E8  EF78  F004         	goto	u621
  2538   0008EC  EF7A  F004         	goto	u620
  2539   0008F0                     u621:
  2540   0008F0  EFB4  F004         	goto	l1505
  2541   0008F4                     u620:
  2542   0008F4                     
  2543                           ;ecu2.c: 29:         if(key == 0x0E) indicator = e_ind_left;
  2544   0008F4  0E0E               	movlw	14
  2545   0008F6  1837               	xorwf	process_indicator@key^0,w,c
  2546   0008F8  1038               	iorwf	(process_indicator@key+1)^0,w,c
  2547   0008FA  A4D8               	btfss	status,2,c
  2548   0008FC  EF82  F004         	goto	u631
  2549   000900  EF84  F004         	goto	u630
  2550   000904                     u631:
  2551   000904  EF89  F004         	goto	l1493
  2552   000908                     u630:
  2553   000908  6A3B               	clrf	(process_indicator@indicator+1)^0,c
  2554   00090A  0E01               	movlw	1
  2555   00090C  6E3A               	movwf	process_indicator@indicator^0,c
  2556   00090E  EFB4  F004         	goto	l1505
  2557   000912                     l1493:
  2558   000912  0E0D               	movlw	13
  2559   000914  1837               	xorwf	process_indicator@key^0,w,c
  2560   000916  1038               	iorwf	(process_indicator@key+1)^0,w,c
  2561   000918  A4D8               	btfss	status,2,c
  2562   00091A  EF91  F004         	goto	u641
  2563   00091E  EF93  F004         	goto	u640
  2564   000922                     u641:
  2565   000922  EF98  F004         	goto	l1497
  2566   000926                     u640:
  2567   000926  6A3B               	clrf	(process_indicator@indicator+1)^0,c
  2568   000928  0E02               	movlw	2
  2569   00092A  6E3A               	movwf	process_indicator@indicator^0,c
  2570   00092C  EFB4  F004         	goto	l1505
  2571   000930                     l1497:
  2572   000930  0E0B               	movlw	11
  2573   000932  1837               	xorwf	process_indicator@key^0,w,c
  2574   000934  1038               	iorwf	(process_indicator@key+1)^0,w,c
  2575   000936  A4D8               	btfss	status,2,c
  2576   000938  EFA0  F004         	goto	u651
  2577   00093C  EFA2  F004         	goto	u650
  2578   000940                     u651:
  2579   000940  EFA7  F004         	goto	l1501
  2580   000944                     u650:
  2581   000944  6A3B               	clrf	(process_indicator@indicator+1)^0,c
  2582   000946  0E03               	movlw	3
  2583   000948  6E3A               	movwf	process_indicator@indicator^0,c
  2584   00094A  EFB4  F004         	goto	l1505
  2585   00094E                     l1501:
  2586   00094E  0E07               	movlw	7
  2587   000950  1837               	xorwf	process_indicator@key^0,w,c
  2588   000952  1038               	iorwf	(process_indicator@key+1)^0,w,c
  2589   000954  A4D8               	btfss	status,2,c
  2590   000956  EFAF  F004         	goto	u661
  2591   00095A  EFB1  F004         	goto	u660
  2592   00095E                     u661:
  2593   00095E  EFB4  F004         	goto	l1505
  2594   000962                     u660:
  2595   000962  6A3B               	clrf	(process_indicator@indicator+1)^0,c
  2596   000964  0E00               	movlw	0
  2597   000966  6E3A               	movwf	process_indicator@indicator^0,c
  2598   000968                     l1505:
  2599                           
  2600                           ;ecu2.c: 34:     can_transmit(0x50, (uint8_t*)&indicator, 1);
  2601   000968  6A06               	clrf	(can_transmit@msg_id+1)^0,c
  2602   00096A  0E50               	movlw	80
  2603   00096C  6E05               	movwf	can_transmit@msg_id^0,c
  2604   00096E  0E3A               	movlw	low process_indicator@indicator
  2605   000970  6E07               	movwf	can_transmit@data^0,c
  2606   000972  0E01               	movlw	1
  2607   000974  6E08               	movwf	can_transmit@len^0,c
  2608   000976  EC4A  F005         	call	_can_transmit	;wreg free
  2609   00097A  0012               	return		;funcret
  2610   00097C                     __end_of_process_indicator:
  2611                           	callstack 0
  2612                           
  2613 ;; *************** function _read_digital_keypad *****************
  2614 ;; Defined at:
  2615 ;;		line 8 in file "digital_keypad.c"
  2616 ;; Parameters:    Size  Location     Type
  2617 ;;  detection_ty    1    wreg     unsigned char 
  2618 ;; Auto vars:     Size  Location     Type
  2619 ;;  detection_ty    1    0[COMRAM] unsigned char 
  2620 ;; Return value:  Size  Location     Type
  2621 ;;                  1    wreg      unsigned char 
  2622 ;; Registers used:
  2623 ;;		wreg, status,2, status,0
  2624 ;; Tracked objects:
  2625 ;;		On entry : 0/0
  2626 ;;		On exit  : 0/0
  2627 ;;		Unchanged: 0/0
  2628 ;; Data sizes:     COMRAM   BANK0   BANK1   BANK2   BANK3   BANK4   BANK5
  2629 ;;      Params:         0       0       0       0       0       0       0
  2630 ;;      Locals:         1       0       0       0       0       0       0
  2631 ;;      Temps:          0       0       0       0       0       0       0
  2632 ;;      Totals:         1       0       0       0       0       0       0
  2633 ;;Total ram usage:        1 bytes
  2634 ;; Hardware stack levels used: 1
  2635 ;; This function calls:
  2636 ;;		Nothing
  2637 ;; This function is called by:
  2638 ;;		_process_indicator
  2639 ;; This function uses a non-reentrant model
  2640 ;;
  2641                           
  2642                           	psect	text2
  2643   000A20                     __ptext2:
  2644                           	callstack 0
  2645   000A20                     _read_digital_keypad:
  2646                           	callstack 29
  2647                           
  2648                           ;incstack = 0
  2649                           ;read_digital_keypad@detection_type stored from wreg
  2650   000A20  6E01               	movwf	read_digital_keypad@detection_type^0,c
  2651   000A22                     
  2652                           ;digital_keypad.c: 8: unsigned char read_digital_keypad(unsigned char detection_type);di
      +                          gital_keypad.c: 9: {;digital_keypad.c: 10:  static unsigned char once = 1;;digital_keypa
      +                          d.c: 11:  if (detection_type == 1)
  2653   000A22  0401               	decf	read_digital_keypad@detection_type^0,w,c
  2654   000A24  A4D8               	btfss	status,2,c
  2655   000A26  EF17  F005         	goto	u51
  2656   000A2A  EF19  F005         	goto	u50
  2657   000A2E                     u51:
  2658   000A2E  EF3E  F005         	goto	l1069
  2659   000A32                     u50:
  2660   000A32                     
  2661                           ;digital_keypad.c: 12:  {;digital_keypad.c: 13:   if (((PORTC & 0x0F) != 0x0F) && once)
  2662   000A32  5082               	movf	130,w,c	;volatile
  2663   000A34  0B0F               	andlw	15
  2664   000A36  0A0F               	xorlw	15
  2665   000A38  B4D8               	btfsc	status,2,c
  2666   000A3A  EF21  F005         	goto	u61
  2667   000A3E  EF23  F005         	goto	u60
  2668   000A42                     u61:
  2669   000A42  EF30  F005         	goto	l1065
  2670   000A46                     u60:
  2671   000A46  503C               	movf	read_digital_keypad@once^0,w,c
  2672   000A48  B4D8               	btfsc	status,2,c
  2673   000A4A  EF29  F005         	goto	u71
  2674   000A4E  EF2B  F005         	goto	u70
  2675   000A52                     u71:
  2676   000A52  EF30  F005         	goto	l1065
  2677   000A56                     u70:
  2678   000A56                     
  2679                           ;digital_keypad.c: 14:   {;digital_keypad.c: 15:    once = 0;
  2680   000A56  6A3C               	clrf	read_digital_keypad@once^0,c
  2681   000A58                     l1059:
  2682                           
  2683                           ;digital_keypad.c: 16:    return (PORTC & 0x0F);
  2684   000A58  5082               	movf	130,w,c	;volatile
  2685   000A5A  0B0F               	andlw	15
  2686   000A5C  EF49  F005         	goto	l169
  2687   000A60                     l1065:
  2688   000A60  5082               	movf	130,w,c	;volatile
  2689   000A62  0B0F               	andlw	15
  2690   000A64  0A0F               	xorlw	15
  2691   000A66  A4D8               	btfss	status,2,c
  2692   000A68  EF38  F005         	goto	u81
  2693   000A6C  EF3A  F005         	goto	u80
  2694   000A70                     u81:
  2695   000A70  EF48  F005         	goto	l1075
  2696   000A74                     u80:
  2697   000A74                     
  2698                           ;digital_keypad.c: 19:   {;digital_keypad.c: 20:    once = 1;
  2699   000A74  0E01               	movlw	1
  2700   000A76  6E3C               	movwf	read_digital_keypad@once^0,c
  2701   000A78  EF48  F005         	goto	l1075
  2702   000A7C                     l1069:
  2703   000A7C  5001               	movf	read_digital_keypad@detection_type^0,w,c
  2704   000A7E  A4D8               	btfss	status,2,c
  2705   000A80  EF44  F005         	goto	u91
  2706   000A84  EF46  F005         	goto	u90
  2707   000A88                     u91:
  2708   000A88  EF48  F005         	goto	l1075
  2709   000A8C                     u90:
  2710   000A8C  EF2C  F005         	goto	l1059
  2711   000A90                     l1075:
  2712                           
  2713                           ;digital_keypad.c: 27:  return 0xFF;
  2714   000A90  0EFF               	movlw	255
  2715   000A92                     l169:
  2716   000A92  0012               	return		;funcret
  2717   000A94                     __end_of_read_digital_keypad:
  2718                           	callstack 0
  2719                           
  2720 ;; *************** function _init_config *****************
  2721 ;; Defined at:
  2722 ;;		line 22 in file "main.c"
  2723 ;; Parameters:    Size  Location     Type
  2724 ;;		None
  2725 ;; Auto vars:     Size  Location     Type
  2726 ;;		None
  2727 ;; Return value:  Size  Location     Type
  2728 ;;                  1    wreg      void 
  2729 ;; Registers used:
  2730 ;;		wreg, status,2, status,0, cstack
  2731 ;; Tracked objects:
  2732 ;;		On entry : 0/0
  2733 ;;		On exit  : 0/0
  2734 ;;		Unchanged: 0/0
  2735 ;; Data sizes:     COMRAM   BANK0   BANK1   BANK2   BANK3   BANK4   BANK5
  2736 ;;      Params:         0       0       0       0       0       0       0
  2737 ;;      Locals:         0       0       0       0       0       0       0
  2738 ;;      Temps:          0       0       0       0       0       0       0
  2739 ;;      Totals:         0       0       0       0       0       0       0
  2740 ;;Total ram usage:        0 bytes
  2741 ;; Hardware stack levels used: 1
  2742 ;; Hardware stack levels required when called: 1
  2743 ;; This function calls:
  2744 ;;		_init_adc
  2745 ;;		_init_can
  2746 ;;		_init_digital_keypad
  2747 ;;		_init_led
  2748 ;; This function is called by:
  2749 ;;		_main
  2750 ;; This function uses a non-reentrant model
  2751 ;;
  2752                           
  2753                           	psect	text3
  2754   000C7E                     __ptext3:
  2755                           	callstack 0
  2756   000C7E                     _init_config:
  2757                           	callstack 29
  2758   000C7E                     
  2759                           ;main.c: 24:     init_adc();
  2760   000C7E  EC27  F006         	call	_init_adc	;wreg free
  2761   000C82                     
  2762                           ;main.c: 25:     init_digital_keypad();
  2763   000C82  EC51  F006         	call	_init_digital_keypad	;wreg free
  2764   000C86                     
  2765                           ;main.c: 26:     init_led();
  2766   000C86  EC48  F006         	call	_init_led	;wreg free
  2767                           
  2768                           ;main.c: 27:     init_can();
  2769   000C8A  ECD9  F005         	call	_init_can	;wreg free
  2770   000C8E  0012               	return		;funcret
  2771   000C90                     __end_of_init_config:
  2772                           	callstack 0
  2773                           
  2774 ;; *************** function _init_led *****************
  2775 ;; Defined at:
  2776 ;;		line 12 in file "main.c"
  2777 ;; Parameters:    Size  Location     Type
  2778 ;;		None
  2779 ;; Auto vars:     Size  Location     Type
  2780 ;;		None
  2781 ;; Return value:  Size  Location     Type
  2782 ;;                  1    wreg      void 
  2783 ;; Registers used:
  2784 ;;		None
  2785 ;; Tracked objects:
  2786 ;;		On entry : 0/0
  2787 ;;		On exit  : 0/0
  2788 ;;		Unchanged: 0/0
  2789 ;; Data sizes:     COMRAM   BANK0   BANK1   BANK2   BANK3   BANK4   BANK5
  2790 ;;      Params:         0       0       0       0       0       0       0
  2791 ;;      Locals:         0       0       0       0       0       0       0
  2792 ;;      Temps:          0       0       0       0       0       0       0
  2793 ;;      Totals:         0       0       0       0       0       0       0
  2794 ;;Total ram usage:        0 bytes
  2795 ;; Hardware stack levels used: 1
  2796 ;; This function calls:
  2797 ;;		Nothing
  2798 ;; This function is called by:
  2799 ;;		_init_config
  2800 ;; This function uses a non-reentrant model
  2801 ;;
  2802                           
  2803                           	psect	text4
  2804   000C90                     __ptext4:
  2805                           	callstack 0
  2806   000C90                     _init_led:
  2807                           	callstack 29
  2808   000C90                     
  2809                           ;main.c: 13:     TRISB0 = 0;
  2810   000C90  9093               	bcf	3987,0,c	;volatile
  2811                           
  2812                           ;main.c: 14:     TRISB1 = 0;
  2813   000C92  9293               	bcf	3987,1,c	;volatile
  2814                           
  2815                           ;main.c: 15:     TRISB6 = 0;
  2816   000C94  9C93               	bcf	3987,6,c	;volatile
  2817                           
  2818                           ;main.c: 16:     TRISB7 = 0;
  2819   000C96  9E93               	bcf	3987,7,c	;volatile
  2820                           
  2821                           ;main.c: 17:     PORTBbits.RB0 = 0;
  2822   000C98  9081               	bcf	129,0,c	;volatile
  2823                           
  2824                           ;main.c: 18:     PORTBbits.RB1 = 0;
  2825   000C9A  9281               	bcf	129,1,c	;volatile
  2826                           
  2827                           ;main.c: 19:     PORTBbits.RB2 = 0;
  2828   000C9C  9481               	bcf	129,2,c	;volatile
  2829                           
  2830                           ;main.c: 20:     PORTBbits.RB3 = 0;
  2831   000C9E  9681               	bcf	129,3,c	;volatile
  2832   000CA0  0012               	return		;funcret
  2833   000CA2                     __end_of_init_led:
  2834                           	callstack 0
  2835                           
  2836 ;; *************** function _init_digital_keypad *****************
  2837 ;; Defined at:
  2838 ;;		line 4 in file "digital_keypad.c"
  2839 ;; Parameters:    Size  Location     Type
  2840 ;;		None
  2841 ;; Auto vars:     Size  Location     Type
  2842 ;;		None
  2843 ;; Return value:  Size  Location     Type
  2844 ;;                  1    wreg      void 
  2845 ;; Registers used:
  2846 ;;		wreg, status,2, status,0
  2847 ;; Tracked objects:
  2848 ;;		On entry : 0/0
  2849 ;;		On exit  : 0/0
  2850 ;;		Unchanged: 0/0
  2851 ;; Data sizes:     COMRAM   BANK0   BANK1   BANK2   BANK3   BANK4   BANK5
  2852 ;;      Params:         0       0       0       0       0       0       0
  2853 ;;      Locals:         0       0       0       0       0       0       0
  2854 ;;      Temps:          0       0       0       0       0       0       0
  2855 ;;      Totals:         0       0       0       0       0       0       0
  2856 ;;Total ram usage:        0 bytes
  2857 ;; Hardware stack levels used: 1
  2858 ;; This function calls:
  2859 ;;		Nothing
  2860 ;; This function is called by:
  2861 ;;		_init_config
  2862 ;; This function uses a non-reentrant model
  2863 ;;
  2864                           
  2865                           	psect	text5
  2866   000CA2                     __ptext5:
  2867                           	callstack 0
  2868   000CA2                     _init_digital_keypad:
  2869                           	callstack 29
  2870   000CA2                     
  2871                           ;digital_keypad.c: 6:  TRISC = TRISC | 0x0F;
  2872   000CA2  5094               	movf	148,w,c	;volatile
  2873   000CA4  090F               	iorlw	15
  2874   000CA6  6E94               	movwf	148,c	;volatile
  2875   000CA8  0012               	return		;funcret
  2876   000CAA                     __end_of_init_digital_keypad:
  2877                           	callstack 0
  2878                           
  2879 ;; *************** function _init_can *****************
  2880 ;; Defined at:
  2881 ;;		line 9 in file "can.c"
  2882 ;; Parameters:    Size  Location     Type
  2883 ;;		None
  2884 ;; Auto vars:     Size  Location     Type
  2885 ;;		None
  2886 ;; Return value:  Size  Location     Type
  2887 ;;                  1    wreg      void 
  2888 ;; Registers used:
  2889 ;;		wreg, status,2, status,0
  2890 ;; Tracked objects:
  2891 ;;		On entry : 0/0
  2892 ;;		On exit  : 0/0
  2893 ;;		Unchanged: 0/0
  2894 ;; Data sizes:     COMRAM   BANK0   BANK1   BANK2   BANK3   BANK4   BANK5
  2895 ;;      Params:         0       0       0       0       0       0       0
  2896 ;;      Locals:         0       0       0       0       0       0       0
  2897 ;;      Temps:          0       0       0       0       0       0       0
  2898 ;;      Totals:         0       0       0       0       0       0       0
  2899 ;;Total ram usage:        0 bytes
  2900 ;; Hardware stack levels used: 1
  2901 ;; This function calls:
  2902 ;;		Nothing
  2903 ;; This function is called by:
  2904 ;;		_init_config
  2905 ;; This function uses a non-reentrant model
  2906 ;;
  2907                           
  2908                           	psect	text6
  2909   000BB2                     __ptext6:
  2910                           	callstack 0
  2911   000BB2                     _init_can:
  2912                           	callstack 29
  2913   000BB2                     
  2914                           ;can.c: 10:     TRISB2 = 0;
  2915   000BB2  9493               	bcf	3987,2,c	;volatile
  2916                           
  2917                           ;can.c: 11:     TRISB3 = 1;
  2918   000BB4  8693               	bsf	3987,3,c	;volatile
  2919   000BB6                     
  2920                           ;can.c: 12:     { CANCON &= 0x1F; CANCON |= e_can_op_mode_config; };
  2921   000BB6  0E1F               	movlw	31
  2922   000BB8  166F               	andwf	111,f,c	;volatile
  2923   000BBA  8E6F               	bsf	111,7,c	;volatile
  2924   000BBC                     l1009:
  2925   000BBC  0E80               	movlw	128
  2926   000BBE  186E               	xorwf	110,w,c	;volatile
  2927   000BC0  A4D8               	btfss	status,2,c
  2928   000BC2  EFE5  F005         	goto	u21
  2929   000BC6  EFE7  F005         	goto	u20
  2930   000BCA                     u21:
  2931   000BCA  EFDE  F005         	goto	l1009
  2932   000BCE                     u20:
  2933   000BCE                     
  2934                           ;can.c: 14:     ECANCON = 0x00;
  2935   000BCE  6A77               	clrf	119,c	;volatile
  2936   000BD0                     
  2937                           ;can.c: 15:     BRGCON1 = 0xE1;
  2938   000BD0  0EE1               	movlw	225
  2939   000BD2  6E70               	movwf	112,c	;volatile
  2940                           
  2941                           ;can.c: 16:     BRGCON2 = 0x1B;
  2942   000BD4  0E1B               	movlw	27
  2943   000BD6  6E71               	movwf	113,c	;volatile
  2944                           
  2945                           ;can.c: 17:     BRGCON3 = 0x03;
  2946   000BD8  0E03               	movlw	3
  2947   000BDA  6E72               	movwf	114,c	;volatile
  2948   000BDC                     
  2949                           ;can.c: 19:     RXFCON0 = 0x00;
  2950   000BDC  010D               	movlb	13	; () banked
  2951   000BDE  6BD4               	clrf	212,b	;volatile
  2952   000BE0                     
  2953                           ; BSR set to: 13
  2954                           ;can.c: 20:     { CANCON &= 0x1F; CANCON |= e_can_op_mode_normal; };
  2955   000BE0  0E1F               	movlw	31
  2956   000BE2  166F               	andwf	111,f,c	;volatile
  2957   000BE4                     
  2958                           ; BSR set to: 13
  2959   000BE4  506F               	movf	111,w,c	;volatile
  2960   000BE6                     
  2961                           ; BSR set to: 13
  2962                           ;can.c: 21:     RXB0CON = 0x00;
  2963   000BE6  6A60               	clrf	96,c	;volatile
  2964   000BE8                     
  2965                           ; BSR set to: 13
  2966                           ;can.c: 22:     RXB0CONbits.RXM0 = 1;
  2967   000BE8  8A60               	bsf	96,5,c	;volatile
  2968   000BEA                     
  2969                           ; BSR set to: 13
  2970                           ;can.c: 23:     RXB0CONbits.RXM1 = 1;
  2971   000BEA  8C60               	bsf	96,6,c	;volatile
  2972   000BEC                     
  2973                           ; BSR set to: 13
  2974   000BEC  0012               	return		;funcret
  2975   000BEE                     __end_of_init_can:
  2976                           	callstack 0
  2977                           
  2978 ;; *************** function _init_adc *****************
  2979 ;; Defined at:
  2980 ;;		line 4 in file "adc.c"
  2981 ;; Parameters:    Size  Location     Type
  2982 ;;		None
  2983 ;; Auto vars:     Size  Location     Type
  2984 ;;		None
  2985 ;; Return value:  Size  Location     Type
  2986 ;;                  1    wreg      void 
  2987 ;; Registers used:
  2988 ;;		None
  2989 ;; Tracked objects:
  2990 ;;		On entry : 0/0
  2991 ;;		On exit  : 0/0
  2992 ;;		Unchanged: 0/0
  2993 ;; Data sizes:     COMRAM   BANK0   BANK1   BANK2   BANK3   BANK4   BANK5
  2994 ;;      Params:         0       0       0       0       0       0       0
  2995 ;;      Locals:         0       0       0       0       0       0       0
  2996 ;;      Temps:          0       0       0       0       0       0       0
  2997 ;;      Totals:         0       0       0       0       0       0       0
  2998 ;;Total ram usage:        0 bytes
  2999 ;; Hardware stack levels used: 1
  3000 ;; This function calls:
  3001 ;;		Nothing
  3002 ;; This function is called by:
  3003 ;;		_init_config
  3004 ;; This function uses a non-reentrant model
  3005 ;;
  3006                           
  3007                           	psect	text7
  3008   000C4E                     __ptext7:
  3009                           	callstack 0
  3010   000C4E                     _init_adc:
  3011                           	callstack 29
  3012   000C4E                     
  3013                           ;adc.c: 6:  ADFM = 1;
  3014   000C4E  8EC0               	bsf	4032,7,c	;volatile
  3015                           
  3016                           ;adc.c: 8:  ACQT2 = 0;
  3017   000C50  9AC0               	bcf	4032,5,c	;volatile
  3018                           
  3019                           ;adc.c: 9:  ACQT1 = 1;
  3020   000C52  88C0               	bsf	4032,4,c	;volatile
  3021                           
  3022                           ;adc.c: 10:  ACQT0 = 0;
  3023   000C54  96C0               	bcf	4032,3,c	;volatile
  3024                           
  3025                           ;adc.c: 12:  ADCS0 = 0;
  3026   000C56  90C0               	bcf	4032,0,c	;volatile
  3027                           
  3028                           ;adc.c: 13:  ADCS1 = 1;
  3029   000C58  82C0               	bsf	4032,1,c	;volatile
  3030                           
  3031                           ;adc.c: 14:  ADCS2 = 0;
  3032   000C5A  94C0               	bcf	4032,2,c	;volatile
  3033                           
  3034                           ;adc.c: 15:  GODONE = 0;
  3035   000C5C  92C2               	bcf	4034,1,c	;volatile
  3036                           
  3037                           ;adc.c: 16:  VCFG1 = 0;
  3038   000C5E  9AC1               	bcf	4033,5,c	;volatile
  3039                           
  3040                           ;adc.c: 17:  VCFG0 = 0;
  3041   000C60  98C1               	bcf	4033,4,c	;volatile
  3042                           
  3043                           ;adc.c: 18:  ADRESH = 0;
  3044   000C62  6AC4               	clrf	196,c	;volatile
  3045                           
  3046                           ;adc.c: 19:  ADRESL = 0;
  3047   000C64  6AC3               	clrf	195,c	;volatile
  3048                           
  3049                           ;adc.c: 20:  ADON = 1;
  3050   000C66  80C2               	bsf	4034,0,c	;volatile
  3051   000C68  0012               	return		;funcret
  3052   000C6A                     __end_of_init_adc:
  3053                           	callstack 0
  3054                           
  3055 ;; *************** function _get_rpm *****************
  3056 ;; Defined at:
  3057 ;;		line 8 in file "ecu2.c"
  3058 ;; Parameters:    Size  Location     Type
  3059 ;;		None
  3060 ;; Auto vars:     Size  Location     Type
  3061 ;;  t               1   35[COMRAM] unsigned char 
  3062 ;;  e               2   43[COMRAM] int 
  3063 ;;  s               2   41[COMRAM] int 
  3064 ;;  data            5   36[COMRAM] unsigned char [5]
  3065 ;;  i               2   47[COMRAM] int 
  3066 ;;  num             2   45[COMRAM] int 
  3067 ;;  rpm             2   33[COMRAM] unsigned int 
  3068 ;; Return value:  Size  Location     Type
  3069 ;;                  2   24[None  ] unsigned short 
  3070 ;; Registers used:
  3071 ;;		wreg, fsr1l, fsr1h, fsr2l, fsr2h, status,2, status,0, cstack
  3072 ;; Tracked objects:
  3073 ;;		On entry : 0/0
  3074 ;;		On exit  : 0/0
  3075 ;;		Unchanged: 0/0
  3076 ;; Data sizes:     COMRAM   BANK0   BANK1   BANK2   BANK3   BANK4   BANK5
  3077 ;;      Params:         0       0       0       0       0       0       0
  3078 ;;      Locals:        16       0       0       0       0       0       0
  3079 ;;      Temps:          1       0       0       0       0       0       0
  3080 ;;      Totals:        17       0       0       0       0       0       0
  3081 ;;Total ram usage:       17 bytes
  3082 ;; Hardware stack levels used: 1
  3083 ;; Hardware stack levels required when called: 2
  3084 ;; This function calls:
  3085 ;;		___awdiv
  3086 ;;		___awmod
  3087 ;;		___lldiv
  3088 ;;		___lmul
  3089 ;;		_can_transmit
  3090 ;;		_read_adc
  3091 ;; This function is called by:
  3092 ;;		_main
  3093 ;; This function uses a non-reentrant model
  3094 ;;
  3095                           
  3096                           	psect	text8
  3097   000602                     __ptext8:
  3098                           	callstack 0
  3099   000602                     _get_rpm:
  3100                           	callstack 28
  3101   000602                     
  3102                           ;ecu2.c: 10:     unsigned char data[5] = {0x00};
  3103   000602  EE20  F025         	lfsr	2,get_rpm@data
  3104   000606  0E04               	movlw	4
  3105   000608                     u581:
  3106   000608  6ADE               	clrf	postinc2,c
  3107   00060A  06E8               	decf	wreg,f,c
  3108   00060C  E2FD               	bc	u581
  3109   00060E                     
  3110                           ;ecu2.c: 11:     unsigned int rpm = ((unsigned long)read_adc(0x04) * 6000) / 1023;
  3111   00060E  0E04               	movlw	4
  3112   000610  ECB6  F005         	call	_read_adc
  3113   000614  C001  F008         	movff	?_read_adc,___lmul@multiplier
  3114   000618  C002  F009         	movff	?_read_adc+1,___lmul@multiplier+1
  3115   00061C  6A0A               	clrf	(___lmul@multiplier+2)^0,c
  3116   00061E  6A0B               	clrf	(___lmul@multiplier+3)^0,c
  3117   000620  0E70               	movlw	112
  3118   000622  6E0C               	movwf	___lmul@multiplicand^0,c
  3119   000624  0E17               	movlw	23
  3120   000626  6E0D               	movwf	(___lmul@multiplicand+1)^0,c
  3121   000628  0E00               	movlw	0
  3122   00062A  6E0E               	movwf	(___lmul@multiplicand+2)^0,c
  3123   00062C  0E00               	movlw	0
  3124   00062E  6E0F               	movwf	(___lmul@multiplicand+3)^0,c
  3125   000630  EC81  F005         	call	___lmul	;wreg free
  3126   000634  C008  F014         	movff	?___lmul,___lldiv@dividend
  3127   000638  C009  F015         	movff	?___lmul+1,___lldiv@dividend+1
  3128   00063C  C00A  F016         	movff	?___lmul+2,___lldiv@dividend+2
  3129   000640  C00B  F017         	movff	?___lmul+3,___lldiv@dividend+3
  3130   000644  0EFF               	movlw	255
  3131   000646  6E18               	movwf	___lldiv@divisor^0,c
  3132   000648  0E03               	movlw	3
  3133   00064A  6E19               	movwf	(___lldiv@divisor+1)^0,c
  3134   00064C  0E00               	movlw	0
  3135   00064E  6E1A               	movwf	(___lldiv@divisor+2)^0,c
  3136   000650  0E00               	movlw	0
  3137   000652  6E1B               	movwf	(___lldiv@divisor+3)^0,c
  3138   000654  ECBE  F004         	call	___lldiv	;wreg free
  3139   000658  C014  F022         	movff	?___lldiv,get_rpm@rpm
  3140   00065C  C015  F023         	movff	?___lldiv+1,get_rpm@rpm+1
  3141   000660                     
  3142                           ;ecu2.c: 12:     int i = 0, num = rpm;
  3143   000660  6A31               	clrf	(get_rpm@i+1)^0,c
  3144   000662  0E00               	movlw	0
  3145   000664  6E30               	movwf	get_rpm@i^0,c
  3146   000666  C022  F02E         	movff	get_rpm@rpm,get_rpm@num
  3147   00066A  C023  F02F         	movff	get_rpm@rpm+1,get_rpm@num+1
  3148   00066E                     
  3149                           ;ecu2.c: 13:     if(num == 0) { data[i++] = '0'; }
  3150   00066E  502E               	movf	get_rpm@num^0,w,c
  3151   000670  102F               	iorwf	(get_rpm@num+1)^0,w,c
  3152   000672  A4D8               	btfss	status,2,c
  3153   000674  EF3E  F003         	goto	u591
  3154   000678  EF40  F003         	goto	u590
  3155   00067C                     u591:
  3156   00067C  EF65  F003         	goto	l1461
  3157   000680                     u590:
  3158   000680  0E30               	movlw	48
  3159   000682  6E25               	movwf	get_rpm@data^0,c
  3160   000684  4A30               	infsnz	get_rpm@i^0,f,c
  3161   000686  2A31               	incf	(get_rpm@i+1)^0,f,c
  3162   000688  EFA3  F003         	goto	l1479
  3163   00068C                     l1455:
  3164   00068C  5030               	movf	get_rpm@i^0,w,c
  3165   00068E  0F25               	addlw	low get_rpm@data
  3166   000690  6ED9               	movwf	fsr2l,c
  3167   000692  6ADA               	clrf	fsr2h,c
  3168   000694  C02E  F001         	movff	get_rpm@num,___awmod@dividend
  3169   000698  C02F  F002         	movff	get_rpm@num+1,___awmod@dividend+1
  3170   00069C  6A04               	clrf	(___awmod@divisor+1)^0,c
  3171   00069E  0E0A               	movlw	10
  3172   0006A0  6E03               	movwf	___awmod@divisor^0,c
  3173   0006A2  EC12  F004         	call	___awmod	;wreg free
  3174   0006A6  5001               	movf	?___awmod^0,w,c
  3175   0006A8  0F30               	addlw	48
  3176   0006AA  6EDF               	movwf	indf2,c
  3177   0006AC  4A30               	infsnz	get_rpm@i^0,f,c
  3178   0006AE  2A31               	incf	(get_rpm@i+1)^0,f,c
  3179   0006B0  C02E  F001         	movff	get_rpm@num,___awdiv@dividend
  3180   0006B4  C02F  F002         	movff	get_rpm@num+1,___awdiv@dividend+1
  3181   0006B8  6A04               	clrf	(___awdiv@divisor+1)^0,c
  3182   0006BA  0E0A               	movlw	10
  3183   0006BC  6E03               	movwf	___awdiv@divisor^0,c
  3184   0006BE  ECB2  F003         	call	___awdiv	;wreg free
  3185   0006C2  C001  F02E         	movff	?___awdiv,get_rpm@num
  3186   0006C6  C002  F02F         	movff	?___awdiv+1,get_rpm@num+1
  3187   0006CA                     l1461:
  3188   0006CA  502E               	movf	get_rpm@num^0,w,c
  3189   0006CC  102F               	iorwf	(get_rpm@num+1)^0,w,c
  3190   0006CE  A4D8               	btfss	status,2,c
  3191   0006D0  EF6C  F003         	goto	u601
  3192   0006D4  EF6E  F003         	goto	u600
  3193   0006D8                     u601:
  3194   0006D8  EF46  F003         	goto	l1455
  3195   0006DC                     u600:
  3196   0006DC                     
  3197                           ;ecu2.c: 16:         int s = 0, e = i - 1;
  3198   0006DC  6A2B               	clrf	(get_rpm@s+1)^0,c
  3199   0006DE  0E00               	movlw	0
  3200   0006E0  6E2A               	movwf	get_rpm@s^0,c
  3201   0006E2  0EFF               	movlw	255
  3202   0006E4  2430               	addwf	get_rpm@i^0,w,c
  3203   0006E6  6E2C               	movwf	get_rpm@e^0,c
  3204   0006E8  0EFF               	movlw	255
  3205   0006EA  2031               	addwfc	(get_rpm@i+1)^0,w,c
  3206   0006EC  6E2D               	movwf	(get_rpm@e+1)^0,c
  3207                           
  3208                           ;ecu2.c: 17:         while(s < e) { char t = data[s]; data[s] = data[e]; data[e] = t; s+
      +                          +; e--; }
  3209   0006EE  EF94  F003         	goto	l1477
  3210   0006F2                     l1467:
  3211   0006F2  502A               	movf	get_rpm@s^0,w,c
  3212   0006F4  0F25               	addlw	low get_rpm@data
  3213   0006F6  6ED9               	movwf	fsr2l,c
  3214   0006F8  6ADA               	clrf	fsr2h,c
  3215   0006FA  50DF               	movf	indf2,w,c
  3216   0006FC  6E24               	movwf	get_rpm@t^0,c
  3217   0006FE  502C               	movf	get_rpm@e^0,w,c
  3218   000700  0F25               	addlw	low get_rpm@data
  3219   000702  6ED9               	movwf	fsr2l,c
  3220   000704  6ADA               	clrf	fsr2h,c
  3221   000706  502A               	movf	get_rpm@s^0,w,c
  3222   000708  0F25               	addlw	low get_rpm@data
  3223   00070A  6EE1               	movwf	fsr1l,c
  3224   00070C  6AE2               	clrf	fsr1h,c
  3225   00070E  CFDF FFE7          	movff	indf2,indf1
  3226   000712  502C               	movf	get_rpm@e^0,w,c
  3227   000714  0F25               	addlw	low get_rpm@data
  3228   000716  6ED9               	movwf	fsr2l,c
  3229   000718  6ADA               	clrf	fsr2h,c
  3230   00071A  C024  FFDF         	movff	get_rpm@t,indf2
  3231   00071E  4A2A               	infsnz	get_rpm@s^0,f,c
  3232   000720  2A2B               	incf	(get_rpm@s+1)^0,f,c
  3233   000722  062C               	decf	get_rpm@e^0,f,c
  3234   000724  A0D8               	btfss	status,0,c
  3235   000726  062D               	decf	(get_rpm@e+1)^0,f,c
  3236   000728                     l1477:
  3237   000728  502C               	movf	get_rpm@e^0,w,c
  3238   00072A  5C2A               	subwf	get_rpm@s^0,w,c
  3239   00072C  502B               	movf	(get_rpm@s+1)^0,w,c
  3240   00072E  0A80               	xorlw	128
  3241   000730  6E21               	movwf	??_get_rpm^0,c
  3242   000732  502D               	movf	(get_rpm@e+1)^0,w,c
  3243   000734  0A80               	xorlw	128
  3244   000736  5821               	subwfb	??_get_rpm^0,w,c
  3245   000738  A0D8               	btfss	status,0,c
  3246   00073A  EFA1  F003         	goto	u611
  3247   00073E  EFA3  F003         	goto	u610
  3248   000742                     u611:
  3249   000742  EF79  F003         	goto	l1467
  3250   000746                     u610:
  3251   000746                     l1479:
  3252                           
  3253                           ;ecu2.c: 19:     data[i] = '\0';
  3254   000746  5030               	movf	get_rpm@i^0,w,c
  3255   000748  0F25               	addlw	low get_rpm@data
  3256   00074A  6ED9               	movwf	fsr2l,c
  3257   00074C  6ADA               	clrf	fsr2h,c
  3258   00074E  6ADF               	clrf	indf2,c
  3259   000750                     
  3260                           ;ecu2.c: 20:     can_transmit(0x30, data, i + 1);
  3261   000750  6A06               	clrf	(can_transmit@msg_id+1)^0,c
  3262   000752  0E30               	movlw	48
  3263   000754  6E05               	movwf	can_transmit@msg_id^0,c
  3264   000756  0E25               	movlw	low get_rpm@data
  3265   000758  6E07               	movwf	can_transmit@data^0,c
  3266   00075A  2830               	incf	get_rpm@i^0,w,c
  3267   00075C  6E08               	movwf	can_transmit@len^0,c
  3268   00075E  EC4A  F005         	call	_can_transmit	;wreg free
  3269   000762  0012               	return		;funcret
  3270   000764                     __end_of_get_rpm:
  3271                           	callstack 0
  3272                           
  3273 ;; *************** function _read_adc *****************
  3274 ;; Defined at:
  3275 ;;		line 22 in file "adc.c"
  3276 ;; Parameters:    Size  Location     Type
  3277 ;;  channel         1    wreg     unsigned char 
  3278 ;; Auto vars:     Size  Location     Type
  3279 ;;  channel         1    6[COMRAM] unsigned char 
  3280 ;;  reg_val         2    4[COMRAM] unsigned short 
  3281 ;; Return value:  Size  Location     Type
  3282 ;;                  2    0[COMRAM] unsigned short 
  3283 ;; Registers used:
  3284 ;;		wreg, status,2, status,0
  3285 ;; Tracked objects:
  3286 ;;		On entry : 0/0
  3287 ;;		On exit  : 0/0
  3288 ;;		Unchanged: 0/0
  3289 ;; Data sizes:     COMRAM   BANK0   BANK1   BANK2   BANK3   BANK4   BANK5
  3290 ;;      Params:         2       0       0       0       0       0       0
  3291 ;;      Locals:         3       0       0       0       0       0       0
  3292 ;;      Temps:          2       0       0       0       0       0       0
  3293 ;;      Totals:         7       0       0       0       0       0       0
  3294 ;;Total ram usage:        7 bytes
  3295 ;; Hardware stack levels used: 1
  3296 ;; This function calls:
  3297 ;;		Nothing
  3298 ;; This function is called by:
  3299 ;;		_get_rpm
  3300 ;; This function uses a non-reentrant model
  3301 ;;
  3302                           
  3303                           	psect	text9
  3304   000B6C                     __ptext9:
  3305                           	callstack 0
  3306   000B6C                     _read_adc:
  3307                           	callstack 29
  3308                           
  3309                           ;incstack = 0
  3310                           ;read_adc@channel stored from wreg
  3311   000B6C  6E07               	movwf	read_adc@channel^0,c
  3312   000B6E                     
  3313                           ;adc.c: 22: unsigned short read_adc(unsigned char channel);adc.c: 23: {;adc.c: 24:  unsi
      +                          gned short reg_val;;adc.c: 25:  ADCON0 = (ADCON0 & 0xC3) | (channel << 2);
  3314   000B6E  C007  F003         	movff	read_adc@channel,??_read_adc
  3315   000B72  90D8               	bcf	status,0,c
  3316   000B74  3603               	rlcf	??_read_adc^0,f,c
  3317   000B76  90D8               	bcf	status,0,c
  3318   000B78  3603               	rlcf	??_read_adc^0,f,c
  3319   000B7A  50C2               	movf	194,w,c	;volatile
  3320   000B7C  0BC3               	andlw	195
  3321   000B7E  1003               	iorwf	??_read_adc^0,w,c
  3322   000B80  6EC2               	movwf	194,c	;volatile
  3323   000B82                     
  3324                           ;adc.c: 26:  GO = 1;
  3325   000B82  82C2               	bsf	4034,1,c	;volatile
  3326   000B84                     l79:
  3327   000B84  B2C2               	btfsc	4034,1,c	;volatile
  3328   000B86  EFC7  F005         	goto	u391
  3329   000B8A  EFC9  F005         	goto	u390
  3330   000B8E                     u391:
  3331   000B8E  EFC2  F005         	goto	l79
  3332   000B92                     u390:
  3333   000B92                     
  3334                           ;adc.c: 28:  reg_val = (ADRESH << 8) | ADRESL;
  3335   000B92  50C3               	movf	195,w,c	;volatile
  3336   000B94  CFC4 F003          	movff	4036,??_read_adc	;volatile
  3337   000B98  6A04               	clrf	(??_read_adc+1)^0,c
  3338   000B9A  C003  F004         	movff	??_read_adc,??_read_adc+1
  3339   000B9E  6A03               	clrf	??_read_adc^0,c
  3340   000BA0  1003               	iorwf	??_read_adc^0,w,c
  3341   000BA2  6E05               	movwf	read_adc@reg_val^0,c
  3342   000BA4  5004               	movf	(??_read_adc+1)^0,w,c
  3343   000BA6  6E06               	movwf	(read_adc@reg_val+1)^0,c
  3344   000BA8                     
  3345                           ;adc.c: 29:  return reg_val;
  3346   000BA8  C005  F001         	movff	read_adc@reg_val,?_read_adc
  3347   000BAC  C006  F002         	movff	read_adc@reg_val+1,?_read_adc+1
  3348   000BB0  0012               	return		;funcret
  3349   000BB2                     __end_of_read_adc:
  3350                           	callstack 0
  3351                           
  3352 ;; *************** function _can_transmit *****************
  3353 ;; Defined at:
  3354 ;;		line 34 in file "can.c"
  3355 ;; Parameters:    Size  Location     Type
  3356 ;;  msg_id          2    4[COMRAM] unsigned short 
  3357 ;;  data            1    6[COMRAM] PTR const unsigned char 
  3358 ;;		 -> process_indicator@indicator(2), get_rpm@data(5), 
  3359 ;;  len             1    7[COMRAM] unsigned char 
  3360 ;; Auto vars:     Size  Location     Type
  3361 ;;  i               2   13[COMRAM] int 
  3362 ;;  ptr             2   11[COMRAM] PTR unsigned char 
  3363 ;;		 -> TXB0D0(1), 
  3364 ;; Return value:  Size  Location     Type
  3365 ;;                  1    wreg      void 
  3366 ;; Registers used:
  3367 ;;		wreg, fsr1l, fsr1h, fsr2l, fsr2h, status,2, status,0, cstack
  3368 ;; Tracked objects:
  3369 ;;		On entry : 0/0
  3370 ;;		On exit  : 0/0
  3371 ;;		Unchanged: 0/0
  3372 ;; Data sizes:     COMRAM   BANK0   BANK1   BANK2   BANK3   BANK4   BANK5
  3373 ;;      Params:         4       0       0       0       0       0       0
  3374 ;;      Locals:         4       0       0       0       0       0       0
  3375 ;;      Temps:          3       0       0       0       0       0       0
  3376 ;;      Totals:        11       0       0       0       0       0       0
  3377 ;;Total ram usage:       11 bytes
  3378 ;; Hardware stack levels used: 1
  3379 ;; This function calls:
  3380 ;;		_set_msg_id_std
  3381 ;; This function is called by:
  3382 ;;		_get_rpm
  3383 ;;		_process_indicator
  3384 ;; This function uses a non-reentrant model
  3385 ;;
  3386                           
  3387                           	psect	text10
  3388   000A94                     __ptext10:
  3389                           	callstack 0
  3390   000A94                     _can_transmit:
  3391                           	callstack 29
  3392   000A94                     
  3393                           ;can.c: 35:     uint8_t *ptr;;can.c: 36:     TXB0EIDH = 0x00;
  3394   000A94  010F               	movlb	15	; () banked
  3395   000A96  6B43               	clrf	67,b	;volatile
  3396                           
  3397                           ;can.c: 37:     TXB0EIDL = 0x00;
  3398   000A98  6B44               	clrf	68,b	;volatile
  3399   000A9A                     
  3400                           ; BSR set to: 15
  3401                           ;can.c: 38:     set_msg_id_std(msg_id);
  3402   000A9A  C005  F001         	movff	can_transmit@msg_id,set_msg_id_std@id
  3403   000A9E  C006  F002         	movff	can_transmit@msg_id+1,set_msg_id_std@id+1
  3404   000AA2  ECF7  F005         	call	_set_msg_id_std	;wreg free
  3405   000AA6                     
  3406                           ;can.c: 39:     TXB0DLC = len;
  3407   000AA6  C008  FF45         	movff	can_transmit@len,3909	;volatile
  3408   000AAA                     
  3409                           ;can.c: 41:     ptr = (uint8_t *) & TXB0D0;
  3410   000AAA  0E46               	movlw	70
  3411   000AAC  6E0C               	movwf	can_transmit@ptr^0,c
  3412   000AAE  0E0F               	movlw	15
  3413   000AB0  6E0D               	movwf	(can_transmit@ptr+1)^0,c
  3414   000AB2                     
  3415                           ;can.c: 42:     for (int i = 0; i < len; i++) {
  3416   000AB2  6A0F               	clrf	(can_transmit@i+1)^0,c
  3417   000AB4  0E00               	movlw	0
  3418   000AB6  6E0E               	movwf	can_transmit@i^0,c
  3419   000AB8  EF6C  F005         	goto	l1327
  3420   000ABC                     l1323:
  3421                           
  3422                           ;can.c: 43:         ptr[i] = data[i];
  3423   000ABC  5007               	movf	can_transmit@data^0,w,c
  3424   000ABE  240E               	addwf	can_transmit@i^0,w,c
  3425   000AC0  6ED9               	movwf	fsr2l,c
  3426   000AC2  6ADA               	clrf	fsr2h,c
  3427   000AC4  500E               	movf	can_transmit@i^0,w,c
  3428   000AC6  240C               	addwf	can_transmit@ptr^0,w,c
  3429   000AC8  6EE1               	movwf	fsr1l,c
  3430   000ACA  500F               	movf	(can_transmit@i+1)^0,w,c
  3431   000ACC  200D               	addwfc	(can_transmit@ptr+1)^0,w,c
  3432   000ACE  6EE2               	movwf	fsr1h,c
  3433   000AD0  CFDF FFE7          	movff	indf2,indf1
  3434   000AD4                     
  3435                           ;can.c: 44:     }
  3436   000AD4  4A0E               	infsnz	can_transmit@i^0,f,c
  3437   000AD6  2A0F               	incf	(can_transmit@i+1)^0,f,c
  3438   000AD8                     l1327:
  3439   000AD8  5008               	movf	can_transmit@len^0,w,c
  3440   000ADA  6E09               	movwf	??_can_transmit^0,c
  3441   000ADC  6A0A               	clrf	(??_can_transmit+1)^0,c
  3442   000ADE  5009               	movf	??_can_transmit^0,w,c
  3443   000AE0  5C0E               	subwf	can_transmit@i^0,w,c
  3444   000AE2  500F               	movf	(can_transmit@i+1)^0,w,c
  3445   000AE4  0A80               	xorlw	128
  3446   000AE6  6E0B               	movwf	(??_can_transmit+2)^0,c
  3447   000AE8  500A               	movf	(??_can_transmit+1)^0,w,c
  3448   000AEA  0A80               	xorlw	128
  3449   000AEC  580B               	subwfb	(??_can_transmit+2)^0,w,c
  3450   000AEE  A0D8               	btfss	status,0,c
  3451   000AF0  EF7C  F005         	goto	u401
  3452   000AF4  EF7E  F005         	goto	u400
  3453   000AF8                     u401:
  3454   000AF8  EF5E  F005         	goto	l1323
  3455   000AFC                     u400:
  3456   000AFC                     
  3457                           ;can.c: 45:     TXB0REQ = 1;
  3458   000AFC  010F               	movlb	15	; () banked
  3459   000AFE  8740               	bsf	64,3,b	;volatile
  3460   000B00                     
  3461                           ; BSR set to: 15
  3462   000B00  0012               	return		;funcret
  3463   000B02                     __end_of_can_transmit:
  3464                           	callstack 0
  3465                           
  3466 ;; *************** function _set_msg_id_std *****************
  3467 ;; Defined at:
  3468 ;;		line 30 in file "can.c"
  3469 ;; Parameters:    Size  Location     Type
  3470 ;;  id              2    0[COMRAM] unsigned int 
  3471 ;; Auto vars:     Size  Location     Type
  3472 ;;		None
  3473 ;; Return value:  Size  Location     Type
  3474 ;;                  1    wreg      void 
  3475 ;; Registers used:
  3476 ;;		wreg, status,2, status,0
  3477 ;; Tracked objects:
  3478 ;;		On entry : 0/0
  3479 ;;		On exit  : 0/0
  3480 ;;		Unchanged: 0/0
  3481 ;; Data sizes:     COMRAM   BANK0   BANK1   BANK2   BANK3   BANK4   BANK5
  3482 ;;      Params:         2       0       0       0       0       0       0
  3483 ;;      Locals:         0       0       0       0       0       0       0
  3484 ;;      Temps:          2       0       0       0       0       0       0
  3485 ;;      Totals:         4       0       0       0       0       0       0
  3486 ;;Total ram usage:        4 bytes
  3487 ;; Hardware stack levels used: 1
  3488 ;; This function calls:
  3489 ;;		Nothing
  3490 ;; This function is called by:
  3491 ;;		_can_transmit
  3492 ;; This function uses a non-reentrant model
  3493 ;;
  3494                           
  3495                           	psect	text11
  3496   000BEE                     __ptext11:
  3497                           	callstack 0
  3498   000BEE                     _set_msg_id_std:
  3499                           	callstack 28
  3500   000BEE                     
  3501                           ;can.c: 31:     TXB0SIDL = (id & 0x7) << 5;
  3502   000BEE  C001  F003         	movff	set_msg_id_std@id,??_set_msg_id_std
  3503   000BF2  0E07               	movlw	7
  3504   000BF4  1603               	andwf	??_set_msg_id_std^0,f,c
  3505   000BF6  0E05               	movlw	5
  3506   000BF8  6E04               	movwf	(??_set_msg_id_std+1)^0,c
  3507   000BFA                     u385:
  3508   000BFA  90D8               	bcf	status,0,c
  3509   000BFC  3603               	rlcf	??_set_msg_id_std^0,f,c
  3510   000BFE  2E04               	decfsz	(??_set_msg_id_std+1)^0,f,c
  3511   000C00  EFFD  F005         	goto	u385
  3512   000C04  5003               	movf	??_set_msg_id_std^0,w,c
  3513   000C06  010F               	movlb	15	; () banked
  3514   000C08  6F42               	movwf	66,b	;volatile
  3515                           
  3516                           ;can.c: 32:     TXB0SIDH = (id >> 3);
  3517   000C0A  C001  F003         	movff	set_msg_id_std@id,??_set_msg_id_std
  3518   000C0E  C002  F004         	movff	set_msg_id_std@id+1,??_set_msg_id_std+1
  3519   000C12  90D8               	bcf	status,0,c
  3520   000C14  3204               	rrcf	(??_set_msg_id_std+1)^0,f,c
  3521   000C16  3203               	rrcf	??_set_msg_id_std^0,f,c
  3522   000C18  90D8               	bcf	status,0,c
  3523   000C1A  3204               	rrcf	(??_set_msg_id_std+1)^0,f,c
  3524   000C1C  3203               	rrcf	??_set_msg_id_std^0,f,c
  3525   000C1E  90D8               	bcf	status,0,c
  3526   000C20  3204               	rrcf	(??_set_msg_id_std+1)^0,f,c
  3527   000C22  3203               	rrcf	??_set_msg_id_std^0,f,c
  3528   000C24  5003               	movf	??_set_msg_id_std^0,w,c
  3529   000C26  6F41               	movwf	65,b	;volatile
  3530   000C28                     
  3531                           ; BSR set to: 15
  3532   000C28  0012               	return		;funcret
  3533   000C2A                     __end_of_set_msg_id_std:
  3534                           	callstack 0
  3535                           
  3536 ;; *************** function ___lmul *****************
  3537 ;; Defined at:
  3538 ;;		line 15 in file "C:\Program Files\Microchip\xc8\v3.10\pic\sources\c99\common\Umul32.c"
  3539 ;; Parameters:    Size  Location     Type
  3540 ;;  multiplier      4    7[COMRAM] unsigned long 
  3541 ;;  multiplicand    4   11[COMRAM] unsigned long 
  3542 ;; Auto vars:     Size  Location     Type
  3543 ;;  product         4   15[COMRAM] unsigned long 
  3544 ;; Return value:  Size  Location     Type
  3545 ;;                  4    7[COMRAM] unsigned long 
  3546 ;; Registers used:
  3547 ;;		wreg, status,2, status,0
  3548 ;; Tracked objects:
  3549 ;;		On entry : 0/0
  3550 ;;		On exit  : 0/0
  3551 ;;		Unchanged: 0/0
  3552 ;; Data sizes:     COMRAM   BANK0   BANK1   BANK2   BANK3   BANK4   BANK5
  3553 ;;      Params:         8       0       0       0       0       0       0
  3554 ;;      Locals:         4       0       0       0       0       0       0
  3555 ;;      Temps:          0       0       0       0       0       0       0
  3556 ;;      Totals:        12       0       0       0       0       0       0
  3557 ;;Total ram usage:       12 bytes
  3558 ;; Hardware stack levels used: 1
  3559 ;; This function calls:
  3560 ;;		Nothing
  3561 ;; This function is called by:
  3562 ;;		_get_rpm
  3563 ;; This function uses a non-reentrant model
  3564 ;;
  3565                           
  3566                           	psect	text12
  3567   000B02                     __ptext12:
  3568                           	callstack 0
  3569   000B02                     ___lmul:
  3570                           	callstack 29
  3571   000B02  0E00               	movlw	0
  3572   000B04  6E10               	movwf	___lmul@product^0,c
  3573   000B06  0E00               	movlw	0
  3574   000B08  6E11               	movwf	(___lmul@product+1)^0,c
  3575   000B0A  0E00               	movlw	0
  3576   000B0C  6E12               	movwf	(___lmul@product+2)^0,c
  3577   000B0E  0E00               	movlw	0
  3578   000B10  6E13               	movwf	(___lmul@product+3)^0,c
  3579   000B12                     l1331:
  3580   000B12  A008               	btfss	___lmul@multiplier^0,0,c
  3581   000B14  EF8E  F005         	goto	u411
  3582   000B18  EF90  F005         	goto	u410
  3583   000B1C                     u411:
  3584   000B1C  EF98  F005         	goto	l1335
  3585   000B20                     u410:
  3586   000B20  500C               	movf	___lmul@multiplicand^0,w,c
  3587   000B22  2610               	addwf	___lmul@product^0,f,c
  3588   000B24  500D               	movf	(___lmul@multiplicand+1)^0,w,c
  3589   000B26  2211               	addwfc	(___lmul@product+1)^0,f,c
  3590   000B28  500E               	movf	(___lmul@multiplicand+2)^0,w,c
  3591   000B2A  2212               	addwfc	(___lmul@product+2)^0,f,c
  3592   000B2C  500F               	movf	(___lmul@multiplicand+3)^0,w,c
  3593   000B2E  2213               	addwfc	(___lmul@product+3)^0,f,c
  3594   000B30                     l1335:
  3595   000B30  90D8               	bcf	status,0,c
  3596   000B32  360C               	rlcf	___lmul@multiplicand^0,f,c
  3597   000B34  360D               	rlcf	(___lmul@multiplicand+1)^0,f,c
  3598   000B36  360E               	rlcf	(___lmul@multiplicand+2)^0,f,c
  3599   000B38  360F               	rlcf	(___lmul@multiplicand+3)^0,f,c
  3600   000B3A  90D8               	bcf	status,0,c
  3601   000B3C  320B               	rrcf	(___lmul@multiplier+3)^0,f,c
  3602   000B3E  320A               	rrcf	(___lmul@multiplier+2)^0,f,c
  3603   000B40  3209               	rrcf	(___lmul@multiplier+1)^0,f,c
  3604   000B42  3208               	rrcf	___lmul@multiplier^0,f,c
  3605   000B44  5008               	movf	___lmul@multiplier^0,w,c
  3606   000B46  1009               	iorwf	(___lmul@multiplier+1)^0,w,c
  3607   000B48  100A               	iorwf	(___lmul@multiplier+2)^0,w,c
  3608   000B4A  100B               	iorwf	(___lmul@multiplier+3)^0,w,c
  3609   000B4C  A4D8               	btfss	status,2,c
  3610   000B4E  EFAB  F005         	goto	u421
  3611   000B52  EFAD  F005         	goto	u420
  3612   000B56                     u421:
  3613   000B56  EF89  F005         	goto	l1331
  3614   000B5A                     u420:
  3615   000B5A  C010  F008         	movff	___lmul@product,?___lmul
  3616   000B5E  C011  F009         	movff	___lmul@product+1,?___lmul+1
  3617   000B62  C012  F00A         	movff	___lmul@product+2,?___lmul+2
  3618   000B66  C013  F00B         	movff	___lmul@product+3,?___lmul+3
  3619   000B6A  0012               	return		;funcret
  3620   000B6C                     __end_of___lmul:
  3621                           	callstack 0
  3622                           
  3623 ;; *************** function ___lldiv *****************
  3624 ;; Defined at:
  3625 ;;		line 7 in file "C:\Program Files\Microchip\xc8\v3.10\pic\sources\c99\common\__lldiv.c"
  3626 ;; Parameters:    Size  Location     Type
  3627 ;;  dividend        4   19[COMRAM] unsigned long 
  3628 ;;  divisor         4   23[COMRAM] unsigned long 
  3629 ;; Auto vars:     Size  Location     Type
  3630 ;;  quotient        4   27[COMRAM] unsigned long 
  3631 ;;  counter         1   31[COMRAM] unsigned char 
  3632 ;; Return value:  Size  Location     Type
  3633 ;;                  4   19[COMRAM] unsigned long 
  3634 ;; Registers used:
  3635 ;;		wreg, status,2, status,0
  3636 ;; Tracked objects:
  3637 ;;		On entry : 0/0
  3638 ;;		On exit  : 0/0
  3639 ;;		Unchanged: 0/0
  3640 ;; Data sizes:     COMRAM   BANK0   BANK1   BANK2   BANK3   BANK4   BANK5
  3641 ;;      Params:         8       0       0       0       0       0       0
  3642 ;;      Locals:         5       0       0       0       0       0       0
  3643 ;;      Temps:          0       0       0       0       0       0       0
  3644 ;;      Totals:        13       0       0       0       0       0       0
  3645 ;;Total ram usage:       13 bytes
  3646 ;; Hardware stack levels used: 1
  3647 ;; This function calls:
  3648 ;;		Nothing
  3649 ;; This function is called by:
  3650 ;;		_get_rpm
  3651 ;; This function uses a non-reentrant model
  3652 ;;
  3653                           
  3654                           	psect	text13
  3655   00097C                     __ptext13:
  3656                           	callstack 0
  3657   00097C                     ___lldiv:
  3658                           	callstack 29
  3659   00097C  0E00               	movlw	0
  3660   00097E  6E1C               	movwf	___lldiv@quotient^0,c
  3661   000980  0E00               	movlw	0
  3662   000982  6E1D               	movwf	(___lldiv@quotient+1)^0,c
  3663   000984  0E00               	movlw	0
  3664   000986  6E1E               	movwf	(___lldiv@quotient+2)^0,c
  3665   000988  0E00               	movlw	0
  3666   00098A  6E1F               	movwf	(___lldiv@quotient+3)^0,c
  3667   00098C  5018               	movf	___lldiv@divisor^0,w,c
  3668   00098E  1019               	iorwf	(___lldiv@divisor+1)^0,w,c
  3669   000990  101A               	iorwf	(___lldiv@divisor+2)^0,w,c
  3670   000992  101B               	iorwf	(___lldiv@divisor+3)^0,w,c
  3671   000994  B4D8               	btfsc	status,2,c
  3672   000996  EFCF  F004         	goto	u431
  3673   00099A  EFD1  F004         	goto	u430
  3674   00099E                     u431:
  3675   00099E  EF07  F005         	goto	l239
  3676   0009A2                     u430:
  3677   0009A2  0E01               	movlw	1
  3678   0009A4  6E20               	movwf	___lldiv@counter^0,c
  3679   0009A6  EFDB  F004         	goto	l1347
  3680   0009AA                     l1345:
  3681   0009AA  90D8               	bcf	status,0,c
  3682   0009AC  3618               	rlcf	___lldiv@divisor^0,f,c
  3683   0009AE  3619               	rlcf	(___lldiv@divisor+1)^0,f,c
  3684   0009B0  361A               	rlcf	(___lldiv@divisor+2)^0,f,c
  3685   0009B2  361B               	rlcf	(___lldiv@divisor+3)^0,f,c
  3686   0009B4  2A20               	incf	___lldiv@counter^0,f,c
  3687   0009B6                     l1347:
  3688   0009B6  AE1B               	btfss	(___lldiv@divisor+3)^0,7,c
  3689   0009B8  EFE0  F004         	goto	u441
  3690   0009BC  EFE2  F004         	goto	u440
  3691   0009C0                     u441:
  3692   0009C0  EFD5  F004         	goto	l1345
  3693   0009C4                     u440:
  3694   0009C4                     l1349:
  3695   0009C4  90D8               	bcf	status,0,c
  3696   0009C6  361C               	rlcf	___lldiv@quotient^0,f,c
  3697   0009C8  361D               	rlcf	(___lldiv@quotient+1)^0,f,c
  3698   0009CA  361E               	rlcf	(___lldiv@quotient+2)^0,f,c
  3699   0009CC  361F               	rlcf	(___lldiv@quotient+3)^0,f,c
  3700   0009CE  5018               	movf	___lldiv@divisor^0,w,c
  3701   0009D0  5C14               	subwf	___lldiv@dividend^0,w,c
  3702   0009D2  5019               	movf	(___lldiv@divisor+1)^0,w,c
  3703   0009D4  5815               	subwfb	(___lldiv@dividend+1)^0,w,c
  3704   0009D6  501A               	movf	(___lldiv@divisor+2)^0,w,c
  3705   0009D8  5816               	subwfb	(___lldiv@dividend+2)^0,w,c
  3706   0009DA  501B               	movf	(___lldiv@divisor+3)^0,w,c
  3707   0009DC  5817               	subwfb	(___lldiv@dividend+3)^0,w,c
  3708   0009DE  A0D8               	btfss	status,0,c
  3709   0009E0  EFF4  F004         	goto	u451
  3710   0009E4  EFF6  F004         	goto	u450
  3711   0009E8                     u451:
  3712   0009E8  EFFF  F004         	goto	l1357
  3713   0009EC                     u450:
  3714   0009EC  5018               	movf	___lldiv@divisor^0,w,c
  3715   0009EE  5E14               	subwf	___lldiv@dividend^0,f,c
  3716   0009F0  5019               	movf	(___lldiv@divisor+1)^0,w,c
  3717   0009F2  5A15               	subwfb	(___lldiv@dividend+1)^0,f,c
  3718   0009F4  501A               	movf	(___lldiv@divisor+2)^0,w,c
  3719   0009F6  5A16               	subwfb	(___lldiv@dividend+2)^0,f,c
  3720   0009F8  501B               	movf	(___lldiv@divisor+3)^0,w,c
  3721   0009FA  5A17               	subwfb	(___lldiv@dividend+3)^0,f,c
  3722   0009FC  801C               	bsf	___lldiv@quotient^0,0,c
  3723   0009FE                     l1357:
  3724   0009FE  90D8               	bcf	status,0,c
  3725   000A00  321B               	rrcf	(___lldiv@divisor+3)^0,f,c
  3726   000A02  321A               	rrcf	(___lldiv@divisor+2)^0,f,c
  3727   000A04  3219               	rrcf	(___lldiv@divisor+1)^0,f,c
  3728   000A06  3218               	rrcf	___lldiv@divisor^0,f,c
  3729   000A08  2E20               	decfsz	___lldiv@counter^0,f,c
  3730   000A0A  EFE2  F004         	goto	l1349
  3731   000A0E                     l239:
  3732   000A0E  C01C  F014         	movff	___lldiv@quotient,?___lldiv
  3733   000A12  C01D  F015         	movff	___lldiv@quotient+1,?___lldiv+1
  3734   000A16  C01E  F016         	movff	___lldiv@quotient+2,?___lldiv+2
  3735   000A1A  C01F  F017         	movff	___lldiv@quotient+3,?___lldiv+3
  3736   000A1E  0012               	return		;funcret
  3737   000A20                     __end_of___lldiv:
  3738                           	callstack 0
  3739                           
  3740 ;; *************** function ___awmod *****************
  3741 ;; Defined at:
  3742 ;;		line 7 in file "C:\Program Files\Microchip\xc8\v3.10\pic\sources\c99\common\awmod.c"
  3743 ;; Parameters:    Size  Location     Type
  3744 ;;  dividend        2    0[COMRAM] int 
  3745 ;;  divisor         2    2[COMRAM] int 
  3746 ;; Auto vars:     Size  Location     Type
  3747 ;;  sign            1    5[COMRAM] unsigned char 
  3748 ;;  counter         1    4[COMRAM] unsigned char 
  3749 ;; Return value:  Size  Location     Type
  3750 ;;                  2    0[COMRAM] int 
  3751 ;; Registers used:
  3752 ;;		wreg, status,2, status,0
  3753 ;; Tracked objects:
  3754 ;;		On entry : 0/0
  3755 ;;		On exit  : 0/0
  3756 ;;		Unchanged: 0/0
  3757 ;; Data sizes:     COMRAM   BANK0   BANK1   BANK2   BANK3   BANK4   BANK5
  3758 ;;      Params:         4       0       0       0       0       0       0
  3759 ;;      Locals:         2       0       0       0       0       0       0
  3760 ;;      Temps:          0       0       0       0       0       0       0
  3761 ;;      Totals:         6       0       0       0       0       0       0
  3762 ;;Total ram usage:        6 bytes
  3763 ;; Hardware stack levels used: 1
  3764 ;; This function calls:
  3765 ;;		Nothing
  3766 ;; This function is called by:
  3767 ;;		_get_rpm
  3768 ;; This function uses a non-reentrant model
  3769 ;;
  3770                           
  3771                           	psect	text14
  3772   000824                     __ptext14:
  3773                           	callstack 0
  3774   000824                     ___awmod:
  3775                           	callstack 29
  3776   000824  6A06               	clrf	___awmod@sign^0,c
  3777   000826  BE02               	btfsc	(___awmod@dividend+1)^0,7,c
  3778   000828  EF1A  F004         	goto	u520
  3779   00082C  EF18  F004         	goto	u521
  3780   000830                     u521:
  3781   000830  EF20  F004         	goto	l1413
  3782   000834                     u520:
  3783   000834  6C01               	negf	___awmod@dividend^0,c
  3784   000836  1E02               	comf	(___awmod@dividend+1)^0,f,c
  3785   000838  B0D8               	btfsc	status,0,c
  3786   00083A  2A02               	incf	(___awmod@dividend+1)^0,f,c
  3787   00083C  0E01               	movlw	1
  3788   00083E  6E06               	movwf	___awmod@sign^0,c
  3789   000840                     l1413:
  3790   000840  BE04               	btfsc	(___awmod@divisor+1)^0,7,c
  3791   000842  EF27  F004         	goto	u530
  3792   000846  EF25  F004         	goto	u531
  3793   00084A                     u531:
  3794   00084A  EF2B  F004         	goto	l1417
  3795   00084E                     u530:
  3796   00084E  6C03               	negf	___awmod@divisor^0,c
  3797   000850  1E04               	comf	(___awmod@divisor+1)^0,f,c
  3798   000852  B0D8               	btfsc	status,0,c
  3799   000854  2A04               	incf	(___awmod@divisor+1)^0,f,c
  3800   000856                     l1417:
  3801   000856  5003               	movf	___awmod@divisor^0,w,c
  3802   000858  1004               	iorwf	(___awmod@divisor+1)^0,w,c
  3803   00085A  B4D8               	btfsc	status,2,c
  3804   00085C  EF32  F004         	goto	u541
  3805   000860  EF34  F004         	goto	u540
  3806   000864                     u541:
  3807   000864  EF58  F004         	goto	l1433
  3808   000868                     u540:
  3809   000868  0E01               	movlw	1
  3810   00086A  6E05               	movwf	___awmod@counter^0,c
  3811   00086C  EF3C  F004         	goto	l1423
  3812   000870                     l1421:
  3813   000870  90D8               	bcf	status,0,c
  3814   000872  3603               	rlcf	___awmod@divisor^0,f,c
  3815   000874  3604               	rlcf	(___awmod@divisor+1)^0,f,c
  3816   000876  2A05               	incf	___awmod@counter^0,f,c
  3817   000878                     l1423:
  3818   000878  AE04               	btfss	(___awmod@divisor+1)^0,7,c
  3819   00087A  EF41  F004         	goto	u551
  3820   00087E  EF43  F004         	goto	u550
  3821   000882                     u551:
  3822   000882  EF38  F004         	goto	l1421
  3823   000886                     u550:
  3824   000886                     l1425:
  3825   000886  5003               	movf	___awmod@divisor^0,w,c
  3826   000888  5C01               	subwf	___awmod@dividend^0,w,c
  3827   00088A  5004               	movf	(___awmod@divisor+1)^0,w,c
  3828   00088C  5802               	subwfb	(___awmod@dividend+1)^0,w,c
  3829   00088E  A0D8               	btfss	status,0,c
  3830   000890  EF4C  F004         	goto	u561
  3831   000894  EF4E  F004         	goto	u560
  3832   000898                     u561:
  3833   000898  EF52  F004         	goto	l1429
  3834   00089C                     u560:
  3835   00089C  5003               	movf	___awmod@divisor^0,w,c
  3836   00089E  5E01               	subwf	___awmod@dividend^0,f,c
  3837   0008A0  5004               	movf	(___awmod@divisor+1)^0,w,c
  3838   0008A2  5A02               	subwfb	(___awmod@dividend+1)^0,f,c
  3839   0008A4                     l1429:
  3840   0008A4  90D8               	bcf	status,0,c
  3841   0008A6  3204               	rrcf	(___awmod@divisor+1)^0,f,c
  3842   0008A8  3203               	rrcf	___awmod@divisor^0,f,c
  3843   0008AA  2E05               	decfsz	___awmod@counter^0,f,c
  3844   0008AC  EF43  F004         	goto	l1425
  3845   0008B0                     l1433:
  3846   0008B0  5006               	movf	___awmod@sign^0,w,c
  3847   0008B2  B4D8               	btfsc	status,2,c
  3848   0008B4  EF5E  F004         	goto	u571
  3849   0008B8  EF60  F004         	goto	u570
  3850   0008BC                     u571:
  3851   0008BC  EF64  F004         	goto	l1437
  3852   0008C0                     u570:
  3853   0008C0  6C01               	negf	___awmod@dividend^0,c
  3854   0008C2  1E02               	comf	(___awmod@dividend+1)^0,f,c
  3855   0008C4  B0D8               	btfsc	status,0,c
  3856   0008C6  2A02               	incf	(___awmod@dividend+1)^0,f,c
  3857   0008C8                     l1437:
  3858   0008C8  C001  F001         	movff	___awmod@dividend,?___awmod
  3859   0008CC  C002  F002         	movff	___awmod@dividend+1,?___awmod+1
  3860   0008D0  0012               	return		;funcret
  3861   0008D2                     __end_of___awmod:
  3862                           	callstack 0
  3863                           
  3864 ;; *************** function ___awdiv *****************
  3865 ;; Defined at:
  3866 ;;		line 7 in file "C:\Program Files\Microchip\xc8\v3.10\pic\sources\c99\common\awdiv.c"
  3867 ;; Parameters:    Size  Location     Type
  3868 ;;  dividend        2    0[COMRAM] int 
  3869 ;;  divisor         2    2[COMRAM] int 
  3870 ;; Auto vars:     Size  Location     Type
  3871 ;;  quotient        2    6[COMRAM] int 
  3872 ;;  sign            1    5[COMRAM] unsigned char 
  3873 ;;  counter         1    4[COMRAM] unsigned char 
  3874 ;; Return value:  Size  Location     Type
  3875 ;;                  2    0[COMRAM] int 
  3876 ;; Registers used:
  3877 ;;		wreg, status,2, status,0
  3878 ;; Tracked objects:
  3879 ;;		On entry : 0/0
  3880 ;;		On exit  : 0/0
  3881 ;;		Unchanged: 0/0
  3882 ;; Data sizes:     COMRAM   BANK0   BANK1   BANK2   BANK3   BANK4   BANK5
  3883 ;;      Params:         4       0       0       0       0       0       0
  3884 ;;      Locals:         4       0       0       0       0       0       0
  3885 ;;      Temps:          0       0       0       0       0       0       0
  3886 ;;      Totals:         8       0       0       0       0       0       0
  3887 ;;Total ram usage:        8 bytes
  3888 ;; Hardware stack levels used: 1
  3889 ;; This function calls:
  3890 ;;		Nothing
  3891 ;; This function is called by:
  3892 ;;		_get_rpm
  3893 ;; This function uses a non-reentrant model
  3894 ;;
  3895                           
  3896                           	psect	text15
  3897   000764                     __ptext15:
  3898                           	callstack 0
  3899   000764                     ___awdiv:
  3900                           	callstack 29
  3901   000764  6A06               	clrf	___awdiv@sign^0,c
  3902   000766  BE04               	btfsc	(___awdiv@divisor+1)^0,7,c
  3903   000768  EFBA  F003         	goto	u460
  3904   00076C  EFB8  F003         	goto	u461
  3905   000770                     u461:
  3906   000770  EFC0  F003         	goto	l1369
  3907   000774                     u460:
  3908   000774  6C03               	negf	___awdiv@divisor^0,c
  3909   000776  1E04               	comf	(___awdiv@divisor+1)^0,f,c
  3910   000778  B0D8               	btfsc	status,0,c
  3911   00077A  2A04               	incf	(___awdiv@divisor+1)^0,f,c
  3912   00077C  0E01               	movlw	1
  3913   00077E  6E06               	movwf	___awdiv@sign^0,c
  3914   000780                     l1369:
  3915   000780  BE02               	btfsc	(___awdiv@dividend+1)^0,7,c
  3916   000782  EFC7  F003         	goto	u470
  3917   000786  EFC5  F003         	goto	u471
  3918   00078A                     u471:
  3919   00078A  EFCD  F003         	goto	l1375
  3920   00078E                     u470:
  3921   00078E  6C01               	negf	___awdiv@dividend^0,c
  3922   000790  1E02               	comf	(___awdiv@dividend+1)^0,f,c
  3923   000792  B0D8               	btfsc	status,0,c
  3924   000794  2A02               	incf	(___awdiv@dividend+1)^0,f,c
  3925   000796  0E01               	movlw	1
  3926   000798  1A06               	xorwf	___awdiv@sign^0,f,c
  3927   00079A                     l1375:
  3928   00079A  6A08               	clrf	(___awdiv@quotient+1)^0,c
  3929   00079C  0E00               	movlw	0
  3930   00079E  6E07               	movwf	___awdiv@quotient^0,c
  3931   0007A0  5003               	movf	___awdiv@divisor^0,w,c
  3932   0007A2  1004               	iorwf	(___awdiv@divisor+1)^0,w,c
  3933   0007A4  B4D8               	btfsc	status,2,c
  3934   0007A6  EFD7  F003         	goto	u481
  3935   0007AA  EFD9  F003         	goto	u480
  3936   0007AE                     u481:
  3937   0007AE  EF01  F004         	goto	l1397
  3938   0007B2                     u480:
  3939   0007B2  0E01               	movlw	1
  3940   0007B4  6E05               	movwf	___awdiv@counter^0,c
  3941   0007B6  EFE1  F003         	goto	l1383
  3942   0007BA                     l1381:
  3943   0007BA  90D8               	bcf	status,0,c
  3944   0007BC  3603               	rlcf	___awdiv@divisor^0,f,c
  3945   0007BE  3604               	rlcf	(___awdiv@divisor+1)^0,f,c
  3946   0007C0  2A05               	incf	___awdiv@counter^0,f,c
  3947   0007C2                     l1383:
  3948   0007C2  AE04               	btfss	(___awdiv@divisor+1)^0,7,c
  3949   0007C4  EFE6  F003         	goto	u491
  3950   0007C8  EFE8  F003         	goto	u490
  3951   0007CC                     u491:
  3952   0007CC  EFDD  F003         	goto	l1381
  3953   0007D0                     u490:
  3954   0007D0                     l1385:
  3955   0007D0  90D8               	bcf	status,0,c
  3956   0007D2  3607               	rlcf	___awdiv@quotient^0,f,c
  3957   0007D4  3608               	rlcf	(___awdiv@quotient+1)^0,f,c
  3958   0007D6  5003               	movf	___awdiv@divisor^0,w,c
  3959   0007D8  5C01               	subwf	___awdiv@dividend^0,w,c
  3960   0007DA  5004               	movf	(___awdiv@divisor+1)^0,w,c
  3961   0007DC  5802               	subwfb	(___awdiv@dividend+1)^0,w,c
  3962   0007DE  A0D8               	btfss	status,0,c
  3963   0007E0  EFF4  F003         	goto	u501
  3964   0007E4  EFF6  F003         	goto	u500
  3965   0007E8                     u501:
  3966   0007E8  EFFB  F003         	goto	l1393
  3967   0007EC                     u500:
  3968   0007EC  5003               	movf	___awdiv@divisor^0,w,c
  3969   0007EE  5E01               	subwf	___awdiv@dividend^0,f,c
  3970   0007F0  5004               	movf	(___awdiv@divisor+1)^0,w,c
  3971   0007F2  5A02               	subwfb	(___awdiv@dividend+1)^0,f,c
  3972   0007F4  8007               	bsf	___awdiv@quotient^0,0,c
  3973   0007F6                     l1393:
  3974   0007F6  90D8               	bcf	status,0,c
  3975   0007F8  3204               	rrcf	(___awdiv@divisor+1)^0,f,c
  3976   0007FA  3203               	rrcf	___awdiv@divisor^0,f,c
  3977   0007FC  2E05               	decfsz	___awdiv@counter^0,f,c
  3978   0007FE  EFE8  F003         	goto	l1385
  3979   000802                     l1397:
  3980   000802  5006               	movf	___awdiv@sign^0,w,c
  3981   000804  B4D8               	btfsc	status,2,c
  3982   000806  EF07  F004         	goto	u511
  3983   00080A  EF09  F004         	goto	u510
  3984   00080E                     u511:
  3985   00080E  EF0D  F004         	goto	l1401
  3986   000812                     u510:
  3987   000812  6C07               	negf	___awdiv@quotient^0,c
  3988   000814  1E08               	comf	(___awdiv@quotient+1)^0,f,c
  3989   000816  B0D8               	btfsc	status,0,c
  3990   000818  2A08               	incf	(___awdiv@quotient+1)^0,f,c
  3991   00081A                     l1401:
  3992   00081A  C007  F001         	movff	___awdiv@quotient,?___awdiv
  3993   00081E  C008  F002         	movff	___awdiv@quotient+1,?___awdiv+1
  3994   000822  0012               	return		;funcret
  3995   000824                     __end_of___awdiv:
  3996                           	callstack 0
  3997                           
  3998                           	psect	smallconst
  3999   000600                     __psmallconst:
  4000                           	callstack 0
  4001   000600  00                 	db	0
  4002   000601  00                 	db	0	; dummy byte at the end
  4003   000600                     __smallconst    set	__psmallconst
  4004   000600                     __mediumconst   set	__psmallconst
  4005   000000                     __activetblptr  equ	0
  4006                           
  4007                           	psect	rparam
  4008   000001                     ___rparam_used  equ	1
  4009   000000                     ___param_bank   equ	0
  4010   000000                     __Lparam        equ	__Lrparam
  4011   000000                     __Hparam        equ	__Hrparam
  4012                           tosu	equ	0xFFF
  4013                           tosh	equ	0xFFE
  4014                           tosl	equ	0xFFD
  4015                           stkptr	equ	0xFFC
  4016                           pclatu	equ	0xFFB
  4017                           pclath	equ	0xFFA
  4018                           pcl	equ	0xFF9
  4019                           tblptru	equ	0xFF8
  4020                           tblptrh	equ	0xFF7
  4021                           tblptrl	equ	0xFF6
  4022                           tablat	equ	0xFF5
  4023                           prodh	equ	0xFF4
  4024                           prodl	equ	0xFF3
  4025                           indf0	equ	0xFEF
  4026                           postinc0	equ	0xFEE
  4027                           postdec0	equ	0xFED
  4028                           preinc0	equ	0xFEC
  4029                           plusw0	equ	0xFEB
  4030                           fsr0h	equ	0xFEA
  4031                           fsr0l	equ	0xFE9
  4032                           wreg	equ	0xFE8
  4033                           indf1	equ	0xFE7
  4034                           postinc1	equ	0xFE6
  4035                           postdec1	equ	0xFE5
  4036                           preinc1	equ	0xFE4
  4037                           plusw1	equ	0xFE3
  4038                           fsr1h	equ	0xFE2
  4039                           fsr1l	equ	0xFE1
  4040                           bsr	equ	0xFE0
  4041                           indf2	equ	0xFDF
  4042                           postinc2	equ	0xFDE
  4043                           postdec2	equ	0xFDD
  4044                           preinc2	equ	0xFDC
  4045                           plusw2	equ	0xFDB
  4046                           fsr2h	equ	0xFDA
  4047                           fsr2l	equ	0xFD9
  4048                           status	equ	0xFD8

Data Sizes:
    Strings     0
    Constant    0
    Data        1
    BSS         10
    Persistent  0
    Stack       0

Auto Spaces:
    Space          Size  Autos    Used
    COMRAM           95     49      60
    BANK0           160      0       0
    BANK1           256      0       0
    BANK2           256      0       0
    BANK3           256      0       0
    BANK4           256      0       0
    BANK5           256      0       0

Pointer List with Targets:

    can_transmit@data	PTR const unsigned char  size(1) Largest target is 5
		 -> get_rpm@data(COMRAM[5]), process_indicator@indicator(COMRAM[2]), 

    can_transmit@ptr	PTR unsigned char  size(2) Largest target is 1
		 -> TXB0D0(SFR_2[1]), 


Critical Paths under _main in COMRAM

    _main->_get_rpm
    _process_indicator->_can_transmit
    _get_rpm->___lldiv
    _can_transmit->_set_msg_id_std
    ___lmul->_read_adc
    ___lldiv->___lmul

Critical Paths under _main in BANK0

    None.

Critical Paths under _main in BANK1

    None.

Critical Paths under _main in BANK2

    None.

Critical Paths under _main in BANK3

    None.

Critical Paths under _main in BANK4

    None.

Critical Paths under _main in BANK5

    None.

Call Graph Tables:

 ---------------------------------------------------------------------------------
 (Depth) Function   	        Calls       Base Space   Used Autos Params    Refs
 ---------------------------------------------------------------------------------
 (0) _main                                                 0     0      0    1981
                            _get_rpm
                        _init_config
                  _process_indicator
 ---------------------------------------------------------------------------------
 (1) _process_indicator                                    1     1      0     260
                                             15 COMRAM     1     1      0
                       _can_transmit
                _read_digital_keypad
 ---------------------------------------------------------------------------------
 (2) _read_digital_keypad                                  1     1      0      30
                                              0 COMRAM     1     1      0
 ---------------------------------------------------------------------------------
 (1) _init_config                                          0     0      0       0
                           _init_adc
                           _init_can
                _init_digital_keypad
                           _init_led
 ---------------------------------------------------------------------------------
 (2) _init_led                                             0     0      0       0
 ---------------------------------------------------------------------------------
 (2) _init_digital_keypad                                  0     0      0       0
 ---------------------------------------------------------------------------------
 (2) _init_can                                             0     0      0       0
 ---------------------------------------------------------------------------------
 (2) _init_adc                                             0     0      0       0
 ---------------------------------------------------------------------------------
 (1) _get_rpm                                             17    17      0    1721
                                             32 COMRAM    17    17      0
                            ___awdiv
                            ___awmod
                            ___lldiv
                             ___lmul
                       _can_transmit
                           _read_adc
 ---------------------------------------------------------------------------------
 (2) _read_adc                                             7     5      2      52
                                              0 COMRAM     7     5      2
 ---------------------------------------------------------------------------------
 (2) _can_transmit                                        11     7      4     230
                                              4 COMRAM    11     7      4
                     _set_msg_id_std
 ---------------------------------------------------------------------------------
 (3) _set_msg_id_std                                       4     2      2      45
                                              0 COMRAM     4     2      2
 ---------------------------------------------------------------------------------
 (2) ___lmul                                              12     4      8      94
                                              7 COMRAM    12     4      8
                           _read_adc (ARG)
 ---------------------------------------------------------------------------------
 (2) ___lldiv                                             13     5      8     164
                                             19 COMRAM    13     5      8
                             ___lmul (ARG)
                           _read_adc (ARG)
 ---------------------------------------------------------------------------------
 (2) ___awmod                                              6     2      4     298
                                              0 COMRAM     6     2      4
 ---------------------------------------------------------------------------------
 (2) ___awdiv                                              8     4      4     302
                                              0 COMRAM     8     4      4
 ---------------------------------------------------------------------------------
 Estimated maximum stack depth 3
 ---------------------------------------------------------------------------------

 Call Graph Graphs:

 _main (ROOT)
   _get_rpm
     ___awdiv
     ___awmod
     ___lldiv
       ___lmul (ARG)
         _read_adc (ARG)
       _read_adc (ARG)
     ___lmul
     _can_transmit
       _set_msg_id_std
     _read_adc
   _init_config
     _init_adc
     _init_can
     _init_digital_keypad
     _init_led
   _process_indicator
     _can_transmit
     _read_digital_keypad

Address spaces:
Name               Size   Autos  Total    Usage
BIGRAM            1535      0       0      0.0%
BITBIGSFRlh        410      0       0      0.0%
BITBANK5           256      0       0      0.0%
BANK5              256      0       0      0.0%
BITBANK4           256      0       0      0.0%
BANK4              256      0       0      0.0%
BITBANK3           256      0       0      0.0%
BANK3              256      0       0      0.0%
BITBANK2           256      0       0      0.0%
BANK2              256      0       0      0.0%
BITBANK1           256      0       0      0.0%
BANK1              256      0       0      0.0%
BITBIGSFRll        212      0       0      0.0%
BITBANK0           160      0       0      0.0%
BANK0              160      0       0      0.0%
BITBIGSFRh         144      0       0      0.0%
BITCOMRAM           95      0       0      0.0%
COMRAM              95     49      60     63.2%
STACK                0      0       0      0.0%
DATA                 0      0      60      0.0%


Microchip Technology PIC18 Macro Assembler V3.10 build 20250813170317 
Symbol Table                                                                                   Tue Apr 14 09:08:31 2026

                               l32 0CA0                                 l35 0C8E  
                               l82 0BB0                                 l76 0C68  
                               l79 0B84                                 _GO 7E11  
                               u20 0BCE                                 u21 0BCA  
                               u50 0A32                                 u51 0A2E  
                               u60 0A46                                 u61 0A42  
                               u70 0A56                                 u71 0A52  
                               u80 0A74                                 u81 0A70  
                               u90 0A8C                                 u91 0A88  
                     ___awdiv@sign 0006                                l142 0C28  
                              l223 0B5A                                l135 0BCE  
                              l224 0B6A                                l136 0BEC  
                              l209 097A                                l162 0CA8  
                              l147 0AFC                                l148 0B00  
                              l246 0A1E                                l239 0A0E  
                              l169 0A92                                l194 0762  
                              l553 0822                                l566 08D0  
                              l997 0C90                                l999 0C4E  
                              u400 0AFC                                u401 0AF8  
                              u410 0B20                                u411 0B1C  
                              u500 07EC                                u420 0B5A  
                              u501 07E8                                u421 0B56  
                              u510 0812                                u430 09A2  
                              u511 080E                                u431 099E  
                              u520 0834                                u440 09C4  
                              u600 06DC                                u521 0830  
                              u441 09C0                                u601 06D8  
                              u530 084E                                u450 09EC  
                              u610 0746                                u531 084A  
                              u451 09E8                                u611 0742  
                              u460 0774                                u540 0868  
                              u620 08F4                                u461 0770  
                              u541 0864                                u621 08F0  
                              u470 078E                                u550 0886  
                              u390 0B92                                u630 0908  
                              u471 078A                                u551 0882  
                              u391 0B8E                                u631 0904  
                              u480 07B2                                u560 089C  
                              u640 0926                                u481 07AE  
                              u561 0898                                u385 0BFA  
                              u641 0922                                u490 07D0  
                              u570 08C0                                u650 0944  
                              u491 07CC                                u571 08BC  
                              u651 0940                                u660 0962  
                              u581 0608                                u661 095E  
                              u590 0680                                u591 067C  
                     ___awmod@sign 0006                                wreg 0FE8  
                      get_rpm@data 0025                               l1001 0CA2  
                             l1011 0BD0                               l1003 0BB2  
                             l1021 0BE8                               l1013 0BDC  
                             l1005 0BB6                               l1023 0BEA  
                             l1015 0BE0                               l1007 0BBA  
                             l1017 0BE4                               l1009 0BBC  
                             l1019 0BE6                               l1051 0A22  
                             l1301 0BEE                               l1053 0A32  
                             l1303 0B6E                               l1055 0A46  
                             l1401 081A                               l1321 0AB2  
                             l1313 0A94                               l1305 0B82  
                             l1057 0A56                               l1065 0A60  
                             l1411 083C                               l1331 0B12  
                             l1323 0ABC                               l1315 0A9A  
                             l1307 0B92                               l1067 0A74  
                             l1075 0A90                               l1059 0A58  
                             l1421 0870                               l1413 0840  
                             l1405 0824                               l1341 098C  
                             l1333 0B20                               l1325 0AD4  
                             l1317 0AA6                               l1309 0BA8  
                             l1069 0A7C                               l1501 094E  
                             l1431 08AA                               l1423 0878  
                             l1415 084E                               l1407 0826  
                             l1351 09CE                               l1343 09A2  
                             l1335 0B30                               l1327 0AD8  
                             l1319 0AAA                               l1191 0C7E  
                             l1503 0962                               l1511 0C6E  
                             l1361 0764                               l1425 0886  
                             l1433 08B0                               l1417 0856  
                             l1409 0834                               l1353 09EC  
                             l1345 09AA                               l1337 0B3A  
                             l1329 0B02                               l1441 0602  
                             l1193 0C82                               l1505 0968  
                             l1513 0C72              ??_read_digital_keypad 0001  
                             l1371 078E                               l1363 0766  
                             l1435 08C0                               l1427 089C  
                             l1419 0868                               l1355 09FC  
                             l1347 09B6                               l1339 097C  
                             l1451 0680                               l1443 060E  
                             l1195 0C86                               l1381 07BA  
                             l1373 0796                               l1365 0774  
                             l1437 08C8                               l1429 08A4  
                             l1357 09FE                               l1349 09C4  
                             l1453 0684                               l1461 06CA  
                             l1445 0660                               l1509 0C6A  
                             l1391 07F4                               l1383 07C2  
                             l1375 079A                               l1367 077C  
                             l1359 0A08                               l1471 0712  
                             l1463 06DC                               l1455 068C  
                             l1447 0666                               l1393 07F6  
                             l1385 07D0                               l1377 07A0  
                             l1369 0780                               l1481 0750  
                             l1473 071E                               l1465 06E2  
                             l1457 06AC                               l1449 066E  
                             l1395 07FC                               l1387 07D6  
                             l1379 07B2                               l1475 0722  
                             l1467 06F2                               l1459 06B0  
                             l1491 0908                               l1389 07EC  
                             l1397 0802                               l1469 06FE  
                             l1477 0728                               l1493 0912  
                             l1485 08D2                               l1399 0812  
                             l1479 0746                               l1495 0926  
                             l1487 08E0                               l1497 0930  
                             l1489 08F4                               l1499 0944  
                             _ADFM 7E07                               _ADON 7E10  
                             _main 0C6A                               fsr1h 0FE2  
                             fsr2h 0FDA                               indf1 0FE7  
                             indf2 0FDF                               fsr1l 0FE1  
                             fsr2l 0FD9                               start 2FFC  
                     ___param_bank 0000                              _ADCS0 7E00  
                            _ADCS1 7E01                              _ADCS2 7E02  
                            ?_main 0001                              _ACQT0 7E03  
                            _ACQT1 7E04                              _ACQT2 7E05  
                  __end_of___awdiv 0824                    __end_of___awmod 08D2  
                  __end_of___lldiv 0A20                    ___awdiv@divisor 0003  
                     ?_init_config 0001                    ___awdiv@counter 0005  
                            _VCFG0 7E0C                              _VCFG1 7E0D  
                            _PORTA 0F80                              _PORTC 0F82  
                            _TRISA 0F92                              _TRISC 0F94  
                            _TRISD 0F95                ___lmul@multiplicand 000C  
                  __end_of_get_rpm 0764                              tablat 0FF5  
                            status 0FD8                      get_rpm@F10631 0032  
                  __initialization 0C2A                       __end_of_main 0C7E  
                           ??_main 0032                      __activetblptr 0000  
                           _ADCON0 0FC2                             _CANCON 0F6F  
                           _ADRESH 0FC4                             _ADRESL 0FC3  
                 ___awdiv@dividend 0001                             _GODONE 7E11  
                           _RXB0D0 0F66                             _RXB0IF 7D20  
                           _TXB0D0 0F46                             _TRISB0 7C98  
                           _TRISB1 7C99                             _TRISB2 7C9A  
                           _TRISB3 7C9B                             _TRISB6 7C9E  
                           _TRISB7 7C9F        __end_of_init_digital_keypad 0CAA  
                           ___lmul 0B02                          ??___awdiv 0005  
                        ??___awmod 0005                          ??___lldiv 001C  
                    can_transmit@i 000E                   __end_of_init_adc 0C6A  
                 __end_of_init_can 0BEE                   __end_of_init_led 0CA2  
                 __end_of_read_adc 0BB2                             clear_0 0C42  
                 ___awdiv@quotient 0007                    ___awmod@divisor 0003  
                           isa$std 0001                    ___awmod@counter 0005  
                           _status 0039                          ??_get_rpm 0021  
                     __pdataCOMRAM 003C                       __mediumconst 0600  
                           tblptrh 0FF7                             tblptrl 0FF6  
                           tblptru 0FF8                       _can_transmit 0A94  
                       __accesstop 0060            __end_of__initialization 0C48  
                    ___rparam_used 0001                     __pcstackCOMRAM 0001  
                 set_msg_id_std@id 0001                            ?___lmul 0008  
                          _ECANCON 0F77                     ___lmul@product 0010  
                          _CANSTAT 0F6E                            _BRGCON1 0F70  
                          _BRGCON2 0F71                            _BRGCON3 0F72  
      __end_of_read_digital_keypad 0A94                            _RXB0DLC 0F65  
                          _RXB0CON 0F60                            _RXB0FUL 7B07  
                          _TXB0DLC 0F45                            _TXB0REQ 7A03  
                          _RXFCON0 0DD4                          ?_init_adc 0001  
                        ?_init_can 0001                          ?_init_led 0001  
                        ?_read_adc 0001                            __Hparam 0000  
                          __Lparam 0000                            ___awdiv 0764  
                          ___awmod 0824                            ___lldiv 097C  
                     __psmallconst 0600                            __pcinit 0C2A  
                          __ramtop 0600                            __ptext0 0C6A  
                          __ptext1 08D2                            __ptext2 0A20  
                          __ptext3 0C7E                            __ptext4 0C90  
                          __ptext5 0CA2                            __ptext6 0BB2  
                          __ptext7 0C4E                            __ptext8 0602  
                          __ptext9 0B6C                            _get_rpm 0602  
                 ___awmod@dividend 0001               end_of_initialization 0C48  
                       ??_init_adc 0001                         ??_init_can 0001  
                       ??_init_led 0001                         ??_read_adc 0003  
                  ___lldiv@divisor 0018                    ___lldiv@counter 0020  
                          postinc0 0FEE                            postinc2 0FDE  
                        _PORTBbits 0F81                    read_adc@channel 0007  
                  read_adc@reg_val 0005                     _set_msg_id_std 0BEE  
                       get_rpm@num 002E                         get_rpm@rpm 0022  
                   __end_of___lmul 0B6C                      __pidataCOMRAM 3000  
              start_initialization 0C2A             __end_of_set_msg_id_std 0C2A  
                         ??___lmul 0010                      ??_init_config 0001  
                      __pbssCOMRAM 0032                    ?_set_msg_id_std 0001  
                         ?___awdiv 0001                           ?___awmod 0001  
                 can_transmit@data 0007                           ?___lldiv 0014  
                         ?_get_rpm 0001                        __smallconst 0600  
               can_transmit@msg_id 0005                __end_of_init_config 0C90  
                         _RXB0SIDH 0F61                           _RXB0SIDL 0F62  
                         _TXB0EIDH 0F43                           _TXB0EIDL 0F44  
                         _TXB0SIDH 0F41                           _TXB0SIDL 0F42  
read_digital_keypad@detection_type 0001                      ?_can_transmit 0005  
                _process_indicator 08D2                  ___lmul@multiplier 0008  
              _init_digital_keypad 0CA2                 ?_process_indicator 0001  
       process_indicator@indicator 003A                           __Hrparam 0000  
              ??_process_indicator 0010                           __Lrparam 0000  
             ?_init_digital_keypad 0001                        _init_config 0C7E  
                   ??_can_transmit 0009          __end_of_process_indicator 097C  
                         __ptext10 0A94                           __ptext11 0BEE  
                         __ptext12 0B02                           __ptext13 097C  
                         __ptext14 0824                           __ptext15 0764  
                  can_transmit@len 0008                    can_transmit@ptr 000C  
                         _init_adc 0C4E                           _init_can 0BB2  
                         _init_led 0C90                           _read_adc 0B6C  
          read_digital_keypad@once 003C                           isa$xinst 0000  
            ??_init_digital_keypad 0001                           get_rpm@e 002C  
                         get_rpm@i 0030                           get_rpm@s 002A  
                         get_rpm@t 0024                        _RXB0CONbits 0F60  
                 ??_set_msg_id_std 0003                   ___lldiv@dividend 0014  
             process_indicator@key 0037                _read_digital_keypad 0A20  
                 ___lldiv@quotient 001C               ?_read_digital_keypad 0001  
             __end_of_can_transmit 0B02  
