

Microchip MPLAB XC8 Assembler V3.10 build 20250813170317 
                                                                                               Thu Apr 23 16:00:45 2026

Microchip MPLAB XC8 C Compiler v3.10 (Free license) build 20250813170317 Og1 
     1                           	processor	18F4580
     2                           	fnconf	rparam,??,?,0
     3                           	pagewidth 120
     4                           	opt	flic
     5                           	psect	idataCOMRAM,global,class=CODE,space=0,delta=1,noexec
     6                           	psect	idataBANK0,global,class=CODE,space=0,delta=1,noexec
     7                           	psect	mediumconst,global,reloc=2,class=MEDIUMCONST,space=0,delta=1,noexec
     8                           	psect	cinit,global,reloc=2,class=CODE,space=0,delta=1
     9                           	psect	bssCOMRAM,global,class=COMRAM,space=1,delta=1,lowdata,noexec
    10                           	psect	dataCOMRAM,global,class=COMRAM,space=1,delta=1,lowdata,noexec
    11                           	psect	dataBANK0,global,class=BANK0,space=1,delta=1,lowdata,noexec
    12                           	psect	cstackCOMRAM,global,class=COMRAM,space=1,delta=1,lowdata,noexec
    13                           	psect	text0,global,reloc=2,class=CODE,space=0,delta=1
    14                           	psect	text1,global,reloc=2,class=CODE,space=0,delta=1
    15                           	psect	text2,global,reloc=2,class=CODE,space=0,delta=1
    16                           	psect	text3,global,reloc=2,class=CODE,space=0,delta=1
    17                           	psect	text4,global,reloc=2,class=CODE,space=0,delta=1
    18                           	psect	text5,global,reloc=2,class=CODE,space=0,delta=1
    19                           	psect	text6,global,reloc=2,class=CODE,space=0,delta=1
    20                           	psect	text7,global,reloc=2,class=CODE,space=0,delta=1
    21                           	psect	text8,global,reloc=2,class=CODE,space=0,delta=1,group=1
    22                           	psect	text9,global,reloc=2,class=CODE,space=0,delta=1,group=1
    23                           	psect	text10,global,reloc=2,class=CODE,space=0,delta=1,group=1
    24                           	psect	text11,global,reloc=2,class=CODE,space=0,delta=1
    25                           	psect	text12,global,reloc=2,class=CODE,space=0,delta=1
    26                           	psect	text13,global,reloc=2,class=CODE,space=0,delta=1
    27                           	psect	text14,global,reloc=2,class=CODE,space=0,delta=1
    28                           	psect	text15,global,reloc=2,class=CODE,space=0,delta=1
    29                           	psect	text16,global,reloc=2,class=CODE,space=0,delta=1
    30                           	psect	text17,global,reloc=2,class=CODE,space=0,delta=1
    31                           	psect	text18,global,reloc=2,class=CODE,space=0,delta=1
    32                           	psect	text19,global,reloc=2,class=CODE,space=0,delta=1
    33                           	psect	text20,global,reloc=2,class=CODE,space=0,delta=1
    34                           	psect	text21,global,reloc=2,class=CODE,space=0,delta=1
    35                           	psect	text22,global,reloc=2,class=CODE,space=0,delta=1
    36                           	psect	text23,global,reloc=2,class=CODE,space=0,delta=1
    37                           	psect	text24,global,reloc=2,class=CODE,space=0,delta=1
    38                           	psect	text25,global,reloc=2,class=CODE,space=0,delta=1
    39                           	psect	text26,global,reloc=2,class=CODE,space=0,delta=1
    40                           	psect	text27,global,reloc=2,class=CODE,space=0,delta=1
    41                           	psect	text28,global,reloc=2,class=CODE,space=0,delta=1
    42                           	psect	text29,global,reloc=2,class=CODE,space=0,delta=1
    43                           	psect	text30,global,reloc=2,class=CODE,space=0,delta=1
    44                           	psect	text31,global,reloc=2,class=CODE,space=0,delta=1
    45                           	psect	text32,global,reloc=2,class=CODE,space=0,delta=1
    46                           	psect	text33,global,reloc=2,class=CODE,space=0,delta=1
    47                           	psect	text34,global,reloc=2,class=CODE,space=0,delta=1,group=1
    48                           	psect	text35,global,reloc=2,class=CODE,space=0,delta=1,group=1
    49                           	psect	text36,global,reloc=2,class=CODE,space=0,delta=1
    50                           	psect	text37,global,reloc=2,class=CODE,space=0,delta=1
    51                           	psect	text38,global,reloc=2,class=CODE,space=0,delta=1
    52                           	psect	text39,global,reloc=2,class=CODE,space=0,delta=1
    53                           	psect	text40,global,reloc=2,class=CODE,space=0,delta=1
    54                           	psect	text41,global,reloc=2,class=CODE,space=0,delta=1
    55                           	psect	text42,global,reloc=2,class=CODE,space=0,delta=1
    56                           	psect	text43,global,reloc=2,class=CODE,space=0,delta=1
    57                           	psect	text44,global,reloc=2,class=CODE,space=0,delta=1
    58                           	psect	text45,global,reloc=2,class=CODE,space=0,delta=1
    59                           	psect	text46,global,reloc=2,class=CODE,space=0,delta=1
    60                           	psect	intcode,global,reloc=2,class=CODE,space=0,delta=1
    61                           	psect	intcode_body,global,reloc=2,class=CODE,space=0,delta=1
    62                           	psect	intsave_regs,global,class=BIGRAM,space=1,delta=1,noexec
    63                           	psect	rparam,global,class=COMRAM,space=1,delta=1,noexec
    64                           	dabs	1,0x1,1
    65   000000                     
    66                           ; Generated 17/01/2025 GMT
    67                           ; 
    68                           ; Copyright © 2025, Microchip Technology Inc. and its subsidiaries ("Microchip")
    69                           ; All rights reserved.
    70                           ; 
    71                           ; This software is developed by Microchip Technology Inc. and its subsidiaries ("Microch
      +                          ip").
    72                           ; 
    73                           ; Redistribution and use in source and binary forms, with or without modification, are
    74                           ; permitted provided that the following conditions are met:
    75                           ; 
    76                           ;     1. Redistributions of source code must retain the above copyright notice, this lis
      +                          t of
    77                           ;        conditions and the following disclaimer.
    78                           ; 
    79                           ;     2. Redistributions in binary form must reproduce the above copyright notice, this 
      +                          list
    80                           ;        of conditions and the following disclaimer in the documentation and/or other
    81                           ;        materials provided with the distribution. Publication is not required when
    82                           ;        this file is used in an embedded application.
    83                           ; 
    84                           ;     3. Microchip's name may not be used to endorse or promote products derived from th
      +                          is
    85                           ;        software without specific prior written permission.
    86                           ; 
    87                           ; THIS SOFTWARE IS PROVIDED BY MICROCHIP "AS IS" AND ANY EXPRESS OR IMPLIED WARRANTIES,
    88                           ; INCLUDING, BUT NOT LIMITED TO, THE IMPLIED WARRANTIES OF MERCHANTABILITY AND FITNESS F
      +                          OR
    89                           ; PURPOSE ARE DISCLAIMED.  IN NO EVENT SHALL MICROCHIP BE LIABLE FOR ANY DIRECT, INDIREC
      +                          T,
    90                           ; INCIDENTAL, SPECIAL, EXEMPLARY, OR CONSEQUENTIAL DAMAGES (INCLUDING BUT NOT LIMITED TO
    91                           ; PROCUREMENT OF SUBSTITUTE GOODS OR SERVICES; LOSS OF USE, DATA OR PROFITS; OR BUSINESS
    92                           ; INTERRUPTION) HOWSOEVER CAUSED AND ON ANY THEORY OF LIABILITY, WHETHER IN CONTRACT, ST
      +                          RICT
    93                           ; LIABILITY, OR TORT (INCLUDING NEGLIGENCE OR OTHERWISE) ARISING IN ANY WAY OUT OF THE U
      +                          SE OF
    94                           ; THIS SOFTWARE, EVEN IF ADVISED OF THE POSSIBILITY OF SUCH DAMAGE.
    95                           ; 
    96                           ; 
    97                           ; Code-generator required, PIC18F4580 Definitions
    98                           ; 
    99                           ; SFR Addresses
   100   000FE0                     bsr             equ	4064
   101   000FE9                     fsr0            equ	4073
   102   000FEA                     fsr0h           equ	4074
   103   000FE9                     fsr0l           equ	4073
   104   000FE1                     fsr1            equ	4065
   105   000FE2                     fsr1h           equ	4066
   106   000FE1                     fsr1l           equ	4065
   107   000FD9                     fsr2            equ	4057
   108   000FDA                     fsr2h           equ	4058
   109   000FD9                     fsr2l           equ	4057
   110   000FEF                     indf0           equ	4079
   111   000FE7                     indf1           equ	4071
   112   000FDF                     indf2           equ	4063
   113   000FF2                     intcon          equ	4082
   114   000000                     nvmcon          equ	0
   115   000FF9                     pcl             equ	4089
   116   000FFA                     pclath          equ	4090
   117   000FFB                     pclatu          equ	4091
   118   000FEB                     plusw0          equ	4075
   119   000FE3                     plusw1          equ	4067
   120   000FDB                     plusw2          equ	4059
   121   000FED                     postdec0        equ	4077
   122   000FE5                     postdec1        equ	4069
   123   000FDD                     postdec2        equ	4061
   124   000FEE                     postinc0        equ	4078
   125   000FE6                     postinc1        equ	4070
   126   000FDE                     postinc2        equ	4062
   127   000FEC                     preinc0         equ	4076
   128   000FE4                     preinc1         equ	4068
   129   000FDC                     preinc2         equ	4060
   130   000FF3                     prod            equ	4083
   131   000FF4                     prodh           equ	4084
   132   000FF3                     prodl           equ	4083
   133   000FD8                     status          equ	4056
   134   000FF5                     tablat          equ	4085
   135   000FF6                     tblptr          equ	4086
   136   000FF7                     tblptrh         equ	4087
   137   000FF6                     tblptrl         equ	4086
   138   000FF8                     tblptru         equ	4088
   139   000FFD                     tosl            equ	4093
   140   000FE8                     wreg            equ	4072
   141   000D60                     RXF6SIDH        equ	3424	;# 
   142   000D61                     RXF6SIDL        equ	3425	;# 
   143   000D62                     RXF6EIDH        equ	3426	;# 
   144   000D63                     RXF6EIDL        equ	3427	;# 
   145   000D64                     RXF7SIDH        equ	3428	;# 
   146   000D65                     RXF7SIDL        equ	3429	;# 
   147   000D66                     RXF7EIDH        equ	3430	;# 
   148   000D67                     RXF7EIDL        equ	3431	;# 
   149   000D68                     RXF8SIDH        equ	3432	;# 
   150   000D69                     RXF8SIDL        equ	3433	;# 
   151   000D6A                     RXF8EIDH        equ	3434	;# 
   152   000D6B                     RXF8EIDL        equ	3435	;# 
   153   000D70                     RXF9SIDH        equ	3440	;# 
   154   000D71                     RXF9SIDL        equ	3441	;# 
   155   000D72                     RXF9EIDH        equ	3442	;# 
   156   000D73                     RXF9EIDL        equ	3443	;# 
   157   000D74                     RXF10SIDH       equ	3444	;# 
   158   000D75                     RXF10SIDL       equ	3445	;# 
   159   000D76                     RXF10EIDH       equ	3446	;# 
   160   000D77                     RXF10EIDL       equ	3447	;# 
   161   000D78                     RXF11SIDH       equ	3448	;# 
   162   000D79                     RXF11SIDL       equ	3449	;# 
   163   000D7A                     RXF11EIDH       equ	3450	;# 
   164   000D7B                     RXF11EIDL       equ	3451	;# 
   165   000D80                     RXF12SIDH       equ	3456	;# 
   166   000D81                     RXF12SIDL       equ	3457	;# 
   167   000D82                     RXF12EIDH       equ	3458	;# 
   168   000D83                     RXF12EIDL       equ	3459	;# 
   169   000D84                     RXF13SIDH       equ	3460	;# 
   170   000D85                     RXF13SIDL       equ	3461	;# 
   171   000D86                     RXF13EIDH       equ	3462	;# 
   172   000D87                     RXF13EIDL       equ	3463	;# 
   173   000D88                     RXF14SIDH       equ	3464	;# 
   174   000D89                     RXF14SIDL       equ	3465	;# 
   175   000D8A                     RXF14EIDH       equ	3466	;# 
   176   000D8B                     RXF14EIDL       equ	3467	;# 
   177   000D90                     RXF15SIDH       equ	3472	;# 
   178   000D91                     RXF15SIDL       equ	3473	;# 
   179   000D92                     RXF15EIDH       equ	3474	;# 
   180   000D93                     RXF15EIDL       equ	3475	;# 
   181   000DD4                     RXFCON0         equ	3540	;# 
   182   000DD5                     RXFCON1         equ	3541	;# 
   183   000DD8                     SDFLC           equ	3544	;# 
   184   000DE0                     RXFBCON0        equ	3552	;# 
   185   000DE1                     RXFBCON1        equ	3553	;# 
   186   000DE2                     RXFBCON2        equ	3554	;# 
   187   000DE3                     RXFBCON3        equ	3555	;# 
   188   000DE4                     RXFBCON4        equ	3556	;# 
   189   000DE5                     RXFBCON5        equ	3557	;# 
   190   000DE6                     RXFBCON6        equ	3558	;# 
   191   000DE7                     RXFBCON7        equ	3559	;# 
   192   000DF0                     MSEL0           equ	3568	;# 
   193   000DF1                     MSEL1           equ	3569	;# 
   194   000DF2                     MSEL2           equ	3570	;# 
   195   000DF3                     MSEL3           equ	3571	;# 
   196   000DF8                     BSEL0           equ	3576	;# 
   197   000DFA                     BIE0            equ	3578	;# 
   198   000DFC                     TXBIE           equ	3580	;# 
   199   000E20                     B0CON           equ	3616	;# 
   200   000E21                     B0SIDH          equ	3617	;# 
   201   000E22                     B0SIDL          equ	3618	;# 
   202   000E23                     B0EIDH          equ	3619	;# 
   203   000E24                     B0EIDL          equ	3620	;# 
   204   000E25                     B0DLC           equ	3621	;# 
   205   000E26                     B0D0            equ	3622	;# 
   206   000E27                     B0D1            equ	3623	;# 
   207   000E28                     B0D2            equ	3624	;# 
   208   000E29                     B0D3            equ	3625	;# 
   209   000E2A                     B0D4            equ	3626	;# 
   210   000E2B                     B0D5            equ	3627	;# 
   211   000E2C                     B0D6            equ	3628	;# 
   212   000E2D                     B0D7            equ	3629	;# 
   213   000E2E                     CANSTAT_RO9     equ	3630	;# 
   214   000E2F                     CANCON_RO9      equ	3631	;# 
   215   000E30                     B1CON           equ	3632	;# 
   216   000E31                     B1SIDH          equ	3633	;# 
   217   000E32                     B1SIDL          equ	3634	;# 
   218   000E33                     B1EIDH          equ	3635	;# 
   219   000E34                     B1EIDL          equ	3636	;# 
   220   000E35                     B1DLC           equ	3637	;# 
   221   000E36                     B1D0            equ	3638	;# 
   222   000E37                     B1D1            equ	3639	;# 
   223   000E38                     B1D2            equ	3640	;# 
   224   000E39                     B1D3            equ	3641	;# 
   225   000E3A                     B1D4            equ	3642	;# 
   226   000E3B                     B1D5            equ	3643	;# 
   227   000E3C                     B1D6            equ	3644	;# 
   228   000E3D                     B1D7            equ	3645	;# 
   229   000E3E                     CANSTAT_RO8     equ	3646	;# 
   230   000E3F                     CANCON_RO8      equ	3647	;# 
   231   000E40                     B2CON           equ	3648	;# 
   232   000E41                     B2SIDH          equ	3649	;# 
   233   000E42                     B2SIDL          equ	3650	;# 
   234   000E43                     B2EIDH          equ	3651	;# 
   235   000E44                     B2EIDL          equ	3652	;# 
   236   000E45                     B2DLC           equ	3653	;# 
   237   000E46                     B2D0            equ	3654	;# 
   238   000E47                     B2D1            equ	3655	;# 
   239   000E48                     B2D2            equ	3656	;# 
   240   000E49                     B2D3            equ	3657	;# 
   241   000E4A                     B2D4            equ	3658	;# 
   242   000E4B                     B2D5            equ	3659	;# 
   243   000E4C                     B2D6            equ	3660	;# 
   244   000E4D                     B2D7            equ	3661	;# 
   245   000E4E                     CANSTAT_RO7     equ	3662	;# 
   246   000E4F                     CANCON_RO7      equ	3663	;# 
   247   000E50                     B3CON           equ	3664	;# 
   248   000E51                     B3SIDH          equ	3665	;# 
   249   000E52                     B3SIDL          equ	3666	;# 
   250   000E53                     B3EIDH          equ	3667	;# 
   251   000E54                     B3EIDL          equ	3668	;# 
   252   000E55                     B3DLC           equ	3669	;# 
   253   000E56                     B3D0            equ	3670	;# 
   254   000E57                     B3D1            equ	3671	;# 
   255   000E58                     B3D2            equ	3672	;# 
   256   000E59                     B3D3            equ	3673	;# 
   257   000E5A                     B3D4            equ	3674	;# 
   258   000E5B                     B3D5            equ	3675	;# 
   259   000E5C                     B3D6            equ	3676	;# 
   260   000E5D                     B3D7            equ	3677	;# 
   261   000E5E                     CANSTAT_RO6     equ	3678	;# 
   262   000E5F                     CANCON_RO6      equ	3679	;# 
   263   000E60                     B4CON           equ	3680	;# 
   264   000E61                     B4SIDH          equ	3681	;# 
   265   000E62                     B4SIDL          equ	3682	;# 
   266   000E63                     B4EIDH          equ	3683	;# 
   267   000E64                     B4EIDL          equ	3684	;# 
   268   000E65                     B4DLC           equ	3685	;# 
   269   000E66                     B4D0            equ	3686	;# 
   270   000E67                     B4D1            equ	3687	;# 
   271   000E68                     B4D2            equ	3688	;# 
   272   000E69                     B4D3            equ	3689	;# 
   273   000E6A                     B4D4            equ	3690	;# 
   274   000E6B                     B4D5            equ	3691	;# 
   275   000E6C                     B4D6            equ	3692	;# 
   276   000E6D                     B4D7            equ	3693	;# 
   277   000E6E                     CANSTAT_RO5     equ	3694	;# 
   278   000E6F                     CANCON_RO5      equ	3695	;# 
   279   000E70                     B5CON           equ	3696	;# 
   280   000E71                     B5SIDH          equ	3697	;# 
   281   000E72                     B5SIDL          equ	3698	;# 
   282   000E73                     B5EIDH          equ	3699	;# 
   283   000E74                     B5EIDL          equ	3700	;# 
   284   000E75                     B5DLC           equ	3701	;# 
   285   000E76                     B5D0            equ	3702	;# 
   286   000E77                     B5D1            equ	3703	;# 
   287   000E78                     B5D2            equ	3704	;# 
   288   000E79                     B5D3            equ	3705	;# 
   289   000E7A                     B5D4            equ	3706	;# 
   290   000E7B                     B5D5            equ	3707	;# 
   291   000E7C                     B5D6            equ	3708	;# 
   292   000E7D                     B5D7            equ	3709	;# 
   293   000E7E                     CANSTAT_RO4     equ	3710	;# 
   294   000E7F                     CANCON_RO4      equ	3711	;# 
   295   000F00                     RXF0SIDH        equ	3840	;# 
   296   000F01                     RXF0SIDL        equ	3841	;# 
   297   000F02                     RXF0EIDH        equ	3842	;# 
   298   000F03                     RXF0EIDL        equ	3843	;# 
   299   000F04                     RXF1SIDH        equ	3844	;# 
   300   000F05                     RXF1SIDL        equ	3845	;# 
   301   000F06                     RXF1EIDH        equ	3846	;# 
   302   000F07                     RXF1EIDL        equ	3847	;# 
   303   000F08                     RXF2SIDH        equ	3848	;# 
   304   000F09                     RXF2SIDL        equ	3849	;# 
   305   000F0A                     RXF2EIDH        equ	3850	;# 
   306   000F0B                     RXF2EIDL        equ	3851	;# 
   307   000F0C                     RXF3SIDH        equ	3852	;# 
   308   000F0D                     RXF3SIDL        equ	3853	;# 
   309   000F0E                     RXF3EIDH        equ	3854	;# 
   310   000F0F                     RXF3EIDL        equ	3855	;# 
   311   000F10                     RXF4SIDH        equ	3856	;# 
   312   000F11                     RXF4SIDL        equ	3857	;# 
   313   000F12                     RXF4EIDH        equ	3858	;# 
   314   000F13                     RXF4EIDL        equ	3859	;# 
   315   000F14                     RXF5SIDH        equ	3860	;# 
   316   000F15                     RXF5SIDL        equ	3861	;# 
   317   000F16                     RXF5EIDH        equ	3862	;# 
   318   000F17                     RXF5EIDL        equ	3863	;# 
   319   000F18                     RXM0SIDH        equ	3864	;# 
   320   000F19                     RXM0SIDL        equ	3865	;# 
   321   000F1A                     RXM0EIDH        equ	3866	;# 
   322   000F1B                     RXM0EIDL        equ	3867	;# 
   323   000F1C                     RXM1SIDH        equ	3868	;# 
   324   000F1D                     RXM1SIDL        equ	3869	;# 
   325   000F1E                     RXM1EIDH        equ	3870	;# 
   326   000F1F                     RXM1EIDL        equ	3871	;# 
   327   000F20                     TXB2CON         equ	3872	;# 
   328   000F21                     TXB2SIDH        equ	3873	;# 
   329   000F22                     TXB2SIDL        equ	3874	;# 
   330   000F23                     TXB2EIDH        equ	3875	;# 
   331   000F24                     TXB2EIDL        equ	3876	;# 
   332   000F25                     TXB2DLC         equ	3877	;# 
   333   000F26                     TXB2D0          equ	3878	;# 
   334   000F27                     TXB2D1          equ	3879	;# 
   335   000F28                     TXB2D2          equ	3880	;# 
   336   000F29                     TXB2D3          equ	3881	;# 
   337   000F2A                     TXB2D4          equ	3882	;# 
   338   000F2B                     TXB2D5          equ	3883	;# 
   339   000F2C                     TXB2D6          equ	3884	;# 
   340   000F2D                     TXB2D7          equ	3885	;# 
   341   000F2E                     CANSTAT_RO3     equ	3886	;# 
   342   000F2F                     CANCON_RO3      equ	3887	;# 
   343   000F30                     TXB1CON         equ	3888	;# 
   344   000F31                     TXB1SIDH        equ	3889	;# 
   345   000F32                     TXB1SIDL        equ	3890	;# 
   346   000F33                     TXB1EIDH        equ	3891	;# 
   347   000F34                     TXB1EIDL        equ	3892	;# 
   348   000F35                     TXB1DLC         equ	3893	;# 
   349   000F36                     TXB1D0          equ	3894	;# 
   350   000F37                     TXB1D1          equ	3895	;# 
   351   000F38                     TXB1D2          equ	3896	;# 
   352   000F39                     TXB1D3          equ	3897	;# 
   353   000F3A                     TXB1D4          equ	3898	;# 
   354   000F3B                     TXB1D5          equ	3899	;# 
   355   000F3C                     TXB1D6          equ	3900	;# 
   356   000F3D                     TXB1D7          equ	3901	;# 
   357   000F3E                     CANSTAT_RO2     equ	3902	;# 
   358   000F3F                     CANCON_RO2      equ	3903	;# 
   359   000F40                     TXB0CON         equ	3904	;# 
   360   000F41                     TXB0SIDH        equ	3905	;# 
   361   000F42                     TXB0SIDL        equ	3906	;# 
   362   000F43                     TXB0EIDH        equ	3907	;# 
   363   000F44                     TXB0EIDL        equ	3908	;# 
   364   000F45                     TXB0DLC         equ	3909	;# 
   365   000F46                     TXB0D0          equ	3910	;# 
   366   000F47                     TXB0D1          equ	3911	;# 
   367   000F48                     TXB0D2          equ	3912	;# 
   368   000F49                     TXB0D3          equ	3913	;# 
   369   000F4A                     TXB0D4          equ	3914	;# 
   370   000F4B                     TXB0D5          equ	3915	;# 
   371   000F4C                     TXB0D6          equ	3916	;# 
   372   000F4D                     TXB0D7          equ	3917	;# 
   373   000F4E                     CANSTAT_RO1     equ	3918	;# 
   374   000F4F                     CANCON_RO1      equ	3919	;# 
   375   000F50                     RXB1CON         equ	3920	;# 
   376   000F51                     RXB1SIDH        equ	3921	;# 
   377   000F52                     RXB1SIDL        equ	3922	;# 
   378   000F53                     RXB1EIDH        equ	3923	;# 
   379   000F54                     RXB1EIDL        equ	3924	;# 
   380   000F55                     RXB1DLC         equ	3925	;# 
   381   000F56                     RXB1D0          equ	3926	;# 
   382   000F57                     RXB1D1          equ	3927	;# 
   383   000F58                     RXB1D2          equ	3928	;# 
   384   000F59                     RXB1D3          equ	3929	;# 
   385   000F5A                     RXB1D4          equ	3930	;# 
   386   000F5B                     RXB1D5          equ	3931	;# 
   387   000F5C                     RXB1D6          equ	3932	;# 
   388   000F5D                     RXB1D7          equ	3933	;# 
   389   000F5E                     CANSTAT_RO0     equ	3934	;# 
   390   000F5F                     CANCON_RO0      equ	3935	;# 
   391   000F60                     RXB0CON         equ	3936	;# 
   392   000F61                     RXB0SIDH        equ	3937	;# 
   393   000F62                     RXB0SIDL        equ	3938	;# 
   394   000F63                     RXB0EIDH        equ	3939	;# 
   395   000F64                     RXB0EIDL        equ	3940	;# 
   396   000F65                     RXB0DLC         equ	3941	;# 
   397   000F66                     RXB0D0          equ	3942	;# 
   398   000F67                     RXB0D1          equ	3943	;# 
   399   000F68                     RXB0D2          equ	3944	;# 
   400   000F69                     RXB0D3          equ	3945	;# 
   401   000F6A                     RXB0D4          equ	3946	;# 
   402   000F6B                     RXB0D5          equ	3947	;# 
   403   000F6C                     RXB0D6          equ	3948	;# 
   404   000F6D                     RXB0D7          equ	3949	;# 
   405   000F6E                     CANSTAT         equ	3950	;# 
   406   000F6F                     CANCON          equ	3951	;# 
   407   000F70                     BRGCON1         equ	3952	;# 
   408   000F71                     BRGCON2         equ	3953	;# 
   409   000F72                     BRGCON3         equ	3954	;# 
   410   000F73                     CIOCON          equ	3955	;# 
   411   000F74                     COMSTAT         equ	3956	;# 
   412   000F75                     RXERRCNT        equ	3957	;# 
   413   000F76                     TXERRCNT        equ	3958	;# 
   414   000F77                     ECANCON         equ	3959	;# 
   415   000F80                     PORTA           equ	3968	;# 
   416   000F81                     PORTB           equ	3969	;# 
   417   000F82                     PORTC           equ	3970	;# 
   418   000F83                     PORTD           equ	3971	;# 
   419   000F84                     PORTE           equ	3972	;# 
   420   000F89                     LATA            equ	3977	;# 
   421   000F8A                     LATB            equ	3978	;# 
   422   000F8B                     LATC            equ	3979	;# 
   423   000F8C                     LATD            equ	3980	;# 
   424   000F8D                     LATE            equ	3981	;# 
   425   000F92                     TRISA           equ	3986	;# 
   426   000F92                     DDRA            equ	3986	;# 
   427   000F93                     TRISB           equ	3987	;# 
   428   000F93                     DDRB            equ	3987	;# 
   429   000F94                     TRISC           equ	3988	;# 
   430   000F94                     DDRC            equ	3988	;# 
   431   000F95                     TRISD           equ	3989	;# 
   432   000F95                     DDRD            equ	3989	;# 
   433   000F96                     TRISE           equ	3990	;# 
   434   000F96                     DDRE            equ	3990	;# 
   435   000F9B                     OSCTUNE         equ	3995	;# 
   436   000F9D                     PIE1            equ	3997	;# 
   437   000F9E                     PIR1            equ	3998	;# 
   438   000F9F                     IPR1            equ	3999	;# 
   439   000FA0                     PIE2            equ	4000	;# 
   440   000FA1                     PIR2            equ	4001	;# 
   441   000FA2                     IPR2            equ	4002	;# 
   442   000FA3                     PIE3            equ	4003	;# 
   443   000FA4                     PIR3            equ	4004	;# 
   444   000FA5                     IPR3            equ	4005	;# 
   445   000FA6                     EECON1          equ	4006	;# 
   446   000FA7                     EECON2          equ	4007	;# 
   447   000FA8                     EEDATA          equ	4008	;# 
   448   000FA9                     EEADR           equ	4009	;# 
   449   000FAB                     RCSTA           equ	4011	;# 
   450   000FAB                     RCSTA1          equ	4011	;# 
   451   000FAC                     TXSTA           equ	4012	;# 
   452   000FAC                     TXSTA1          equ	4012	;# 
   453   000FAD                     TXREG           equ	4013	;# 
   454   000FAD                     TXREG1          equ	4013	;# 
   455   000FAE                     RCREG           equ	4014	;# 
   456   000FAE                     RCREG1          equ	4014	;# 
   457   000FAF                     SPBRG           equ	4015	;# 
   458   000FAF                     SPBRG1          equ	4015	;# 
   459   000FB0                     SPBRGH          equ	4016	;# 
   460   000FB1                     T3CON           equ	4017	;# 
   461   000FB2                     TMR3            equ	4018	;# 
   462   000FB2                     TMR3L           equ	4018	;# 
   463   000FB3                     TMR3H           equ	4019	;# 
   464   000FB4                     CMCON           equ	4020	;# 
   465   000FB5                     CVRCON          equ	4021	;# 
   466   000FB6                     ECCP1AS         equ	4022	;# 
   467   000FB7                     ECCP1DEL        equ	4023	;# 
   468   000FB8                     BAUDCON         equ	4024	;# 
   469   000FB8                     BAUDCTL         equ	4024	;# 
   470   000FBA                     ECCP1CON        equ	4026	;# 
   471   000FBB                     ECCPR1          equ	4027	;# 
   472   000FBB                     ECCPR1L         equ	4027	;# 
   473   000FBC                     ECCPR1H         equ	4028	;# 
   474   000FBD                     CCP1CON         equ	4029	;# 
   475   000FBE                     CCPR1           equ	4030	;# 
   476   000FBE                     CCPR1L          equ	4030	;# 
   477   000FBF                     CCPR1H          equ	4031	;# 
   478   000FC0                     ADCON2          equ	4032	;# 
   479   000FC1                     ADCON1          equ	4033	;# 
   480   000FC2                     ADCON0          equ	4034	;# 
   481   000FC3                     ADRES           equ	4035	;# 
   482   000FC3                     ADRESL          equ	4035	;# 
   483   000FC4                     ADRESH          equ	4036	;# 
   484   000FC5                     SSPCON2         equ	4037	;# 
   485   000FC6                     SSPCON1         equ	4038	;# 
   486   000FC7                     SSPSTAT         equ	4039	;# 
   487   000FC8                     SSPADD          equ	4040	;# 
   488   000FC9                     SSPBUF          equ	4041	;# 
   489   000FCA                     T2CON           equ	4042	;# 
   490   000FCB                     PR2             equ	4043	;# 
   491   000FCB                     MEMCON          equ	4043	;# 
   492   000FCC                     TMR2            equ	4044	;# 
   493   000FCD                     T1CON           equ	4045	;# 
   494   000FCE                     TMR1            equ	4046	;# 
   495   000FCE                     TMR1L           equ	4046	;# 
   496   000FCF                     TMR1H           equ	4047	;# 
   497   000FD0                     RCON            equ	4048	;# 
   498   000FD1                     WDTCON          equ	4049	;# 
   499   000FD2                     HLVDCON         equ	4050	;# 
   500   000FD2                     LVDCON          equ	4050	;# 
   501   000FD3                     OSCCON          equ	4051	;# 
   502   000FD5                     T0CON           equ	4053	;# 
   503   000FD6                     TMR0            equ	4054	;# 
   504   000FD6                     TMR0L           equ	4054	;# 
   505   000FD7                     TMR0H           equ	4055	;# 
   506   000FD8                     STATUS          equ	4056	;# 
   507   000FD9                     FSR2            equ	4057	;# 
   508   000FD9                     FSR2L           equ	4057	;# 
   509   000FDA                     FSR2H           equ	4058	;# 
   510   000FDB                     PLUSW2          equ	4059	;# 
   511   000FDC                     PREINC2         equ	4060	;# 
   512   000FDD                     POSTDEC2        equ	4061	;# 
   513   000FDE                     POSTINC2        equ	4062	;# 
   514   000FDF                     INDF2           equ	4063	;# 
   515   000FE0                     BSR             equ	4064	;# 
   516   000FE1                     FSR1            equ	4065	;# 
   517   000FE1                     FSR1L           equ	4065	;# 
   518   000FE2                     FSR1H           equ	4066	;# 
   519   000FE3                     PLUSW1          equ	4067	;# 
   520   000FE4                     PREINC1         equ	4068	;# 
   521   000FE5                     POSTDEC1        equ	4069	;# 
   522   000FE6                     POSTINC1        equ	4070	;# 
   523   000FE7                     INDF1           equ	4071	;# 
   524   000FE8                     WREG            equ	4072	;# 
   525   000FE9                     FSR0            equ	4073	;# 
   526   000FE9                     FSR0L           equ	4073	;# 
   527   000FEA                     FSR0H           equ	4074	;# 
   528   000FEB                     PLUSW0          equ	4075	;# 
   529   000FEC                     PREINC0         equ	4076	;# 
   530   000FED                     POSTDEC0        equ	4077	;# 
   531   000FEE                     POSTINC0        equ	4078	;# 
   532   000FEF                     INDF0           equ	4079	;# 
   533   000FF0                     INTCON3         equ	4080	;# 
   534   000FF1                     INTCON2         equ	4081	;# 
   535   000FF2                     INTCON          equ	4082	;# 
   536   000FF3                     PROD            equ	4083	;# 
   537   000FF3                     PRODL           equ	4083	;# 
   538   000FF4                     PRODH           equ	4084	;# 
   539   000FF5                     TABLAT          equ	4085	;# 
   540   000FF6                     TBLPTR          equ	4086	;# 
   541   000FF6                     TBLPTRL         equ	4086	;# 
   542   000FF7                     TBLPTRH         equ	4087	;# 
   543   000FF8                     TBLPTRU         equ	4088	;# 
   544   000FF9                     PCLAT           equ	4089	;# 
   545   000FF9                     PC              equ	4089	;# 
   546   000FF9                     PCL             equ	4089	;# 
   547   000FFA                     PCLATH          equ	4090	;# 
   548   000FFB                     PCLATU          equ	4091	;# 
   549   000FFC                     STKPTR          equ	4092	;# 
   550   000FFD                     TOS             equ	4093	;# 
   551   000FFD                     TOSL            equ	4093	;# 
   552   000FFE                     TOSH            equ	4094	;# 
   553   000FFF                     TOSU            equ	4095	;# 
   554   000D60                     RXF6SIDH        equ	3424	;# 
   555   000D61                     RXF6SIDL        equ	3425	;# 
   556   000D62                     RXF6EIDH        equ	3426	;# 
   557   000D63                     RXF6EIDL        equ	3427	;# 
   558   000D64                     RXF7SIDH        equ	3428	;# 
   559   000D65                     RXF7SIDL        equ	3429	;# 
   560   000D66                     RXF7EIDH        equ	3430	;# 
   561   000D67                     RXF7EIDL        equ	3431	;# 
   562   000D68                     RXF8SIDH        equ	3432	;# 
   563   000D69                     RXF8SIDL        equ	3433	;# 
   564   000D6A                     RXF8EIDH        equ	3434	;# 
   565   000D6B                     RXF8EIDL        equ	3435	;# 
   566   000D70                     RXF9SIDH        equ	3440	;# 
   567   000D71                     RXF9SIDL        equ	3441	;# 
   568   000D72                     RXF9EIDH        equ	3442	;# 
   569   000D73                     RXF9EIDL        equ	3443	;# 
   570   000D74                     RXF10SIDH       equ	3444	;# 
   571   000D75                     RXF10SIDL       equ	3445	;# 
   572   000D76                     RXF10EIDH       equ	3446	;# 
   573   000D77                     RXF10EIDL       equ	3447	;# 
   574   000D78                     RXF11SIDH       equ	3448	;# 
   575   000D79                     RXF11SIDL       equ	3449	;# 
   576   000D7A                     RXF11EIDH       equ	3450	;# 
   577   000D7B                     RXF11EIDL       equ	3451	;# 
   578   000D80                     RXF12SIDH       equ	3456	;# 
   579   000D81                     RXF12SIDL       equ	3457	;# 
   580   000D82                     RXF12EIDH       equ	3458	;# 
   581   000D83                     RXF12EIDL       equ	3459	;# 
   582   000D84                     RXF13SIDH       equ	3460	;# 
   583   000D85                     RXF13SIDL       equ	3461	;# 
   584   000D86                     RXF13EIDH       equ	3462	;# 
   585   000D87                     RXF13EIDL       equ	3463	;# 
   586   000D88                     RXF14SIDH       equ	3464	;# 
   587   000D89                     RXF14SIDL       equ	3465	;# 
   588   000D8A                     RXF14EIDH       equ	3466	;# 
   589   000D8B                     RXF14EIDL       equ	3467	;# 
   590   000D90                     RXF15SIDH       equ	3472	;# 
   591   000D91                     RXF15SIDL       equ	3473	;# 
   592   000D92                     RXF15EIDH       equ	3474	;# 
   593   000D93                     RXF15EIDL       equ	3475	;# 
   594   000DD4                     RXFCON0         equ	3540	;# 
   595   000DD5                     RXFCON1         equ	3541	;# 
   596   000DD8                     SDFLC           equ	3544	;# 
   597   000DE0                     RXFBCON0        equ	3552	;# 
   598   000DE1                     RXFBCON1        equ	3553	;# 
   599   000DE2                     RXFBCON2        equ	3554	;# 
   600   000DE3                     RXFBCON3        equ	3555	;# 
   601   000DE4                     RXFBCON4        equ	3556	;# 
   602   000DE5                     RXFBCON5        equ	3557	;# 
   603   000DE6                     RXFBCON6        equ	3558	;# 
   604   000DE7                     RXFBCON7        equ	3559	;# 
   605   000DF0                     MSEL0           equ	3568	;# 
   606   000DF1                     MSEL1           equ	3569	;# 
   607   000DF2                     MSEL2           equ	3570	;# 
   608   000DF3                     MSEL3           equ	3571	;# 
   609   000DF8                     BSEL0           equ	3576	;# 
   610   000DFA                     BIE0            equ	3578	;# 
   611   000DFC                     TXBIE           equ	3580	;# 
   612   000E20                     B0CON           equ	3616	;# 
   613   000E21                     B0SIDH          equ	3617	;# 
   614   000E22                     B0SIDL          equ	3618	;# 
   615   000E23                     B0EIDH          equ	3619	;# 
   616   000E24                     B0EIDL          equ	3620	;# 
   617   000E25                     B0DLC           equ	3621	;# 
   618   000E26                     B0D0            equ	3622	;# 
   619   000E27                     B0D1            equ	3623	;# 
   620   000E28                     B0D2            equ	3624	;# 
   621   000E29                     B0D3            equ	3625	;# 
   622   000E2A                     B0D4            equ	3626	;# 
   623   000E2B                     B0D5            equ	3627	;# 
   624   000E2C                     B0D6            equ	3628	;# 
   625   000E2D                     B0D7            equ	3629	;# 
   626   000E2E                     CANSTAT_RO9     equ	3630	;# 
   627   000E2F                     CANCON_RO9      equ	3631	;# 
   628   000E30                     B1CON           equ	3632	;# 
   629   000E31                     B1SIDH          equ	3633	;# 
   630   000E32                     B1SIDL          equ	3634	;# 
   631   000E33                     B1EIDH          equ	3635	;# 
   632   000E34                     B1EIDL          equ	3636	;# 
   633   000E35                     B1DLC           equ	3637	;# 
   634   000E36                     B1D0            equ	3638	;# 
   635   000E37                     B1D1            equ	3639	;# 
   636   000E38                     B1D2            equ	3640	;# 
   637   000E39                     B1D3            equ	3641	;# 
   638   000E3A                     B1D4            equ	3642	;# 
   639   000E3B                     B1D5            equ	3643	;# 
   640   000E3C                     B1D6            equ	3644	;# 
   641   000E3D                     B1D7            equ	3645	;# 
   642   000E3E                     CANSTAT_RO8     equ	3646	;# 
   643   000E3F                     CANCON_RO8      equ	3647	;# 
   644   000E40                     B2CON           equ	3648	;# 
   645   000E41                     B2SIDH          equ	3649	;# 
   646   000E42                     B2SIDL          equ	3650	;# 
   647   000E43                     B2EIDH          equ	3651	;# 
   648   000E44                     B2EIDL          equ	3652	;# 
   649   000E45                     B2DLC           equ	3653	;# 
   650   000E46                     B2D0            equ	3654	;# 
   651   000E47                     B2D1            equ	3655	;# 
   652   000E48                     B2D2            equ	3656	;# 
   653   000E49                     B2D3            equ	3657	;# 
   654   000E4A                     B2D4            equ	3658	;# 
   655   000E4B                     B2D5            equ	3659	;# 
   656   000E4C                     B2D6            equ	3660	;# 
   657   000E4D                     B2D7            equ	3661	;# 
   658   000E4E                     CANSTAT_RO7     equ	3662	;# 
   659   000E4F                     CANCON_RO7      equ	3663	;# 
   660   000E50                     B3CON           equ	3664	;# 
   661   000E51                     B3SIDH          equ	3665	;# 
   662   000E52                     B3SIDL          equ	3666	;# 
   663   000E53                     B3EIDH          equ	3667	;# 
   664   000E54                     B3EIDL          equ	3668	;# 
   665   000E55                     B3DLC           equ	3669	;# 
   666   000E56                     B3D0            equ	3670	;# 
   667   000E57                     B3D1            equ	3671	;# 
   668   000E58                     B3D2            equ	3672	;# 
   669   000E59                     B3D3            equ	3673	;# 
   670   000E5A                     B3D4            equ	3674	;# 
   671   000E5B                     B3D5            equ	3675	;# 
   672   000E5C                     B3D6            equ	3676	;# 
   673   000E5D                     B3D7            equ	3677	;# 
   674   000E5E                     CANSTAT_RO6     equ	3678	;# 
   675   000E5F                     CANCON_RO6      equ	3679	;# 
   676   000E60                     B4CON           equ	3680	;# 
   677   000E61                     B4SIDH          equ	3681	;# 
   678   000E62                     B4SIDL          equ	3682	;# 
   679   000E63                     B4EIDH          equ	3683	;# 
   680   000E64                     B4EIDL          equ	3684	;# 
   681   000E65                     B4DLC           equ	3685	;# 
   682   000E66                     B4D0            equ	3686	;# 
   683   000E67                     B4D1            equ	3687	;# 
   684   000E68                     B4D2            equ	3688	;# 
   685   000E69                     B4D3            equ	3689	;# 
   686   000E6A                     B4D4            equ	3690	;# 
   687   000E6B                     B4D5            equ	3691	;# 
   688   000E6C                     B4D6            equ	3692	;# 
   689   000E6D                     B4D7            equ	3693	;# 
   690   000E6E                     CANSTAT_RO5     equ	3694	;# 
   691   000E6F                     CANCON_RO5      equ	3695	;# 
   692   000E70                     B5CON           equ	3696	;# 
   693   000E71                     B5SIDH          equ	3697	;# 
   694   000E72                     B5SIDL          equ	3698	;# 
   695   000E73                     B5EIDH          equ	3699	;# 
   696   000E74                     B5EIDL          equ	3700	;# 
   697   000E75                     B5DLC           equ	3701	;# 
   698   000E76                     B5D0            equ	3702	;# 
   699   000E77                     B5D1            equ	3703	;# 
   700   000E78                     B5D2            equ	3704	;# 
   701   000E79                     B5D3            equ	3705	;# 
   702   000E7A                     B5D4            equ	3706	;# 
   703   000E7B                     B5D5            equ	3707	;# 
   704   000E7C                     B5D6            equ	3708	;# 
   705   000E7D                     B5D7            equ	3709	;# 
   706   000E7E                     CANSTAT_RO4     equ	3710	;# 
   707   000E7F                     CANCON_RO4      equ	3711	;# 
   708   000F00                     RXF0SIDH        equ	3840	;# 
   709   000F01                     RXF0SIDL        equ	3841	;# 
   710   000F02                     RXF0EIDH        equ	3842	;# 
   711   000F03                     RXF0EIDL        equ	3843	;# 
   712   000F04                     RXF1SIDH        equ	3844	;# 
   713   000F05                     RXF1SIDL        equ	3845	;# 
   714   000F06                     RXF1EIDH        equ	3846	;# 
   715   000F07                     RXF1EIDL        equ	3847	;# 
   716   000F08                     RXF2SIDH        equ	3848	;# 
   717   000F09                     RXF2SIDL        equ	3849	;# 
   718   000F0A                     RXF2EIDH        equ	3850	;# 
   719   000F0B                     RXF2EIDL        equ	3851	;# 
   720   000F0C                     RXF3SIDH        equ	3852	;# 
   721   000F0D                     RXF3SIDL        equ	3853	;# 
   722   000F0E                     RXF3EIDH        equ	3854	;# 
   723   000F0F                     RXF3EIDL        equ	3855	;# 
   724   000F10                     RXF4SIDH        equ	3856	;# 
   725   000F11                     RXF4SIDL        equ	3857	;# 
   726   000F12                     RXF4EIDH        equ	3858	;# 
   727   000F13                     RXF4EIDL        equ	3859	;# 
   728   000F14                     RXF5SIDH        equ	3860	;# 
   729   000F15                     RXF5SIDL        equ	3861	;# 
   730   000F16                     RXF5EIDH        equ	3862	;# 
   731   000F17                     RXF5EIDL        equ	3863	;# 
   732   000F18                     RXM0SIDH        equ	3864	;# 
   733   000F19                     RXM0SIDL        equ	3865	;# 
   734   000F1A                     RXM0EIDH        equ	3866	;# 
   735   000F1B                     RXM0EIDL        equ	3867	;# 
   736   000F1C                     RXM1SIDH        equ	3868	;# 
   737   000F1D                     RXM1SIDL        equ	3869	;# 
   738   000F1E                     RXM1EIDH        equ	3870	;# 
   739   000F1F                     RXM1EIDL        equ	3871	;# 
   740   000F20                     TXB2CON         equ	3872	;# 
   741   000F21                     TXB2SIDH        equ	3873	;# 
   742   000F22                     TXB2SIDL        equ	3874	;# 
   743   000F23                     TXB2EIDH        equ	3875	;# 
   744   000F24                     TXB2EIDL        equ	3876	;# 
   745   000F25                     TXB2DLC         equ	3877	;# 
   746   000F26                     TXB2D0          equ	3878	;# 
   747   000F27                     TXB2D1          equ	3879	;# 
   748   000F28                     TXB2D2          equ	3880	;# 
   749   000F29                     TXB2D3          equ	3881	;# 
   750   000F2A                     TXB2D4          equ	3882	;# 
   751   000F2B                     TXB2D5          equ	3883	;# 
   752   000F2C                     TXB2D6          equ	3884	;# 
   753   000F2D                     TXB2D7          equ	3885	;# 
   754   000F2E                     CANSTAT_RO3     equ	3886	;# 
   755   000F2F                     CANCON_RO3      equ	3887	;# 
   756   000F30                     TXB1CON         equ	3888	;# 
   757   000F31                     TXB1SIDH        equ	3889	;# 
   758   000F32                     TXB1SIDL        equ	3890	;# 
   759   000F33                     TXB1EIDH        equ	3891	;# 
   760   000F34                     TXB1EIDL        equ	3892	;# 
   761   000F35                     TXB1DLC         equ	3893	;# 
   762   000F36                     TXB1D0          equ	3894	;# 
   763   000F37                     TXB1D1          equ	3895	;# 
   764   000F38                     TXB1D2          equ	3896	;# 
   765   000F39                     TXB1D3          equ	3897	;# 
   766   000F3A                     TXB1D4          equ	3898	;# 
   767   000F3B                     TXB1D5          equ	3899	;# 
   768   000F3C                     TXB1D6          equ	3900	;# 
   769   000F3D                     TXB1D7          equ	3901	;# 
   770   000F3E                     CANSTAT_RO2     equ	3902	;# 
   771   000F3F                     CANCON_RO2      equ	3903	;# 
   772   000F40                     TXB0CON         equ	3904	;# 
   773   000F41                     TXB0SIDH        equ	3905	;# 
   774   000F42                     TXB0SIDL        equ	3906	;# 
   775   000F43                     TXB0EIDH        equ	3907	;# 
   776   000F44                     TXB0EIDL        equ	3908	;# 
   777   000F45                     TXB0DLC         equ	3909	;# 
   778   000F46                     TXB0D0          equ	3910	;# 
   779   000F47                     TXB0D1          equ	3911	;# 
   780   000F48                     TXB0D2          equ	3912	;# 
   781   000F49                     TXB0D3          equ	3913	;# 
   782   000F4A                     TXB0D4          equ	3914	;# 
   783   000F4B                     TXB0D5          equ	3915	;# 
   784   000F4C                     TXB0D6          equ	3916	;# 
   785   000F4D                     TXB0D7          equ	3917	;# 
   786   000F4E                     CANSTAT_RO1     equ	3918	;# 
   787   000F4F                     CANCON_RO1      equ	3919	;# 
   788   000F50                     RXB1CON         equ	3920	;# 
   789   000F51                     RXB1SIDH        equ	3921	;# 
   790   000F52                     RXB1SIDL        equ	3922	;# 
   791   000F53                     RXB1EIDH        equ	3923	;# 
   792   000F54                     RXB1EIDL        equ	3924	;# 
   793   000F55                     RXB1DLC         equ	3925	;# 
   794   000F56                     RXB1D0          equ	3926	;# 
   795   000F57                     RXB1D1          equ	3927	;# 
   796   000F58                     RXB1D2          equ	3928	;# 
   797   000F59                     RXB1D3          equ	3929	;# 
   798   000F5A                     RXB1D4          equ	3930	;# 
   799   000F5B                     RXB1D5          equ	3931	;# 
   800   000F5C                     RXB1D6          equ	3932	;# 
   801   000F5D                     RXB1D7          equ	3933	;# 
   802   000F5E                     CANSTAT_RO0     equ	3934	;# 
   803   000F5F                     CANCON_RO0      equ	3935	;# 
   804   000F60                     RXB0CON         equ	3936	;# 
   805   000F61                     RXB0SIDH        equ	3937	;# 
   806   000F62                     RXB0SIDL        equ	3938	;# 
   807   000F63                     RXB0EIDH        equ	3939	;# 
   808   000F64                     RXB0EIDL        equ	3940	;# 
   809   000F65                     RXB0DLC         equ	3941	;# 
   810   000F66                     RXB0D0          equ	3942	;# 
   811   000F67                     RXB0D1          equ	3943	;# 
   812   000F68                     RXB0D2          equ	3944	;# 
   813   000F69                     RXB0D3          equ	3945	;# 
   814   000F6A                     RXB0D4          equ	3946	;# 
   815   000F6B                     RXB0D5          equ	3947	;# 
   816   000F6C                     RXB0D6          equ	3948	;# 
   817   000F6D                     RXB0D7          equ	3949	;# 
   818   000F6E                     CANSTAT         equ	3950	;# 
   819   000F6F                     CANCON          equ	3951	;# 
   820   000F70                     BRGCON1         equ	3952	;# 
   821   000F71                     BRGCON2         equ	3953	;# 
   822   000F72                     BRGCON3         equ	3954	;# 
   823   000F73                     CIOCON          equ	3955	;# 
   824   000F74                     COMSTAT         equ	3956	;# 
   825   000F75                     RXERRCNT        equ	3957	;# 
   826   000F76                     TXERRCNT        equ	3958	;# 
   827   000F77                     ECANCON         equ	3959	;# 
   828   000F80                     PORTA           equ	3968	;# 
   829   000F81                     PORTB           equ	3969	;# 
   830   000F82                     PORTC           equ	3970	;# 
   831   000F83                     PORTD           equ	3971	;# 
   832   000F84                     PORTE           equ	3972	;# 
   833   000F89                     LATA            equ	3977	;# 
   834   000F8A                     LATB            equ	3978	;# 
   835   000F8B                     LATC            equ	3979	;# 
   836   000F8C                     LATD            equ	3980	;# 
   837   000F8D                     LATE            equ	3981	;# 
   838   000F92                     TRISA           equ	3986	;# 
   839   000F92                     DDRA            equ	3986	;# 
   840   000F93                     TRISB           equ	3987	;# 
   841   000F93                     DDRB            equ	3987	;# 
   842   000F94                     TRISC           equ	3988	;# 
   843   000F94                     DDRC            equ	3988	;# 
   844   000F95                     TRISD           equ	3989	;# 
   845   000F95                     DDRD            equ	3989	;# 
   846   000F96                     TRISE           equ	3990	;# 
   847   000F96                     DDRE            equ	3990	;# 
   848   000F9B                     OSCTUNE         equ	3995	;# 
   849   000F9D                     PIE1            equ	3997	;# 
   850   000F9E                     PIR1            equ	3998	;# 
   851   000F9F                     IPR1            equ	3999	;# 
   852   000FA0                     PIE2            equ	4000	;# 
   853   000FA1                     PIR2            equ	4001	;# 
   854   000FA2                     IPR2            equ	4002	;# 
   855   000FA3                     PIE3            equ	4003	;# 
   856   000FA4                     PIR3            equ	4004	;# 
   857   000FA5                     IPR3            equ	4005	;# 
   858   000FA6                     EECON1          equ	4006	;# 
   859   000FA7                     EECON2          equ	4007	;# 
   860   000FA8                     EEDATA          equ	4008	;# 
   861   000FA9                     EEADR           equ	4009	;# 
   862   000FAB                     RCSTA           equ	4011	;# 
   863   000FAB                     RCSTA1          equ	4011	;# 
   864   000FAC                     TXSTA           equ	4012	;# 
   865   000FAC                     TXSTA1          equ	4012	;# 
   866   000FAD                     TXREG           equ	4013	;# 
   867   000FAD                     TXREG1          equ	4013	;# 
   868   000FAE                     RCREG           equ	4014	;# 
   869   000FAE                     RCREG1          equ	4014	;# 
   870   000FAF                     SPBRG           equ	4015	;# 
   871   000FAF                     SPBRG1          equ	4015	;# 
   872   000FB0                     SPBRGH          equ	4016	;# 
   873   000FB1                     T3CON           equ	4017	;# 
   874   000FB2                     TMR3            equ	4018	;# 
   875   000FB2                     TMR3L           equ	4018	;# 
   876   000FB3                     TMR3H           equ	4019	;# 
   877   000FB4                     CMCON           equ	4020	;# 
   878   000FB5                     CVRCON          equ	4021	;# 
   879   000FB6                     ECCP1AS         equ	4022	;# 
   880   000FB7                     ECCP1DEL        equ	4023	;# 
   881   000FB8                     BAUDCON         equ	4024	;# 
   882   000FB8                     BAUDCTL         equ	4024	;# 
   883   000FBA                     ECCP1CON        equ	4026	;# 
   884   000FBB                     ECCPR1          equ	4027	;# 
   885   000FBB                     ECCPR1L         equ	4027	;# 
   886   000FBC                     ECCPR1H         equ	4028	;# 
   887   000FBD                     CCP1CON         equ	4029	;# 
   888   000FBE                     CCPR1           equ	4030	;# 
   889   000FBE                     CCPR1L          equ	4030	;# 
   890   000FBF                     CCPR1H          equ	4031	;# 
   891   000FC0                     ADCON2          equ	4032	;# 
   892   000FC1                     ADCON1          equ	4033	;# 
   893   000FC2                     ADCON0          equ	4034	;# 
   894   000FC3                     ADRES           equ	4035	;# 
   895   000FC3                     ADRESL          equ	4035	;# 
   896   000FC4                     ADRESH          equ	4036	;# 
   897   000FC5                     SSPCON2         equ	4037	;# 
   898   000FC6                     SSPCON1         equ	4038	;# 
   899   000FC7                     SSPSTAT         equ	4039	;# 
   900   000FC8                     SSPADD          equ	4040	;# 
   901   000FC9                     SSPBUF          equ	4041	;# 
   902   000FCA                     T2CON           equ	4042	;# 
   903   000FCB                     PR2             equ	4043	;# 
   904   000FCB                     MEMCON          equ	4043	;# 
   905   000FCC                     TMR2            equ	4044	;# 
   906   000FCD                     T1CON           equ	4045	;# 
   907   000FCE                     TMR1            equ	4046	;# 
   908   000FCE                     TMR1L           equ	4046	;# 
   909   000FCF                     TMR1H           equ	4047	;# 
   910   000FD0                     RCON            equ	4048	;# 
   911   000FD1                     WDTCON          equ	4049	;# 
   912   000FD2                     HLVDCON         equ	4050	;# 
   913   000FD2                     LVDCON          equ	4050	;# 
   914   000FD3                     OSCCON          equ	4051	;# 
   915   000FD5                     T0CON           equ	4053	;# 
   916   000FD6                     TMR0            equ	4054	;# 
   917   000FD6                     TMR0L           equ	4054	;# 
   918   000FD7                     TMR0H           equ	4055	;# 
   919   000FD8                     STATUS          equ	4056	;# 
   920   000FD9                     FSR2            equ	4057	;# 
   921   000FD9                     FSR2L           equ	4057	;# 
   922   000FDA                     FSR2H           equ	4058	;# 
   923   000FDB                     PLUSW2          equ	4059	;# 
   924   000FDC                     PREINC2         equ	4060	;# 
   925   000FDD                     POSTDEC2        equ	4061	;# 
   926   000FDE                     POSTINC2        equ	4062	;# 
   927   000FDF                     INDF2           equ	4063	;# 
   928   000FE0                     BSR             equ	4064	;# 
   929   000FE1                     FSR1            equ	4065	;# 
   930   000FE1                     FSR1L           equ	4065	;# 
   931   000FE2                     FSR1H           equ	4066	;# 
   932   000FE3                     PLUSW1          equ	4067	;# 
   933   000FE4                     PREINC1         equ	4068	;# 
   934   000FE5                     POSTDEC1        equ	4069	;# 
   935   000FE6                     POSTINC1        equ	4070	;# 
   936   000FE7                     INDF1           equ	4071	;# 
   937   000FE8                     WREG            equ	4072	;# 
   938   000FE9                     FSR0            equ	4073	;# 
   939   000FE9                     FSR0L           equ	4073	;# 
   940   000FEA                     FSR0H           equ	4074	;# 
   941   000FEB                     PLUSW0          equ	4075	;# 
   942   000FEC                     PREINC0         equ	4076	;# 
   943   000FED                     POSTDEC0        equ	4077	;# 
   944   000FEE                     POSTINC0        equ	4078	;# 
   945   000FEF                     INDF0           equ	4079	;# 
   946   000FF0                     INTCON3         equ	4080	;# 
   947   000FF1                     INTCON2         equ	4081	;# 
   948   000FF2                     INTCON          equ	4082	;# 
   949   000FF3                     PROD            equ	4083	;# 
   950   000FF3                     PRODL           equ	4083	;# 
   951   000FF4                     PRODH           equ	4084	;# 
   952   000FF5                     TABLAT          equ	4085	;# 
   953   000FF6                     TBLPTR          equ	4086	;# 
   954   000FF6                     TBLPTRL         equ	4086	;# 
   955   000FF7                     TBLPTRH         equ	4087	;# 
   956   000FF8                     TBLPTRU         equ	4088	;# 
   957   000FF9                     PCLAT           equ	4089	;# 
   958   000FF9                     PC              equ	4089	;# 
   959   000FF9                     PCL             equ	4089	;# 
   960   000FFA                     PCLATH          equ	4090	;# 
   961   000FFB                     PCLATU          equ	4091	;# 
   962   000FFC                     STKPTR          equ	4092	;# 
   963   000FFD                     TOS             equ	4093	;# 
   964   000FFD                     TOSL            equ	4093	;# 
   965   000FFE                     TOSH            equ	4094	;# 
   966   000FFF                     TOSU            equ	4095	;# 
   967   000D60                     RXF6SIDH        equ	3424	;# 
   968   000D61                     RXF6SIDL        equ	3425	;# 
   969   000D62                     RXF6EIDH        equ	3426	;# 
   970   000D63                     RXF6EIDL        equ	3427	;# 
   971   000D64                     RXF7SIDH        equ	3428	;# 
   972   000D65                     RXF7SIDL        equ	3429	;# 
   973   000D66                     RXF7EIDH        equ	3430	;# 
   974   000D67                     RXF7EIDL        equ	3431	;# 
   975   000D68                     RXF8SIDH        equ	3432	;# 
   976   000D69                     RXF8SIDL        equ	3433	;# 
   977   000D6A                     RXF8EIDH        equ	3434	;# 
   978   000D6B                     RXF8EIDL        equ	3435	;# 
   979   000D70                     RXF9SIDH        equ	3440	;# 
   980   000D71                     RXF9SIDL        equ	3441	;# 
   981   000D72                     RXF9EIDH        equ	3442	;# 
   982   000D73                     RXF9EIDL        equ	3443	;# 
   983   000D74                     RXF10SIDH       equ	3444	;# 
   984   000D75                     RXF10SIDL       equ	3445	;# 
   985   000D76                     RXF10EIDH       equ	3446	;# 
   986   000D77                     RXF10EIDL       equ	3447	;# 
   987   000D78                     RXF11SIDH       equ	3448	;# 
   988   000D79                     RXF11SIDL       equ	3449	;# 
   989   000D7A                     RXF11EIDH       equ	3450	;# 
   990   000D7B                     RXF11EIDL       equ	3451	;# 
   991   000D80                     RXF12SIDH       equ	3456	;# 
   992   000D81                     RXF12SIDL       equ	3457	;# 
   993   000D82                     RXF12EIDH       equ	3458	;# 
   994   000D83                     RXF12EIDL       equ	3459	;# 
   995   000D84                     RXF13SIDH       equ	3460	;# 
   996   000D85                     RXF13SIDL       equ	3461	;# 
   997   000D86                     RXF13EIDH       equ	3462	;# 
   998   000D87                     RXF13EIDL       equ	3463	;# 
   999   000D88                     RXF14SIDH       equ	3464	;# 
  1000   000D89                     RXF14SIDL       equ	3465	;# 
  1001   000D8A                     RXF14EIDH       equ	3466	;# 
  1002   000D8B                     RXF14EIDL       equ	3467	;# 
  1003   000D90                     RXF15SIDH       equ	3472	;# 
  1004   000D91                     RXF15SIDL       equ	3473	;# 
  1005   000D92                     RXF15EIDH       equ	3474	;# 
  1006   000D93                     RXF15EIDL       equ	3475	;# 
  1007   000DD4                     RXFCON0         equ	3540	;# 
  1008   000DD5                     RXFCON1         equ	3541	;# 
  1009   000DD8                     SDFLC           equ	3544	;# 
  1010   000DE0                     RXFBCON0        equ	3552	;# 
  1011   000DE1                     RXFBCON1        equ	3553	;# 
  1012   000DE2                     RXFBCON2        equ	3554	;# 
  1013   000DE3                     RXFBCON3        equ	3555	;# 
  1014   000DE4                     RXFBCON4        equ	3556	;# 
  1015   000DE5                     RXFBCON5        equ	3557	;# 
  1016   000DE6                     RXFBCON6        equ	3558	;# 
  1017   000DE7                     RXFBCON7        equ	3559	;# 
  1018   000DF0                     MSEL0           equ	3568	;# 
  1019   000DF1                     MSEL1           equ	3569	;# 
  1020   000DF2                     MSEL2           equ	3570	;# 
  1021   000DF3                     MSEL3           equ	3571	;# 
  1022   000DF8                     BSEL0           equ	3576	;# 
  1023   000DFA                     BIE0            equ	3578	;# 
  1024   000DFC                     TXBIE           equ	3580	;# 
  1025   000E20                     B0CON           equ	3616	;# 
  1026   000E21                     B0SIDH          equ	3617	;# 
  1027   000E22                     B0SIDL          equ	3618	;# 
  1028   000E23                     B0EIDH          equ	3619	;# 
  1029   000E24                     B0EIDL          equ	3620	;# 
  1030   000E25                     B0DLC           equ	3621	;# 
  1031   000E26                     B0D0            equ	3622	;# 
  1032   000E27                     B0D1            equ	3623	;# 
  1033   000E28                     B0D2            equ	3624	;# 
  1034   000E29                     B0D3            equ	3625	;# 
  1035   000E2A                     B0D4            equ	3626	;# 
  1036   000E2B                     B0D5            equ	3627	;# 
  1037   000E2C                     B0D6            equ	3628	;# 
  1038   000E2D                     B0D7            equ	3629	;# 
  1039   000E2E                     CANSTAT_RO9     equ	3630	;# 
  1040   000E2F                     CANCON_RO9      equ	3631	;# 
  1041   000E30                     B1CON           equ	3632	;# 
  1042   000E31                     B1SIDH          equ	3633	;# 
  1043   000E32                     B1SIDL          equ	3634	;# 
  1044   000E33                     B1EIDH          equ	3635	;# 
  1045   000E34                     B1EIDL          equ	3636	;# 
  1046   000E35                     B1DLC           equ	3637	;# 
  1047   000E36                     B1D0            equ	3638	;# 
  1048   000E37                     B1D1            equ	3639	;# 
  1049   000E38                     B1D2            equ	3640	;# 
  1050   000E39                     B1D3            equ	3641	;# 
  1051   000E3A                     B1D4            equ	3642	;# 
  1052   000E3B                     B1D5            equ	3643	;# 
  1053   000E3C                     B1D6            equ	3644	;# 
  1054   000E3D                     B1D7            equ	3645	;# 
  1055   000E3E                     CANSTAT_RO8     equ	3646	;# 
  1056   000E3F                     CANCON_RO8      equ	3647	;# 
  1057   000E40                     B2CON           equ	3648	;# 
  1058   000E41                     B2SIDH          equ	3649	;# 
  1059   000E42                     B2SIDL          equ	3650	;# 
  1060   000E43                     B2EIDH          equ	3651	;# 
  1061   000E44                     B2EIDL          equ	3652	;# 
  1062   000E45                     B2DLC           equ	3653	;# 
  1063   000E46                     B2D0            equ	3654	;# 
  1064   000E47                     B2D1            equ	3655	;# 
  1065   000E48                     B2D2            equ	3656	;# 
  1066   000E49                     B2D3            equ	3657	;# 
  1067   000E4A                     B2D4            equ	3658	;# 
  1068   000E4B                     B2D5            equ	3659	;# 
  1069   000E4C                     B2D6            equ	3660	;# 
  1070   000E4D                     B2D7            equ	3661	;# 
  1071   000E4E                     CANSTAT_RO7     equ	3662	;# 
  1072   000E4F                     CANCON_RO7      equ	3663	;# 
  1073   000E50                     B3CON           equ	3664	;# 
  1074   000E51                     B3SIDH          equ	3665	;# 
  1075   000E52                     B3SIDL          equ	3666	;# 
  1076   000E53                     B3EIDH          equ	3667	;# 
  1077   000E54                     B3EIDL          equ	3668	;# 
  1078   000E55                     B3DLC           equ	3669	;# 
  1079   000E56                     B3D0            equ	3670	;# 
  1080   000E57                     B3D1            equ	3671	;# 
  1081   000E58                     B3D2            equ	3672	;# 
  1082   000E59                     B3D3            equ	3673	;# 
  1083   000E5A                     B3D4            equ	3674	;# 
  1084   000E5B                     B3D5            equ	3675	;# 
  1085   000E5C                     B3D6            equ	3676	;# 
  1086   000E5D                     B3D7            equ	3677	;# 
  1087   000E5E                     CANSTAT_RO6     equ	3678	;# 
  1088   000E5F                     CANCON_RO6      equ	3679	;# 
  1089   000E60                     B4CON           equ	3680	;# 
  1090   000E61                     B4SIDH          equ	3681	;# 
  1091   000E62                     B4SIDL          equ	3682	;# 
  1092   000E63                     B4EIDH          equ	3683	;# 
  1093   000E64                     B4EIDL          equ	3684	;# 
  1094   000E65                     B4DLC           equ	3685	;# 
  1095   000E66                     B4D0            equ	3686	;# 
  1096   000E67                     B4D1            equ	3687	;# 
  1097   000E68                     B4D2            equ	3688	;# 
  1098   000E69                     B4D3            equ	3689	;# 
  1099   000E6A                     B4D4            equ	3690	;# 
  1100   000E6B                     B4D5            equ	3691	;# 
  1101   000E6C                     B4D6            equ	3692	;# 
  1102   000E6D                     B4D7            equ	3693	;# 
  1103   000E6E                     CANSTAT_RO5     equ	3694	;# 
  1104   000E6F                     CANCON_RO5      equ	3695	;# 
  1105   000E70                     B5CON           equ	3696	;# 
  1106   000E71                     B5SIDH          equ	3697	;# 
  1107   000E72                     B5SIDL          equ	3698	;# 
  1108   000E73                     B5EIDH          equ	3699	;# 
  1109   000E74                     B5EIDL          equ	3700	;# 
  1110   000E75                     B5DLC           equ	3701	;# 
  1111   000E76                     B5D0            equ	3702	;# 
  1112   000E77                     B5D1            equ	3703	;# 
  1113   000E78                     B5D2            equ	3704	;# 
  1114   000E79                     B5D3            equ	3705	;# 
  1115   000E7A                     B5D4            equ	3706	;# 
  1116   000E7B                     B5D5            equ	3707	;# 
  1117   000E7C                     B5D6            equ	3708	;# 
  1118   000E7D                     B5D7            equ	3709	;# 
  1119   000E7E                     CANSTAT_RO4     equ	3710	;# 
  1120   000E7F                     CANCON_RO4      equ	3711	;# 
  1121   000F00                     RXF0SIDH        equ	3840	;# 
  1122   000F01                     RXF0SIDL        equ	3841	;# 
  1123   000F02                     RXF0EIDH        equ	3842	;# 
  1124   000F03                     RXF0EIDL        equ	3843	;# 
  1125   000F04                     RXF1SIDH        equ	3844	;# 
  1126   000F05                     RXF1SIDL        equ	3845	;# 
  1127   000F06                     RXF1EIDH        equ	3846	;# 
  1128   000F07                     RXF1EIDL        equ	3847	;# 
  1129   000F08                     RXF2SIDH        equ	3848	;# 
  1130   000F09                     RXF2SIDL        equ	3849	;# 
  1131   000F0A                     RXF2EIDH        equ	3850	;# 
  1132   000F0B                     RXF2EIDL        equ	3851	;# 
  1133   000F0C                     RXF3SIDH        equ	3852	;# 
  1134   000F0D                     RXF3SIDL        equ	3853	;# 
  1135   000F0E                     RXF3EIDH        equ	3854	;# 
  1136   000F0F                     RXF3EIDL        equ	3855	;# 
  1137   000F10                     RXF4SIDH        equ	3856	;# 
  1138   000F11                     RXF4SIDL        equ	3857	;# 
  1139   000F12                     RXF4EIDH        equ	3858	;# 
  1140   000F13                     RXF4EIDL        equ	3859	;# 
  1141   000F14                     RXF5SIDH        equ	3860	;# 
  1142   000F15                     RXF5SIDL        equ	3861	;# 
  1143   000F16                     RXF5EIDH        equ	3862	;# 
  1144   000F17                     RXF5EIDL        equ	3863	;# 
  1145   000F18                     RXM0SIDH        equ	3864	;# 
  1146   000F19                     RXM0SIDL        equ	3865	;# 
  1147   000F1A                     RXM0EIDH        equ	3866	;# 
  1148   000F1B                     RXM0EIDL        equ	3867	;# 
  1149   000F1C                     RXM1SIDH        equ	3868	;# 
  1150   000F1D                     RXM1SIDL        equ	3869	;# 
  1151   000F1E                     RXM1EIDH        equ	3870	;# 
  1152   000F1F                     RXM1EIDL        equ	3871	;# 
  1153   000F20                     TXB2CON         equ	3872	;# 
  1154   000F21                     TXB2SIDH        equ	3873	;# 
  1155   000F22                     TXB2SIDL        equ	3874	;# 
  1156   000F23                     TXB2EIDH        equ	3875	;# 
  1157   000F24                     TXB2EIDL        equ	3876	;# 
  1158   000F25                     TXB2DLC         equ	3877	;# 
  1159   000F26                     TXB2D0          equ	3878	;# 
  1160   000F27                     TXB2D1          equ	3879	;# 
  1161   000F28                     TXB2D2          equ	3880	;# 
  1162   000F29                     TXB2D3          equ	3881	;# 
  1163   000F2A                     TXB2D4          equ	3882	;# 
  1164   000F2B                     TXB2D5          equ	3883	;# 
  1165   000F2C                     TXB2D6          equ	3884	;# 
  1166   000F2D                     TXB2D7          equ	3885	;# 
  1167   000F2E                     CANSTAT_RO3     equ	3886	;# 
  1168   000F2F                     CANCON_RO3      equ	3887	;# 
  1169   000F30                     TXB1CON         equ	3888	;# 
  1170   000F31                     TXB1SIDH        equ	3889	;# 
  1171   000F32                     TXB1SIDL        equ	3890	;# 
  1172   000F33                     TXB1EIDH        equ	3891	;# 
  1173   000F34                     TXB1EIDL        equ	3892	;# 
  1174   000F35                     TXB1DLC         equ	3893	;# 
  1175   000F36                     TXB1D0          equ	3894	;# 
  1176   000F37                     TXB1D1          equ	3895	;# 
  1177   000F38                     TXB1D2          equ	3896	;# 
  1178   000F39                     TXB1D3          equ	3897	;# 
  1179   000F3A                     TXB1D4          equ	3898	;# 
  1180   000F3B                     TXB1D5          equ	3899	;# 
  1181   000F3C                     TXB1D6          equ	3900	;# 
  1182   000F3D                     TXB1D7          equ	3901	;# 
  1183   000F3E                     CANSTAT_RO2     equ	3902	;# 
  1184   000F3F                     CANCON_RO2      equ	3903	;# 
  1185   000F40                     TXB0CON         equ	3904	;# 
  1186   000F41                     TXB0SIDH        equ	3905	;# 
  1187   000F42                     TXB0SIDL        equ	3906	;# 
  1188   000F43                     TXB0EIDH        equ	3907	;# 
  1189   000F44                     TXB0EIDL        equ	3908	;# 
  1190   000F45                     TXB0DLC         equ	3909	;# 
  1191   000F46                     TXB0D0          equ	3910	;# 
  1192   000F47                     TXB0D1          equ	3911	;# 
  1193   000F48                     TXB0D2          equ	3912	;# 
  1194   000F49                     TXB0D3          equ	3913	;# 
  1195   000F4A                     TXB0D4          equ	3914	;# 
  1196   000F4B                     TXB0D5          equ	3915	;# 
  1197   000F4C                     TXB0D6          equ	3916	;# 
  1198   000F4D                     TXB0D7          equ	3917	;# 
  1199   000F4E                     CANSTAT_RO1     equ	3918	;# 
  1200   000F4F                     CANCON_RO1      equ	3919	;# 
  1201   000F50                     RXB1CON         equ	3920	;# 
  1202   000F51                     RXB1SIDH        equ	3921	;# 
  1203   000F52                     RXB1SIDL        equ	3922	;# 
  1204   000F53                     RXB1EIDH        equ	3923	;# 
  1205   000F54                     RXB1EIDL        equ	3924	;# 
  1206   000F55                     RXB1DLC         equ	3925	;# 
  1207   000F56                     RXB1D0          equ	3926	;# 
  1208   000F57                     RXB1D1          equ	3927	;# 
  1209   000F58                     RXB1D2          equ	3928	;# 
  1210   000F59                     RXB1D3          equ	3929	;# 
  1211   000F5A                     RXB1D4          equ	3930	;# 
  1212   000F5B                     RXB1D5          equ	3931	;# 
  1213   000F5C                     RXB1D6          equ	3932	;# 
  1214   000F5D                     RXB1D7          equ	3933	;# 
  1215   000F5E                     CANSTAT_RO0     equ	3934	;# 
  1216   000F5F                     CANCON_RO0      equ	3935	;# 
  1217   000F60                     RXB0CON         equ	3936	;# 
  1218   000F61                     RXB0SIDH        equ	3937	;# 
  1219   000F62                     RXB0SIDL        equ	3938	;# 
  1220   000F63                     RXB0EIDH        equ	3939	;# 
  1221   000F64                     RXB0EIDL        equ	3940	;# 
  1222   000F65                     RXB0DLC         equ	3941	;# 
  1223   000F66                     RXB0D0          equ	3942	;# 
  1224   000F67                     RXB0D1          equ	3943	;# 
  1225   000F68                     RXB0D2          equ	3944	;# 
  1226   000F69                     RXB0D3          equ	3945	;# 
  1227   000F6A                     RXB0D4          equ	3946	;# 
  1228   000F6B                     RXB0D5          equ	3947	;# 
  1229   000F6C                     RXB0D6          equ	3948	;# 
  1230   000F6D                     RXB0D7          equ	3949	;# 
  1231   000F6E                     CANSTAT         equ	3950	;# 
  1232   000F6F                     CANCON          equ	3951	;# 
  1233   000F70                     BRGCON1         equ	3952	;# 
  1234   000F71                     BRGCON2         equ	3953	;# 
  1235   000F72                     BRGCON3         equ	3954	;# 
  1236   000F73                     CIOCON          equ	3955	;# 
  1237   000F74                     COMSTAT         equ	3956	;# 
  1238   000F75                     RXERRCNT        equ	3957	;# 
  1239   000F76                     TXERRCNT        equ	3958	;# 
  1240   000F77                     ECANCON         equ	3959	;# 
  1241   000F80                     PORTA           equ	3968	;# 
  1242   000F81                     PORTB           equ	3969	;# 
  1243   000F82                     PORTC           equ	3970	;# 
  1244   000F83                     PORTD           equ	3971	;# 
  1245   000F84                     PORTE           equ	3972	;# 
  1246   000F89                     LATA            equ	3977	;# 
  1247   000F8A                     LATB            equ	3978	;# 
  1248   000F8B                     LATC            equ	3979	;# 
  1249   000F8C                     LATD            equ	3980	;# 
  1250   000F8D                     LATE            equ	3981	;# 
  1251   000F92                     TRISA           equ	3986	;# 
  1252   000F92                     DDRA            equ	3986	;# 
  1253   000F93                     TRISB           equ	3987	;# 
  1254   000F93                     DDRB            equ	3987	;# 
  1255   000F94                     TRISC           equ	3988	;# 
  1256   000F94                     DDRC            equ	3988	;# 
  1257   000F95                     TRISD           equ	3989	;# 
  1258   000F95                     DDRD            equ	3989	;# 
  1259   000F96                     TRISE           equ	3990	;# 
  1260   000F96                     DDRE            equ	3990	;# 
  1261   000F9B                     OSCTUNE         equ	3995	;# 
  1262   000F9D                     PIE1            equ	3997	;# 
  1263   000F9E                     PIR1            equ	3998	;# 
  1264   000F9F                     IPR1            equ	3999	;# 
  1265   000FA0                     PIE2            equ	4000	;# 
  1266   000FA1                     PIR2            equ	4001	;# 
  1267   000FA2                     IPR2            equ	4002	;# 
  1268   000FA3                     PIE3            equ	4003	;# 
  1269   000FA4                     PIR3            equ	4004	;# 
  1270   000FA5                     IPR3            equ	4005	;# 
  1271   000FA6                     EECON1          equ	4006	;# 
  1272   000FA7                     EECON2          equ	4007	;# 
  1273   000FA8                     EEDATA          equ	4008	;# 
  1274   000FA9                     EEADR           equ	4009	;# 
  1275   000FAB                     RCSTA           equ	4011	;# 
  1276   000FAB                     RCSTA1          equ	4011	;# 
  1277   000FAC                     TXSTA           equ	4012	;# 
  1278   000FAC                     TXSTA1          equ	4012	;# 
  1279   000FAD                     TXREG           equ	4013	;# 
  1280   000FAD                     TXREG1          equ	4013	;# 
  1281   000FAE                     RCREG           equ	4014	;# 
  1282   000FAE                     RCREG1          equ	4014	;# 
  1283   000FAF                     SPBRG           equ	4015	;# 
  1284   000FAF                     SPBRG1          equ	4015	;# 
  1285   000FB0                     SPBRGH          equ	4016	;# 
  1286   000FB1                     T3CON           equ	4017	;# 
  1287   000FB2                     TMR3            equ	4018	;# 
  1288   000FB2                     TMR3L           equ	4018	;# 
  1289   000FB3                     TMR3H           equ	4019	;# 
  1290   000FB4                     CMCON           equ	4020	;# 
  1291   000FB5                     CVRCON          equ	4021	;# 
  1292   000FB6                     ECCP1AS         equ	4022	;# 
  1293   000FB7                     ECCP1DEL        equ	4023	;# 
  1294   000FB8                     BAUDCON         equ	4024	;# 
  1295   000FB8                     BAUDCTL         equ	4024	;# 
  1296   000FBA                     ECCP1CON        equ	4026	;# 
  1297   000FBB                     ECCPR1          equ	4027	;# 
  1298   000FBB                     ECCPR1L         equ	4027	;# 
  1299   000FBC                     ECCPR1H         equ	4028	;# 
  1300   000FBD                     CCP1CON         equ	4029	;# 
  1301   000FBE                     CCPR1           equ	4030	;# 
  1302   000FBE                     CCPR1L          equ	4030	;# 
  1303   000FBF                     CCPR1H          equ	4031	;# 
  1304   000FC0                     ADCON2          equ	4032	;# 
  1305   000FC1                     ADCON1          equ	4033	;# 
  1306   000FC2                     ADCON0          equ	4034	;# 
  1307   000FC3                     ADRES           equ	4035	;# 
  1308   000FC3                     ADRESL          equ	4035	;# 
  1309   000FC4                     ADRESH          equ	4036	;# 
  1310   000FC5                     SSPCON2         equ	4037	;# 
  1311   000FC6                     SSPCON1         equ	4038	;# 
  1312   000FC7                     SSPSTAT         equ	4039	;# 
  1313   000FC8                     SSPADD          equ	4040	;# 
  1314   000FC9                     SSPBUF          equ	4041	;# 
  1315   000FCA                     T2CON           equ	4042	;# 
  1316   000FCB                     PR2             equ	4043	;# 
  1317   000FCB                     MEMCON          equ	4043	;# 
  1318   000FCC                     TMR2            equ	4044	;# 
  1319   000FCD                     T1CON           equ	4045	;# 
  1320   000FCE                     TMR1            equ	4046	;# 
  1321   000FCE                     TMR1L           equ	4046	;# 
  1322   000FCF                     TMR1H           equ	4047	;# 
  1323   000FD0                     RCON            equ	4048	;# 
  1324   000FD1                     WDTCON          equ	4049	;# 
  1325   000FD2                     HLVDCON         equ	4050	;# 
  1326   000FD2                     LVDCON          equ	4050	;# 
  1327   000FD3                     OSCCON          equ	4051	;# 
  1328   000FD5                     T0CON           equ	4053	;# 
  1329   000FD6                     TMR0            equ	4054	;# 
  1330   000FD6                     TMR0L           equ	4054	;# 
  1331   000FD7                     TMR0H           equ	4055	;# 
  1332   000FD8                     STATUS          equ	4056	;# 
  1333   000FD9                     FSR2            equ	4057	;# 
  1334   000FD9                     FSR2L           equ	4057	;# 
  1335   000FDA                     FSR2H           equ	4058	;# 
  1336   000FDB                     PLUSW2          equ	4059	;# 
  1337   000FDC                     PREINC2         equ	4060	;# 
  1338   000FDD                     POSTDEC2        equ	4061	;# 
  1339   000FDE                     POSTINC2        equ	4062	;# 
  1340   000FDF                     INDF2           equ	4063	;# 
  1341   000FE0                     BSR             equ	4064	;# 
  1342   000FE1                     FSR1            equ	4065	;# 
  1343   000FE1                     FSR1L           equ	4065	;# 
  1344   000FE2                     FSR1H           equ	4066	;# 
  1345   000FE3                     PLUSW1          equ	4067	;# 
  1346   000FE4                     PREINC1         equ	4068	;# 
  1347   000FE5                     POSTDEC1        equ	4069	;# 
  1348   000FE6                     POSTINC1        equ	4070	;# 
  1349   000FE7                     INDF1           equ	4071	;# 
  1350   000FE8                     WREG            equ	4072	;# 
  1351   000FE9                     FSR0            equ	4073	;# 
  1352   000FE9                     FSR0L           equ	4073	;# 
  1353   000FEA                     FSR0H           equ	4074	;# 
  1354   000FEB                     PLUSW0          equ	4075	;# 
  1355   000FEC                     PREINC0         equ	4076	;# 
  1356   000FED                     POSTDEC0        equ	4077	;# 
  1357   000FEE                     POSTINC0        equ	4078	;# 
  1358   000FEF                     INDF0           equ	4079	;# 
  1359   000FF0                     INTCON3         equ	4080	;# 
  1360   000FF1                     INTCON2         equ	4081	;# 
  1361   000FF2                     INTCON          equ	4082	;# 
  1362   000FF3                     PROD            equ	4083	;# 
  1363   000FF3                     PRODL           equ	4083	;# 
  1364   000FF4                     PRODH           equ	4084	;# 
  1365   000FF5                     TABLAT          equ	4085	;# 
  1366   000FF6                     TBLPTR          equ	4086	;# 
  1367   000FF6                     TBLPTRL         equ	4086	;# 
  1368   000FF7                     TBLPTRH         equ	4087	;# 
  1369   000FF8                     TBLPTRU         equ	4088	;# 
  1370   000FF9                     PCLAT           equ	4089	;# 
  1371   000FF9                     PC              equ	4089	;# 
  1372   000FF9                     PCL             equ	4089	;# 
  1373   000FFA                     PCLATH          equ	4090	;# 
  1374   000FFB                     PCLATU          equ	4091	;# 
  1375   000FFC                     STKPTR          equ	4092	;# 
  1376   000FFD                     TOS             equ	4093	;# 
  1377   000FFD                     TOSL            equ	4093	;# 
  1378   000FFE                     TOSH            equ	4094	;# 
  1379   000FFF                     TOSU            equ	4095	;# 
  1380   000D60                     RXF6SIDH        equ	3424	;# 
  1381   000D61                     RXF6SIDL        equ	3425	;# 
  1382   000D62                     RXF6EIDH        equ	3426	;# 
  1383   000D63                     RXF6EIDL        equ	3427	;# 
  1384   000D64                     RXF7SIDH        equ	3428	;# 
  1385   000D65                     RXF7SIDL        equ	3429	;# 
  1386   000D66                     RXF7EIDH        equ	3430	;# 
  1387   000D67                     RXF7EIDL        equ	3431	;# 
  1388   000D68                     RXF8SIDH        equ	3432	;# 
  1389   000D69                     RXF8SIDL        equ	3433	;# 
  1390   000D6A                     RXF8EIDH        equ	3434	;# 
  1391   000D6B                     RXF8EIDL        equ	3435	;# 
  1392   000D70                     RXF9SIDH        equ	3440	;# 
  1393   000D71                     RXF9SIDL        equ	3441	;# 
  1394   000D72                     RXF9EIDH        equ	3442	;# 
  1395   000D73                     RXF9EIDL        equ	3443	;# 
  1396   000D74                     RXF10SIDH       equ	3444	;# 
  1397   000D75                     RXF10SIDL       equ	3445	;# 
  1398   000D76                     RXF10EIDH       equ	3446	;# 
  1399   000D77                     RXF10EIDL       equ	3447	;# 
  1400   000D78                     RXF11SIDH       equ	3448	;# 
  1401   000D79                     RXF11SIDL       equ	3449	;# 
  1402   000D7A                     RXF11EIDH       equ	3450	;# 
  1403   000D7B                     RXF11EIDL       equ	3451	;# 
  1404   000D80                     RXF12SIDH       equ	3456	;# 
  1405   000D81                     RXF12SIDL       equ	3457	;# 
  1406   000D82                     RXF12EIDH       equ	3458	;# 
  1407   000D83                     RXF12EIDL       equ	3459	;# 
  1408   000D84                     RXF13SIDH       equ	3460	;# 
  1409   000D85                     RXF13SIDL       equ	3461	;# 
  1410   000D86                     RXF13EIDH       equ	3462	;# 
  1411   000D87                     RXF13EIDL       equ	3463	;# 
  1412   000D88                     RXF14SIDH       equ	3464	;# 
  1413   000D89                     RXF14SIDL       equ	3465	;# 
  1414   000D8A                     RXF14EIDH       equ	3466	;# 
  1415   000D8B                     RXF14EIDL       equ	3467	;# 
  1416   000D90                     RXF15SIDH       equ	3472	;# 
  1417   000D91                     RXF15SIDL       equ	3473	;# 
  1418   000D92                     RXF15EIDH       equ	3474	;# 
  1419   000D93                     RXF15EIDL       equ	3475	;# 
  1420   000DD4                     RXFCON0         equ	3540	;# 
  1421   000DD5                     RXFCON1         equ	3541	;# 
  1422   000DD8                     SDFLC           equ	3544	;# 
  1423   000DE0                     RXFBCON0        equ	3552	;# 
  1424   000DE1                     RXFBCON1        equ	3553	;# 
  1425   000DE2                     RXFBCON2        equ	3554	;# 
  1426   000DE3                     RXFBCON3        equ	3555	;# 
  1427   000DE4                     RXFBCON4        equ	3556	;# 
  1428   000DE5                     RXFBCON5        equ	3557	;# 
  1429   000DE6                     RXFBCON6        equ	3558	;# 
  1430   000DE7                     RXFBCON7        equ	3559	;# 
  1431   000DF0                     MSEL0           equ	3568	;# 
  1432   000DF1                     MSEL1           equ	3569	;# 
  1433   000DF2                     MSEL2           equ	3570	;# 
  1434   000DF3                     MSEL3           equ	3571	;# 
  1435   000DF8                     BSEL0           equ	3576	;# 
  1436   000DFA                     BIE0            equ	3578	;# 
  1437   000DFC                     TXBIE           equ	3580	;# 
  1438   000E20                     B0CON           equ	3616	;# 
  1439   000E21                     B0SIDH          equ	3617	;# 
  1440   000E22                     B0SIDL          equ	3618	;# 
  1441   000E23                     B0EIDH          equ	3619	;# 
  1442   000E24                     B0EIDL          equ	3620	;# 
  1443   000E25                     B0DLC           equ	3621	;# 
  1444   000E26                     B0D0            equ	3622	;# 
  1445   000E27                     B0D1            equ	3623	;# 
  1446   000E28                     B0D2            equ	3624	;# 
  1447   000E29                     B0D3            equ	3625	;# 
  1448   000E2A                     B0D4            equ	3626	;# 
  1449   000E2B                     B0D5            equ	3627	;# 
  1450   000E2C                     B0D6            equ	3628	;# 
  1451   000E2D                     B0D7            equ	3629	;# 
  1452   000E2E                     CANSTAT_RO9     equ	3630	;# 
  1453   000E2F                     CANCON_RO9      equ	3631	;# 
  1454   000E30                     B1CON           equ	3632	;# 
  1455   000E31                     B1SIDH          equ	3633	;# 
  1456   000E32                     B1SIDL          equ	3634	;# 
  1457   000E33                     B1EIDH          equ	3635	;# 
  1458   000E34                     B1EIDL          equ	3636	;# 
  1459   000E35                     B1DLC           equ	3637	;# 
  1460   000E36                     B1D0            equ	3638	;# 
  1461   000E37                     B1D1            equ	3639	;# 
  1462   000E38                     B1D2            equ	3640	;# 
  1463   000E39                     B1D3            equ	3641	;# 
  1464   000E3A                     B1D4            equ	3642	;# 
  1465   000E3B                     B1D5            equ	3643	;# 
  1466   000E3C                     B1D6            equ	3644	;# 
  1467   000E3D                     B1D7            equ	3645	;# 
  1468   000E3E                     CANSTAT_RO8     equ	3646	;# 
  1469   000E3F                     CANCON_RO8      equ	3647	;# 
  1470   000E40                     B2CON           equ	3648	;# 
  1471   000E41                     B2SIDH          equ	3649	;# 
  1472   000E42                     B2SIDL          equ	3650	;# 
  1473   000E43                     B2EIDH          equ	3651	;# 
  1474   000E44                     B2EIDL          equ	3652	;# 
  1475   000E45                     B2DLC           equ	3653	;# 
  1476   000E46                     B2D0            equ	3654	;# 
  1477   000E47                     B2D1            equ	3655	;# 
  1478   000E48                     B2D2            equ	3656	;# 
  1479   000E49                     B2D3            equ	3657	;# 
  1480   000E4A                     B2D4            equ	3658	;# 
  1481   000E4B                     B2D5            equ	3659	;# 
  1482   000E4C                     B2D6            equ	3660	;# 
  1483   000E4D                     B2D7            equ	3661	;# 
  1484   000E4E                     CANSTAT_RO7     equ	3662	;# 
  1485   000E4F                     CANCON_RO7      equ	3663	;# 
  1486   000E50                     B3CON           equ	3664	;# 
  1487   000E51                     B3SIDH          equ	3665	;# 
  1488   000E52                     B3SIDL          equ	3666	;# 
  1489   000E53                     B3EIDH          equ	3667	;# 
  1490   000E54                     B3EIDL          equ	3668	;# 
  1491   000E55                     B3DLC           equ	3669	;# 
  1492   000E56                     B3D0            equ	3670	;# 
  1493   000E57                     B3D1            equ	3671	;# 
  1494   000E58                     B3D2            equ	3672	;# 
  1495   000E59                     B3D3            equ	3673	;# 
  1496   000E5A                     B3D4            equ	3674	;# 
  1497   000E5B                     B3D5            equ	3675	;# 
  1498   000E5C                     B3D6            equ	3676	;# 
  1499   000E5D                     B3D7            equ	3677	;# 
  1500   000E5E                     CANSTAT_RO6     equ	3678	;# 
  1501   000E5F                     CANCON_RO6      equ	3679	;# 
  1502   000E60                     B4CON           equ	3680	;# 
  1503   000E61                     B4SIDH          equ	3681	;# 
  1504   000E62                     B4SIDL          equ	3682	;# 
  1505   000E63                     B4EIDH          equ	3683	;# 
  1506   000E64                     B4EIDL          equ	3684	;# 
  1507   000E65                     B4DLC           equ	3685	;# 
  1508   000E66                     B4D0            equ	3686	;# 
  1509   000E67                     B4D1            equ	3687	;# 
  1510   000E68                     B4D2            equ	3688	;# 
  1511   000E69                     B4D3            equ	3689	;# 
  1512   000E6A                     B4D4            equ	3690	;# 
  1513   000E6B                     B4D5            equ	3691	;# 
  1514   000E6C                     B4D6            equ	3692	;# 
  1515   000E6D                     B4D7            equ	3693	;# 
  1516   000E6E                     CANSTAT_RO5     equ	3694	;# 
  1517   000E6F                     CANCON_RO5      equ	3695	;# 
  1518   000E70                     B5CON           equ	3696	;# 
  1519   000E71                     B5SIDH          equ	3697	;# 
  1520   000E72                     B5SIDL          equ	3698	;# 
  1521   000E73                     B5EIDH          equ	3699	;# 
  1522   000E74                     B5EIDL          equ	3700	;# 
  1523   000E75                     B5DLC           equ	3701	;# 
  1524   000E76                     B5D0            equ	3702	;# 
  1525   000E77                     B5D1            equ	3703	;# 
  1526   000E78                     B5D2            equ	3704	;# 
  1527   000E79                     B5D3            equ	3705	;# 
  1528   000E7A                     B5D4            equ	3706	;# 
  1529   000E7B                     B5D5            equ	3707	;# 
  1530   000E7C                     B5D6            equ	3708	;# 
  1531   000E7D                     B5D7            equ	3709	;# 
  1532   000E7E                     CANSTAT_RO4     equ	3710	;# 
  1533   000E7F                     CANCON_RO4      equ	3711	;# 
  1534   000F00                     RXF0SIDH        equ	3840	;# 
  1535   000F01                     RXF0SIDL        equ	3841	;# 
  1536   000F02                     RXF0EIDH        equ	3842	;# 
  1537   000F03                     RXF0EIDL        equ	3843	;# 
  1538   000F04                     RXF1SIDH        equ	3844	;# 
  1539   000F05                     RXF1SIDL        equ	3845	;# 
  1540   000F06                     RXF1EIDH        equ	3846	;# 
  1541   000F07                     RXF1EIDL        equ	3847	;# 
  1542   000F08                     RXF2SIDH        equ	3848	;# 
  1543   000F09                     RXF2SIDL        equ	3849	;# 
  1544   000F0A                     RXF2EIDH        equ	3850	;# 
  1545   000F0B                     RXF2EIDL        equ	3851	;# 
  1546   000F0C                     RXF3SIDH        equ	3852	;# 
  1547   000F0D                     RXF3SIDL        equ	3853	;# 
  1548   000F0E                     RXF3EIDH        equ	3854	;# 
  1549   000F0F                     RXF3EIDL        equ	3855	;# 
  1550   000F10                     RXF4SIDH        equ	3856	;# 
  1551   000F11                     RXF4SIDL        equ	3857	;# 
  1552   000F12                     RXF4EIDH        equ	3858	;# 
  1553   000F13                     RXF4EIDL        equ	3859	;# 
  1554   000F14                     RXF5SIDH        equ	3860	;# 
  1555   000F15                     RXF5SIDL        equ	3861	;# 
  1556   000F16                     RXF5EIDH        equ	3862	;# 
  1557   000F17                     RXF5EIDL        equ	3863	;# 
  1558   000F18                     RXM0SIDH        equ	3864	;# 
  1559   000F19                     RXM0SIDL        equ	3865	;# 
  1560   000F1A                     RXM0EIDH        equ	3866	;# 
  1561   000F1B                     RXM0EIDL        equ	3867	;# 
  1562   000F1C                     RXM1SIDH        equ	3868	;# 
  1563   000F1D                     RXM1SIDL        equ	3869	;# 
  1564   000F1E                     RXM1EIDH        equ	3870	;# 
  1565   000F1F                     RXM1EIDL        equ	3871	;# 
  1566   000F20                     TXB2CON         equ	3872	;# 
  1567   000F21                     TXB2SIDH        equ	3873	;# 
  1568   000F22                     TXB2SIDL        equ	3874	;# 
  1569   000F23                     TXB2EIDH        equ	3875	;# 
  1570   000F24                     TXB2EIDL        equ	3876	;# 
  1571   000F25                     TXB2DLC         equ	3877	;# 
  1572   000F26                     TXB2D0          equ	3878	;# 
  1573   000F27                     TXB2D1          equ	3879	;# 
  1574   000F28                     TXB2D2          equ	3880	;# 
  1575   000F29                     TXB2D3          equ	3881	;# 
  1576   000F2A                     TXB2D4          equ	3882	;# 
  1577   000F2B                     TXB2D5          equ	3883	;# 
  1578   000F2C                     TXB2D6          equ	3884	;# 
  1579   000F2D                     TXB2D7          equ	3885	;# 
  1580   000F2E                     CANSTAT_RO3     equ	3886	;# 
  1581   000F2F                     CANCON_RO3      equ	3887	;# 
  1582   000F30                     TXB1CON         equ	3888	;# 
  1583   000F31                     TXB1SIDH        equ	3889	;# 
  1584   000F32                     TXB1SIDL        equ	3890	;# 
  1585   000F33                     TXB1EIDH        equ	3891	;# 
  1586   000F34                     TXB1EIDL        equ	3892	;# 
  1587   000F35                     TXB1DLC         equ	3893	;# 
  1588   000F36                     TXB1D0          equ	3894	;# 
  1589   000F37                     TXB1D1          equ	3895	;# 
  1590   000F38                     TXB1D2          equ	3896	;# 
  1591   000F39                     TXB1D3          equ	3897	;# 
  1592   000F3A                     TXB1D4          equ	3898	;# 
  1593   000F3B                     TXB1D5          equ	3899	;# 
  1594   000F3C                     TXB1D6          equ	3900	;# 
  1595   000F3D                     TXB1D7          equ	3901	;# 
  1596   000F3E                     CANSTAT_RO2     equ	3902	;# 
  1597   000F3F                     CANCON_RO2      equ	3903	;# 
  1598   000F40                     TXB0CON         equ	3904	;# 
  1599   000F41                     TXB0SIDH        equ	3905	;# 
  1600   000F42                     TXB0SIDL        equ	3906	;# 
  1601   000F43                     TXB0EIDH        equ	3907	;# 
  1602   000F44                     TXB0EIDL        equ	3908	;# 
  1603   000F45                     TXB0DLC         equ	3909	;# 
  1604   000F46                     TXB0D0          equ	3910	;# 
  1605   000F47                     TXB0D1          equ	3911	;# 
  1606   000F48                     TXB0D2          equ	3912	;# 
  1607   000F49                     TXB0D3          equ	3913	;# 
  1608   000F4A                     TXB0D4          equ	3914	;# 
  1609   000F4B                     TXB0D5          equ	3915	;# 
  1610   000F4C                     TXB0D6          equ	3916	;# 
  1611   000F4D                     TXB0D7          equ	3917	;# 
  1612   000F4E                     CANSTAT_RO1     equ	3918	;# 
  1613   000F4F                     CANCON_RO1      equ	3919	;# 
  1614   000F50                     RXB1CON         equ	3920	;# 
  1615   000F51                     RXB1SIDH        equ	3921	;# 
  1616   000F52                     RXB1SIDL        equ	3922	;# 
  1617   000F53                     RXB1EIDH        equ	3923	;# 
  1618   000F54                     RXB1EIDL        equ	3924	;# 
  1619   000F55                     RXB1DLC         equ	3925	;# 
  1620   000F56                     RXB1D0          equ	3926	;# 
  1621   000F57                     RXB1D1          equ	3927	;# 
  1622   000F58                     RXB1D2          equ	3928	;# 
  1623   000F59                     RXB1D3          equ	3929	;# 
  1624   000F5A                     RXB1D4          equ	3930	;# 
  1625   000F5B                     RXB1D5          equ	3931	;# 
  1626   000F5C                     RXB1D6          equ	3932	;# 
  1627   000F5D                     RXB1D7          equ	3933	;# 
  1628   000F5E                     CANSTAT_RO0     equ	3934	;# 
  1629   000F5F                     CANCON_RO0      equ	3935	;# 
  1630   000F60                     RXB0CON         equ	3936	;# 
  1631   000F61                     RXB0SIDH        equ	3937	;# 
  1632   000F62                     RXB0SIDL        equ	3938	;# 
  1633   000F63                     RXB0EIDH        equ	3939	;# 
  1634   000F64                     RXB0EIDL        equ	3940	;# 
  1635   000F65                     RXB0DLC         equ	3941	;# 
  1636   000F66                     RXB0D0          equ	3942	;# 
  1637   000F67                     RXB0D1          equ	3943	;# 
  1638   000F68                     RXB0D2          equ	3944	;# 
  1639   000F69                     RXB0D3          equ	3945	;# 
  1640   000F6A                     RXB0D4          equ	3946	;# 
  1641   000F6B                     RXB0D5          equ	3947	;# 
  1642   000F6C                     RXB0D6          equ	3948	;# 
  1643   000F6D                     RXB0D7          equ	3949	;# 
  1644   000F6E                     CANSTAT         equ	3950	;# 
  1645   000F6F                     CANCON          equ	3951	;# 
  1646   000F70                     BRGCON1         equ	3952	;# 
  1647   000F71                     BRGCON2         equ	3953	;# 
  1648   000F72                     BRGCON3         equ	3954	;# 
  1649   000F73                     CIOCON          equ	3955	;# 
  1650   000F74                     COMSTAT         equ	3956	;# 
  1651   000F75                     RXERRCNT        equ	3957	;# 
  1652   000F76                     TXERRCNT        equ	3958	;# 
  1653   000F77                     ECANCON         equ	3959	;# 
  1654   000F80                     PORTA           equ	3968	;# 
  1655   000F81                     PORTB           equ	3969	;# 
  1656   000F82                     PORTC           equ	3970	;# 
  1657   000F83                     PORTD           equ	3971	;# 
  1658   000F84                     PORTE           equ	3972	;# 
  1659   000F89                     LATA            equ	3977	;# 
  1660   000F8A                     LATB            equ	3978	;# 
  1661   000F8B                     LATC            equ	3979	;# 
  1662   000F8C                     LATD            equ	3980	;# 
  1663   000F8D                     LATE            equ	3981	;# 
  1664   000F92                     TRISA           equ	3986	;# 
  1665   000F92                     DDRA            equ	3986	;# 
  1666   000F93                     TRISB           equ	3987	;# 
  1667   000F93                     DDRB            equ	3987	;# 
  1668   000F94                     TRISC           equ	3988	;# 
  1669   000F94                     DDRC            equ	3988	;# 
  1670   000F95                     TRISD           equ	3989	;# 
  1671   000F95                     DDRD            equ	3989	;# 
  1672   000F96                     TRISE           equ	3990	;# 
  1673   000F96                     DDRE            equ	3990	;# 
  1674   000F9B                     OSCTUNE         equ	3995	;# 
  1675   000F9D                     PIE1            equ	3997	;# 
  1676   000F9E                     PIR1            equ	3998	;# 
  1677   000F9F                     IPR1            equ	3999	;# 
  1678   000FA0                     PIE2            equ	4000	;# 
  1679   000FA1                     PIR2            equ	4001	;# 
  1680   000FA2                     IPR2            equ	4002	;# 
  1681   000FA3                     PIE3            equ	4003	;# 
  1682   000FA4                     PIR3            equ	4004	;# 
  1683   000FA5                     IPR3            equ	4005	;# 
  1684   000FA6                     EECON1          equ	4006	;# 
  1685   000FA7                     EECON2          equ	4007	;# 
  1686   000FA8                     EEDATA          equ	4008	;# 
  1687   000FA9                     EEADR           equ	4009	;# 
  1688   000FAB                     RCSTA           equ	4011	;# 
  1689   000FAB                     RCSTA1          equ	4011	;# 
  1690   000FAC                     TXSTA           equ	4012	;# 
  1691   000FAC                     TXSTA1          equ	4012	;# 
  1692   000FAD                     TXREG           equ	4013	;# 
  1693   000FAD                     TXREG1          equ	4013	;# 
  1694   000FAE                     RCREG           equ	4014	;# 
  1695   000FAE                     RCREG1          equ	4014	;# 
  1696   000FAF                     SPBRG           equ	4015	;# 
  1697   000FAF                     SPBRG1          equ	4015	;# 
  1698   000FB0                     SPBRGH          equ	4016	;# 
  1699   000FB1                     T3CON           equ	4017	;# 
  1700   000FB2                     TMR3            equ	4018	;# 
  1701   000FB2                     TMR3L           equ	4018	;# 
  1702   000FB3                     TMR3H           equ	4019	;# 
  1703   000FB4                     CMCON           equ	4020	;# 
  1704   000FB5                     CVRCON          equ	4021	;# 
  1705   000FB6                     ECCP1AS         equ	4022	;# 
  1706   000FB7                     ECCP1DEL        equ	4023	;# 
  1707   000FB8                     BAUDCON         equ	4024	;# 
  1708   000FB8                     BAUDCTL         equ	4024	;# 
  1709   000FBA                     ECCP1CON        equ	4026	;# 
  1710   000FBB                     ECCPR1          equ	4027	;# 
  1711   000FBB                     ECCPR1L         equ	4027	;# 
  1712   000FBC                     ECCPR1H         equ	4028	;# 
  1713   000FBD                     CCP1CON         equ	4029	;# 
  1714   000FBE                     CCPR1           equ	4030	;# 
  1715   000FBE                     CCPR1L          equ	4030	;# 
  1716   000FBF                     CCPR1H          equ	4031	;# 
  1717   000FC0                     ADCON2          equ	4032	;# 
  1718   000FC1                     ADCON1          equ	4033	;# 
  1719   000FC2                     ADCON0          equ	4034	;# 
  1720   000FC3                     ADRES           equ	4035	;# 
  1721   000FC3                     ADRESL          equ	4035	;# 
  1722   000FC4                     ADRESH          equ	4036	;# 
  1723   000FC5                     SSPCON2         equ	4037	;# 
  1724   000FC6                     SSPCON1         equ	4038	;# 
  1725   000FC7                     SSPSTAT         equ	4039	;# 
  1726   000FC8                     SSPADD          equ	4040	;# 
  1727   000FC9                     SSPBUF          equ	4041	;# 
  1728   000FCA                     T2CON           equ	4042	;# 
  1729   000FCB                     PR2             equ	4043	;# 
  1730   000FCB                     MEMCON          equ	4043	;# 
  1731   000FCC                     TMR2            equ	4044	;# 
  1732   000FCD                     T1CON           equ	4045	;# 
  1733   000FCE                     TMR1            equ	4046	;# 
  1734   000FCE                     TMR1L           equ	4046	;# 
  1735   000FCF                     TMR1H           equ	4047	;# 
  1736   000FD0                     RCON            equ	4048	;# 
  1737   000FD1                     WDTCON          equ	4049	;# 
  1738   000FD2                     HLVDCON         equ	4050	;# 
  1739   000FD2                     LVDCON          equ	4050	;# 
  1740   000FD3                     OSCCON          equ	4051	;# 
  1741   000FD5                     T0CON           equ	4053	;# 
  1742   000FD6                     TMR0            equ	4054	;# 
  1743   000FD6                     TMR0L           equ	4054	;# 
  1744   000FD7                     TMR0H           equ	4055	;# 
  1745   000FD8                     STATUS          equ	4056	;# 
  1746   000FD9                     FSR2            equ	4057	;# 
  1747   000FD9                     FSR2L           equ	4057	;# 
  1748   000FDA                     FSR2H           equ	4058	;# 
  1749   000FDB                     PLUSW2          equ	4059	;# 
  1750   000FDC                     PREINC2         equ	4060	;# 
  1751   000FDD                     POSTDEC2        equ	4061	;# 
  1752   000FDE                     POSTINC2        equ	4062	;# 
  1753   000FDF                     INDF2           equ	4063	;# 
  1754   000FE0                     BSR             equ	4064	;# 
  1755   000FE1                     FSR1            equ	4065	;# 
  1756   000FE1                     FSR1L           equ	4065	;# 
  1757   000FE2                     FSR1H           equ	4066	;# 
  1758   000FE3                     PLUSW1          equ	4067	;# 
  1759   000FE4                     PREINC1         equ	4068	;# 
  1760   000FE5                     POSTDEC1        equ	4069	;# 
  1761   000FE6                     POSTINC1        equ	4070	;# 
  1762   000FE7                     INDF1           equ	4071	;# 
  1763   000FE8                     WREG            equ	4072	;# 
  1764   000FE9                     FSR0            equ	4073	;# 
  1765   000FE9                     FSR0L           equ	4073	;# 
  1766   000FEA                     FSR0H           equ	4074	;# 
  1767   000FEB                     PLUSW0          equ	4075	;# 
  1768   000FEC                     PREINC0         equ	4076	;# 
  1769   000FED                     POSTDEC0        equ	4077	;# 
  1770   000FEE                     POSTINC0        equ	4078	;# 
  1771   000FEF                     INDF0           equ	4079	;# 
  1772   000FF0                     INTCON3         equ	4080	;# 
  1773   000FF1                     INTCON2         equ	4081	;# 
  1774   000FF2                     INTCON          equ	4082	;# 
  1775   000FF3                     PROD            equ	4083	;# 
  1776   000FF3                     PRODL           equ	4083	;# 
  1777   000FF4                     PRODH           equ	4084	;# 
  1778   000FF5                     TABLAT          equ	4085	;# 
  1779   000FF6                     TBLPTR          equ	4086	;# 
  1780   000FF6                     TBLPTRL         equ	4086	;# 
  1781   000FF7                     TBLPTRH         equ	4087	;# 
  1782   000FF8                     TBLPTRU         equ	4088	;# 
  1783   000FF9                     PCLAT           equ	4089	;# 
  1784   000FF9                     PC              equ	4089	;# 
  1785   000FF9                     PCL             equ	4089	;# 
  1786   000FFA                     PCLATH          equ	4090	;# 
  1787   000FFB                     PCLATU          equ	4091	;# 
  1788   000FFC                     STKPTR          equ	4092	;# 
  1789   000FFD                     TOS             equ	4093	;# 
  1790   000FFD                     TOSL            equ	4093	;# 
  1791   000FFE                     TOSH            equ	4094	;# 
  1792   000FFF                     TOSU            equ	4095	;# 
  1793   000D60                     RXF6SIDH        equ	3424	;# 
  1794   000D61                     RXF6SIDL        equ	3425	;# 
  1795   000D62                     RXF6EIDH        equ	3426	;# 
  1796   000D63                     RXF6EIDL        equ	3427	;# 
  1797   000D64                     RXF7SIDH        equ	3428	;# 
  1798   000D65                     RXF7SIDL        equ	3429	;# 
  1799   000D66                     RXF7EIDH        equ	3430	;# 
  1800   000D67                     RXF7EIDL        equ	3431	;# 
  1801   000D68                     RXF8SIDH        equ	3432	;# 
  1802   000D69                     RXF8SIDL        equ	3433	;# 
  1803   000D6A                     RXF8EIDH        equ	3434	;# 
  1804   000D6B                     RXF8EIDL        equ	3435	;# 
  1805   000D70                     RXF9SIDH        equ	3440	;# 
  1806   000D71                     RXF9SIDL        equ	3441	;# 
  1807   000D72                     RXF9EIDH        equ	3442	;# 
  1808   000D73                     RXF9EIDL        equ	3443	;# 
  1809   000D74                     RXF10SIDH       equ	3444	;# 
  1810   000D75                     RXF10SIDL       equ	3445	;# 
  1811   000D76                     RXF10EIDH       equ	3446	;# 
  1812   000D77                     RXF10EIDL       equ	3447	;# 
  1813   000D78                     RXF11SIDH       equ	3448	;# 
  1814   000D79                     RXF11SIDL       equ	3449	;# 
  1815   000D7A                     RXF11EIDH       equ	3450	;# 
  1816   000D7B                     RXF11EIDL       equ	3451	;# 
  1817   000D80                     RXF12SIDH       equ	3456	;# 
  1818   000D81                     RXF12SIDL       equ	3457	;# 
  1819   000D82                     RXF12EIDH       equ	3458	;# 
  1820   000D83                     RXF12EIDL       equ	3459	;# 
  1821   000D84                     RXF13SIDH       equ	3460	;# 
  1822   000D85                     RXF13SIDL       equ	3461	;# 
  1823   000D86                     RXF13EIDH       equ	3462	;# 
  1824   000D87                     RXF13EIDL       equ	3463	;# 
  1825   000D88                     RXF14SIDH       equ	3464	;# 
  1826   000D89                     RXF14SIDL       equ	3465	;# 
  1827   000D8A                     RXF14EIDH       equ	3466	;# 
  1828   000D8B                     RXF14EIDL       equ	3467	;# 
  1829   000D90                     RXF15SIDH       equ	3472	;# 
  1830   000D91                     RXF15SIDL       equ	3473	;# 
  1831   000D92                     RXF15EIDH       equ	3474	;# 
  1832   000D93                     RXF15EIDL       equ	3475	;# 
  1833   000DD4                     RXFCON0         equ	3540	;# 
  1834   000DD5                     RXFCON1         equ	3541	;# 
  1835   000DD8                     SDFLC           equ	3544	;# 
  1836   000DE0                     RXFBCON0        equ	3552	;# 
  1837   000DE1                     RXFBCON1        equ	3553	;# 
  1838   000DE2                     RXFBCON2        equ	3554	;# 
  1839   000DE3                     RXFBCON3        equ	3555	;# 
  1840   000DE4                     RXFBCON4        equ	3556	;# 
  1841   000DE5                     RXFBCON5        equ	3557	;# 
  1842   000DE6                     RXFBCON6        equ	3558	;# 
  1843   000DE7                     RXFBCON7        equ	3559	;# 
  1844   000DF0                     MSEL0           equ	3568	;# 
  1845   000DF1                     MSEL1           equ	3569	;# 
  1846   000DF2                     MSEL2           equ	3570	;# 
  1847   000DF3                     MSEL3           equ	3571	;# 
  1848   000DF8                     BSEL0           equ	3576	;# 
  1849   000DFA                     BIE0            equ	3578	;# 
  1850   000DFC                     TXBIE           equ	3580	;# 
  1851   000E20                     B0CON           equ	3616	;# 
  1852   000E21                     B0SIDH          equ	3617	;# 
  1853   000E22                     B0SIDL          equ	3618	;# 
  1854   000E23                     B0EIDH          equ	3619	;# 
  1855   000E24                     B0EIDL          equ	3620	;# 
  1856   000E25                     B0DLC           equ	3621	;# 
  1857   000E26                     B0D0            equ	3622	;# 
  1858   000E27                     B0D1            equ	3623	;# 
  1859   000E28                     B0D2            equ	3624	;# 
  1860   000E29                     B0D3            equ	3625	;# 
  1861   000E2A                     B0D4            equ	3626	;# 
  1862   000E2B                     B0D5            equ	3627	;# 
  1863   000E2C                     B0D6            equ	3628	;# 
  1864   000E2D                     B0D7            equ	3629	;# 
  1865   000E2E                     CANSTAT_RO9     equ	3630	;# 
  1866   000E2F                     CANCON_RO9      equ	3631	;# 
  1867   000E30                     B1CON           equ	3632	;# 
  1868   000E31                     B1SIDH          equ	3633	;# 
  1869   000E32                     B1SIDL          equ	3634	;# 
  1870   000E33                     B1EIDH          equ	3635	;# 
  1871   000E34                     B1EIDL          equ	3636	;# 
  1872   000E35                     B1DLC           equ	3637	;# 
  1873   000E36                     B1D0            equ	3638	;# 
  1874   000E37                     B1D1            equ	3639	;# 
  1875   000E38                     B1D2            equ	3640	;# 
  1876   000E39                     B1D3            equ	3641	;# 
  1877   000E3A                     B1D4            equ	3642	;# 
  1878   000E3B                     B1D5            equ	3643	;# 
  1879   000E3C                     B1D6            equ	3644	;# 
  1880   000E3D                     B1D7            equ	3645	;# 
  1881   000E3E                     CANSTAT_RO8     equ	3646	;# 
  1882   000E3F                     CANCON_RO8      equ	3647	;# 
  1883   000E40                     B2CON           equ	3648	;# 
  1884   000E41                     B2SIDH          equ	3649	;# 
  1885   000E42                     B2SIDL          equ	3650	;# 
  1886   000E43                     B2EIDH          equ	3651	;# 
  1887   000E44                     B2EIDL          equ	3652	;# 
  1888   000E45                     B2DLC           equ	3653	;# 
  1889   000E46                     B2D0            equ	3654	;# 
  1890   000E47                     B2D1            equ	3655	;# 
  1891   000E48                     B2D2            equ	3656	;# 
  1892   000E49                     B2D3            equ	3657	;# 
  1893   000E4A                     B2D4            equ	3658	;# 
  1894   000E4B                     B2D5            equ	3659	;# 
  1895   000E4C                     B2D6            equ	3660	;# 
  1896   000E4D                     B2D7            equ	3661	;# 
  1897   000E4E                     CANSTAT_RO7     equ	3662	;# 
  1898   000E4F                     CANCON_RO7      equ	3663	;# 
  1899   000E50                     B3CON           equ	3664	;# 
  1900   000E51                     B3SIDH          equ	3665	;# 
  1901   000E52                     B3SIDL          equ	3666	;# 
  1902   000E53                     B3EIDH          equ	3667	;# 
  1903   000E54                     B3EIDL          equ	3668	;# 
  1904   000E55                     B3DLC           equ	3669	;# 
  1905   000E56                     B3D0            equ	3670	;# 
  1906   000E57                     B3D1            equ	3671	;# 
  1907   000E58                     B3D2            equ	3672	;# 
  1908   000E59                     B3D3            equ	3673	;# 
  1909   000E5A                     B3D4            equ	3674	;# 
  1910   000E5B                     B3D5            equ	3675	;# 
  1911   000E5C                     B3D6            equ	3676	;# 
  1912   000E5D                     B3D7            equ	3677	;# 
  1913   000E5E                     CANSTAT_RO6     equ	3678	;# 
  1914   000E5F                     CANCON_RO6      equ	3679	;# 
  1915   000E60                     B4CON           equ	3680	;# 
  1916   000E61                     B4SIDH          equ	3681	;# 
  1917   000E62                     B4SIDL          equ	3682	;# 
  1918   000E63                     B4EIDH          equ	3683	;# 
  1919   000E64                     B4EIDL          equ	3684	;# 
  1920   000E65                     B4DLC           equ	3685	;# 
  1921   000E66                     B4D0            equ	3686	;# 
  1922   000E67                     B4D1            equ	3687	;# 
  1923   000E68                     B4D2            equ	3688	;# 
  1924   000E69                     B4D3            equ	3689	;# 
  1925   000E6A                     B4D4            equ	3690	;# 
  1926   000E6B                     B4D5            equ	3691	;# 
  1927   000E6C                     B4D6            equ	3692	;# 
  1928   000E6D                     B4D7            equ	3693	;# 
  1929   000E6E                     CANSTAT_RO5     equ	3694	;# 
  1930   000E6F                     CANCON_RO5      equ	3695	;# 
  1931   000E70                     B5CON           equ	3696	;# 
  1932   000E71                     B5SIDH          equ	3697	;# 
  1933   000E72                     B5SIDL          equ	3698	;# 
  1934   000E73                     B5EIDH          equ	3699	;# 
  1935   000E74                     B5EIDL          equ	3700	;# 
  1936   000E75                     B5DLC           equ	3701	;# 
  1937   000E76                     B5D0            equ	3702	;# 
  1938   000E77                     B5D1            equ	3703	;# 
  1939   000E78                     B5D2            equ	3704	;# 
  1940   000E79                     B5D3            equ	3705	;# 
  1941   000E7A                     B5D4            equ	3706	;# 
  1942   000E7B                     B5D5            equ	3707	;# 
  1943   000E7C                     B5D6            equ	3708	;# 
  1944   000E7D                     B5D7            equ	3709	;# 
  1945   000E7E                     CANSTAT_RO4     equ	3710	;# 
  1946   000E7F                     CANCON_RO4      equ	3711	;# 
  1947   000F00                     RXF0SIDH        equ	3840	;# 
  1948   000F01                     RXF0SIDL        equ	3841	;# 
  1949   000F02                     RXF0EIDH        equ	3842	;# 
  1950   000F03                     RXF0EIDL        equ	3843	;# 
  1951   000F04                     RXF1SIDH        equ	3844	;# 
  1952   000F05                     RXF1SIDL        equ	3845	;# 
  1953   000F06                     RXF1EIDH        equ	3846	;# 
  1954   000F07                     RXF1EIDL        equ	3847	;# 
  1955   000F08                     RXF2SIDH        equ	3848	;# 
  1956   000F09                     RXF2SIDL        equ	3849	;# 
  1957   000F0A                     RXF2EIDH        equ	3850	;# 
  1958   000F0B                     RXF2EIDL        equ	3851	;# 
  1959   000F0C                     RXF3SIDH        equ	3852	;# 
  1960   000F0D                     RXF3SIDL        equ	3853	;# 
  1961   000F0E                     RXF3EIDH        equ	3854	;# 
  1962   000F0F                     RXF3EIDL        equ	3855	;# 
  1963   000F10                     RXF4SIDH        equ	3856	;# 
  1964   000F11                     RXF4SIDL        equ	3857	;# 
  1965   000F12                     RXF4EIDH        equ	3858	;# 
  1966   000F13                     RXF4EIDL        equ	3859	;# 
  1967   000F14                     RXF5SIDH        equ	3860	;# 
  1968   000F15                     RXF5SIDL        equ	3861	;# 
  1969   000F16                     RXF5EIDH        equ	3862	;# 
  1970   000F17                     RXF5EIDL        equ	3863	;# 
  1971   000F18                     RXM0SIDH        equ	3864	;# 
  1972   000F19                     RXM0SIDL        equ	3865	;# 
  1973   000F1A                     RXM0EIDH        equ	3866	;# 
  1974   000F1B                     RXM0EIDL        equ	3867	;# 
  1975   000F1C                     RXM1SIDH        equ	3868	;# 
  1976   000F1D                     RXM1SIDL        equ	3869	;# 
  1977   000F1E                     RXM1EIDH        equ	3870	;# 
  1978   000F1F                     RXM1EIDL        equ	3871	;# 
  1979   000F20                     TXB2CON         equ	3872	;# 
  1980   000F21                     TXB2SIDH        equ	3873	;# 
  1981   000F22                     TXB2SIDL        equ	3874	;# 
  1982   000F23                     TXB2EIDH        equ	3875	;# 
  1983   000F24                     TXB2EIDL        equ	3876	;# 
  1984   000F25                     TXB2DLC         equ	3877	;# 
  1985   000F26                     TXB2D0          equ	3878	;# 
  1986   000F27                     TXB2D1          equ	3879	;# 
  1987   000F28                     TXB2D2          equ	3880	;# 
  1988   000F29                     TXB2D3          equ	3881	;# 
  1989   000F2A                     TXB2D4          equ	3882	;# 
  1990   000F2B                     TXB2D5          equ	3883	;# 
  1991   000F2C                     TXB2D6          equ	3884	;# 
  1992   000F2D                     TXB2D7          equ	3885	;# 
  1993   000F2E                     CANSTAT_RO3     equ	3886	;# 
  1994   000F2F                     CANCON_RO3      equ	3887	;# 
  1995   000F30                     TXB1CON         equ	3888	;# 
  1996   000F31                     TXB1SIDH        equ	3889	;# 
  1997   000F32                     TXB1SIDL        equ	3890	;# 
  1998   000F33                     TXB1EIDH        equ	3891	;# 
  1999   000F34                     TXB1EIDL        equ	3892	;# 
  2000   000F35                     TXB1DLC         equ	3893	;# 
  2001   000F36                     TXB1D0          equ	3894	;# 
  2002   000F37                     TXB1D1          equ	3895	;# 
  2003   000F38                     TXB1D2          equ	3896	;# 
  2004   000F39                     TXB1D3          equ	3897	;# 
  2005   000F3A                     TXB1D4          equ	3898	;# 
  2006   000F3B                     TXB1D5          equ	3899	;# 
  2007   000F3C                     TXB1D6          equ	3900	;# 
  2008   000F3D                     TXB1D7          equ	3901	;# 
  2009   000F3E                     CANSTAT_RO2     equ	3902	;# 
  2010   000F3F                     CANCON_RO2      equ	3903	;# 
  2011   000F40                     TXB0CON         equ	3904	;# 
  2012   000F41                     TXB0SIDH        equ	3905	;# 
  2013   000F42                     TXB0SIDL        equ	3906	;# 
  2014   000F43                     TXB0EIDH        equ	3907	;# 
  2015   000F44                     TXB0EIDL        equ	3908	;# 
  2016   000F45                     TXB0DLC         equ	3909	;# 
  2017   000F46                     TXB0D0          equ	3910	;# 
  2018   000F47                     TXB0D1          equ	3911	;# 
  2019   000F48                     TXB0D2          equ	3912	;# 
  2020   000F49                     TXB0D3          equ	3913	;# 
  2021   000F4A                     TXB0D4          equ	3914	;# 
  2022   000F4B                     TXB0D5          equ	3915	;# 
  2023   000F4C                     TXB0D6          equ	3916	;# 
  2024   000F4D                     TXB0D7          equ	3917	;# 
  2025   000F4E                     CANSTAT_RO1     equ	3918	;# 
  2026   000F4F                     CANCON_RO1      equ	3919	;# 
  2027   000F50                     RXB1CON         equ	3920	;# 
  2028   000F51                     RXB1SIDH        equ	3921	;# 
  2029   000F52                     RXB1SIDL        equ	3922	;# 
  2030   000F53                     RXB1EIDH        equ	3923	;# 
  2031   000F54                     RXB1EIDL        equ	3924	;# 
  2032   000F55                     RXB1DLC         equ	3925	;# 
  2033   000F56                     RXB1D0          equ	3926	;# 
  2034   000F57                     RXB1D1          equ	3927	;# 
  2035   000F58                     RXB1D2          equ	3928	;# 
  2036   000F59                     RXB1D3          equ	3929	;# 
  2037   000F5A                     RXB1D4          equ	3930	;# 
  2038   000F5B                     RXB1D5          equ	3931	;# 
  2039   000F5C                     RXB1D6          equ	3932	;# 
  2040   000F5D                     RXB1D7          equ	3933	;# 
  2041   000F5E                     CANSTAT_RO0     equ	3934	;# 
  2042   000F5F                     CANCON_RO0      equ	3935	;# 
  2043   000F60                     RXB0CON         equ	3936	;# 
  2044   000F61                     RXB0SIDH        equ	3937	;# 
  2045   000F62                     RXB0SIDL        equ	3938	;# 
  2046   000F63                     RXB0EIDH        equ	3939	;# 
  2047   000F64                     RXB0EIDL        equ	3940	;# 
  2048   000F65                     RXB0DLC         equ	3941	;# 
  2049   000F66                     RXB0D0          equ	3942	;# 
  2050   000F67                     RXB0D1          equ	3943	;# 
  2051   000F68                     RXB0D2          equ	3944	;# 
  2052   000F69                     RXB0D3          equ	3945	;# 
  2053   000F6A                     RXB0D4          equ	3946	;# 
  2054   000F6B                     RXB0D5          equ	3947	;# 
  2055   000F6C                     RXB0D6          equ	3948	;# 
  2056   000F6D                     RXB0D7          equ	3949	;# 
  2057   000F6E                     CANSTAT         equ	3950	;# 
  2058   000F6F                     CANCON          equ	3951	;# 
  2059   000F70                     BRGCON1         equ	3952	;# 
  2060   000F71                     BRGCON2         equ	3953	;# 
  2061   000F72                     BRGCON3         equ	3954	;# 
  2062   000F73                     CIOCON          equ	3955	;# 
  2063   000F74                     COMSTAT         equ	3956	;# 
  2064   000F75                     RXERRCNT        equ	3957	;# 
  2065   000F76                     TXERRCNT        equ	3958	;# 
  2066   000F77                     ECANCON         equ	3959	;# 
  2067   000F80                     PORTA           equ	3968	;# 
  2068   000F81                     PORTB           equ	3969	;# 
  2069   000F82                     PORTC           equ	3970	;# 
  2070   000F83                     PORTD           equ	3971	;# 
  2071   000F84                     PORTE           equ	3972	;# 
  2072   000F89                     LATA            equ	3977	;# 
  2073   000F8A                     LATB            equ	3978	;# 
  2074   000F8B                     LATC            equ	3979	;# 
  2075   000F8C                     LATD            equ	3980	;# 
  2076   000F8D                     LATE            equ	3981	;# 
  2077   000F92                     TRISA           equ	3986	;# 
  2078   000F92                     DDRA            equ	3986	;# 
  2079   000F93                     TRISB           equ	3987	;# 
  2080   000F93                     DDRB            equ	3987	;# 
  2081   000F94                     TRISC           equ	3988	;# 
  2082   000F94                     DDRC            equ	3988	;# 
  2083   000F95                     TRISD           equ	3989	;# 
  2084   000F95                     DDRD            equ	3989	;# 
  2085   000F96                     TRISE           equ	3990	;# 
  2086   000F96                     DDRE            equ	3990	;# 
  2087   000F9B                     OSCTUNE         equ	3995	;# 
  2088   000F9D                     PIE1            equ	3997	;# 
  2089   000F9E                     PIR1            equ	3998	;# 
  2090   000F9F                     IPR1            equ	3999	;# 
  2091   000FA0                     PIE2            equ	4000	;# 
  2092   000FA1                     PIR2            equ	4001	;# 
  2093   000FA2                     IPR2            equ	4002	;# 
  2094   000FA3                     PIE3            equ	4003	;# 
  2095   000FA4                     PIR3            equ	4004	;# 
  2096   000FA5                     IPR3            equ	4005	;# 
  2097   000FA6                     EECON1          equ	4006	;# 
  2098   000FA7                     EECON2          equ	4007	;# 
  2099   000FA8                     EEDATA          equ	4008	;# 
  2100   000FA9                     EEADR           equ	4009	;# 
  2101   000FAB                     RCSTA           equ	4011	;# 
  2102   000FAB                     RCSTA1          equ	4011	;# 
  2103   000FAC                     TXSTA           equ	4012	;# 
  2104   000FAC                     TXSTA1          equ	4012	;# 
  2105   000FAD                     TXREG           equ	4013	;# 
  2106   000FAD                     TXREG1          equ	4013	;# 
  2107   000FAE                     RCREG           equ	4014	;# 
  2108   000FAE                     RCREG1          equ	4014	;# 
  2109   000FAF                     SPBRG           equ	4015	;# 
  2110   000FAF                     SPBRG1          equ	4015	;# 
  2111   000FB0                     SPBRGH          equ	4016	;# 
  2112   000FB1                     T3CON           equ	4017	;# 
  2113   000FB2                     TMR3            equ	4018	;# 
  2114   000FB2                     TMR3L           equ	4018	;# 
  2115   000FB3                     TMR3H           equ	4019	;# 
  2116   000FB4                     CMCON           equ	4020	;# 
  2117   000FB5                     CVRCON          equ	4021	;# 
  2118   000FB6                     ECCP1AS         equ	4022	;# 
  2119   000FB7                     ECCP1DEL        equ	4023	;# 
  2120   000FB8                     BAUDCON         equ	4024	;# 
  2121   000FB8                     BAUDCTL         equ	4024	;# 
  2122   000FBA                     ECCP1CON        equ	4026	;# 
  2123   000FBB                     ECCPR1          equ	4027	;# 
  2124   000FBB                     ECCPR1L         equ	4027	;# 
  2125   000FBC                     ECCPR1H         equ	4028	;# 
  2126   000FBD                     CCP1CON         equ	4029	;# 
  2127   000FBE                     CCPR1           equ	4030	;# 
  2128   000FBE                     CCPR1L          equ	4030	;# 
  2129   000FBF                     CCPR1H          equ	4031	;# 
  2130   000FC0                     ADCON2          equ	4032	;# 
  2131   000FC1                     ADCON1          equ	4033	;# 
  2132   000FC2                     ADCON0          equ	4034	;# 
  2133   000FC3                     ADRES           equ	4035	;# 
  2134   000FC3                     ADRESL          equ	4035	;# 
  2135   000FC4                     ADRESH          equ	4036	;# 
  2136   000FC5                     SSPCON2         equ	4037	;# 
  2137   000FC6                     SSPCON1         equ	4038	;# 
  2138   000FC7                     SSPSTAT         equ	4039	;# 
  2139   000FC8                     SSPADD          equ	4040	;# 
  2140   000FC9                     SSPBUF          equ	4041	;# 
  2141   000FCA                     T2CON           equ	4042	;# 
  2142   000FCB                     PR2             equ	4043	;# 
  2143   000FCB                     MEMCON          equ	4043	;# 
  2144   000FCC                     TMR2            equ	4044	;# 
  2145   000FCD                     T1CON           equ	4045	;# 
  2146   000FCE                     TMR1            equ	4046	;# 
  2147   000FCE                     TMR1L           equ	4046	;# 
  2148   000FCF                     TMR1H           equ	4047	;# 
  2149   000FD0                     RCON            equ	4048	;# 
  2150   000FD1                     WDTCON          equ	4049	;# 
  2151   000FD2                     HLVDCON         equ	4050	;# 
  2152   000FD2                     LVDCON          equ	4050	;# 
  2153   000FD3                     OSCCON          equ	4051	;# 
  2154   000FD5                     T0CON           equ	4053	;# 
  2155   000FD6                     TMR0            equ	4054	;# 
  2156   000FD6                     TMR0L           equ	4054	;# 
  2157   000FD7                     TMR0H           equ	4055	;# 
  2158   000FD8                     STATUS          equ	4056	;# 
  2159   000FD9                     FSR2            equ	4057	;# 
  2160   000FD9                     FSR2L           equ	4057	;# 
  2161   000FDA                     FSR2H           equ	4058	;# 
  2162   000FDB                     PLUSW2          equ	4059	;# 
  2163   000FDC                     PREINC2         equ	4060	;# 
  2164   000FDD                     POSTDEC2        equ	4061	;# 
  2165   000FDE                     POSTINC2        equ	4062	;# 
  2166   000FDF                     INDF2           equ	4063	;# 
  2167   000FE0                     BSR             equ	4064	;# 
  2168   000FE1                     FSR1            equ	4065	;# 
  2169   000FE1                     FSR1L           equ	4065	;# 
  2170   000FE2                     FSR1H           equ	4066	;# 
  2171   000FE3                     PLUSW1          equ	4067	;# 
  2172   000FE4                     PREINC1         equ	4068	;# 
  2173   000FE5                     POSTDEC1        equ	4069	;# 
  2174   000FE6                     POSTINC1        equ	4070	;# 
  2175   000FE7                     INDF1           equ	4071	;# 
  2176   000FE8                     WREG            equ	4072	;# 
  2177   000FE9                     FSR0            equ	4073	;# 
  2178   000FE9                     FSR0L           equ	4073	;# 
  2179   000FEA                     FSR0H           equ	4074	;# 
  2180   000FEB                     PLUSW0          equ	4075	;# 
  2181   000FEC                     PREINC0         equ	4076	;# 
  2182   000FED                     POSTDEC0        equ	4077	;# 
  2183   000FEE                     POSTINC0        equ	4078	;# 
  2184   000FEF                     INDF0           equ	4079	;# 
  2185   000FF0                     INTCON3         equ	4080	;# 
  2186   000FF1                     INTCON2         equ	4081	;# 
  2187   000FF2                     INTCON          equ	4082	;# 
  2188   000FF3                     PROD            equ	4083	;# 
  2189   000FF3                     PRODL           equ	4083	;# 
  2190   000FF4                     PRODH           equ	4084	;# 
  2191   000FF5                     TABLAT          equ	4085	;# 
  2192   000FF6                     TBLPTR          equ	4086	;# 
  2193   000FF6                     TBLPTRL         equ	4086	;# 
  2194   000FF7                     TBLPTRH         equ	4087	;# 
  2195   000FF8                     TBLPTRU         equ	4088	;# 
  2196   000FF9                     PCLAT           equ	4089	;# 
  2197   000FF9                     PC              equ	4089	;# 
  2198   000FF9                     PCL             equ	4089	;# 
  2199   000FFA                     PCLATH          equ	4090	;# 
  2200   000FFB                     PCLATU          equ	4091	;# 
  2201   000FFC                     STKPTR          equ	4092	;# 
  2202   000FFD                     TOS             equ	4093	;# 
  2203   000FFD                     TOSL            equ	4093	;# 
  2204   000FFE                     TOSH            equ	4094	;# 
  2205   000FFF                     TOSU            equ	4095	;# 
  2206   000D60                     RXF6SIDH        equ	3424	;# 
  2207   000D61                     RXF6SIDL        equ	3425	;# 
  2208   000D62                     RXF6EIDH        equ	3426	;# 
  2209   000D63                     RXF6EIDL        equ	3427	;# 
  2210   000D64                     RXF7SIDH        equ	3428	;# 
  2211   000D65                     RXF7SIDL        equ	3429	;# 
  2212   000D66                     RXF7EIDH        equ	3430	;# 
  2213   000D67                     RXF7EIDL        equ	3431	;# 
  2214   000D68                     RXF8SIDH        equ	3432	;# 
  2215   000D69                     RXF8SIDL        equ	3433	;# 
  2216   000D6A                     RXF8EIDH        equ	3434	;# 
  2217   000D6B                     RXF8EIDL        equ	3435	;# 
  2218   000D70                     RXF9SIDH        equ	3440	;# 
  2219   000D71                     RXF9SIDL        equ	3441	;# 
  2220   000D72                     RXF9EIDH        equ	3442	;# 
  2221   000D73                     RXF9EIDL        equ	3443	;# 
  2222   000D74                     RXF10SIDH       equ	3444	;# 
  2223   000D75                     RXF10SIDL       equ	3445	;# 
  2224   000D76                     RXF10EIDH       equ	3446	;# 
  2225   000D77                     RXF10EIDL       equ	3447	;# 
  2226   000D78                     RXF11SIDH       equ	3448	;# 
  2227   000D79                     RXF11SIDL       equ	3449	;# 
  2228   000D7A                     RXF11EIDH       equ	3450	;# 
  2229   000D7B                     RXF11EIDL       equ	3451	;# 
  2230   000D80                     RXF12SIDH       equ	3456	;# 
  2231   000D81                     RXF12SIDL       equ	3457	;# 
  2232   000D82                     RXF12EIDH       equ	3458	;# 
  2233   000D83                     RXF12EIDL       equ	3459	;# 
  2234   000D84                     RXF13SIDH       equ	3460	;# 
  2235   000D85                     RXF13SIDL       equ	3461	;# 
  2236   000D86                     RXF13EIDH       equ	3462	;# 
  2237   000D87                     RXF13EIDL       equ	3463	;# 
  2238   000D88                     RXF14SIDH       equ	3464	;# 
  2239   000D89                     RXF14SIDL       equ	3465	;# 
  2240   000D8A                     RXF14EIDH       equ	3466	;# 
  2241   000D8B                     RXF14EIDL       equ	3467	;# 
  2242   000D90                     RXF15SIDH       equ	3472	;# 
  2243   000D91                     RXF15SIDL       equ	3473	;# 
  2244   000D92                     RXF15EIDH       equ	3474	;# 
  2245   000D93                     RXF15EIDL       equ	3475	;# 
  2246   000DD4                     RXFCON0         equ	3540	;# 
  2247   000DD5                     RXFCON1         equ	3541	;# 
  2248   000DD8                     SDFLC           equ	3544	;# 
  2249   000DE0                     RXFBCON0        equ	3552	;# 
  2250   000DE1                     RXFBCON1        equ	3553	;# 
  2251   000DE2                     RXFBCON2        equ	3554	;# 
  2252   000DE3                     RXFBCON3        equ	3555	;# 
  2253   000DE4                     RXFBCON4        equ	3556	;# 
  2254   000DE5                     RXFBCON5        equ	3557	;# 
  2255   000DE6                     RXFBCON6        equ	3558	;# 
  2256   000DE7                     RXFBCON7        equ	3559	;# 
  2257   000DF0                     MSEL0           equ	3568	;# 
  2258   000DF1                     MSEL1           equ	3569	;# 
  2259   000DF2                     MSEL2           equ	3570	;# 
  2260   000DF3                     MSEL3           equ	3571	;# 
  2261   000DF8                     BSEL0           equ	3576	;# 
  2262   000DFA                     BIE0            equ	3578	;# 
  2263   000DFC                     TXBIE           equ	3580	;# 
  2264   000E20                     B0CON           equ	3616	;# 
  2265   000E21                     B0SIDH          equ	3617	;# 
  2266   000E22                     B0SIDL          equ	3618	;# 
  2267   000E23                     B0EIDH          equ	3619	;# 
  2268   000E24                     B0EIDL          equ	3620	;# 
  2269   000E25                     B0DLC           equ	3621	;# 
  2270   000E26                     B0D0            equ	3622	;# 
  2271   000E27                     B0D1            equ	3623	;# 
  2272   000E28                     B0D2            equ	3624	;# 
  2273   000E29                     B0D3            equ	3625	;# 
  2274   000E2A                     B0D4            equ	3626	;# 
  2275   000E2B                     B0D5            equ	3627	;# 
  2276   000E2C                     B0D6            equ	3628	;# 
  2277   000E2D                     B0D7            equ	3629	;# 
  2278   000E2E                     CANSTAT_RO9     equ	3630	;# 
  2279   000E2F                     CANCON_RO9      equ	3631	;# 
  2280   000E30                     B1CON           equ	3632	;# 
  2281   000E31                     B1SIDH          equ	3633	;# 
  2282   000E32                     B1SIDL          equ	3634	;# 
  2283   000E33                     B1EIDH          equ	3635	;# 
  2284   000E34                     B1EIDL          equ	3636	;# 
  2285   000E35                     B1DLC           equ	3637	;# 
  2286   000E36                     B1D0            equ	3638	;# 
  2287   000E37                     B1D1            equ	3639	;# 
  2288   000E38                     B1D2            equ	3640	;# 
  2289   000E39                     B1D3            equ	3641	;# 
  2290   000E3A                     B1D4            equ	3642	;# 
  2291   000E3B                     B1D5            equ	3643	;# 
  2292   000E3C                     B1D6            equ	3644	;# 
  2293   000E3D                     B1D7            equ	3645	;# 
  2294   000E3E                     CANSTAT_RO8     equ	3646	;# 
  2295   000E3F                     CANCON_RO8      equ	3647	;# 
  2296   000E40                     B2CON           equ	3648	;# 
  2297   000E41                     B2SIDH          equ	3649	;# 
  2298   000E42                     B2SIDL          equ	3650	;# 
  2299   000E43                     B2EIDH          equ	3651	;# 
  2300   000E44                     B2EIDL          equ	3652	;# 
  2301   000E45                     B2DLC           equ	3653	;# 
  2302   000E46                     B2D0            equ	3654	;# 
  2303   000E47                     B2D1            equ	3655	;# 
  2304   000E48                     B2D2            equ	3656	;# 
  2305   000E49                     B2D3            equ	3657	;# 
  2306   000E4A                     B2D4            equ	3658	;# 
  2307   000E4B                     B2D5            equ	3659	;# 
  2308   000E4C                     B2D6            equ	3660	;# 
  2309   000E4D                     B2D7            equ	3661	;# 
  2310   000E4E                     CANSTAT_RO7     equ	3662	;# 
  2311   000E4F                     CANCON_RO7      equ	3663	;# 
  2312   000E50                     B3CON           equ	3664	;# 
  2313   000E51                     B3SIDH          equ	3665	;# 
  2314   000E52                     B3SIDL          equ	3666	;# 
  2315   000E53                     B3EIDH          equ	3667	;# 
  2316   000E54                     B3EIDL          equ	3668	;# 
  2317   000E55                     B3DLC           equ	3669	;# 
  2318   000E56                     B3D0            equ	3670	;# 
  2319   000E57                     B3D1            equ	3671	;# 
  2320   000E58                     B3D2            equ	3672	;# 
  2321   000E59                     B3D3            equ	3673	;# 
  2322   000E5A                     B3D4            equ	3674	;# 
  2323   000E5B                     B3D5            equ	3675	;# 
  2324   000E5C                     B3D6            equ	3676	;# 
  2325   000E5D                     B3D7            equ	3677	;# 
  2326   000E5E                     CANSTAT_RO6     equ	3678	;# 
  2327   000E5F                     CANCON_RO6      equ	3679	;# 
  2328   000E60                     B4CON           equ	3680	;# 
  2329   000E61                     B4SIDH          equ	3681	;# 
  2330   000E62                     B4SIDL          equ	3682	;# 
  2331   000E63                     B4EIDH          equ	3683	;# 
  2332   000E64                     B4EIDL          equ	3684	;# 
  2333   000E65                     B4DLC           equ	3685	;# 
  2334   000E66                     B4D0            equ	3686	;# 
  2335   000E67                     B4D1            equ	3687	;# 
  2336   000E68                     B4D2            equ	3688	;# 
  2337   000E69                     B4D3            equ	3689	;# 
  2338   000E6A                     B4D4            equ	3690	;# 
  2339   000E6B                     B4D5            equ	3691	;# 
  2340   000E6C                     B4D6            equ	3692	;# 
  2341   000E6D                     B4D7            equ	3693	;# 
  2342   000E6E                     CANSTAT_RO5     equ	3694	;# 
  2343   000E6F                     CANCON_RO5      equ	3695	;# 
  2344   000E70                     B5CON           equ	3696	;# 
  2345   000E71                     B5SIDH          equ	3697	;# 
  2346   000E72                     B5SIDL          equ	3698	;# 
  2347   000E73                     B5EIDH          equ	3699	;# 
  2348   000E74                     B5EIDL          equ	3700	;# 
  2349   000E75                     B5DLC           equ	3701	;# 
  2350   000E76                     B5D0            equ	3702	;# 
  2351   000E77                     B5D1            equ	3703	;# 
  2352   000E78                     B5D2            equ	3704	;# 
  2353   000E79                     B5D3            equ	3705	;# 
  2354   000E7A                     B5D4            equ	3706	;# 
  2355   000E7B                     B5D5            equ	3707	;# 
  2356   000E7C                     B5D6            equ	3708	;# 
  2357   000E7D                     B5D7            equ	3709	;# 
  2358   000E7E                     CANSTAT_RO4     equ	3710	;# 
  2359   000E7F                     CANCON_RO4      equ	3711	;# 
  2360   000F00                     RXF0SIDH        equ	3840	;# 
  2361   000F01                     RXF0SIDL        equ	3841	;# 
  2362   000F02                     RXF0EIDH        equ	3842	;# 
  2363   000F03                     RXF0EIDL        equ	3843	;# 
  2364   000F04                     RXF1SIDH        equ	3844	;# 
  2365   000F05                     RXF1SIDL        equ	3845	;# 
  2366   000F06                     RXF1EIDH        equ	3846	;# 
  2367   000F07                     RXF1EIDL        equ	3847	;# 
  2368   000F08                     RXF2SIDH        equ	3848	;# 
  2369   000F09                     RXF2SIDL        equ	3849	;# 
  2370   000F0A                     RXF2EIDH        equ	3850	;# 
  2371   000F0B                     RXF2EIDL        equ	3851	;# 
  2372   000F0C                     RXF3SIDH        equ	3852	;# 
  2373   000F0D                     RXF3SIDL        equ	3853	;# 
  2374   000F0E                     RXF3EIDH        equ	3854	;# 
  2375   000F0F                     RXF3EIDL        equ	3855	;# 
  2376   000F10                     RXF4SIDH        equ	3856	;# 
  2377   000F11                     RXF4SIDL        equ	3857	;# 
  2378   000F12                     RXF4EIDH        equ	3858	;# 
  2379   000F13                     RXF4EIDL        equ	3859	;# 
  2380   000F14                     RXF5SIDH        equ	3860	;# 
  2381   000F15                     RXF5SIDL        equ	3861	;# 
  2382   000F16                     RXF5EIDH        equ	3862	;# 
  2383   000F17                     RXF5EIDL        equ	3863	;# 
  2384   000F18                     RXM0SIDH        equ	3864	;# 
  2385   000F19                     RXM0SIDL        equ	3865	;# 
  2386   000F1A                     RXM0EIDH        equ	3866	;# 
  2387   000F1B                     RXM0EIDL        equ	3867	;# 
  2388   000F1C                     RXM1SIDH        equ	3868	;# 
  2389   000F1D                     RXM1SIDL        equ	3869	;# 
  2390   000F1E                     RXM1EIDH        equ	3870	;# 
  2391   000F1F                     RXM1EIDL        equ	3871	;# 
  2392   000F20                     TXB2CON         equ	3872	;# 
  2393   000F21                     TXB2SIDH        equ	3873	;# 
  2394   000F22                     TXB2SIDL        equ	3874	;# 
  2395   000F23                     TXB2EIDH        equ	3875	;# 
  2396   000F24                     TXB2EIDL        equ	3876	;# 
  2397   000F25                     TXB2DLC         equ	3877	;# 
  2398   000F26                     TXB2D0          equ	3878	;# 
  2399   000F27                     TXB2D1          equ	3879	;# 
  2400   000F28                     TXB2D2          equ	3880	;# 
  2401   000F29                     TXB2D3          equ	3881	;# 
  2402   000F2A                     TXB2D4          equ	3882	;# 
  2403   000F2B                     TXB2D5          equ	3883	;# 
  2404   000F2C                     TXB2D6          equ	3884	;# 
  2405   000F2D                     TXB2D7          equ	3885	;# 
  2406   000F2E                     CANSTAT_RO3     equ	3886	;# 
  2407   000F2F                     CANCON_RO3      equ	3887	;# 
  2408   000F30                     TXB1CON         equ	3888	;# 
  2409   000F31                     TXB1SIDH        equ	3889	;# 
  2410   000F32                     TXB1SIDL        equ	3890	;# 
  2411   000F33                     TXB1EIDH        equ	3891	;# 
  2412   000F34                     TXB1EIDL        equ	3892	;# 
  2413   000F35                     TXB1DLC         equ	3893	;# 
  2414   000F36                     TXB1D0          equ	3894	;# 
  2415   000F37                     TXB1D1          equ	3895	;# 
  2416   000F38                     TXB1D2          equ	3896	;# 
  2417   000F39                     TXB1D3          equ	3897	;# 
  2418   000F3A                     TXB1D4          equ	3898	;# 
  2419   000F3B                     TXB1D5          equ	3899	;# 
  2420   000F3C                     TXB1D6          equ	3900	;# 
  2421   000F3D                     TXB1D7          equ	3901	;# 
  2422   000F3E                     CANSTAT_RO2     equ	3902	;# 
  2423   000F3F                     CANCON_RO2      equ	3903	;# 
  2424   000F40                     TXB0CON         equ	3904	;# 
  2425   000F41                     TXB0SIDH        equ	3905	;# 
  2426   000F42                     TXB0SIDL        equ	3906	;# 
  2427   000F43                     TXB0EIDH        equ	3907	;# 
  2428   000F44                     TXB0EIDL        equ	3908	;# 
  2429   000F45                     TXB0DLC         equ	3909	;# 
  2430   000F46                     TXB0D0          equ	3910	;# 
  2431   000F47                     TXB0D1          equ	3911	;# 
  2432   000F48                     TXB0D2          equ	3912	;# 
  2433   000F49                     TXB0D3          equ	3913	;# 
  2434   000F4A                     TXB0D4          equ	3914	;# 
  2435   000F4B                     TXB0D5          equ	3915	;# 
  2436   000F4C                     TXB0D6          equ	3916	;# 
  2437   000F4D                     TXB0D7          equ	3917	;# 
  2438   000F4E                     CANSTAT_RO1     equ	3918	;# 
  2439   000F4F                     CANCON_RO1      equ	3919	;# 
  2440   000F50                     RXB1CON         equ	3920	;# 
  2441   000F51                     RXB1SIDH        equ	3921	;# 
  2442   000F52                     RXB1SIDL        equ	3922	;# 
  2443   000F53                     RXB1EIDH        equ	3923	;# 
  2444   000F54                     RXB1EIDL        equ	3924	;# 
  2445   000F55                     RXB1DLC         equ	3925	;# 
  2446   000F56                     RXB1D0          equ	3926	;# 
  2447   000F57                     RXB1D1          equ	3927	;# 
  2448   000F58                     RXB1D2          equ	3928	;# 
  2449   000F59                     RXB1D3          equ	3929	;# 
  2450   000F5A                     RXB1D4          equ	3930	;# 
  2451   000F5B                     RXB1D5          equ	3931	;# 
  2452   000F5C                     RXB1D6          equ	3932	;# 
  2453   000F5D                     RXB1D7          equ	3933	;# 
  2454   000F5E                     CANSTAT_RO0     equ	3934	;# 
  2455   000F5F                     CANCON_RO0      equ	3935	;# 
  2456   000F60                     RXB0CON         equ	3936	;# 
  2457   000F61                     RXB0SIDH        equ	3937	;# 
  2458   000F62                     RXB0SIDL        equ	3938	;# 
  2459   000F63                     RXB0EIDH        equ	3939	;# 
  2460   000F64                     RXB0EIDL        equ	3940	;# 
  2461   000F65                     RXB0DLC         equ	3941	;# 
  2462   000F66                     RXB0D0          equ	3942	;# 
  2463   000F67                     RXB0D1          equ	3943	;# 
  2464   000F68                     RXB0D2          equ	3944	;# 
  2465   000F69                     RXB0D3          equ	3945	;# 
  2466   000F6A                     RXB0D4          equ	3946	;# 
  2467   000F6B                     RXB0D5          equ	3947	;# 
  2468   000F6C                     RXB0D6          equ	3948	;# 
  2469   000F6D                     RXB0D7          equ	3949	;# 
  2470   000F6E                     CANSTAT         equ	3950	;# 
  2471   000F6F                     CANCON          equ	3951	;# 
  2472   000F70                     BRGCON1         equ	3952	;# 
  2473   000F71                     BRGCON2         equ	3953	;# 
  2474   000F72                     BRGCON3         equ	3954	;# 
  2475   000F73                     CIOCON          equ	3955	;# 
  2476   000F74                     COMSTAT         equ	3956	;# 
  2477   000F75                     RXERRCNT        equ	3957	;# 
  2478   000F76                     TXERRCNT        equ	3958	;# 
  2479   000F77                     ECANCON         equ	3959	;# 
  2480   000F80                     PORTA           equ	3968	;# 
  2481   000F81                     PORTB           equ	3969	;# 
  2482   000F82                     PORTC           equ	3970	;# 
  2483   000F83                     PORTD           equ	3971	;# 
  2484   000F84                     PORTE           equ	3972	;# 
  2485   000F89                     LATA            equ	3977	;# 
  2486   000F8A                     LATB            equ	3978	;# 
  2487   000F8B                     LATC            equ	3979	;# 
  2488   000F8C                     LATD            equ	3980	;# 
  2489   000F8D                     LATE            equ	3981	;# 
  2490   000F92                     TRISA           equ	3986	;# 
  2491   000F92                     DDRA            equ	3986	;# 
  2492   000F93                     TRISB           equ	3987	;# 
  2493   000F93                     DDRB            equ	3987	;# 
  2494   000F94                     TRISC           equ	3988	;# 
  2495   000F94                     DDRC            equ	3988	;# 
  2496   000F95                     TRISD           equ	3989	;# 
  2497   000F95                     DDRD            equ	3989	;# 
  2498   000F96                     TRISE           equ	3990	;# 
  2499   000F96                     DDRE            equ	3990	;# 
  2500   000F9B                     OSCTUNE         equ	3995	;# 
  2501   000F9D                     PIE1            equ	3997	;# 
  2502   000F9E                     PIR1            equ	3998	;# 
  2503   000F9F                     IPR1            equ	3999	;# 
  2504   000FA0                     PIE2            equ	4000	;# 
  2505   000FA1                     PIR2            equ	4001	;# 
  2506   000FA2                     IPR2            equ	4002	;# 
  2507   000FA3                     PIE3            equ	4003	;# 
  2508   000FA4                     PIR3            equ	4004	;# 
  2509   000FA5                     IPR3            equ	4005	;# 
  2510   000FA6                     EECON1          equ	4006	;# 
  2511   000FA7                     EECON2          equ	4007	;# 
  2512   000FA8                     EEDATA          equ	4008	;# 
  2513   000FA9                     EEADR           equ	4009	;# 
  2514   000FAB                     RCSTA           equ	4011	;# 
  2515   000FAB                     RCSTA1          equ	4011	;# 
  2516   000FAC                     TXSTA           equ	4012	;# 
  2517   000FAC                     TXSTA1          equ	4012	;# 
  2518   000FAD                     TXREG           equ	4013	;# 
  2519   000FAD                     TXREG1          equ	4013	;# 
  2520   000FAE                     RCREG           equ	4014	;# 
  2521   000FAE                     RCREG1          equ	4014	;# 
  2522   000FAF                     SPBRG           equ	4015	;# 
  2523   000FAF                     SPBRG1          equ	4015	;# 
  2524   000FB0                     SPBRGH          equ	4016	;# 
  2525   000FB1                     T3CON           equ	4017	;# 
  2526   000FB2                     TMR3            equ	4018	;# 
  2527   000FB2                     TMR3L           equ	4018	;# 
  2528   000FB3                     TMR3H           equ	4019	;# 
  2529   000FB4                     CMCON           equ	4020	;# 
  2530   000FB5                     CVRCON          equ	4021	;# 
  2531   000FB6                     ECCP1AS         equ	4022	;# 
  2532   000FB7                     ECCP1DEL        equ	4023	;# 
  2533   000FB8                     BAUDCON         equ	4024	;# 
  2534   000FB8                     BAUDCTL         equ	4024	;# 
  2535   000FBA                     ECCP1CON        equ	4026	;# 
  2536   000FBB                     ECCPR1          equ	4027	;# 
  2537   000FBB                     ECCPR1L         equ	4027	;# 
  2538   000FBC                     ECCPR1H         equ	4028	;# 
  2539   000FBD                     CCP1CON         equ	4029	;# 
  2540   000FBE                     CCPR1           equ	4030	;# 
  2541   000FBE                     CCPR1L          equ	4030	;# 
  2542   000FBF                     CCPR1H          equ	4031	;# 
  2543   000FC0                     ADCON2          equ	4032	;# 
  2544   000FC1                     ADCON1          equ	4033	;# 
  2545   000FC2                     ADCON0          equ	4034	;# 
  2546   000FC3                     ADRES           equ	4035	;# 
  2547   000FC3                     ADRESL          equ	4035	;# 
  2548   000FC4                     ADRESH          equ	4036	;# 
  2549   000FC5                     SSPCON2         equ	4037	;# 
  2550   000FC6                     SSPCON1         equ	4038	;# 
  2551   000FC7                     SSPSTAT         equ	4039	;# 
  2552   000FC8                     SSPADD          equ	4040	;# 
  2553   000FC9                     SSPBUF          equ	4041	;# 
  2554   000FCA                     T2CON           equ	4042	;# 
  2555   000FCB                     PR2             equ	4043	;# 
  2556   000FCB                     MEMCON          equ	4043	;# 
  2557   000FCC                     TMR2            equ	4044	;# 
  2558   000FCD                     T1CON           equ	4045	;# 
  2559   000FCE                     TMR1            equ	4046	;# 
  2560   000FCE                     TMR1L           equ	4046	;# 
  2561   000FCF                     TMR1H           equ	4047	;# 
  2562   000FD0                     RCON            equ	4048	;# 
  2563   000FD1                     WDTCON          equ	4049	;# 
  2564   000FD2                     HLVDCON         equ	4050	;# 
  2565   000FD2                     LVDCON          equ	4050	;# 
  2566   000FD3                     OSCCON          equ	4051	;# 
  2567   000FD5                     T0CON           equ	4053	;# 
  2568   000FD6                     TMR0            equ	4054	;# 
  2569   000FD6                     TMR0L           equ	4054	;# 
  2570   000FD7                     TMR0H           equ	4055	;# 
  2571   000FD8                     STATUS          equ	4056	;# 
  2572   000FD9                     FSR2            equ	4057	;# 
  2573   000FD9                     FSR2L           equ	4057	;# 
  2574   000FDA                     FSR2H           equ	4058	;# 
  2575   000FDB                     PLUSW2          equ	4059	;# 
  2576   000FDC                     PREINC2         equ	4060	;# 
  2577   000FDD                     POSTDEC2        equ	4061	;# 
  2578   000FDE                     POSTINC2        equ	4062	;# 
  2579   000FDF                     INDF2           equ	4063	;# 
  2580   000FE0                     BSR             equ	4064	;# 
  2581   000FE1                     FSR1            equ	4065	;# 
  2582   000FE1                     FSR1L           equ	4065	;# 
  2583   000FE2                     FSR1H           equ	4066	;# 
  2584   000FE3                     PLUSW1          equ	4067	;# 
  2585   000FE4                     PREINC1         equ	4068	;# 
  2586   000FE5                     POSTDEC1        equ	4069	;# 
  2587   000FE6                     POSTINC1        equ	4070	;# 
  2588   000FE7                     INDF1           equ	4071	;# 
  2589   000FE8                     WREG            equ	4072	;# 
  2590   000FE9                     FSR0            equ	4073	;# 
  2591   000FE9                     FSR0L           equ	4073	;# 
  2592   000FEA                     FSR0H           equ	4074	;# 
  2593   000FEB                     PLUSW0          equ	4075	;# 
  2594   000FEC                     PREINC0         equ	4076	;# 
  2595   000FED                     POSTDEC0        equ	4077	;# 
  2596   000FEE                     POSTINC0        equ	4078	;# 
  2597   000FEF                     INDF0           equ	4079	;# 
  2598   000FF0                     INTCON3         equ	4080	;# 
  2599   000FF1                     INTCON2         equ	4081	;# 
  2600   000FF2                     INTCON          equ	4082	;# 
  2601   000FF3                     PROD            equ	4083	;# 
  2602   000FF3                     PRODL           equ	4083	;# 
  2603   000FF4                     PRODH           equ	4084	;# 
  2604   000FF5                     TABLAT          equ	4085	;# 
  2605   000FF6                     TBLPTR          equ	4086	;# 
  2606   000FF6                     TBLPTRL         equ	4086	;# 
  2607   000FF7                     TBLPTRH         equ	4087	;# 
  2608   000FF8                     TBLPTRU         equ	4088	;# 
  2609   000FF9                     PCLAT           equ	4089	;# 
  2610   000FF9                     PC              equ	4089	;# 
  2611   000FF9                     PCL             equ	4089	;# 
  2612   000FFA                     PCLATH          equ	4090	;# 
  2613   000FFB                     PCLATU          equ	4091	;# 
  2614   000FFC                     STKPTR          equ	4092	;# 
  2615   000FFD                     TOS             equ	4093	;# 
  2616   000FFD                     TOSL            equ	4093	;# 
  2617   000FFE                     TOSH            equ	4094	;# 
  2618   000FFF                     TOSU            equ	4095	;# 
  2619   000D60                     RXF6SIDH        equ	3424	;# 
  2620   000D61                     RXF6SIDL        equ	3425	;# 
  2621   000D62                     RXF6EIDH        equ	3426	;# 
  2622   000D63                     RXF6EIDL        equ	3427	;# 
  2623   000D64                     RXF7SIDH        equ	3428	;# 
  2624   000D65                     RXF7SIDL        equ	3429	;# 
  2625   000D66                     RXF7EIDH        equ	3430	;# 
  2626   000D67                     RXF7EIDL        equ	3431	;# 
  2627   000D68                     RXF8SIDH        equ	3432	;# 
  2628   000D69                     RXF8SIDL        equ	3433	;# 
  2629   000D6A                     RXF8EIDH        equ	3434	;# 
  2630   000D6B                     RXF8EIDL        equ	3435	;# 
  2631   000D70                     RXF9SIDH        equ	3440	;# 
  2632   000D71                     RXF9SIDL        equ	3441	;# 
  2633   000D72                     RXF9EIDH        equ	3442	;# 
  2634   000D73                     RXF9EIDL        equ	3443	;# 
  2635   000D74                     RXF10SIDH       equ	3444	;# 
  2636   000D75                     RXF10SIDL       equ	3445	;# 
  2637   000D76                     RXF10EIDH       equ	3446	;# 
  2638   000D77                     RXF10EIDL       equ	3447	;# 
  2639   000D78                     RXF11SIDH       equ	3448	;# 
  2640   000D79                     RXF11SIDL       equ	3449	;# 
  2641   000D7A                     RXF11EIDH       equ	3450	;# 
  2642   000D7B                     RXF11EIDL       equ	3451	;# 
  2643   000D80                     RXF12SIDH       equ	3456	;# 
  2644   000D81                     RXF12SIDL       equ	3457	;# 
  2645   000D82                     RXF12EIDH       equ	3458	;# 
  2646   000D83                     RXF12EIDL       equ	3459	;# 
  2647   000D84                     RXF13SIDH       equ	3460	;# 
  2648   000D85                     RXF13SIDL       equ	3461	;# 
  2649   000D86                     RXF13EIDH       equ	3462	;# 
  2650   000D87                     RXF13EIDL       equ	3463	;# 
  2651   000D88                     RXF14SIDH       equ	3464	;# 
  2652   000D89                     RXF14SIDL       equ	3465	;# 
  2653   000D8A                     RXF14EIDH       equ	3466	;# 
  2654   000D8B                     RXF14EIDL       equ	3467	;# 
  2655   000D90                     RXF15SIDH       equ	3472	;# 
  2656   000D91                     RXF15SIDL       equ	3473	;# 
  2657   000D92                     RXF15EIDH       equ	3474	;# 
  2658   000D93                     RXF15EIDL       equ	3475	;# 
  2659   000DD4                     RXFCON0         equ	3540	;# 
  2660   000DD5                     RXFCON1         equ	3541	;# 
  2661   000DD8                     SDFLC           equ	3544	;# 
  2662   000DE0                     RXFBCON0        equ	3552	;# 
  2663   000DE1                     RXFBCON1        equ	3553	;# 
  2664   000DE2                     RXFBCON2        equ	3554	;# 
  2665   000DE3                     RXFBCON3        equ	3555	;# 
  2666   000DE4                     RXFBCON4        equ	3556	;# 
  2667   000DE5                     RXFBCON5        equ	3557	;# 
  2668   000DE6                     RXFBCON6        equ	3558	;# 
  2669   000DE7                     RXFBCON7        equ	3559	;# 
  2670   000DF0                     MSEL0           equ	3568	;# 
  2671   000DF1                     MSEL1           equ	3569	;# 
  2672   000DF2                     MSEL2           equ	3570	;# 
  2673   000DF3                     MSEL3           equ	3571	;# 
  2674   000DF8                     BSEL0           equ	3576	;# 
  2675   000DFA                     BIE0            equ	3578	;# 
  2676   000DFC                     TXBIE           equ	3580	;# 
  2677   000E20                     B0CON           equ	3616	;# 
  2678   000E21                     B0SIDH          equ	3617	;# 
  2679   000E22                     B0SIDL          equ	3618	;# 
  2680   000E23                     B0EIDH          equ	3619	;# 
  2681   000E24                     B0EIDL          equ	3620	;# 
  2682   000E25                     B0DLC           equ	3621	;# 
  2683   000E26                     B0D0            equ	3622	;# 
  2684   000E27                     B0D1            equ	3623	;# 
  2685   000E28                     B0D2            equ	3624	;# 
  2686   000E29                     B0D3            equ	3625	;# 
  2687   000E2A                     B0D4            equ	3626	;# 
  2688   000E2B                     B0D5            equ	3627	;# 
  2689   000E2C                     B0D6            equ	3628	;# 
  2690   000E2D                     B0D7            equ	3629	;# 
  2691   000E2E                     CANSTAT_RO9     equ	3630	;# 
  2692   000E2F                     CANCON_RO9      equ	3631	;# 
  2693   000E30                     B1CON           equ	3632	;# 
  2694   000E31                     B1SIDH          equ	3633	;# 
  2695   000E32                     B1SIDL          equ	3634	;# 
  2696   000E33                     B1EIDH          equ	3635	;# 
  2697   000E34                     B1EIDL          equ	3636	;# 
  2698   000E35                     B1DLC           equ	3637	;# 
  2699   000E36                     B1D0            equ	3638	;# 
  2700   000E37                     B1D1            equ	3639	;# 
  2701   000E38                     B1D2            equ	3640	;# 
  2702   000E39                     B1D3            equ	3641	;# 
  2703   000E3A                     B1D4            equ	3642	;# 
  2704   000E3B                     B1D5            equ	3643	;# 
  2705   000E3C                     B1D6            equ	3644	;# 
  2706   000E3D                     B1D7            equ	3645	;# 
  2707   000E3E                     CANSTAT_RO8     equ	3646	;# 
  2708   000E3F                     CANCON_RO8      equ	3647	;# 
  2709   000E40                     B2CON           equ	3648	;# 
  2710   000E41                     B2SIDH          equ	3649	;# 
  2711   000E42                     B2SIDL          equ	3650	;# 
  2712   000E43                     B2EIDH          equ	3651	;# 
  2713   000E44                     B2EIDL          equ	3652	;# 
  2714   000E45                     B2DLC           equ	3653	;# 
  2715   000E46                     B2D0            equ	3654	;# 
  2716   000E47                     B2D1            equ	3655	;# 
  2717   000E48                     B2D2            equ	3656	;# 
  2718   000E49                     B2D3            equ	3657	;# 
  2719   000E4A                     B2D4            equ	3658	;# 
  2720   000E4B                     B2D5            equ	3659	;# 
  2721   000E4C                     B2D6            equ	3660	;# 
  2722   000E4D                     B2D7            equ	3661	;# 
  2723   000E4E                     CANSTAT_RO7     equ	3662	;# 
  2724   000E4F                     CANCON_RO7      equ	3663	;# 
  2725   000E50                     B3CON           equ	3664	;# 
  2726   000E51                     B3SIDH          equ	3665	;# 
  2727   000E52                     B3SIDL          equ	3666	;# 
  2728   000E53                     B3EIDH          equ	3667	;# 
  2729   000E54                     B3EIDL          equ	3668	;# 
  2730   000E55                     B3DLC           equ	3669	;# 
  2731   000E56                     B3D0            equ	3670	;# 
  2732   000E57                     B3D1            equ	3671	;# 
  2733   000E58                     B3D2            equ	3672	;# 
  2734   000E59                     B3D3            equ	3673	;# 
  2735   000E5A                     B3D4            equ	3674	;# 
  2736   000E5B                     B3D5            equ	3675	;# 
  2737   000E5C                     B3D6            equ	3676	;# 
  2738   000E5D                     B3D7            equ	3677	;# 
  2739   000E5E                     CANSTAT_RO6     equ	3678	;# 
  2740   000E5F                     CANCON_RO6      equ	3679	;# 
  2741   000E60                     B4CON           equ	3680	;# 
  2742   000E61                     B4SIDH          equ	3681	;# 
  2743   000E62                     B4SIDL          equ	3682	;# 
  2744   000E63                     B4EIDH          equ	3683	;# 
  2745   000E64                     B4EIDL          equ	3684	;# 
  2746   000E65                     B4DLC           equ	3685	;# 
  2747   000E66                     B4D0            equ	3686	;# 
  2748   000E67                     B4D1            equ	3687	;# 
  2749   000E68                     B4D2            equ	3688	;# 
  2750   000E69                     B4D3            equ	3689	;# 
  2751   000E6A                     B4D4            equ	3690	;# 
  2752   000E6B                     B4D5            equ	3691	;# 
  2753   000E6C                     B4D6            equ	3692	;# 
  2754   000E6D                     B4D7            equ	3693	;# 
  2755   000E6E                     CANSTAT_RO5     equ	3694	;# 
  2756   000E6F                     CANCON_RO5      equ	3695	;# 
  2757   000E70                     B5CON           equ	3696	;# 
  2758   000E71                     B5SIDH          equ	3697	;# 
  2759   000E72                     B5SIDL          equ	3698	;# 
  2760   000E73                     B5EIDH          equ	3699	;# 
  2761   000E74                     B5EIDL          equ	3700	;# 
  2762   000E75                     B5DLC           equ	3701	;# 
  2763   000E76                     B5D0            equ	3702	;# 
  2764   000E77                     B5D1            equ	3703	;# 
  2765   000E78                     B5D2            equ	3704	;# 
  2766   000E79                     B5D3            equ	3705	;# 
  2767   000E7A                     B5D4            equ	3706	;# 
  2768   000E7B                     B5D5            equ	3707	;# 
  2769   000E7C                     B5D6            equ	3708	;# 
  2770   000E7D                     B5D7            equ	3709	;# 
  2771   000E7E                     CANSTAT_RO4     equ	3710	;# 
  2772   000E7F                     CANCON_RO4      equ	3711	;# 
  2773   000F00                     RXF0SIDH        equ	3840	;# 
  2774   000F01                     RXF0SIDL        equ	3841	;# 
  2775   000F02                     RXF0EIDH        equ	3842	;# 
  2776   000F03                     RXF0EIDL        equ	3843	;# 
  2777   000F04                     RXF1SIDH        equ	3844	;# 
  2778   000F05                     RXF1SIDL        equ	3845	;# 
  2779   000F06                     RXF1EIDH        equ	3846	;# 
  2780   000F07                     RXF1EIDL        equ	3847	;# 
  2781   000F08                     RXF2SIDH        equ	3848	;# 
  2782   000F09                     RXF2SIDL        equ	3849	;# 
  2783   000F0A                     RXF2EIDH        equ	3850	;# 
  2784   000F0B                     RXF2EIDL        equ	3851	;# 
  2785   000F0C                     RXF3SIDH        equ	3852	;# 
  2786   000F0D                     RXF3SIDL        equ	3853	;# 
  2787   000F0E                     RXF3EIDH        equ	3854	;# 
  2788   000F0F                     RXF3EIDL        equ	3855	;# 
  2789   000F10                     RXF4SIDH        equ	3856	;# 
  2790   000F11                     RXF4SIDL        equ	3857	;# 
  2791   000F12                     RXF4EIDH        equ	3858	;# 
  2792   000F13                     RXF4EIDL        equ	3859	;# 
  2793   000F14                     RXF5SIDH        equ	3860	;# 
  2794   000F15                     RXF5SIDL        equ	3861	;# 
  2795   000F16                     RXF5EIDH        equ	3862	;# 
  2796   000F17                     RXF5EIDL        equ	3863	;# 
  2797   000F18                     RXM0SIDH        equ	3864	;# 
  2798   000F19                     RXM0SIDL        equ	3865	;# 
  2799   000F1A                     RXM0EIDH        equ	3866	;# 
  2800   000F1B                     RXM0EIDL        equ	3867	;# 
  2801   000F1C                     RXM1SIDH        equ	3868	;# 
  2802   000F1D                     RXM1SIDL        equ	3869	;# 
  2803   000F1E                     RXM1EIDH        equ	3870	;# 
  2804   000F1F                     RXM1EIDL        equ	3871	;# 
  2805   000F20                     TXB2CON         equ	3872	;# 
  2806   000F21                     TXB2SIDH        equ	3873	;# 
  2807   000F22                     TXB2SIDL        equ	3874	;# 
  2808   000F23                     TXB2EIDH        equ	3875	;# 
  2809   000F24                     TXB2EIDL        equ	3876	;# 
  2810   000F25                     TXB2DLC         equ	3877	;# 
  2811   000F26                     TXB2D0          equ	3878	;# 
  2812   000F27                     TXB2D1          equ	3879	;# 
  2813   000F28                     TXB2D2          equ	3880	;# 
  2814   000F29                     TXB2D3          equ	3881	;# 
  2815   000F2A                     TXB2D4          equ	3882	;# 
  2816   000F2B                     TXB2D5          equ	3883	;# 
  2817   000F2C                     TXB2D6          equ	3884	;# 
  2818   000F2D                     TXB2D7          equ	3885	;# 
  2819   000F2E                     CANSTAT_RO3     equ	3886	;# 
  2820   000F2F                     CANCON_RO3      equ	3887	;# 
  2821   000F30                     TXB1CON         equ	3888	;# 
  2822   000F31                     TXB1SIDH        equ	3889	;# 
  2823   000F32                     TXB1SIDL        equ	3890	;# 
  2824   000F33                     TXB1EIDH        equ	3891	;# 
  2825   000F34                     TXB1EIDL        equ	3892	;# 
  2826   000F35                     TXB1DLC         equ	3893	;# 
  2827   000F36                     TXB1D0          equ	3894	;# 
  2828   000F37                     TXB1D1          equ	3895	;# 
  2829   000F38                     TXB1D2          equ	3896	;# 
  2830   000F39                     TXB1D3          equ	3897	;# 
  2831   000F3A                     TXB1D4          equ	3898	;# 
  2832   000F3B                     TXB1D5          equ	3899	;# 
  2833   000F3C                     TXB1D6          equ	3900	;# 
  2834   000F3D                     TXB1D7          equ	3901	;# 
  2835   000F3E                     CANSTAT_RO2     equ	3902	;# 
  2836   000F3F                     CANCON_RO2      equ	3903	;# 
  2837   000F40                     TXB0CON         equ	3904	;# 
  2838   000F41                     TXB0SIDH        equ	3905	;# 
  2839   000F42                     TXB0SIDL        equ	3906	;# 
  2840   000F43                     TXB0EIDH        equ	3907	;# 
  2841   000F44                     TXB0EIDL        equ	3908	;# 
  2842   000F45                     TXB0DLC         equ	3909	;# 
  2843   000F46                     TXB0D0          equ	3910	;# 
  2844   000F47                     TXB0D1          equ	3911	;# 
  2845   000F48                     TXB0D2          equ	3912	;# 
  2846   000F49                     TXB0D3          equ	3913	;# 
  2847   000F4A                     TXB0D4          equ	3914	;# 
  2848   000F4B                     TXB0D5          equ	3915	;# 
  2849   000F4C                     TXB0D6          equ	3916	;# 
  2850   000F4D                     TXB0D7          equ	3917	;# 
  2851   000F4E                     CANSTAT_RO1     equ	3918	;# 
  2852   000F4F                     CANCON_RO1      equ	3919	;# 
  2853   000F50                     RXB1CON         equ	3920	;# 
  2854   000F51                     RXB1SIDH        equ	3921	;# 
  2855   000F52                     RXB1SIDL        equ	3922	;# 
  2856   000F53                     RXB1EIDH        equ	3923	;# 
  2857   000F54                     RXB1EIDL        equ	3924	;# 
  2858   000F55                     RXB1DLC         equ	3925	;# 
  2859   000F56                     RXB1D0          equ	3926	;# 
  2860   000F57                     RXB1D1          equ	3927	;# 
  2861   000F58                     RXB1D2          equ	3928	;# 
  2862   000F59                     RXB1D3          equ	3929	;# 
  2863   000F5A                     RXB1D4          equ	3930	;# 
  2864   000F5B                     RXB1D5          equ	3931	;# 
  2865   000F5C                     RXB1D6          equ	3932	;# 
  2866   000F5D                     RXB1D7          equ	3933	;# 
  2867   000F5E                     CANSTAT_RO0     equ	3934	;# 
  2868   000F5F                     CANCON_RO0      equ	3935	;# 
  2869   000F60                     RXB0CON         equ	3936	;# 
  2870   000F61                     RXB0SIDH        equ	3937	;# 
  2871   000F62                     RXB0SIDL        equ	3938	;# 
  2872   000F63                     RXB0EIDH        equ	3939	;# 
  2873   000F64                     RXB0EIDL        equ	3940	;# 
  2874   000F65                     RXB0DLC         equ	3941	;# 
  2875   000F66                     RXB0D0          equ	3942	;# 
  2876   000F67                     RXB0D1          equ	3943	;# 
  2877   000F68                     RXB0D2          equ	3944	;# 
  2878   000F69                     RXB0D3          equ	3945	;# 
  2879   000F6A                     RXB0D4          equ	3946	;# 
  2880   000F6B                     RXB0D5          equ	3947	;# 
  2881   000F6C                     RXB0D6          equ	3948	;# 
  2882   000F6D                     RXB0D7          equ	3949	;# 
  2883   000F6E                     CANSTAT         equ	3950	;# 
  2884   000F6F                     CANCON          equ	3951	;# 
  2885   000F70                     BRGCON1         equ	3952	;# 
  2886   000F71                     BRGCON2         equ	3953	;# 
  2887   000F72                     BRGCON3         equ	3954	;# 
  2888   000F73                     CIOCON          equ	3955	;# 
  2889   000F74                     COMSTAT         equ	3956	;# 
  2890   000F75                     RXERRCNT        equ	3957	;# 
  2891   000F76                     TXERRCNT        equ	3958	;# 
  2892   000F77                     ECANCON         equ	3959	;# 
  2893   000F80                     PORTA           equ	3968	;# 
  2894   000F81                     PORTB           equ	3969	;# 
  2895   000F82                     PORTC           equ	3970	;# 
  2896   000F83                     PORTD           equ	3971	;# 
  2897   000F84                     PORTE           equ	3972	;# 
  2898   000F89                     LATA            equ	3977	;# 
  2899   000F8A                     LATB            equ	3978	;# 
  2900   000F8B                     LATC            equ	3979	;# 
  2901   000F8C                     LATD            equ	3980	;# 
  2902   000F8D                     LATE            equ	3981	;# 
  2903   000F92                     TRISA           equ	3986	;# 
  2904   000F92                     DDRA            equ	3986	;# 
  2905   000F93                     TRISB           equ	3987	;# 
  2906   000F93                     DDRB            equ	3987	;# 
  2907   000F94                     TRISC           equ	3988	;# 
  2908   000F94                     DDRC            equ	3988	;# 
  2909   000F95                     TRISD           equ	3989	;# 
  2910   000F95                     DDRD            equ	3989	;# 
  2911   000F96                     TRISE           equ	3990	;# 
  2912   000F96                     DDRE            equ	3990	;# 
  2913   000F9B                     OSCTUNE         equ	3995	;# 
  2914   000F9D                     PIE1            equ	3997	;# 
  2915   000F9E                     PIR1            equ	3998	;# 
  2916   000F9F                     IPR1            equ	3999	;# 
  2917   000FA0                     PIE2            equ	4000	;# 
  2918   000FA1                     PIR2            equ	4001	;# 
  2919   000FA2                     IPR2            equ	4002	;# 
  2920   000FA3                     PIE3            equ	4003	;# 
  2921   000FA4                     PIR3            equ	4004	;# 
  2922   000FA5                     IPR3            equ	4005	;# 
  2923   000FA6                     EECON1          equ	4006	;# 
  2924   000FA7                     EECON2          equ	4007	;# 
  2925   000FA8                     EEDATA          equ	4008	;# 
  2926   000FA9                     EEADR           equ	4009	;# 
  2927   000FAB                     RCSTA           equ	4011	;# 
  2928   000FAB                     RCSTA1          equ	4011	;# 
  2929   000FAC                     TXSTA           equ	4012	;# 
  2930   000FAC                     TXSTA1          equ	4012	;# 
  2931   000FAD                     TXREG           equ	4013	;# 
  2932   000FAD                     TXREG1          equ	4013	;# 
  2933   000FAE                     RCREG           equ	4014	;# 
  2934   000FAE                     RCREG1          equ	4014	;# 
  2935   000FAF                     SPBRG           equ	4015	;# 
  2936   000FAF                     SPBRG1          equ	4015	;# 
  2937   000FB0                     SPBRGH          equ	4016	;# 
  2938   000FB1                     T3CON           equ	4017	;# 
  2939   000FB2                     TMR3            equ	4018	;# 
  2940   000FB2                     TMR3L           equ	4018	;# 
  2941   000FB3                     TMR3H           equ	4019	;# 
  2942   000FB4                     CMCON           equ	4020	;# 
  2943   000FB5                     CVRCON          equ	4021	;# 
  2944   000FB6                     ECCP1AS         equ	4022	;# 
  2945   000FB7                     ECCP1DEL        equ	4023	;# 
  2946   000FB8                     BAUDCON         equ	4024	;# 
  2947   000FB8                     BAUDCTL         equ	4024	;# 
  2948   000FBA                     ECCP1CON        equ	4026	;# 
  2949   000FBB                     ECCPR1          equ	4027	;# 
  2950   000FBB                     ECCPR1L         equ	4027	;# 
  2951   000FBC                     ECCPR1H         equ	4028	;# 
  2952   000FBD                     CCP1CON         equ	4029	;# 
  2953   000FBE                     CCPR1           equ	4030	;# 
  2954   000FBE                     CCPR1L          equ	4030	;# 
  2955   000FBF                     CCPR1H          equ	4031	;# 
  2956   000FC0                     ADCON2          equ	4032	;# 
  2957   000FC1                     ADCON1          equ	4033	;# 
  2958   000FC2                     ADCON0          equ	4034	;# 
  2959   000FC3                     ADRES           equ	4035	;# 
  2960   000FC3                     ADRESL          equ	4035	;# 
  2961   000FC4                     ADRESH          equ	4036	;# 
  2962   000FC5                     SSPCON2         equ	4037	;# 
  2963   000FC6                     SSPCON1         equ	4038	;# 
  2964   000FC7                     SSPSTAT         equ	4039	;# 
  2965   000FC8                     SSPADD          equ	4040	;# 
  2966   000FC9                     SSPBUF          equ	4041	;# 
  2967   000FCA                     T2CON           equ	4042	;# 
  2968   000FCB                     PR2             equ	4043	;# 
  2969   000FCB                     MEMCON          equ	4043	;# 
  2970   000FCC                     TMR2            equ	4044	;# 
  2971   000FCD                     T1CON           equ	4045	;# 
  2972   000FCE                     TMR1            equ	4046	;# 
  2973   000FCE                     TMR1L           equ	4046	;# 
  2974   000FCF                     TMR1H           equ	4047	;# 
  2975   000FD0                     RCON            equ	4048	;# 
  2976   000FD1                     WDTCON          equ	4049	;# 
  2977   000FD2                     HLVDCON         equ	4050	;# 
  2978   000FD2                     LVDCON          equ	4050	;# 
  2979   000FD3                     OSCCON          equ	4051	;# 
  2980   000FD5                     T0CON           equ	4053	;# 
  2981   000FD6                     TMR0            equ	4054	;# 
  2982   000FD6                     TMR0L           equ	4054	;# 
  2983   000FD7                     TMR0H           equ	4055	;# 
  2984   000FD8                     STATUS          equ	4056	;# 
  2985   000FD9                     FSR2            equ	4057	;# 
  2986   000FD9                     FSR2L           equ	4057	;# 
  2987   000FDA                     FSR2H           equ	4058	;# 
  2988   000FDB                     PLUSW2          equ	4059	;# 
  2989   000FDC                     PREINC2         equ	4060	;# 
  2990   000FDD                     POSTDEC2        equ	4061	;# 
  2991   000FDE                     POSTINC2        equ	4062	;# 
  2992   000FDF                     INDF2           equ	4063	;# 
  2993   000FE0                     BSR             equ	4064	;# 
  2994   000FE1                     FSR1            equ	4065	;# 
  2995   000FE1                     FSR1L           equ	4065	;# 
  2996   000FE2                     FSR1H           equ	4066	;# 
  2997   000FE3                     PLUSW1          equ	4067	;# 
  2998   000FE4                     PREINC1         equ	4068	;# 
  2999   000FE5                     POSTDEC1        equ	4069	;# 
  3000   000FE6                     POSTINC1        equ	4070	;# 
  3001   000FE7                     INDF1           equ	4071	;# 
  3002   000FE8                     WREG            equ	4072	;# 
  3003   000FE9                     FSR0            equ	4073	;# 
  3004   000FE9                     FSR0L           equ	4073	;# 
  3005   000FEA                     FSR0H           equ	4074	;# 
  3006   000FEB                     PLUSW0          equ	4075	;# 
  3007   000FEC                     PREINC0         equ	4076	;# 
  3008   000FED                     POSTDEC0        equ	4077	;# 
  3009   000FEE                     POSTINC0        equ	4078	;# 
  3010   000FEF                     INDF0           equ	4079	;# 
  3011   000FF0                     INTCON3         equ	4080	;# 
  3012   000FF1                     INTCON2         equ	4081	;# 
  3013   000FF2                     INTCON          equ	4082	;# 
  3014   000FF3                     PROD            equ	4083	;# 
  3015   000FF3                     PRODL           equ	4083	;# 
  3016   000FF4                     PRODH           equ	4084	;# 
  3017   000FF5                     TABLAT          equ	4085	;# 
  3018   000FF6                     TBLPTR          equ	4086	;# 
  3019   000FF6                     TBLPTRL         equ	4086	;# 
  3020   000FF7                     TBLPTRH         equ	4087	;# 
  3021   000FF8                     TBLPTRU         equ	4088	;# 
  3022   000FF9                     PCLAT           equ	4089	;# 
  3023   000FF9                     PC              equ	4089	;# 
  3024   000FF9                     PCL             equ	4089	;# 
  3025   000FFA                     PCLATH          equ	4090	;# 
  3026   000FFB                     PCLATU          equ	4091	;# 
  3027   000FFC                     STKPTR          equ	4092	;# 
  3028   000FFD                     TOS             equ	4093	;# 
  3029   000FFD                     TOSL            equ	4093	;# 
  3030   000FFE                     TOSH            equ	4094	;# 
  3031   000FFF                     TOSU            equ	4095	;# 
  3032   000D60                     RXF6SIDH        equ	3424	;# 
  3033   000D61                     RXF6SIDL        equ	3425	;# 
  3034   000D62                     RXF6EIDH        equ	3426	;# 
  3035   000D63                     RXF6EIDL        equ	3427	;# 
  3036   000D64                     RXF7SIDH        equ	3428	;# 
  3037   000D65                     RXF7SIDL        equ	3429	;# 
  3038   000D66                     RXF7EIDH        equ	3430	;# 
  3039   000D67                     RXF7EIDL        equ	3431	;# 
  3040   000D68                     RXF8SIDH        equ	3432	;# 
  3041   000D69                     RXF8SIDL        equ	3433	;# 
  3042   000D6A                     RXF8EIDH        equ	3434	;# 
  3043   000D6B                     RXF8EIDL        equ	3435	;# 
  3044   000D70                     RXF9SIDH        equ	3440	;# 
  3045   000D71                     RXF9SIDL        equ	3441	;# 
  3046   000D72                     RXF9EIDH        equ	3442	;# 
  3047   000D73                     RXF9EIDL        equ	3443	;# 
  3048   000D74                     RXF10SIDH       equ	3444	;# 
  3049   000D75                     RXF10SIDL       equ	3445	;# 
  3050   000D76                     RXF10EIDH       equ	3446	;# 
  3051   000D77                     RXF10EIDL       equ	3447	;# 
  3052   000D78                     RXF11SIDH       equ	3448	;# 
  3053   000D79                     RXF11SIDL       equ	3449	;# 
  3054   000D7A                     RXF11EIDH       equ	3450	;# 
  3055   000D7B                     RXF11EIDL       equ	3451	;# 
  3056   000D80                     RXF12SIDH       equ	3456	;# 
  3057   000D81                     RXF12SIDL       equ	3457	;# 
  3058   000D82                     RXF12EIDH       equ	3458	;# 
  3059   000D83                     RXF12EIDL       equ	3459	;# 
  3060   000D84                     RXF13SIDH       equ	3460	;# 
  3061   000D85                     RXF13SIDL       equ	3461	;# 
  3062   000D86                     RXF13EIDH       equ	3462	;# 
  3063   000D87                     RXF13EIDL       equ	3463	;# 
  3064   000D88                     RXF14SIDH       equ	3464	;# 
  3065   000D89                     RXF14SIDL       equ	3465	;# 
  3066   000D8A                     RXF14EIDH       equ	3466	;# 
  3067   000D8B                     RXF14EIDL       equ	3467	;# 
  3068   000D90                     RXF15SIDH       equ	3472	;# 
  3069   000D91                     RXF15SIDL       equ	3473	;# 
  3070   000D92                     RXF15EIDH       equ	3474	;# 
  3071   000D93                     RXF15EIDL       equ	3475	;# 
  3072   000DD4                     RXFCON0         equ	3540	;# 
  3073   000DD5                     RXFCON1         equ	3541	;# 
  3074   000DD8                     SDFLC           equ	3544	;# 
  3075   000DE0                     RXFBCON0        equ	3552	;# 
  3076   000DE1                     RXFBCON1        equ	3553	;# 
  3077   000DE2                     RXFBCON2        equ	3554	;# 
  3078   000DE3                     RXFBCON3        equ	3555	;# 
  3079   000DE4                     RXFBCON4        equ	3556	;# 
  3080   000DE5                     RXFBCON5        equ	3557	;# 
  3081   000DE6                     RXFBCON6        equ	3558	;# 
  3082   000DE7                     RXFBCON7        equ	3559	;# 
  3083   000DF0                     MSEL0           equ	3568	;# 
  3084   000DF1                     MSEL1           equ	3569	;# 
  3085   000DF2                     MSEL2           equ	3570	;# 
  3086   000DF3                     MSEL3           equ	3571	;# 
  3087   000DF8                     BSEL0           equ	3576	;# 
  3088   000DFA                     BIE0            equ	3578	;# 
  3089   000DFC                     TXBIE           equ	3580	;# 
  3090   000E20                     B0CON           equ	3616	;# 
  3091   000E21                     B0SIDH          equ	3617	;# 
  3092   000E22                     B0SIDL          equ	3618	;# 
  3093   000E23                     B0EIDH          equ	3619	;# 
  3094   000E24                     B0EIDL          equ	3620	;# 
  3095   000E25                     B0DLC           equ	3621	;# 
  3096   000E26                     B0D0            equ	3622	;# 
  3097   000E27                     B0D1            equ	3623	;# 
  3098   000E28                     B0D2            equ	3624	;# 
  3099   000E29                     B0D3            equ	3625	;# 
  3100   000E2A                     B0D4            equ	3626	;# 
  3101   000E2B                     B0D5            equ	3627	;# 
  3102   000E2C                     B0D6            equ	3628	;# 
  3103   000E2D                     B0D7            equ	3629	;# 
  3104   000E2E                     CANSTAT_RO9     equ	3630	;# 
  3105   000E2F                     CANCON_RO9      equ	3631	;# 
  3106   000E30                     B1CON           equ	3632	;# 
  3107   000E31                     B1SIDH          equ	3633	;# 
  3108   000E32                     B1SIDL          equ	3634	;# 
  3109   000E33                     B1EIDH          equ	3635	;# 
  3110   000E34                     B1EIDL          equ	3636	;# 
  3111   000E35                     B1DLC           equ	3637	;# 
  3112   000E36                     B1D0            equ	3638	;# 
  3113   000E37                     B1D1            equ	3639	;# 
  3114   000E38                     B1D2            equ	3640	;# 
  3115   000E39                     B1D3            equ	3641	;# 
  3116   000E3A                     B1D4            equ	3642	;# 
  3117   000E3B                     B1D5            equ	3643	;# 
  3118   000E3C                     B1D6            equ	3644	;# 
  3119   000E3D                     B1D7            equ	3645	;# 
  3120   000E3E                     CANSTAT_RO8     equ	3646	;# 
  3121   000E3F                     CANCON_RO8      equ	3647	;# 
  3122   000E40                     B2CON           equ	3648	;# 
  3123   000E41                     B2SIDH          equ	3649	;# 
  3124   000E42                     B2SIDL          equ	3650	;# 
  3125   000E43                     B2EIDH          equ	3651	;# 
  3126   000E44                     B2EIDL          equ	3652	;# 
  3127   000E45                     B2DLC           equ	3653	;# 
  3128   000E46                     B2D0            equ	3654	;# 
  3129   000E47                     B2D1            equ	3655	;# 
  3130   000E48                     B2D2            equ	3656	;# 
  3131   000E49                     B2D3            equ	3657	;# 
  3132   000E4A                     B2D4            equ	3658	;# 
  3133   000E4B                     B2D5            equ	3659	;# 
  3134   000E4C                     B2D6            equ	3660	;# 
  3135   000E4D                     B2D7            equ	3661	;# 
  3136   000E4E                     CANSTAT_RO7     equ	3662	;# 
  3137   000E4F                     CANCON_RO7      equ	3663	;# 
  3138   000E50                     B3CON           equ	3664	;# 
  3139   000E51                     B3SIDH          equ	3665	;# 
  3140   000E52                     B3SIDL          equ	3666	;# 
  3141   000E53                     B3EIDH          equ	3667	;# 
  3142   000E54                     B3EIDL          equ	3668	;# 
  3143   000E55                     B3DLC           equ	3669	;# 
  3144   000E56                     B3D0            equ	3670	;# 
  3145   000E57                     B3D1            equ	3671	;# 
  3146   000E58                     B3D2            equ	3672	;# 
  3147   000E59                     B3D3            equ	3673	;# 
  3148   000E5A                     B3D4            equ	3674	;# 
  3149   000E5B                     B3D5            equ	3675	;# 
  3150   000E5C                     B3D6            equ	3676	;# 
  3151   000E5D                     B3D7            equ	3677	;# 
  3152   000E5E                     CANSTAT_RO6     equ	3678	;# 
  3153   000E5F                     CANCON_RO6      equ	3679	;# 
  3154   000E60                     B4CON           equ	3680	;# 
  3155   000E61                     B4SIDH          equ	3681	;# 
  3156   000E62                     B4SIDL          equ	3682	;# 
  3157   000E63                     B4EIDH          equ	3683	;# 
  3158   000E64                     B4EIDL          equ	3684	;# 
  3159   000E65                     B4DLC           equ	3685	;# 
  3160   000E66                     B4D0            equ	3686	;# 
  3161   000E67                     B4D1            equ	3687	;# 
  3162   000E68                     B4D2            equ	3688	;# 
  3163   000E69                     B4D3            equ	3689	;# 
  3164   000E6A                     B4D4            equ	3690	;# 
  3165   000E6B                     B4D5            equ	3691	;# 
  3166   000E6C                     B4D6            equ	3692	;# 
  3167   000E6D                     B4D7            equ	3693	;# 
  3168   000E6E                     CANSTAT_RO5     equ	3694	;# 
  3169   000E6F                     CANCON_RO5      equ	3695	;# 
  3170   000E70                     B5CON           equ	3696	;# 
  3171   000E71                     B5SIDH          equ	3697	;# 
  3172   000E72                     B5SIDL          equ	3698	;# 
  3173   000E73                     B5EIDH          equ	3699	;# 
  3174   000E74                     B5EIDL          equ	3700	;# 
  3175   000E75                     B5DLC           equ	3701	;# 
  3176   000E76                     B5D0            equ	3702	;# 
  3177   000E77                     B5D1            equ	3703	;# 
  3178   000E78                     B5D2            equ	3704	;# 
  3179   000E79                     B5D3            equ	3705	;# 
  3180   000E7A                     B5D4            equ	3706	;# 
  3181   000E7B                     B5D5            equ	3707	;# 
  3182   000E7C                     B5D6            equ	3708	;# 
  3183   000E7D                     B5D7            equ	3709	;# 
  3184   000E7E                     CANSTAT_RO4     equ	3710	;# 
  3185   000E7F                     CANCON_RO4      equ	3711	;# 
  3186   000F00                     RXF0SIDH        equ	3840	;# 
  3187   000F01                     RXF0SIDL        equ	3841	;# 
  3188   000F02                     RXF0EIDH        equ	3842	;# 
  3189   000F03                     RXF0EIDL        equ	3843	;# 
  3190   000F04                     RXF1SIDH        equ	3844	;# 
  3191   000F05                     RXF1SIDL        equ	3845	;# 
  3192   000F06                     RXF1EIDH        equ	3846	;# 
  3193   000F07                     RXF1EIDL        equ	3847	;# 
  3194   000F08                     RXF2SIDH        equ	3848	;# 
  3195   000F09                     RXF2SIDL        equ	3849	;# 
  3196   000F0A                     RXF2EIDH        equ	3850	;# 
  3197   000F0B                     RXF2EIDL        equ	3851	;# 
  3198   000F0C                     RXF3SIDH        equ	3852	;# 
  3199   000F0D                     RXF3SIDL        equ	3853	;# 
  3200   000F0E                     RXF3EIDH        equ	3854	;# 
  3201   000F0F                     RXF3EIDL        equ	3855	;# 
  3202   000F10                     RXF4SIDH        equ	3856	;# 
  3203   000F11                     RXF4SIDL        equ	3857	;# 
  3204   000F12                     RXF4EIDH        equ	3858	;# 
  3205   000F13                     RXF4EIDL        equ	3859	;# 
  3206   000F14                     RXF5SIDH        equ	3860	;# 
  3207   000F15                     RXF5SIDL        equ	3861	;# 
  3208   000F16                     RXF5EIDH        equ	3862	;# 
  3209   000F17                     RXF5EIDL        equ	3863	;# 
  3210   000F18                     RXM0SIDH        equ	3864	;# 
  3211   000F19                     RXM0SIDL        equ	3865	;# 
  3212   000F1A                     RXM0EIDH        equ	3866	;# 
  3213   000F1B                     RXM0EIDL        equ	3867	;# 
  3214   000F1C                     RXM1SIDH        equ	3868	;# 
  3215   000F1D                     RXM1SIDL        equ	3869	;# 
  3216   000F1E                     RXM1EIDH        equ	3870	;# 
  3217   000F1F                     RXM1EIDL        equ	3871	;# 
  3218   000F20                     TXB2CON         equ	3872	;# 
  3219   000F21                     TXB2SIDH        equ	3873	;# 
  3220   000F22                     TXB2SIDL        equ	3874	;# 
  3221   000F23                     TXB2EIDH        equ	3875	;# 
  3222   000F24                     TXB2EIDL        equ	3876	;# 
  3223   000F25                     TXB2DLC         equ	3877	;# 
  3224   000F26                     TXB2D0          equ	3878	;# 
  3225   000F27                     TXB2D1          equ	3879	;# 
  3226   000F28                     TXB2D2          equ	3880	;# 
  3227   000F29                     TXB2D3          equ	3881	;# 
  3228   000F2A                     TXB2D4          equ	3882	;# 
  3229   000F2B                     TXB2D5          equ	3883	;# 
  3230   000F2C                     TXB2D6          equ	3884	;# 
  3231   000F2D                     TXB2D7          equ	3885	;# 
  3232   000F2E                     CANSTAT_RO3     equ	3886	;# 
  3233   000F2F                     CANCON_RO3      equ	3887	;# 
  3234   000F30                     TXB1CON         equ	3888	;# 
  3235   000F31                     TXB1SIDH        equ	3889	;# 
  3236   000F32                     TXB1SIDL        equ	3890	;# 
  3237   000F33                     TXB1EIDH        equ	3891	;# 
  3238   000F34                     TXB1EIDL        equ	3892	;# 
  3239   000F35                     TXB1DLC         equ	3893	;# 
  3240   000F36                     TXB1D0          equ	3894	;# 
  3241   000F37                     TXB1D1          equ	3895	;# 
  3242   000F38                     TXB1D2          equ	3896	;# 
  3243   000F39                     TXB1D3          equ	3897	;# 
  3244   000F3A                     TXB1D4          equ	3898	;# 
  3245   000F3B                     TXB1D5          equ	3899	;# 
  3246   000F3C                     TXB1D6          equ	3900	;# 
  3247   000F3D                     TXB1D7          equ	3901	;# 
  3248   000F3E                     CANSTAT_RO2     equ	3902	;# 
  3249   000F3F                     CANCON_RO2      equ	3903	;# 
  3250   000F40                     TXB0CON         equ	3904	;# 
  3251   000F41                     TXB0SIDH        equ	3905	;# 
  3252   000F42                     TXB0SIDL        equ	3906	;# 
  3253   000F43                     TXB0EIDH        equ	3907	;# 
  3254   000F44                     TXB0EIDL        equ	3908	;# 
  3255   000F45                     TXB0DLC         equ	3909	;# 
  3256   000F46                     TXB0D0          equ	3910	;# 
  3257   000F47                     TXB0D1          equ	3911	;# 
  3258   000F48                     TXB0D2          equ	3912	;# 
  3259   000F49                     TXB0D3          equ	3913	;# 
  3260   000F4A                     TXB0D4          equ	3914	;# 
  3261   000F4B                     TXB0D5          equ	3915	;# 
  3262   000F4C                     TXB0D6          equ	3916	;# 
  3263   000F4D                     TXB0D7          equ	3917	;# 
  3264   000F4E                     CANSTAT_RO1     equ	3918	;# 
  3265   000F4F                     CANCON_RO1      equ	3919	;# 
  3266   000F50                     RXB1CON         equ	3920	;# 
  3267   000F51                     RXB1SIDH        equ	3921	;# 
  3268   000F52                     RXB1SIDL        equ	3922	;# 
  3269   000F53                     RXB1EIDH        equ	3923	;# 
  3270   000F54                     RXB1EIDL        equ	3924	;# 
  3271   000F55                     RXB1DLC         equ	3925	;# 
  3272   000F56                     RXB1D0          equ	3926	;# 
  3273   000F57                     RXB1D1          equ	3927	;# 
  3274   000F58                     RXB1D2          equ	3928	;# 
  3275   000F59                     RXB1D3          equ	3929	;# 
  3276   000F5A                     RXB1D4          equ	3930	;# 
  3277   000F5B                     RXB1D5          equ	3931	;# 
  3278   000F5C                     RXB1D6          equ	3932	;# 
  3279   000F5D                     RXB1D7          equ	3933	;# 
  3280   000F5E                     CANSTAT_RO0     equ	3934	;# 
  3281   000F5F                     CANCON_RO0      equ	3935	;# 
  3282   000F60                     RXB0CON         equ	3936	;# 
  3283   000F61                     RXB0SIDH        equ	3937	;# 
  3284   000F62                     RXB0SIDL        equ	3938	;# 
  3285   000F63                     RXB0EIDH        equ	3939	;# 
  3286   000F64                     RXB0EIDL        equ	3940	;# 
  3287   000F65                     RXB0DLC         equ	3941	;# 
  3288   000F66                     RXB0D0          equ	3942	;# 
  3289   000F67                     RXB0D1          equ	3943	;# 
  3290   000F68                     RXB0D2          equ	3944	;# 
  3291   000F69                     RXB0D3          equ	3945	;# 
  3292   000F6A                     RXB0D4          equ	3946	;# 
  3293   000F6B                     RXB0D5          equ	3947	;# 
  3294   000F6C                     RXB0D6          equ	3948	;# 
  3295   000F6D                     RXB0D7          equ	3949	;# 
  3296   000F6E                     CANSTAT         equ	3950	;# 
  3297   000F6F                     CANCON          equ	3951	;# 
  3298   000F70                     BRGCON1         equ	3952	;# 
  3299   000F71                     BRGCON2         equ	3953	;# 
  3300   000F72                     BRGCON3         equ	3954	;# 
  3301   000F73                     CIOCON          equ	3955	;# 
  3302   000F74                     COMSTAT         equ	3956	;# 
  3303   000F75                     RXERRCNT        equ	3957	;# 
  3304   000F76                     TXERRCNT        equ	3958	;# 
  3305   000F77                     ECANCON         equ	3959	;# 
  3306   000F80                     PORTA           equ	3968	;# 
  3307   000F81                     PORTB           equ	3969	;# 
  3308   000F82                     PORTC           equ	3970	;# 
  3309   000F83                     PORTD           equ	3971	;# 
  3310   000F84                     PORTE           equ	3972	;# 
  3311   000F89                     LATA            equ	3977	;# 
  3312   000F8A                     LATB            equ	3978	;# 
  3313   000F8B                     LATC            equ	3979	;# 
  3314   000F8C                     LATD            equ	3980	;# 
  3315   000F8D                     LATE            equ	3981	;# 
  3316   000F92                     TRISA           equ	3986	;# 
  3317   000F92                     DDRA            equ	3986	;# 
  3318   000F93                     TRISB           equ	3987	;# 
  3319   000F93                     DDRB            equ	3987	;# 
  3320   000F94                     TRISC           equ	3988	;# 
  3321   000F94                     DDRC            equ	3988	;# 
  3322   000F95                     TRISD           equ	3989	;# 
  3323   000F95                     DDRD            equ	3989	;# 
  3324   000F96                     TRISE           equ	3990	;# 
  3325   000F96                     DDRE            equ	3990	;# 
  3326   000F9B                     OSCTUNE         equ	3995	;# 
  3327   000F9D                     PIE1            equ	3997	;# 
  3328   000F9E                     PIR1            equ	3998	;# 
  3329   000F9F                     IPR1            equ	3999	;# 
  3330   000FA0                     PIE2            equ	4000	;# 
  3331   000FA1                     PIR2            equ	4001	;# 
  3332   000FA2                     IPR2            equ	4002	;# 
  3333   000FA3                     PIE3            equ	4003	;# 
  3334   000FA4                     PIR3            equ	4004	;# 
  3335   000FA5                     IPR3            equ	4005	;# 
  3336   000FA6                     EECON1          equ	4006	;# 
  3337   000FA7                     EECON2          equ	4007	;# 
  3338   000FA8                     EEDATA          equ	4008	;# 
  3339   000FA9                     EEADR           equ	4009	;# 
  3340   000FAB                     RCSTA           equ	4011	;# 
  3341   000FAB                     RCSTA1          equ	4011	;# 
  3342   000FAC                     TXSTA           equ	4012	;# 
  3343   000FAC                     TXSTA1          equ	4012	;# 
  3344   000FAD                     TXREG           equ	4013	;# 
  3345   000FAD                     TXREG1          equ	4013	;# 
  3346   000FAE                     RCREG           equ	4014	;# 
  3347   000FAE                     RCREG1          equ	4014	;# 
  3348   000FAF                     SPBRG           equ	4015	;# 
  3349   000FAF                     SPBRG1          equ	4015	;# 
  3350   000FB0                     SPBRGH          equ	4016	;# 
  3351   000FB1                     T3CON           equ	4017	;# 
  3352   000FB2                     TMR3            equ	4018	;# 
  3353   000FB2                     TMR3L           equ	4018	;# 
  3354   000FB3                     TMR3H           equ	4019	;# 
  3355   000FB4                     CMCON           equ	4020	;# 
  3356   000FB5                     CVRCON          equ	4021	;# 
  3357   000FB6                     ECCP1AS         equ	4022	;# 
  3358   000FB7                     ECCP1DEL        equ	4023	;# 
  3359   000FB8                     BAUDCON         equ	4024	;# 
  3360   000FB8                     BAUDCTL         equ	4024	;# 
  3361   000FBA                     ECCP1CON        equ	4026	;# 
  3362   000FBB                     ECCPR1          equ	4027	;# 
  3363   000FBB                     ECCPR1L         equ	4027	;# 
  3364   000FBC                     ECCPR1H         equ	4028	;# 
  3365   000FBD                     CCP1CON         equ	4029	;# 
  3366   000FBE                     CCPR1           equ	4030	;# 
  3367   000FBE                     CCPR1L          equ	4030	;# 
  3368   000FBF                     CCPR1H          equ	4031	;# 
  3369   000FC0                     ADCON2          equ	4032	;# 
  3370   000FC1                     ADCON1          equ	4033	;# 
  3371   000FC2                     ADCON0          equ	4034	;# 
  3372   000FC3                     ADRES           equ	4035	;# 
  3373   000FC3                     ADRESL          equ	4035	;# 
  3374   000FC4                     ADRESH          equ	4036	;# 
  3375   000FC5                     SSPCON2         equ	4037	;# 
  3376   000FC6                     SSPCON1         equ	4038	;# 
  3377   000FC7                     SSPSTAT         equ	4039	;# 
  3378   000FC8                     SSPADD          equ	4040	;# 
  3379   000FC9                     SSPBUF          equ	4041	;# 
  3380   000FCA                     T2CON           equ	4042	;# 
  3381   000FCB                     PR2             equ	4043	;# 
  3382   000FCB                     MEMCON          equ	4043	;# 
  3383   000FCC                     TMR2            equ	4044	;# 
  3384   000FCD                     T1CON           equ	4045	;# 
  3385   000FCE                     TMR1            equ	4046	;# 
  3386   000FCE                     TMR1L           equ	4046	;# 
  3387   000FCF                     TMR1H           equ	4047	;# 
  3388   000FD0                     RCON            equ	4048	;# 
  3389   000FD1                     WDTCON          equ	4049	;# 
  3390   000FD2                     HLVDCON         equ	4050	;# 
  3391   000FD2                     LVDCON          equ	4050	;# 
  3392   000FD3                     OSCCON          equ	4051	;# 
  3393   000FD5                     T0CON           equ	4053	;# 
  3394   000FD6                     TMR0            equ	4054	;# 
  3395   000FD6                     TMR0L           equ	4054	;# 
  3396   000FD7                     TMR0H           equ	4055	;# 
  3397   000FD8                     STATUS          equ	4056	;# 
  3398   000FD9                     FSR2            equ	4057	;# 
  3399   000FD9                     FSR2L           equ	4057	;# 
  3400   000FDA                     FSR2H           equ	4058	;# 
  3401   000FDB                     PLUSW2          equ	4059	;# 
  3402   000FDC                     PREINC2         equ	4060	;# 
  3403   000FDD                     POSTDEC2        equ	4061	;# 
  3404   000FDE                     POSTINC2        equ	4062	;# 
  3405   000FDF                     INDF2           equ	4063	;# 
  3406   000FE0                     BSR             equ	4064	;# 
  3407   000FE1                     FSR1            equ	4065	;# 
  3408   000FE1                     FSR1L           equ	4065	;# 
  3409   000FE2                     FSR1H           equ	4066	;# 
  3410   000FE3                     PLUSW1          equ	4067	;# 
  3411   000FE4                     PREINC1         equ	4068	;# 
  3412   000FE5                     POSTDEC1        equ	4069	;# 
  3413   000FE6                     POSTINC1        equ	4070	;# 
  3414   000FE7                     INDF1           equ	4071	;# 
  3415   000FE8                     WREG            equ	4072	;# 
  3416   000FE9                     FSR0            equ	4073	;# 
  3417   000FE9                     FSR0L           equ	4073	;# 
  3418   000FEA                     FSR0H           equ	4074	;# 
  3419   000FEB                     PLUSW0          equ	4075	;# 
  3420   000FEC                     PREINC0         equ	4076	;# 
  3421   000FED                     POSTDEC0        equ	4077	;# 
  3422   000FEE                     POSTINC0        equ	4078	;# 
  3423   000FEF                     INDF0           equ	4079	;# 
  3424   000FF0                     INTCON3         equ	4080	;# 
  3425   000FF1                     INTCON2         equ	4081	;# 
  3426   000FF2                     INTCON          equ	4082	;# 
  3427   000FF3                     PROD            equ	4083	;# 
  3428   000FF3                     PRODL           equ	4083	;# 
  3429   000FF4                     PRODH           equ	4084	;# 
  3430   000FF5                     TABLAT          equ	4085	;# 
  3431   000FF6                     TBLPTR          equ	4086	;# 
  3432   000FF6                     TBLPTRL         equ	4086	;# 
  3433   000FF7                     TBLPTRH         equ	4087	;# 
  3434   000FF8                     TBLPTRU         equ	4088	;# 
  3435   000FF9                     PCLAT           equ	4089	;# 
  3436   000FF9                     PC              equ	4089	;# 
  3437   000FF9                     PCL             equ	4089	;# 
  3438   000FFA                     PCLATH          equ	4090	;# 
  3439   000FFB                     PCLATU          equ	4091	;# 
  3440   000FFC                     STKPTR          equ	4092	;# 
  3441   000FFD                     TOS             equ	4093	;# 
  3442   000FFD                     TOSL            equ	4093	;# 
  3443   000FFE                     TOSH            equ	4094	;# 
  3444   000FFF                     TOSU            equ	4095	;# 
  3445   000D60                     RXF6SIDH        equ	3424	;# 
  3446   000D61                     RXF6SIDL        equ	3425	;# 
  3447   000D62                     RXF6EIDH        equ	3426	;# 
  3448   000D63                     RXF6EIDL        equ	3427	;# 
  3449   000D64                     RXF7SIDH        equ	3428	;# 
  3450   000D65                     RXF7SIDL        equ	3429	;# 
  3451   000D66                     RXF7EIDH        equ	3430	;# 
  3452   000D67                     RXF7EIDL        equ	3431	;# 
  3453   000D68                     RXF8SIDH        equ	3432	;# 
  3454   000D69                     RXF8SIDL        equ	3433	;# 
  3455   000D6A                     RXF8EIDH        equ	3434	;# 
  3456   000D6B                     RXF8EIDL        equ	3435	;# 
  3457   000D70                     RXF9SIDH        equ	3440	;# 
  3458   000D71                     RXF9SIDL        equ	3441	;# 
  3459   000D72                     RXF9EIDH        equ	3442	;# 
  3460   000D73                     RXF9EIDL        equ	3443	;# 
  3461   000D74                     RXF10SIDH       equ	3444	;# 
  3462   000D75                     RXF10SIDL       equ	3445	;# 
  3463   000D76                     RXF10EIDH       equ	3446	;# 
  3464   000D77                     RXF10EIDL       equ	3447	;# 
  3465   000D78                     RXF11SIDH       equ	3448	;# 
  3466   000D79                     RXF11SIDL       equ	3449	;# 
  3467   000D7A                     RXF11EIDH       equ	3450	;# 
  3468   000D7B                     RXF11EIDL       equ	3451	;# 
  3469   000D80                     RXF12SIDH       equ	3456	;# 
  3470   000D81                     RXF12SIDL       equ	3457	;# 
  3471   000D82                     RXF12EIDH       equ	3458	;# 
  3472   000D83                     RXF12EIDL       equ	3459	;# 
  3473   000D84                     RXF13SIDH       equ	3460	;# 
  3474   000D85                     RXF13SIDL       equ	3461	;# 
  3475   000D86                     RXF13EIDH       equ	3462	;# 
  3476   000D87                     RXF13EIDL       equ	3463	;# 
  3477   000D88                     RXF14SIDH       equ	3464	;# 
  3478   000D89                     RXF14SIDL       equ	3465	;# 
  3479   000D8A                     RXF14EIDH       equ	3466	;# 
  3480   000D8B                     RXF14EIDL       equ	3467	;# 
  3481   000D90                     RXF15SIDH       equ	3472	;# 
  3482   000D91                     RXF15SIDL       equ	3473	;# 
  3483   000D92                     RXF15EIDH       equ	3474	;# 
  3484   000D93                     RXF15EIDL       equ	3475	;# 
  3485   000DD4                     RXFCON0         equ	3540	;# 
  3486   000DD5                     RXFCON1         equ	3541	;# 
  3487   000DD8                     SDFLC           equ	3544	;# 
  3488   000DE0                     RXFBCON0        equ	3552	;# 
  3489   000DE1                     RXFBCON1        equ	3553	;# 
  3490   000DE2                     RXFBCON2        equ	3554	;# 
  3491   000DE3                     RXFBCON3        equ	3555	;# 
  3492   000DE4                     RXFBCON4        equ	3556	;# 
  3493   000DE5                     RXFBCON5        equ	3557	;# 
  3494   000DE6                     RXFBCON6        equ	3558	;# 
  3495   000DE7                     RXFBCON7        equ	3559	;# 
  3496   000DF0                     MSEL0           equ	3568	;# 
  3497   000DF1                     MSEL1           equ	3569	;# 
  3498   000DF2                     MSEL2           equ	3570	;# 
  3499   000DF3                     MSEL3           equ	3571	;# 
  3500   000DF8                     BSEL0           equ	3576	;# 
  3501   000DFA                     BIE0            equ	3578	;# 
  3502   000DFC                     TXBIE           equ	3580	;# 
  3503   000E20                     B0CON           equ	3616	;# 
  3504   000E21                     B0SIDH          equ	3617	;# 
  3505   000E22                     B0SIDL          equ	3618	;# 
  3506   000E23                     B0EIDH          equ	3619	;# 
  3507   000E24                     B0EIDL          equ	3620	;# 
  3508   000E25                     B0DLC           equ	3621	;# 
  3509   000E26                     B0D0            equ	3622	;# 
  3510   000E27                     B0D1            equ	3623	;# 
  3511   000E28                     B0D2            equ	3624	;# 
  3512   000E29                     B0D3            equ	3625	;# 
  3513   000E2A                     B0D4            equ	3626	;# 
  3514   000E2B                     B0D5            equ	3627	;# 
  3515   000E2C                     B0D6            equ	3628	;# 
  3516   000E2D                     B0D7            equ	3629	;# 
  3517   000E2E                     CANSTAT_RO9     equ	3630	;# 
  3518   000E2F                     CANCON_RO9      equ	3631	;# 
  3519   000E30                     B1CON           equ	3632	;# 
  3520   000E31                     B1SIDH          equ	3633	;# 
  3521   000E32                     B1SIDL          equ	3634	;# 
  3522   000E33                     B1EIDH          equ	3635	;# 
  3523   000E34                     B1EIDL          equ	3636	;# 
  3524   000E35                     B1DLC           equ	3637	;# 
  3525   000E36                     B1D0            equ	3638	;# 
  3526   000E37                     B1D1            equ	3639	;# 
  3527   000E38                     B1D2            equ	3640	;# 
  3528   000E39                     B1D3            equ	3641	;# 
  3529   000E3A                     B1D4            equ	3642	;# 
  3530   000E3B                     B1D5            equ	3643	;# 
  3531   000E3C                     B1D6            equ	3644	;# 
  3532   000E3D                     B1D7            equ	3645	;# 
  3533   000E3E                     CANSTAT_RO8     equ	3646	;# 
  3534   000E3F                     CANCON_RO8      equ	3647	;# 
  3535   000E40                     B2CON           equ	3648	;# 
  3536   000E41                     B2SIDH          equ	3649	;# 
  3537   000E42                     B2SIDL          equ	3650	;# 
  3538   000E43                     B2EIDH          equ	3651	;# 
  3539   000E44                     B2EIDL          equ	3652	;# 
  3540   000E45                     B2DLC           equ	3653	;# 
  3541   000E46                     B2D0            equ	3654	;# 
  3542   000E47                     B2D1            equ	3655	;# 
  3543   000E48                     B2D2            equ	3656	;# 
  3544   000E49                     B2D3            equ	3657	;# 
  3545   000E4A                     B2D4            equ	3658	;# 
  3546   000E4B                     B2D5            equ	3659	;# 
  3547   000E4C                     B2D6            equ	3660	;# 
  3548   000E4D                     B2D7            equ	3661	;# 
  3549   000E4E                     CANSTAT_RO7     equ	3662	;# 
  3550   000E4F                     CANCON_RO7      equ	3663	;# 
  3551   000E50                     B3CON           equ	3664	;# 
  3552   000E51                     B3SIDH          equ	3665	;# 
  3553   000E52                     B3SIDL          equ	3666	;# 
  3554   000E53                     B3EIDH          equ	3667	;# 
  3555   000E54                     B3EIDL          equ	3668	;# 
  3556   000E55                     B3DLC           equ	3669	;# 
  3557   000E56                     B3D0            equ	3670	;# 
  3558   000E57                     B3D1            equ	3671	;# 
  3559   000E58                     B3D2            equ	3672	;# 
  3560   000E59                     B3D3            equ	3673	;# 
  3561   000E5A                     B3D4            equ	3674	;# 
  3562   000E5B                     B3D5            equ	3675	;# 
  3563   000E5C                     B3D6            equ	3676	;# 
  3564   000E5D                     B3D7            equ	3677	;# 
  3565   000E5E                     CANSTAT_RO6     equ	3678	;# 
  3566   000E5F                     CANCON_RO6      equ	3679	;# 
  3567   000E60                     B4CON           equ	3680	;# 
  3568   000E61                     B4SIDH          equ	3681	;# 
  3569   000E62                     B4SIDL          equ	3682	;# 
  3570   000E63                     B4EIDH          equ	3683	;# 
  3571   000E64                     B4EIDL          equ	3684	;# 
  3572   000E65                     B4DLC           equ	3685	;# 
  3573   000E66                     B4D0            equ	3686	;# 
  3574   000E67                     B4D1            equ	3687	;# 
  3575   000E68                     B4D2            equ	3688	;# 
  3576   000E69                     B4D3            equ	3689	;# 
  3577   000E6A                     B4D4            equ	3690	;# 
  3578   000E6B                     B4D5            equ	3691	;# 
  3579   000E6C                     B4D6            equ	3692	;# 
  3580   000E6D                     B4D7            equ	3693	;# 
  3581   000E6E                     CANSTAT_RO5     equ	3694	;# 
  3582   000E6F                     CANCON_RO5      equ	3695	;# 
  3583   000E70                     B5CON           equ	3696	;# 
  3584   000E71                     B5SIDH          equ	3697	;# 
  3585   000E72                     B5SIDL          equ	3698	;# 
  3586   000E73                     B5EIDH          equ	3699	;# 
  3587   000E74                     B5EIDL          equ	3700	;# 
  3588   000E75                     B5DLC           equ	3701	;# 
  3589   000E76                     B5D0            equ	3702	;# 
  3590   000E77                     B5D1            equ	3703	;# 
  3591   000E78                     B5D2            equ	3704	;# 
  3592   000E79                     B5D3            equ	3705	;# 
  3593   000E7A                     B5D4            equ	3706	;# 
  3594   000E7B                     B5D5            equ	3707	;# 
  3595   000E7C                     B5D6            equ	3708	;# 
  3596   000E7D                     B5D7            equ	3709	;# 
  3597   000E7E                     CANSTAT_RO4     equ	3710	;# 
  3598   000E7F                     CANCON_RO4      equ	3711	;# 
  3599   000F00                     RXF0SIDH        equ	3840	;# 
  3600   000F01                     RXF0SIDL        equ	3841	;# 
  3601   000F02                     RXF0EIDH        equ	3842	;# 
  3602   000F03                     RXF0EIDL        equ	3843	;# 
  3603   000F04                     RXF1SIDH        equ	3844	;# 
  3604   000F05                     RXF1SIDL        equ	3845	;# 
  3605   000F06                     RXF1EIDH        equ	3846	;# 
  3606   000F07                     RXF1EIDL        equ	3847	;# 
  3607   000F08                     RXF2SIDH        equ	3848	;# 
  3608   000F09                     RXF2SIDL        equ	3849	;# 
  3609   000F0A                     RXF2EIDH        equ	3850	;# 
  3610   000F0B                     RXF2EIDL        equ	3851	;# 
  3611   000F0C                     RXF3SIDH        equ	3852	;# 
  3612   000F0D                     RXF3SIDL        equ	3853	;# 
  3613   000F0E                     RXF3EIDH        equ	3854	;# 
  3614   000F0F                     RXF3EIDL        equ	3855	;# 
  3615   000F10                     RXF4SIDH        equ	3856	;# 
  3616   000F11                     RXF4SIDL        equ	3857	;# 
  3617   000F12                     RXF4EIDH        equ	3858	;# 
  3618   000F13                     RXF4EIDL        equ	3859	;# 
  3619   000F14                     RXF5SIDH        equ	3860	;# 
  3620   000F15                     RXF5SIDL        equ	3861	;# 
  3621   000F16                     RXF5EIDH        equ	3862	;# 
  3622   000F17                     RXF5EIDL        equ	3863	;# 
  3623   000F18                     RXM0SIDH        equ	3864	;# 
  3624   000F19                     RXM0SIDL        equ	3865	;# 
  3625   000F1A                     RXM0EIDH        equ	3866	;# 
  3626   000F1B                     RXM0EIDL        equ	3867	;# 
  3627   000F1C                     RXM1SIDH        equ	3868	;# 
  3628   000F1D                     RXM1SIDL        equ	3869	;# 
  3629   000F1E                     RXM1EIDH        equ	3870	;# 
  3630   000F1F                     RXM1EIDL        equ	3871	;# 
  3631   000F20                     TXB2CON         equ	3872	;# 
  3632   000F21                     TXB2SIDH        equ	3873	;# 
  3633   000F22                     TXB2SIDL        equ	3874	;# 
  3634   000F23                     TXB2EIDH        equ	3875	;# 
  3635   000F24                     TXB2EIDL        equ	3876	;# 
  3636   000F25                     TXB2DLC         equ	3877	;# 
  3637   000F26                     TXB2D0          equ	3878	;# 
  3638   000F27                     TXB2D1          equ	3879	;# 
  3639   000F28                     TXB2D2          equ	3880	;# 
  3640   000F29                     TXB2D3          equ	3881	;# 
  3641   000F2A                     TXB2D4          equ	3882	;# 
  3642   000F2B                     TXB2D5          equ	3883	;# 
  3643   000F2C                     TXB2D6          equ	3884	;# 
  3644   000F2D                     TXB2D7          equ	3885	;# 
  3645   000F2E                     CANSTAT_RO3     equ	3886	;# 
  3646   000F2F                     CANCON_RO3      equ	3887	;# 
  3647   000F30                     TXB1CON         equ	3888	;# 
  3648   000F31                     TXB1SIDH        equ	3889	;# 
  3649   000F32                     TXB1SIDL        equ	3890	;# 
  3650   000F33                     TXB1EIDH        equ	3891	;# 
  3651   000F34                     TXB1EIDL        equ	3892	;# 
  3652   000F35                     TXB1DLC         equ	3893	;# 
  3653   000F36                     TXB1D0          equ	3894	;# 
  3654   000F37                     TXB1D1          equ	3895	;# 
  3655   000F38                     TXB1D2          equ	3896	;# 
  3656   000F39                     TXB1D3          equ	3897	;# 
  3657   000F3A                     TXB1D4          equ	3898	;# 
  3658   000F3B                     TXB1D5          equ	3899	;# 
  3659   000F3C                     TXB1D6          equ	3900	;# 
  3660   000F3D                     TXB1D7          equ	3901	;# 
  3661   000F3E                     CANSTAT_RO2     equ	3902	;# 
  3662   000F3F                     CANCON_RO2      equ	3903	;# 
  3663   000F40                     TXB0CON         equ	3904	;# 
  3664   000F41                     TXB0SIDH        equ	3905	;# 
  3665   000F42                     TXB0SIDL        equ	3906	;# 
  3666   000F43                     TXB0EIDH        equ	3907	;# 
  3667   000F44                     TXB0EIDL        equ	3908	;# 
  3668   000F45                     TXB0DLC         equ	3909	;# 
  3669   000F46                     TXB0D0          equ	3910	;# 
  3670   000F47                     TXB0D1          equ	3911	;# 
  3671   000F48                     TXB0D2          equ	3912	;# 
  3672   000F49                     TXB0D3          equ	3913	;# 
  3673   000F4A                     TXB0D4          equ	3914	;# 
  3674   000F4B                     TXB0D5          equ	3915	;# 
  3675   000F4C                     TXB0D6          equ	3916	;# 
  3676   000F4D                     TXB0D7          equ	3917	;# 
  3677   000F4E                     CANSTAT_RO1     equ	3918	;# 
  3678   000F4F                     CANCON_RO1      equ	3919	;# 
  3679   000F50                     RXB1CON         equ	3920	;# 
  3680   000F51                     RXB1SIDH        equ	3921	;# 
  3681   000F52                     RXB1SIDL        equ	3922	;# 
  3682   000F53                     RXB1EIDH        equ	3923	;# 
  3683   000F54                     RXB1EIDL        equ	3924	;# 
  3684   000F55                     RXB1DLC         equ	3925	;# 
  3685   000F56                     RXB1D0          equ	3926	;# 
  3686   000F57                     RXB1D1          equ	3927	;# 
  3687   000F58                     RXB1D2          equ	3928	;# 
  3688   000F59                     RXB1D3          equ	3929	;# 
  3689   000F5A                     RXB1D4          equ	3930	;# 
  3690   000F5B                     RXB1D5          equ	3931	;# 
  3691   000F5C                     RXB1D6          equ	3932	;# 
  3692   000F5D                     RXB1D7          equ	3933	;# 
  3693   000F5E                     CANSTAT_RO0     equ	3934	;# 
  3694   000F5F                     CANCON_RO0      equ	3935	;# 
  3695   000F60                     RXB0CON         equ	3936	;# 
  3696   000F61                     RXB0SIDH        equ	3937	;# 
  3697   000F62                     RXB0SIDL        equ	3938	;# 
  3698   000F63                     RXB0EIDH        equ	3939	;# 
  3699   000F64                     RXB0EIDL        equ	3940	;# 
  3700   000F65                     RXB0DLC         equ	3941	;# 
  3701   000F66                     RXB0D0          equ	3942	;# 
  3702   000F67                     RXB0D1          equ	3943	;# 
  3703   000F68                     RXB0D2          equ	3944	;# 
  3704   000F69                     RXB0D3          equ	3945	;# 
  3705   000F6A                     RXB0D4          equ	3946	;# 
  3706   000F6B                     RXB0D5          equ	3947	;# 
  3707   000F6C                     RXB0D6          equ	3948	;# 
  3708   000F6D                     RXB0D7          equ	3949	;# 
  3709   000F6E                     CANSTAT         equ	3950	;# 
  3710   000F6F                     CANCON          equ	3951	;# 
  3711   000F70                     BRGCON1         equ	3952	;# 
  3712   000F71                     BRGCON2         equ	3953	;# 
  3713   000F72                     BRGCON3         equ	3954	;# 
  3714   000F73                     CIOCON          equ	3955	;# 
  3715   000F74                     COMSTAT         equ	3956	;# 
  3716   000F75                     RXERRCNT        equ	3957	;# 
  3717   000F76                     TXERRCNT        equ	3958	;# 
  3718   000F77                     ECANCON         equ	3959	;# 
  3719   000F80                     PORTA           equ	3968	;# 
  3720   000F81                     PORTB           equ	3969	;# 
  3721   000F82                     PORTC           equ	3970	;# 
  3722   000F83                     PORTD           equ	3971	;# 
  3723   000F84                     PORTE           equ	3972	;# 
  3724   000F89                     LATA            equ	3977	;# 
  3725   000F8A                     LATB            equ	3978	;# 
  3726   000F8B                     LATC            equ	3979	;# 
  3727   000F8C                     LATD            equ	3980	;# 
  3728   000F8D                     LATE            equ	3981	;# 
  3729   000F92                     TRISA           equ	3986	;# 
  3730   000F92                     DDRA            equ	3986	;# 
  3731   000F93                     TRISB           equ	3987	;# 
  3732   000F93                     DDRB            equ	3987	;# 
  3733   000F94                     TRISC           equ	3988	;# 
  3734   000F94                     DDRC            equ	3988	;# 
  3735   000F95                     TRISD           equ	3989	;# 
  3736   000F95                     DDRD            equ	3989	;# 
  3737   000F96                     TRISE           equ	3990	;# 
  3738   000F96                     DDRE            equ	3990	;# 
  3739   000F9B                     OSCTUNE         equ	3995	;# 
  3740   000F9D                     PIE1            equ	3997	;# 
  3741   000F9E                     PIR1            equ	3998	;# 
  3742   000F9F                     IPR1            equ	3999	;# 
  3743   000FA0                     PIE2            equ	4000	;# 
  3744   000FA1                     PIR2            equ	4001	;# 
  3745   000FA2                     IPR2            equ	4002	;# 
  3746   000FA3                     PIE3            equ	4003	;# 
  3747   000FA4                     PIR3            equ	4004	;# 
  3748   000FA5                     IPR3            equ	4005	;# 
  3749   000FA6                     EECON1          equ	4006	;# 
  3750   000FA7                     EECON2          equ	4007	;# 
  3751   000FA8                     EEDATA          equ	4008	;# 
  3752   000FA9                     EEADR           equ	4009	;# 
  3753   000FAB                     RCSTA           equ	4011	;# 
  3754   000FAB                     RCSTA1          equ	4011	;# 
  3755   000FAC                     TXSTA           equ	4012	;# 
  3756   000FAC                     TXSTA1          equ	4012	;# 
  3757   000FAD                     TXREG           equ	4013	;# 
  3758   000FAD                     TXREG1          equ	4013	;# 
  3759   000FAE                     RCREG           equ	4014	;# 
  3760   000FAE                     RCREG1          equ	4014	;# 
  3761   000FAF                     SPBRG           equ	4015	;# 
  3762   000FAF                     SPBRG1          equ	4015	;# 
  3763   000FB0                     SPBRGH          equ	4016	;# 
  3764   000FB1                     T3CON           equ	4017	;# 
  3765   000FB2                     TMR3            equ	4018	;# 
  3766   000FB2                     TMR3L           equ	4018	;# 
  3767   000FB3                     TMR3H           equ	4019	;# 
  3768   000FB4                     CMCON           equ	4020	;# 
  3769   000FB5                     CVRCON          equ	4021	;# 
  3770   000FB6                     ECCP1AS         equ	4022	;# 
  3771   000FB7                     ECCP1DEL        equ	4023	;# 
  3772   000FB8                     BAUDCON         equ	4024	;# 
  3773   000FB8                     BAUDCTL         equ	4024	;# 
  3774   000FBA                     ECCP1CON        equ	4026	;# 
  3775   000FBB                     ECCPR1          equ	4027	;# 
  3776   000FBB                     ECCPR1L         equ	4027	;# 
  3777   000FBC                     ECCPR1H         equ	4028	;# 
  3778   000FBD                     CCP1CON         equ	4029	;# 
  3779   000FBE                     CCPR1           equ	4030	;# 
  3780   000FBE                     CCPR1L          equ	4030	;# 
  3781   000FBF                     CCPR1H          equ	4031	;# 
  3782   000FC0                     ADCON2          equ	4032	;# 
  3783   000FC1                     ADCON1          equ	4033	;# 
  3784   000FC2                     ADCON0          equ	4034	;# 
  3785   000FC3                     ADRES           equ	4035	;# 
  3786   000FC3                     ADRESL          equ	4035	;# 
  3787   000FC4                     ADRESH          equ	4036	;# 
  3788   000FC5                     SSPCON2         equ	4037	;# 
  3789   000FC6                     SSPCON1         equ	4038	;# 
  3790   000FC7                     SSPSTAT         equ	4039	;# 
  3791   000FC8                     SSPADD          equ	4040	;# 
  3792   000FC9                     SSPBUF          equ	4041	;# 
  3793   000FCA                     T2CON           equ	4042	;# 
  3794   000FCB                     PR2             equ	4043	;# 
  3795   000FCB                     MEMCON          equ	4043	;# 
  3796   000FCC                     TMR2            equ	4044	;# 
  3797   000FCD                     T1CON           equ	4045	;# 
  3798   000FCE                     TMR1            equ	4046	;# 
  3799   000FCE                     TMR1L           equ	4046	;# 
  3800   000FCF                     TMR1H           equ	4047	;# 
  3801   000FD0                     RCON            equ	4048	;# 
  3802   000FD1                     WDTCON          equ	4049	;# 
  3803   000FD2                     HLVDCON         equ	4050	;# 
  3804   000FD2                     LVDCON          equ	4050	;# 
  3805   000FD3                     OSCCON          equ	4051	;# 
  3806   000FD5                     T0CON           equ	4053	;# 
  3807   000FD6                     TMR0            equ	4054	;# 
  3808   000FD6                     TMR0L           equ	4054	;# 
  3809   000FD7                     TMR0H           equ	4055	;# 
  3810   000FD8                     STATUS          equ	4056	;# 
  3811   000FD9                     FSR2            equ	4057	;# 
  3812   000FD9                     FSR2L           equ	4057	;# 
  3813   000FDA                     FSR2H           equ	4058	;# 
  3814   000FDB                     PLUSW2          equ	4059	;# 
  3815   000FDC                     PREINC2         equ	4060	;# 
  3816   000FDD                     POSTDEC2        equ	4061	;# 
  3817   000FDE                     POSTINC2        equ	4062	;# 
  3818   000FDF                     INDF2           equ	4063	;# 
  3819   000FE0                     BSR             equ	4064	;# 
  3820   000FE1                     FSR1            equ	4065	;# 
  3821   000FE1                     FSR1L           equ	4065	;# 
  3822   000FE2                     FSR1H           equ	4066	;# 
  3823   000FE3                     PLUSW1          equ	4067	;# 
  3824   000FE4                     PREINC1         equ	4068	;# 
  3825   000FE5                     POSTDEC1        equ	4069	;# 
  3826   000FE6                     POSTINC1        equ	4070	;# 
  3827   000FE7                     INDF1           equ	4071	;# 
  3828   000FE8                     WREG            equ	4072	;# 
  3829   000FE9                     FSR0            equ	4073	;# 
  3830   000FE9                     FSR0L           equ	4073	;# 
  3831   000FEA                     FSR0H           equ	4074	;# 
  3832   000FEB                     PLUSW0          equ	4075	;# 
  3833   000FEC                     PREINC0         equ	4076	;# 
  3834   000FED                     POSTDEC0        equ	4077	;# 
  3835   000FEE                     POSTINC0        equ	4078	;# 
  3836   000FEF                     INDF0           equ	4079	;# 
  3837   000FF0                     INTCON3         equ	4080	;# 
  3838   000FF1                     INTCON2         equ	4081	;# 
  3839   000FF2                     INTCON          equ	4082	;# 
  3840   000FF3                     PROD            equ	4083	;# 
  3841   000FF3                     PRODL           equ	4083	;# 
  3842   000FF4                     PRODH           equ	4084	;# 
  3843   000FF5                     TABLAT          equ	4085	;# 
  3844   000FF6                     TBLPTR          equ	4086	;# 
  3845   000FF6                     TBLPTRL         equ	4086	;# 
  3846   000FF7                     TBLPTRH         equ	4087	;# 
  3847   000FF8                     TBLPTRU         equ	4088	;# 
  3848   000FF9                     PCLAT           equ	4089	;# 
  3849   000FF9                     PC              equ	4089	;# 
  3850   000FF9                     PCL             equ	4089	;# 
  3851   000FFA                     PCLATH          equ	4090	;# 
  3852   000FFB                     PCLATU          equ	4091	;# 
  3853   000FFC                     STKPTR          equ	4092	;# 
  3854   000FFD                     TOS             equ	4093	;# 
  3855   000FFD                     TOSL            equ	4093	;# 
  3856   000FFE                     TOSH            equ	4094	;# 
  3857   000FFF                     TOSU            equ	4095	;# 
  3858   000D60                     RXF6SIDH        equ	3424	;# 
  3859   000D61                     RXF6SIDL        equ	3425	;# 
  3860   000D62                     RXF6EIDH        equ	3426	;# 
  3861   000D63                     RXF6EIDL        equ	3427	;# 
  3862   000D64                     RXF7SIDH        equ	3428	;# 
  3863   000D65                     RXF7SIDL        equ	3429	;# 
  3864   000D66                     RXF7EIDH        equ	3430	;# 
  3865   000D67                     RXF7EIDL        equ	3431	;# 
  3866   000D68                     RXF8SIDH        equ	3432	;# 
  3867   000D69                     RXF8SIDL        equ	3433	;# 
  3868   000D6A                     RXF8EIDH        equ	3434	;# 
  3869   000D6B                     RXF8EIDL        equ	3435	;# 
  3870   000D70                     RXF9SIDH        equ	3440	;# 
  3871   000D71                     RXF9SIDL        equ	3441	;# 
  3872   000D72                     RXF9EIDH        equ	3442	;# 
  3873   000D73                     RXF9EIDL        equ	3443	;# 
  3874   000D74                     RXF10SIDH       equ	3444	;# 
  3875   000D75                     RXF10SIDL       equ	3445	;# 
  3876   000D76                     RXF10EIDH       equ	3446	;# 
  3877   000D77                     RXF10EIDL       equ	3447	;# 
  3878   000D78                     RXF11SIDH       equ	3448	;# 
  3879   000D79                     RXF11SIDL       equ	3449	;# 
  3880   000D7A                     RXF11EIDH       equ	3450	;# 
  3881   000D7B                     RXF11EIDL       equ	3451	;# 
  3882   000D80                     RXF12SIDH       equ	3456	;# 
  3883   000D81                     RXF12SIDL       equ	3457	;# 
  3884   000D82                     RXF12EIDH       equ	3458	;# 
  3885   000D83                     RXF12EIDL       equ	3459	;# 
  3886   000D84                     RXF13SIDH       equ	3460	;# 
  3887   000D85                     RXF13SIDL       equ	3461	;# 
  3888   000D86                     RXF13EIDH       equ	3462	;# 
  3889   000D87                     RXF13EIDL       equ	3463	;# 
  3890   000D88                     RXF14SIDH       equ	3464	;# 
  3891   000D89                     RXF14SIDL       equ	3465	;# 
  3892   000D8A                     RXF14EIDH       equ	3466	;# 
  3893   000D8B                     RXF14EIDL       equ	3467	;# 
  3894   000D90                     RXF15SIDH       equ	3472	;# 
  3895   000D91                     RXF15SIDL       equ	3473	;# 
  3896   000D92                     RXF15EIDH       equ	3474	;# 
  3897   000D93                     RXF15EIDL       equ	3475	;# 
  3898   000DD4                     RXFCON0         equ	3540	;# 
  3899   000DD5                     RXFCON1         equ	3541	;# 
  3900   000DD8                     SDFLC           equ	3544	;# 
  3901   000DE0                     RXFBCON0        equ	3552	;# 
  3902   000DE1                     RXFBCON1        equ	3553	;# 
  3903   000DE2                     RXFBCON2        equ	3554	;# 
  3904   000DE3                     RXFBCON3        equ	3555	;# 
  3905   000DE4                     RXFBCON4        equ	3556	;# 
  3906   000DE5                     RXFBCON5        equ	3557	;# 
  3907   000DE6                     RXFBCON6        equ	3558	;# 
  3908   000DE7                     RXFBCON7        equ	3559	;# 
  3909   000DF0                     MSEL0           equ	3568	;# 
  3910   000DF1                     MSEL1           equ	3569	;# 
  3911   000DF2                     MSEL2           equ	3570	;# 
  3912   000DF3                     MSEL3           equ	3571	;# 
  3913   000DF8                     BSEL0           equ	3576	;# 
  3914   000DFA                     BIE0            equ	3578	;# 
  3915   000DFC                     TXBIE           equ	3580	;# 
  3916   000E20                     B0CON           equ	3616	;# 
  3917   000E21                     B0SIDH          equ	3617	;# 
  3918   000E22                     B0SIDL          equ	3618	;# 
  3919   000E23                     B0EIDH          equ	3619	;# 
  3920   000E24                     B0EIDL          equ	3620	;# 
  3921   000E25                     B0DLC           equ	3621	;# 
  3922   000E26                     B0D0            equ	3622	;# 
  3923   000E27                     B0D1            equ	3623	;# 
  3924   000E28                     B0D2            equ	3624	;# 
  3925   000E29                     B0D3            equ	3625	;# 
  3926   000E2A                     B0D4            equ	3626	;# 
  3927   000E2B                     B0D5            equ	3627	;# 
  3928   000E2C                     B0D6            equ	3628	;# 
  3929   000E2D                     B0D7            equ	3629	;# 
  3930   000E2E                     CANSTAT_RO9     equ	3630	;# 
  3931   000E2F                     CANCON_RO9      equ	3631	;# 
  3932   000E30                     B1CON           equ	3632	;# 
  3933   000E31                     B1SIDH          equ	3633	;# 
  3934   000E32                     B1SIDL          equ	3634	;# 
  3935   000E33                     B1EIDH          equ	3635	;# 
  3936   000E34                     B1EIDL          equ	3636	;# 
  3937   000E35                     B1DLC           equ	3637	;# 
  3938   000E36                     B1D0            equ	3638	;# 
  3939   000E37                     B1D1            equ	3639	;# 
  3940   000E38                     B1D2            equ	3640	;# 
  3941   000E39                     B1D3            equ	3641	;# 
  3942   000E3A                     B1D4            equ	3642	;# 
  3943   000E3B                     B1D5            equ	3643	;# 
  3944   000E3C                     B1D6            equ	3644	;# 
  3945   000E3D                     B1D7            equ	3645	;# 
  3946   000E3E                     CANSTAT_RO8     equ	3646	;# 
  3947   000E3F                     CANCON_RO8      equ	3647	;# 
  3948   000E40                     B2CON           equ	3648	;# 
  3949   000E41                     B2SIDH          equ	3649	;# 
  3950   000E42                     B2SIDL          equ	3650	;# 
  3951   000E43                     B2EIDH          equ	3651	;# 
  3952   000E44                     B2EIDL          equ	3652	;# 
  3953   000E45                     B2DLC           equ	3653	;# 
  3954   000E46                     B2D0            equ	3654	;# 
  3955   000E47                     B2D1            equ	3655	;# 
  3956   000E48                     B2D2            equ	3656	;# 
  3957   000E49                     B2D3            equ	3657	;# 
  3958   000E4A                     B2D4            equ	3658	;# 
  3959   000E4B                     B2D5            equ	3659	;# 
  3960   000E4C                     B2D6            equ	3660	;# 
  3961   000E4D                     B2D7            equ	3661	;# 
  3962   000E4E                     CANSTAT_RO7     equ	3662	;# 
  3963   000E4F                     CANCON_RO7      equ	3663	;# 
  3964   000E50                     B3CON           equ	3664	;# 
  3965   000E51                     B3SIDH          equ	3665	;# 
  3966   000E52                     B3SIDL          equ	3666	;# 
  3967   000E53                     B3EIDH          equ	3667	;# 
  3968   000E54                     B3EIDL          equ	3668	;# 
  3969   000E55                     B3DLC           equ	3669	;# 
  3970   000E56                     B3D0            equ	3670	;# 
  3971   000E57                     B3D1            equ	3671	;# 
  3972   000E58                     B3D2            equ	3672	;# 
  3973   000E59                     B3D3            equ	3673	;# 
  3974   000E5A                     B3D4            equ	3674	;# 
  3975   000E5B                     B3D5            equ	3675	;# 
  3976   000E5C                     B3D6            equ	3676	;# 
  3977   000E5D                     B3D7            equ	3677	;# 
  3978   000E5E                     CANSTAT_RO6     equ	3678	;# 
  3979   000E5F                     CANCON_RO6      equ	3679	;# 
  3980   000E60                     B4CON           equ	3680	;# 
  3981   000E61                     B4SIDH          equ	3681	;# 
  3982   000E62                     B4SIDL          equ	3682	;# 
  3983   000E63                     B4EIDH          equ	3683	;# 
  3984   000E64                     B4EIDL          equ	3684	;# 
  3985   000E65                     B4DLC           equ	3685	;# 
  3986   000E66                     B4D0            equ	3686	;# 
  3987   000E67                     B4D1            equ	3687	;# 
  3988   000E68                     B4D2            equ	3688	;# 
  3989   000E69                     B4D3            equ	3689	;# 
  3990   000E6A                     B4D4            equ	3690	;# 
  3991   000E6B                     B4D5            equ	3691	;# 
  3992   000E6C                     B4D6            equ	3692	;# 
  3993   000E6D                     B4D7            equ	3693	;# 
  3994   000E6E                     CANSTAT_RO5     equ	3694	;# 
  3995   000E6F                     CANCON_RO5      equ	3695	;# 
  3996   000E70                     B5CON           equ	3696	;# 
  3997   000E71                     B5SIDH          equ	3697	;# 
  3998   000E72                     B5SIDL          equ	3698	;# 
  3999   000E73                     B5EIDH          equ	3699	;# 
  4000   000E74                     B5EIDL          equ	3700	;# 
  4001   000E75                     B5DLC           equ	3701	;# 
  4002   000E76                     B5D0            equ	3702	;# 
  4003   000E77                     B5D1            equ	3703	;# 
  4004   000E78                     B5D2            equ	3704	;# 
  4005   000E79                     B5D3            equ	3705	;# 
  4006   000E7A                     B5D4            equ	3706	;# 
  4007   000E7B                     B5D5            equ	3707	;# 
  4008   000E7C                     B5D6            equ	3708	;# 
  4009   000E7D                     B5D7            equ	3709	;# 
  4010   000E7E                     CANSTAT_RO4     equ	3710	;# 
  4011   000E7F                     CANCON_RO4      equ	3711	;# 
  4012   000F00                     RXF0SIDH        equ	3840	;# 
  4013   000F01                     RXF0SIDL        equ	3841	;# 
  4014   000F02                     RXF0EIDH        equ	3842	;# 
  4015   000F03                     RXF0EIDL        equ	3843	;# 
  4016   000F04                     RXF1SIDH        equ	3844	;# 
  4017   000F05                     RXF1SIDL        equ	3845	;# 
  4018   000F06                     RXF1EIDH        equ	3846	;# 
  4019   000F07                     RXF1EIDL        equ	3847	;# 
  4020   000F08                     RXF2SIDH        equ	3848	;# 
  4021   000F09                     RXF2SIDL        equ	3849	;# 
  4022   000F0A                     RXF2EIDH        equ	3850	;# 
  4023   000F0B                     RXF2EIDL        equ	3851	;# 
  4024   000F0C                     RXF3SIDH        equ	3852	;# 
  4025   000F0D                     RXF3SIDL        equ	3853	;# 
  4026   000F0E                     RXF3EIDH        equ	3854	;# 
  4027   000F0F                     RXF3EIDL        equ	3855	;# 
  4028   000F10                     RXF4SIDH        equ	3856	;# 
  4029   000F11                     RXF4SIDL        equ	3857	;# 
  4030   000F12                     RXF4EIDH        equ	3858	;# 
  4031   000F13                     RXF4EIDL        equ	3859	;# 
  4032   000F14                     RXF5SIDH        equ	3860	;# 
  4033   000F15                     RXF5SIDL        equ	3861	;# 
  4034   000F16                     RXF5EIDH        equ	3862	;# 
  4035   000F17                     RXF5EIDL        equ	3863	;# 
  4036   000F18                     RXM0SIDH        equ	3864	;# 
  4037   000F19                     RXM0SIDL        equ	3865	;# 
  4038   000F1A                     RXM0EIDH        equ	3866	;# 
  4039   000F1B                     RXM0EIDL        equ	3867	;# 
  4040   000F1C                     RXM1SIDH        equ	3868	;# 
  4041   000F1D                     RXM1SIDL        equ	3869	;# 
  4042   000F1E                     RXM1EIDH        equ	3870	;# 
  4043   000F1F                     RXM1EIDL        equ	3871	;# 
  4044   000F20                     TXB2CON         equ	3872	;# 
  4045   000F21                     TXB2SIDH        equ	3873	;# 
  4046   000F22                     TXB2SIDL        equ	3874	;# 
  4047   000F23                     TXB2EIDH        equ	3875	;# 
  4048   000F24                     TXB2EIDL        equ	3876	;# 
  4049   000F25                     TXB2DLC         equ	3877	;# 
  4050   000F26                     TXB2D0          equ	3878	;# 
  4051   000F27                     TXB2D1          equ	3879	;# 
  4052   000F28                     TXB2D2          equ	3880	;# 
  4053   000F29                     TXB2D3          equ	3881	;# 
  4054   000F2A                     TXB2D4          equ	3882	;# 
  4055   000F2B                     TXB2D5          equ	3883	;# 
  4056   000F2C                     TXB2D6          equ	3884	;# 
  4057   000F2D                     TXB2D7          equ	3885	;# 
  4058   000F2E                     CANSTAT_RO3     equ	3886	;# 
  4059   000F2F                     CANCON_RO3      equ	3887	;# 
  4060   000F30                     TXB1CON         equ	3888	;# 
  4061   000F31                     TXB1SIDH        equ	3889	;# 
  4062   000F32                     TXB1SIDL        equ	3890	;# 
  4063   000F33                     TXB1EIDH        equ	3891	;# 
  4064   000F34                     TXB1EIDL        equ	3892	;# 
  4065   000F35                     TXB1DLC         equ	3893	;# 
  4066   000F36                     TXB1D0          equ	3894	;# 
  4067   000F37                     TXB1D1          equ	3895	;# 
  4068   000F38                     TXB1D2          equ	3896	;# 
  4069   000F39                     TXB1D3          equ	3897	;# 
  4070   000F3A                     TXB1D4          equ	3898	;# 
  4071   000F3B                     TXB1D5          equ	3899	;# 
  4072   000F3C                     TXB1D6          equ	3900	;# 
  4073   000F3D                     TXB1D7          equ	3901	;# 
  4074   000F3E                     CANSTAT_RO2     equ	3902	;# 
  4075   000F3F                     CANCON_RO2      equ	3903	;# 
  4076   000F40                     TXB0CON         equ	3904	;# 
  4077   000F41                     TXB0SIDH        equ	3905	;# 
  4078   000F42                     TXB0SIDL        equ	3906	;# 
  4079   000F43                     TXB0EIDH        equ	3907	;# 
  4080   000F44                     TXB0EIDL        equ	3908	;# 
  4081   000F45                     TXB0DLC         equ	3909	;# 
  4082   000F46                     TXB0D0          equ	3910	;# 
  4083   000F47                     TXB0D1          equ	3911	;# 
  4084   000F48                     TXB0D2          equ	3912	;# 
  4085   000F49                     TXB0D3          equ	3913	;# 
  4086   000F4A                     TXB0D4          equ	3914	;# 
  4087   000F4B                     TXB0D5          equ	3915	;# 
  4088   000F4C                     TXB0D6          equ	3916	;# 
  4089   000F4D                     TXB0D7          equ	3917	;# 
  4090   000F4E                     CANSTAT_RO1     equ	3918	;# 
  4091   000F4F                     CANCON_RO1      equ	3919	;# 
  4092   000F50                     RXB1CON         equ	3920	;# 
  4093   000F51                     RXB1SIDH        equ	3921	;# 
  4094   000F52                     RXB1SIDL        equ	3922	;# 
  4095   000F53                     RXB1EIDH        equ	3923	;# 
  4096   000F54                     RXB1EIDL        equ	3924	;# 
  4097   000F55                     RXB1DLC         equ	3925	;# 
  4098   000F56                     RXB1D0          equ	3926	;# 
  4099   000F57                     RXB1D1          equ	3927	;# 
  4100   000F58                     RXB1D2          equ	3928	;# 
  4101   000F59                     RXB1D3          equ	3929	;# 
  4102   000F5A                     RXB1D4          equ	3930	;# 
  4103   000F5B                     RXB1D5          equ	3931	;# 
  4104   000F5C                     RXB1D6          equ	3932	;# 
  4105   000F5D                     RXB1D7          equ	3933	;# 
  4106   000F5E                     CANSTAT_RO0     equ	3934	;# 
  4107   000F5F                     CANCON_RO0      equ	3935	;# 
  4108   000F60                     RXB0CON         equ	3936	;# 
  4109   000F61                     RXB0SIDH        equ	3937	;# 
  4110   000F62                     RXB0SIDL        equ	3938	;# 
  4111   000F63                     RXB0EIDH        equ	3939	;# 
  4112   000F64                     RXB0EIDL        equ	3940	;# 
  4113   000F65                     RXB0DLC         equ	3941	;# 
  4114   000F66                     RXB0D0          equ	3942	;# 
  4115   000F67                     RXB0D1          equ	3943	;# 
  4116   000F68                     RXB0D2          equ	3944	;# 
  4117   000F69                     RXB0D3          equ	3945	;# 
  4118   000F6A                     RXB0D4          equ	3946	;# 
  4119   000F6B                     RXB0D5          equ	3947	;# 
  4120   000F6C                     RXB0D6          equ	3948	;# 
  4121   000F6D                     RXB0D7          equ	3949	;# 
  4122   000F6E                     CANSTAT         equ	3950	;# 
  4123   000F6F                     CANCON          equ	3951	;# 
  4124   000F70                     BRGCON1         equ	3952	;# 
  4125   000F71                     BRGCON2         equ	3953	;# 
  4126   000F72                     BRGCON3         equ	3954	;# 
  4127   000F73                     CIOCON          equ	3955	;# 
  4128   000F74                     COMSTAT         equ	3956	;# 
  4129   000F75                     RXERRCNT        equ	3957	;# 
  4130   000F76                     TXERRCNT        equ	3958	;# 
  4131   000F77                     ECANCON         equ	3959	;# 
  4132   000F80                     PORTA           equ	3968	;# 
  4133   000F81                     PORTB           equ	3969	;# 
  4134   000F82                     PORTC           equ	3970	;# 
  4135   000F83                     PORTD           equ	3971	;# 
  4136   000F84                     PORTE           equ	3972	;# 
  4137   000F89                     LATA            equ	3977	;# 
  4138   000F8A                     LATB            equ	3978	;# 
  4139   000F8B                     LATC            equ	3979	;# 
  4140   000F8C                     LATD            equ	3980	;# 
  4141   000F8D                     LATE            equ	3981	;# 
  4142   000F92                     TRISA           equ	3986	;# 
  4143   000F92                     DDRA            equ	3986	;# 
  4144   000F93                     TRISB           equ	3987	;# 
  4145   000F93                     DDRB            equ	3987	;# 
  4146   000F94                     TRISC           equ	3988	;# 
  4147   000F94                     DDRC            equ	3988	;# 
  4148   000F95                     TRISD           equ	3989	;# 
  4149   000F95                     DDRD            equ	3989	;# 
  4150   000F96                     TRISE           equ	3990	;# 
  4151   000F96                     DDRE            equ	3990	;# 
  4152   000F9B                     OSCTUNE         equ	3995	;# 
  4153   000F9D                     PIE1            equ	3997	;# 
  4154   000F9E                     PIR1            equ	3998	;# 
  4155   000F9F                     IPR1            equ	3999	;# 
  4156   000FA0                     PIE2            equ	4000	;# 
  4157   000FA1                     PIR2            equ	4001	;# 
  4158   000FA2                     IPR2            equ	4002	;# 
  4159   000FA3                     PIE3            equ	4003	;# 
  4160   000FA4                     PIR3            equ	4004	;# 
  4161   000FA5                     IPR3            equ	4005	;# 
  4162   000FA6                     EECON1          equ	4006	;# 
  4163   000FA7                     EECON2          equ	4007	;# 
  4164   000FA8                     EEDATA          equ	4008	;# 
  4165   000FA9                     EEADR           equ	4009	;# 
  4166   000FAB                     RCSTA           equ	4011	;# 
  4167   000FAB                     RCSTA1          equ	4011	;# 
  4168   000FAC                     TXSTA           equ	4012	;# 
  4169   000FAC                     TXSTA1          equ	4012	;# 
  4170   000FAD                     TXREG           equ	4013	;# 
  4171   000FAD                     TXREG1          equ	4013	;# 
  4172   000FAE                     RCREG           equ	4014	;# 
  4173   000FAE                     RCREG1          equ	4014	;# 
  4174   000FAF                     SPBRG           equ	4015	;# 
  4175   000FAF                     SPBRG1          equ	4015	;# 
  4176   000FB0                     SPBRGH          equ	4016	;# 
  4177   000FB1                     T3CON           equ	4017	;# 
  4178   000FB2                     TMR3            equ	4018	;# 
  4179   000FB2                     TMR3L           equ	4018	;# 
  4180   000FB3                     TMR3H           equ	4019	;# 
  4181   000FB4                     CMCON           equ	4020	;# 
  4182   000FB5                     CVRCON          equ	4021	;# 
  4183   000FB6                     ECCP1AS         equ	4022	;# 
  4184   000FB7                     ECCP1DEL        equ	4023	;# 
  4185   000FB8                     BAUDCON         equ	4024	;# 
  4186   000FB8                     BAUDCTL         equ	4024	;# 
  4187   000FBA                     ECCP1CON        equ	4026	;# 
  4188   000FBB                     ECCPR1          equ	4027	;# 
  4189   000FBB                     ECCPR1L         equ	4027	;# 
  4190   000FBC                     ECCPR1H         equ	4028	;# 
  4191   000FBD                     CCP1CON         equ	4029	;# 
  4192   000FBE                     CCPR1           equ	4030	;# 
  4193   000FBE                     CCPR1L          equ	4030	;# 
  4194   000FBF                     CCPR1H          equ	4031	;# 
  4195   000FC0                     ADCON2          equ	4032	;# 
  4196   000FC1                     ADCON1          equ	4033	;# 
  4197   000FC2                     ADCON0          equ	4034	;# 
  4198   000FC3                     ADRES           equ	4035	;# 
  4199   000FC3                     ADRESL          equ	4035	;# 
  4200   000FC4                     ADRESH          equ	4036	;# 
  4201   000FC5                     SSPCON2         equ	4037	;# 
  4202   000FC6                     SSPCON1         equ	4038	;# 
  4203   000FC7                     SSPSTAT         equ	4039	;# 
  4204   000FC8                     SSPADD          equ	4040	;# 
  4205   000FC9                     SSPBUF          equ	4041	;# 
  4206   000FCA                     T2CON           equ	4042	;# 
  4207   000FCB                     PR2             equ	4043	;# 
  4208   000FCB                     MEMCON          equ	4043	;# 
  4209   000FCC                     TMR2            equ	4044	;# 
  4210   000FCD                     T1CON           equ	4045	;# 
  4211   000FCE                     TMR1            equ	4046	;# 
  4212   000FCE                     TMR1L           equ	4046	;# 
  4213   000FCF                     TMR1H           equ	4047	;# 
  4214   000FD0                     RCON            equ	4048	;# 
  4215   000FD1                     WDTCON          equ	4049	;# 
  4216   000FD2                     HLVDCON         equ	4050	;# 
  4217   000FD2                     LVDCON          equ	4050	;# 
  4218   000FD3                     OSCCON          equ	4051	;# 
  4219   000FD5                     T0CON           equ	4053	;# 
  4220   000FD6                     TMR0            equ	4054	;# 
  4221   000FD6                     TMR0L           equ	4054	;# 
  4222   000FD7                     TMR0H           equ	4055	;# 
  4223   000FD8                     STATUS          equ	4056	;# 
  4224   000FD9                     FSR2            equ	4057	;# 
  4225   000FD9                     FSR2L           equ	4057	;# 
  4226   000FDA                     FSR2H           equ	4058	;# 
  4227   000FDB                     PLUSW2          equ	4059	;# 
  4228   000FDC                     PREINC2         equ	4060	;# 
  4229   000FDD                     POSTDEC2        equ	4061	;# 
  4230   000FDE                     POSTINC2        equ	4062	;# 
  4231   000FDF                     INDF2           equ	4063	;# 
  4232   000FE0                     BSR             equ	4064	;# 
  4233   000FE1                     FSR1            equ	4065	;# 
  4234   000FE1                     FSR1L           equ	4065	;# 
  4235   000FE2                     FSR1H           equ	4066	;# 
  4236   000FE3                     PLUSW1          equ	4067	;# 
  4237   000FE4                     PREINC1         equ	4068	;# 
  4238   000FE5                     POSTDEC1        equ	4069	;# 
  4239   000FE6                     POSTINC1        equ	4070	;# 
  4240   000FE7                     INDF1           equ	4071	;# 
  4241   000FE8                     WREG            equ	4072	;# 
  4242   000FE9                     FSR0            equ	4073	;# 
  4243   000FE9                     FSR0L           equ	4073	;# 
  4244   000FEA                     FSR0H           equ	4074	;# 
  4245   000FEB                     PLUSW0          equ	4075	;# 
  4246   000FEC                     PREINC0         equ	4076	;# 
  4247   000FED                     POSTDEC0        equ	4077	;# 
  4248   000FEE                     POSTINC0        equ	4078	;# 
  4249   000FEF                     INDF0           equ	4079	;# 
  4250   000FF0                     INTCON3         equ	4080	;# 
  4251   000FF1                     INTCON2         equ	4081	;# 
  4252   000FF2                     INTCON          equ	4082	;# 
  4253   000FF3                     PROD            equ	4083	;# 
  4254   000FF3                     PRODL           equ	4083	;# 
  4255   000FF4                     PRODH           equ	4084	;# 
  4256   000FF5                     TABLAT          equ	4085	;# 
  4257   000FF6                     TBLPTR          equ	4086	;# 
  4258   000FF6                     TBLPTRL         equ	4086	;# 
  4259   000FF7                     TBLPTRH         equ	4087	;# 
  4260   000FF8                     TBLPTRU         equ	4088	;# 
  4261   000FF9                     PCLAT           equ	4089	;# 
  4262   000FF9                     PC              equ	4089	;# 
  4263   000FF9                     PCL             equ	4089	;# 
  4264   000FFA                     PCLATH          equ	4090	;# 
  4265   000FFB                     PCLATU          equ	4091	;# 
  4266   000FFC                     STKPTR          equ	4092	;# 
  4267   000FFD                     TOS             equ	4093	;# 
  4268   000FFD                     TOSL            equ	4093	;# 
  4269   000FFE                     TOSH            equ	4094	;# 
  4270   000FFF                     TOSU            equ	4095	;# 
  4271   000D60                     RXF6SIDH        equ	3424	;# 
  4272   000D61                     RXF6SIDL        equ	3425	;# 
  4273   000D62                     RXF6EIDH        equ	3426	;# 
  4274   000D63                     RXF6EIDL        equ	3427	;# 
  4275   000D64                     RXF7SIDH        equ	3428	;# 
  4276   000D65                     RXF7SIDL        equ	3429	;# 
  4277   000D66                     RXF7EIDH        equ	3430	;# 
  4278   000D67                     RXF7EIDL        equ	3431	;# 
  4279   000D68                     RXF8SIDH        equ	3432	;# 
  4280   000D69                     RXF8SIDL        equ	3433	;# 
  4281   000D6A                     RXF8EIDH        equ	3434	;# 
  4282   000D6B                     RXF8EIDL        equ	3435	;# 
  4283   000D70                     RXF9SIDH        equ	3440	;# 
  4284   000D71                     RXF9SIDL        equ	3441	;# 
  4285   000D72                     RXF9EIDH        equ	3442	;# 
  4286   000D73                     RXF9EIDL        equ	3443	;# 
  4287   000D74                     RXF10SIDH       equ	3444	;# 
  4288   000D75                     RXF10SIDL       equ	3445	;# 
  4289   000D76                     RXF10EIDH       equ	3446	;# 
  4290   000D77                     RXF10EIDL       equ	3447	;# 
  4291   000D78                     RXF11SIDH       equ	3448	;# 
  4292   000D79                     RXF11SIDL       equ	3449	;# 
  4293   000D7A                     RXF11EIDH       equ	3450	;# 
  4294   000D7B                     RXF11EIDL       equ	3451	;# 
  4295   000D80                     RXF12SIDH       equ	3456	;# 
  4296   000D81                     RXF12SIDL       equ	3457	;# 
  4297   000D82                     RXF12EIDH       equ	3458	;# 
  4298   000D83                     RXF12EIDL       equ	3459	;# 
  4299   000D84                     RXF13SIDH       equ	3460	;# 
  4300   000D85                     RXF13SIDL       equ	3461	;# 
  4301   000D86                     RXF13EIDH       equ	3462	;# 
  4302   000D87                     RXF13EIDL       equ	3463	;# 
  4303   000D88                     RXF14SIDH       equ	3464	;# 
  4304   000D89                     RXF14SIDL       equ	3465	;# 
  4305   000D8A                     RXF14EIDH       equ	3466	;# 
  4306   000D8B                     RXF14EIDL       equ	3467	;# 
  4307   000D90                     RXF15SIDH       equ	3472	;# 
  4308   000D91                     RXF15SIDL       equ	3473	;# 
  4309   000D92                     RXF15EIDH       equ	3474	;# 
  4310   000D93                     RXF15EIDL       equ	3475	;# 
  4311   000DD4                     RXFCON0         equ	3540	;# 
  4312   000DD5                     RXFCON1         equ	3541	;# 
  4313   000DD8                     SDFLC           equ	3544	;# 
  4314   000DE0                     RXFBCON0        equ	3552	;# 
  4315   000DE1                     RXFBCON1        equ	3553	;# 
  4316   000DE2                     RXFBCON2        equ	3554	;# 
  4317   000DE3                     RXFBCON3        equ	3555	;# 
  4318   000DE4                     RXFBCON4        equ	3556	;# 
  4319   000DE5                     RXFBCON5        equ	3557	;# 
  4320   000DE6                     RXFBCON6        equ	3558	;# 
  4321   000DE7                     RXFBCON7        equ	3559	;# 
  4322   000DF0                     MSEL0           equ	3568	;# 
  4323   000DF1                     MSEL1           equ	3569	;# 
  4324   000DF2                     MSEL2           equ	3570	;# 
  4325   000DF3                     MSEL3           equ	3571	;# 
  4326   000DF8                     BSEL0           equ	3576	;# 
  4327   000DFA                     BIE0            equ	3578	;# 
  4328   000DFC                     TXBIE           equ	3580	;# 
  4329   000E20                     B0CON           equ	3616	;# 
  4330   000E21                     B0SIDH          equ	3617	;# 
  4331   000E22                     B0SIDL          equ	3618	;# 
  4332   000E23                     B0EIDH          equ	3619	;# 
  4333   000E24                     B0EIDL          equ	3620	;# 
  4334   000E25                     B0DLC           equ	3621	;# 
  4335   000E26                     B0D0            equ	3622	;# 
  4336   000E27                     B0D1            equ	3623	;# 
  4337   000E28                     B0D2            equ	3624	;# 
  4338   000E29                     B0D3            equ	3625	;# 
  4339   000E2A                     B0D4            equ	3626	;# 
  4340   000E2B                     B0D5            equ	3627	;# 
  4341   000E2C                     B0D6            equ	3628	;# 
  4342   000E2D                     B0D7            equ	3629	;# 
  4343   000E2E                     CANSTAT_RO9     equ	3630	;# 
  4344   000E2F                     CANCON_RO9      equ	3631	;# 
  4345   000E30                     B1CON           equ	3632	;# 
  4346   000E31                     B1SIDH          equ	3633	;# 
  4347   000E32                     B1SIDL          equ	3634	;# 
  4348   000E33                     B1EIDH          equ	3635	;# 
  4349   000E34                     B1EIDL          equ	3636	;# 
  4350   000E35                     B1DLC           equ	3637	;# 
  4351   000E36                     B1D0            equ	3638	;# 
  4352   000E37                     B1D1            equ	3639	;# 
  4353   000E38                     B1D2            equ	3640	;# 
  4354   000E39                     B1D3            equ	3641	;# 
  4355   000E3A                     B1D4            equ	3642	;# 
  4356   000E3B                     B1D5            equ	3643	;# 
  4357   000E3C                     B1D6            equ	3644	;# 
  4358   000E3D                     B1D7            equ	3645	;# 
  4359   000E3E                     CANSTAT_RO8     equ	3646	;# 
  4360   000E3F                     CANCON_RO8      equ	3647	;# 
  4361   000E40                     B2CON           equ	3648	;# 
  4362   000E41                     B2SIDH          equ	3649	;# 
  4363   000E42                     B2SIDL          equ	3650	;# 
  4364   000E43                     B2EIDH          equ	3651	;# 
  4365   000E44                     B2EIDL          equ	3652	;# 
  4366   000E45                     B2DLC           equ	3653	;# 
  4367   000E46                     B2D0            equ	3654	;# 
  4368   000E47                     B2D1            equ	3655	;# 
  4369   000E48                     B2D2            equ	3656	;# 
  4370   000E49                     B2D3            equ	3657	;# 
  4371   000E4A                     B2D4            equ	3658	;# 
  4372   000E4B                     B2D5            equ	3659	;# 
  4373   000E4C                     B2D6            equ	3660	;# 
  4374   000E4D                     B2D7            equ	3661	;# 
  4375   000E4E                     CANSTAT_RO7     equ	3662	;# 
  4376   000E4F                     CANCON_RO7      equ	3663	;# 
  4377   000E50                     B3CON           equ	3664	;# 
  4378   000E51                     B3SIDH          equ	3665	;# 
  4379   000E52                     B3SIDL          equ	3666	;# 
  4380   000E53                     B3EIDH          equ	3667	;# 
  4381   000E54                     B3EIDL          equ	3668	;# 
  4382   000E55                     B3DLC           equ	3669	;# 
  4383   000E56                     B3D0            equ	3670	;# 
  4384   000E57                     B3D1            equ	3671	;# 
  4385   000E58                     B3D2            equ	3672	;# 
  4386   000E59                     B3D3            equ	3673	;# 
  4387   000E5A                     B3D4            equ	3674	;# 
  4388   000E5B                     B3D5            equ	3675	;# 
  4389   000E5C                     B3D6            equ	3676	;# 
  4390   000E5D                     B3D7            equ	3677	;# 
  4391   000E5E                     CANSTAT_RO6     equ	3678	;# 
  4392   000E5F                     CANCON_RO6      equ	3679	;# 
  4393   000E60                     B4CON           equ	3680	;# 
  4394   000E61                     B4SIDH          equ	3681	;# 
  4395   000E62                     B4SIDL          equ	3682	;# 
  4396   000E63                     B4EIDH          equ	3683	;# 
  4397   000E64                     B4EIDL          equ	3684	;# 
  4398   000E65                     B4DLC           equ	3685	;# 
  4399   000E66                     B4D0            equ	3686	;# 
  4400   000E67                     B4D1            equ	3687	;# 
  4401   000E68                     B4D2            equ	3688	;# 
  4402   000E69                     B4D3            equ	3689	;# 
  4403   000E6A                     B4D4            equ	3690	;# 
  4404   000E6B                     B4D5            equ	3691	;# 
  4405   000E6C                     B4D6            equ	3692	;# 
  4406   000E6D                     B4D7            equ	3693	;# 
  4407   000E6E                     CANSTAT_RO5     equ	3694	;# 
  4408   000E6F                     CANCON_RO5      equ	3695	;# 
  4409   000E70                     B5CON           equ	3696	;# 
  4410   000E71                     B5SIDH          equ	3697	;# 
  4411   000E72                     B5SIDL          equ	3698	;# 
  4412   000E73                     B5EIDH          equ	3699	;# 
  4413   000E74                     B5EIDL          equ	3700	;# 
  4414   000E75                     B5DLC           equ	3701	;# 
  4415   000E76                     B5D0            equ	3702	;# 
  4416   000E77                     B5D1            equ	3703	;# 
  4417   000E78                     B5D2            equ	3704	;# 
  4418   000E79                     B5D3            equ	3705	;# 
  4419   000E7A                     B5D4            equ	3706	;# 
  4420   000E7B                     B5D5            equ	3707	;# 
  4421   000E7C                     B5D6            equ	3708	;# 
  4422   000E7D                     B5D7            equ	3709	;# 
  4423   000E7E                     CANSTAT_RO4     equ	3710	;# 
  4424   000E7F                     CANCON_RO4      equ	3711	;# 
  4425   000F00                     RXF0SIDH        equ	3840	;# 
  4426   000F01                     RXF0SIDL        equ	3841	;# 
  4427   000F02                     RXF0EIDH        equ	3842	;# 
  4428   000F03                     RXF0EIDL        equ	3843	;# 
  4429   000F04                     RXF1SIDH        equ	3844	;# 
  4430   000F05                     RXF1SIDL        equ	3845	;# 
  4431   000F06                     RXF1EIDH        equ	3846	;# 
  4432   000F07                     RXF1EIDL        equ	3847	;# 
  4433   000F08                     RXF2SIDH        equ	3848	;# 
  4434   000F09                     RXF2SIDL        equ	3849	;# 
  4435   000F0A                     RXF2EIDH        equ	3850	;# 
  4436   000F0B                     RXF2EIDL        equ	3851	;# 
  4437   000F0C                     RXF3SIDH        equ	3852	;# 
  4438   000F0D                     RXF3SIDL        equ	3853	;# 
  4439   000F0E                     RXF3EIDH        equ	3854	;# 
  4440   000F0F                     RXF3EIDL        equ	3855	;# 
  4441   000F10                     RXF4SIDH        equ	3856	;# 
  4442   000F11                     RXF4SIDL        equ	3857	;# 
  4443   000F12                     RXF4EIDH        equ	3858	;# 
  4444   000F13                     RXF4EIDL        equ	3859	;# 
  4445   000F14                     RXF5SIDH        equ	3860	;# 
  4446   000F15                     RXF5SIDL        equ	3861	;# 
  4447   000F16                     RXF5EIDH        equ	3862	;# 
  4448   000F17                     RXF5EIDL        equ	3863	;# 
  4449   000F18                     RXM0SIDH        equ	3864	;# 
  4450   000F19                     RXM0SIDL        equ	3865	;# 
  4451   000F1A                     RXM0EIDH        equ	3866	;# 
  4452   000F1B                     RXM0EIDL        equ	3867	;# 
  4453   000F1C                     RXM1SIDH        equ	3868	;# 
  4454   000F1D                     RXM1SIDL        equ	3869	;# 
  4455   000F1E                     RXM1EIDH        equ	3870	;# 
  4456   000F1F                     RXM1EIDL        equ	3871	;# 
  4457   000F20                     TXB2CON         equ	3872	;# 
  4458   000F21                     TXB2SIDH        equ	3873	;# 
  4459   000F22                     TXB2SIDL        equ	3874	;# 
  4460   000F23                     TXB2EIDH        equ	3875	;# 
  4461   000F24                     TXB2EIDL        equ	3876	;# 
  4462   000F25                     TXB2DLC         equ	3877	;# 
  4463   000F26                     TXB2D0          equ	3878	;# 
  4464   000F27                     TXB2D1          equ	3879	;# 
  4465   000F28                     TXB2D2          equ	3880	;# 
  4466   000F29                     TXB2D3          equ	3881	;# 
  4467   000F2A                     TXB2D4          equ	3882	;# 
  4468   000F2B                     TXB2D5          equ	3883	;# 
  4469   000F2C                     TXB2D6          equ	3884	;# 
  4470   000F2D                     TXB2D7          equ	3885	;# 
  4471   000F2E                     CANSTAT_RO3     equ	3886	;# 
  4472   000F2F                     CANCON_RO3      equ	3887	;# 
  4473   000F30                     TXB1CON         equ	3888	;# 
  4474   000F31                     TXB1SIDH        equ	3889	;# 
  4475   000F32                     TXB1SIDL        equ	3890	;# 
  4476   000F33                     TXB1EIDH        equ	3891	;# 
  4477   000F34                     TXB1EIDL        equ	3892	;# 
  4478   000F35                     TXB1DLC         equ	3893	;# 
  4479   000F36                     TXB1D0          equ	3894	;# 
  4480   000F37                     TXB1D1          equ	3895	;# 
  4481   000F38                     TXB1D2          equ	3896	;# 
  4482   000F39                     TXB1D3          equ	3897	;# 
  4483   000F3A                     TXB1D4          equ	3898	;# 
  4484   000F3B                     TXB1D5          equ	3899	;# 
  4485   000F3C                     TXB1D6          equ	3900	;# 
  4486   000F3D                     TXB1D7          equ	3901	;# 
  4487   000F3E                     CANSTAT_RO2     equ	3902	;# 
  4488   000F3F                     CANCON_RO2      equ	3903	;# 
  4489   000F40                     TXB0CON         equ	3904	;# 
  4490   000F41                     TXB0SIDH        equ	3905	;# 
  4491   000F42                     TXB0SIDL        equ	3906	;# 
  4492   000F43                     TXB0EIDH        equ	3907	;# 
  4493   000F44                     TXB0EIDL        equ	3908	;# 
  4494   000F45                     TXB0DLC         equ	3909	;# 
  4495   000F46                     TXB0D0          equ	3910	;# 
  4496   000F47                     TXB0D1          equ	3911	;# 
  4497   000F48                     TXB0D2          equ	3912	;# 
  4498   000F49                     TXB0D3          equ	3913	;# 
  4499   000F4A                     TXB0D4          equ	3914	;# 
  4500   000F4B                     TXB0D5          equ	3915	;# 
  4501   000F4C                     TXB0D6          equ	3916	;# 
  4502   000F4D                     TXB0D7          equ	3917	;# 
  4503   000F4E                     CANSTAT_RO1     equ	3918	;# 
  4504   000F4F                     CANCON_RO1      equ	3919	;# 
  4505   000F50                     RXB1CON         equ	3920	;# 
  4506   000F51                     RXB1SIDH        equ	3921	;# 
  4507   000F52                     RXB1SIDL        equ	3922	;# 
  4508   000F53                     RXB1EIDH        equ	3923	;# 
  4509   000F54                     RXB1EIDL        equ	3924	;# 
  4510   000F55                     RXB1DLC         equ	3925	;# 
  4511   000F56                     RXB1D0          equ	3926	;# 
  4512   000F57                     RXB1D1          equ	3927	;# 
  4513   000F58                     RXB1D2          equ	3928	;# 
  4514   000F59                     RXB1D3          equ	3929	;# 
  4515   000F5A                     RXB1D4          equ	3930	;# 
  4516   000F5B                     RXB1D5          equ	3931	;# 
  4517   000F5C                     RXB1D6          equ	3932	;# 
  4518   000F5D                     RXB1D7          equ	3933	;# 
  4519   000F5E                     CANSTAT_RO0     equ	3934	;# 
  4520   000F5F                     CANCON_RO0      equ	3935	;# 
  4521   000F60                     RXB0CON         equ	3936	;# 
  4522   000F61                     RXB0SIDH        equ	3937	;# 
  4523   000F62                     RXB0SIDL        equ	3938	;# 
  4524   000F63                     RXB0EIDH        equ	3939	;# 
  4525   000F64                     RXB0EIDL        equ	3940	;# 
  4526   000F65                     RXB0DLC         equ	3941	;# 
  4527   000F66                     RXB0D0          equ	3942	;# 
  4528   000F67                     RXB0D1          equ	3943	;# 
  4529   000F68                     RXB0D2          equ	3944	;# 
  4530   000F69                     RXB0D3          equ	3945	;# 
  4531   000F6A                     RXB0D4          equ	3946	;# 
  4532   000F6B                     RXB0D5          equ	3947	;# 
  4533   000F6C                     RXB0D6          equ	3948	;# 
  4534   000F6D                     RXB0D7          equ	3949	;# 
  4535   000F6E                     CANSTAT         equ	3950	;# 
  4536   000F6F                     CANCON          equ	3951	;# 
  4537   000F70                     BRGCON1         equ	3952	;# 
  4538   000F71                     BRGCON2         equ	3953	;# 
  4539   000F72                     BRGCON3         equ	3954	;# 
  4540   000F73                     CIOCON          equ	3955	;# 
  4541   000F74                     COMSTAT         equ	3956	;# 
  4542   000F75                     RXERRCNT        equ	3957	;# 
  4543   000F76                     TXERRCNT        equ	3958	;# 
  4544   000F77                     ECANCON         equ	3959	;# 
  4545   000F80                     PORTA           equ	3968	;# 
  4546   000F81                     PORTB           equ	3969	;# 
  4547   000F82                     PORTC           equ	3970	;# 
  4548   000F83                     PORTD           equ	3971	;# 
  4549   000F84                     PORTE           equ	3972	;# 
  4550   000F89                     LATA            equ	3977	;# 
  4551   000F8A                     LATB            equ	3978	;# 
  4552   000F8B                     LATC            equ	3979	;# 
  4553   000F8C                     LATD            equ	3980	;# 
  4554   000F8D                     LATE            equ	3981	;# 
  4555   000F92                     TRISA           equ	3986	;# 
  4556   000F92                     DDRA            equ	3986	;# 
  4557   000F93                     TRISB           equ	3987	;# 
  4558   000F93                     DDRB            equ	3987	;# 
  4559   000F94                     TRISC           equ	3988	;# 
  4560   000F94                     DDRC            equ	3988	;# 
  4561   000F95                     TRISD           equ	3989	;# 
  4562   000F95                     DDRD            equ	3989	;# 
  4563   000F96                     TRISE           equ	3990	;# 
  4564   000F96                     DDRE            equ	3990	;# 
  4565   000F9B                     OSCTUNE         equ	3995	;# 
  4566   000F9D                     PIE1            equ	3997	;# 
  4567   000F9E                     PIR1            equ	3998	;# 
  4568   000F9F                     IPR1            equ	3999	;# 
  4569   000FA0                     PIE2            equ	4000	;# 
  4570   000FA1                     PIR2            equ	4001	;# 
  4571   000FA2                     IPR2            equ	4002	;# 
  4572   000FA3                     PIE3            equ	4003	;# 
  4573   000FA4                     PIR3            equ	4004	;# 
  4574   000FA5                     IPR3            equ	4005	;# 
  4575   000FA6                     EECON1          equ	4006	;# 
  4576   000FA7                     EECON2          equ	4007	;# 
  4577   000FA8                     EEDATA          equ	4008	;# 
  4578   000FA9                     EEADR           equ	4009	;# 
  4579   000FAB                     RCSTA           equ	4011	;# 
  4580   000FAB                     RCSTA1          equ	4011	;# 
  4581   000FAC                     TXSTA           equ	4012	;# 
  4582   000FAC                     TXSTA1          equ	4012	;# 
  4583   000FAD                     TXREG           equ	4013	;# 
  4584   000FAD                     TXREG1          equ	4013	;# 
  4585   000FAE                     RCREG           equ	4014	;# 
  4586   000FAE                     RCREG1          equ	4014	;# 
  4587   000FAF                     SPBRG           equ	4015	;# 
  4588   000FAF                     SPBRG1          equ	4015	;# 
  4589   000FB0                     SPBRGH          equ	4016	;# 
  4590   000FB1                     T3CON           equ	4017	;# 
  4591   000FB2                     TMR3            equ	4018	;# 
  4592   000FB2                     TMR3L           equ	4018	;# 
  4593   000FB3                     TMR3H           equ	4019	;# 
  4594   000FB4                     CMCON           equ	4020	;# 
  4595   000FB5                     CVRCON          equ	4021	;# 
  4596   000FB6                     ECCP1AS         equ	4022	;# 
  4597   000FB7                     ECCP1DEL        equ	4023	;# 
  4598   000FB8                     BAUDCON         equ	4024	;# 
  4599   000FB8                     BAUDCTL         equ	4024	;# 
  4600   000FBA                     ECCP1CON        equ	4026	;# 
  4601   000FBB                     ECCPR1          equ	4027	;# 
  4602   000FBB                     ECCPR1L         equ	4027	;# 
  4603   000FBC                     ECCPR1H         equ	4028	;# 
  4604   000FBD                     CCP1CON         equ	4029	;# 
  4605   000FBE                     CCPR1           equ	4030	;# 
  4606   000FBE                     CCPR1L          equ	4030	;# 
  4607   000FBF                     CCPR1H          equ	4031	;# 
  4608   000FC0                     ADCON2          equ	4032	;# 
  4609   000FC1                     ADCON1          equ	4033	;# 
  4610   000FC2                     ADCON0          equ	4034	;# 
  4611   000FC3                     ADRES           equ	4035	;# 
  4612   000FC3                     ADRESL          equ	4035	;# 
  4613   000FC4                     ADRESH          equ	4036	;# 
  4614   000FC5                     SSPCON2         equ	4037	;# 
  4615   000FC6                     SSPCON1         equ	4038	;# 
  4616   000FC7                     SSPSTAT         equ	4039	;# 
  4617   000FC8                     SSPADD          equ	4040	;# 
  4618   000FC9                     SSPBUF          equ	4041	;# 
  4619   000FCA                     T2CON           equ	4042	;# 
  4620   000FCB                     PR2             equ	4043	;# 
  4621   000FCB                     MEMCON          equ	4043	;# 
  4622   000FCC                     TMR2            equ	4044	;# 
  4623   000FCD                     T1CON           equ	4045	;# 
  4624   000FCE                     TMR1            equ	4046	;# 
  4625   000FCE                     TMR1L           equ	4046	;# 
  4626   000FCF                     TMR1H           equ	4047	;# 
  4627   000FD0                     RCON            equ	4048	;# 
  4628   000FD1                     WDTCON          equ	4049	;# 
  4629   000FD2                     HLVDCON         equ	4050	;# 
  4630   000FD2                     LVDCON          equ	4050	;# 
  4631   000FD3                     OSCCON          equ	4051	;# 
  4632   000FD5                     T0CON           equ	4053	;# 
  4633   000FD6                     TMR0            equ	4054	;# 
  4634   000FD6                     TMR0L           equ	4054	;# 
  4635   000FD7                     TMR0H           equ	4055	;# 
  4636   000FD8                     STATUS          equ	4056	;# 
  4637   000FD9                     FSR2            equ	4057	;# 
  4638   000FD9                     FSR2L           equ	4057	;# 
  4639   000FDA                     FSR2H           equ	4058	;# 
  4640   000FDB                     PLUSW2          equ	4059	;# 
  4641   000FDC                     PREINC2         equ	4060	;# 
  4642   000FDD                     POSTDEC2        equ	4061	;# 
  4643   000FDE                     POSTINC2        equ	4062	;# 
  4644   000FDF                     INDF2           equ	4063	;# 
  4645   000FE0                     BSR             equ	4064	;# 
  4646   000FE1                     FSR1            equ	4065	;# 
  4647   000FE1                     FSR1L           equ	4065	;# 
  4648   000FE2                     FSR1H           equ	4066	;# 
  4649   000FE3                     PLUSW1          equ	4067	;# 
  4650   000FE4                     PREINC1         equ	4068	;# 
  4651   000FE5                     POSTDEC1        equ	4069	;# 
  4652   000FE6                     POSTINC1        equ	4070	;# 
  4653   000FE7                     INDF1           equ	4071	;# 
  4654   000FE8                     WREG            equ	4072	;# 
  4655   000FE9                     FSR0            equ	4073	;# 
  4656   000FE9                     FSR0L           equ	4073	;# 
  4657   000FEA                     FSR0H           equ	4074	;# 
  4658   000FEB                     PLUSW0          equ	4075	;# 
  4659   000FEC                     PREINC0         equ	4076	;# 
  4660   000FED                     POSTDEC0        equ	4077	;# 
  4661   000FEE                     POSTINC0        equ	4078	;# 
  4662   000FEF                     INDF0           equ	4079	;# 
  4663   000FF0                     INTCON3         equ	4080	;# 
  4664   000FF1                     INTCON2         equ	4081	;# 
  4665   000FF2                     INTCON          equ	4082	;# 
  4666   000FF3                     PROD            equ	4083	;# 
  4667   000FF3                     PRODL           equ	4083	;# 
  4668   000FF4                     PRODH           equ	4084	;# 
  4669   000FF5                     TABLAT          equ	4085	;# 
  4670   000FF6                     TBLPTR          equ	4086	;# 
  4671   000FF6                     TBLPTRL         equ	4086	;# 
  4672   000FF7                     TBLPTRH         equ	4087	;# 
  4673   000FF8                     TBLPTRU         equ	4088	;# 
  4674   000FF9                     PCLAT           equ	4089	;# 
  4675   000FF9                     PC              equ	4089	;# 
  4676   000FF9                     PCL             equ	4089	;# 
  4677   000FFA                     PCLATH          equ	4090	;# 
  4678   000FFB                     PCLATU          equ	4091	;# 
  4679   000FFC                     STKPTR          equ	4092	;# 
  4680   000FFD                     TOS             equ	4093	;# 
  4681   000FFD                     TOSL            equ	4093	;# 
  4682   000FFE                     TOSH            equ	4094	;# 
  4683   000FFF                     TOSU            equ	4095	;# 
  4684                           
  4685                           	psect	idataCOMRAM
  4686   001E88                     __pidataCOMRAM:
  4687                           	callstack 0
  4688                           
  4689                           ;initializer for _event
  4690   001E88  4F                 	db	79
  4691   001E89  4E                 	db	78
  4692   001E8A  00                 	db	0
  4693                           
  4694                           ;initializer for read_switches@once
  4695   001E8B  01                 	db	1
  4696                           
  4697                           ;initializer for _speed
  4698   001E8C  30                 	db	48
  4699   001E8D  30                 	db	48
  4700   001E8E  00                 	db	0
  4701   001E8F  00                 	db	0
  4702                           
  4703                           	psect	idataBANK0
  4704   001B6E                     __pidataBANK0:
  4705                           	callstack 0
  4706                           
  4707                           ;initializer for download_log@F10697
  4708   001B6E  DF                 	db	low STR_20
  4709   001B6F  2F                 	db	high STR_20
  4710   001B70  E2                 	db	low STR_21
  4711   001B71  2F                 	db	high STR_21
  4712   001B72  E5                 	db	low STR_22
  4713   001B73  2F                 	db	high STR_22
  4714   001B74  E8                 	db	low STR_23
  4715   001B75  2F                 	db	high STR_23
  4716   001B76  EB                 	db	low STR_24
  4717   001B77  2F                 	db	high STR_24
  4718   001B78  EE                 	db	low STR_25
  4719   001B79  2F                 	db	high STR_25
  4720   001B7A  F1                 	db	low STR_26
  4721   001B7B  2F                 	db	high STR_26
  4722   001B7C  F4                 	db	low STR_27
  4723   001B7D  2F                 	db	high STR_27
  4724   001B7E  F7                 	db	low STR_28
  4725   001B7F  2F                 	db	high STR_28
  4726   001B80  DC                 	db	low STR_29
  4727   001B81  2F                 	db	high STR_29
  4728                           
  4729                           ;initializer for view_log@F10681
  4730   001B82  DF                 	db	low STR_20
  4731   001B83  2F                 	db	high STR_20
  4732   001B84  E2                 	db	low STR_21
  4733   001B85  2F                 	db	high STR_21
  4734   001B86  E5                 	db	low STR_22
  4735   001B87  2F                 	db	high STR_22
  4736   001B88  E8                 	db	low STR_23
  4737   001B89  2F                 	db	high STR_23
  4738   001B8A  EB                 	db	low STR_24
  4739   001B8B  2F                 	db	high STR_24
  4740   001B8C  EE                 	db	low STR_25
  4741   001B8D  2F                 	db	high STR_25
  4742   001B8E  F1                 	db	low STR_26
  4743   001B8F  2F                 	db	high STR_26
  4744   001B90  F4                 	db	low STR_27
  4745   001B91  2F                 	db	high STR_27
  4746   001B92  F7                 	db	low STR_28
  4747   001B93  2F                 	db	high STR_28
  4748   001B94  DC                 	db	low STR_29
  4749   001B95  2F                 	db	high STR_29
  4750                           
  4751                           ;initializer for _gear_display
  4752   001B96  D4                 	db	low (STR_9+5)
  4753   001B97  2F                 	db	high (STR_9+5)
  4754   001B98  E0                 	db	low (STR_20+1)
  4755   001B99  2F                 	db	high (STR_20+1)
  4756   001B9A  E3                 	db	low (STR_21+1)
  4757   001B9B  2F                 	db	high (STR_21+1)
  4758   001B9C  E6                 	db	low (STR_22+1)
  4759   001B9D  2F                 	db	high (STR_22+1)
  4760   001B9E  E9                 	db	low (STR_23+1)
  4761   001B9F  2F                 	db	high (STR_23+1)
  4762   001BA0  EC                 	db	low (STR_24+1)
  4763   001BA1  2F                 	db	high (STR_24+1)
  4764   001BA2  FD                 	db	low STR_7
  4765   001BA3  2F                 	db	high STR_7
  4766                           
  4767                           ;initializer for display_main_menu@F10667
  4768   001BA4  AC                 	db	low STR_10
  4769   001BA5  2F                 	db	high STR_10
  4770   001BA6  91                 	db	low STR_11
  4771   001BA7  2F                 	db	high STR_11
  4772   001BA8  9A                 	db	low STR_12
  4773   001BA9  2F                 	db	high STR_12
  4774   001BAA  7D                 	db	low STR_13
  4775   001BAB  2F                 	db	high STR_13
  4776                           
  4777                           ;initializer for _line1
  4778   001BAC  20                 	db	32
  4779   001BAD  54                 	db	84
  4780   001BAE  49                 	db	73
  4781   001BAF  4D                 	db	77
  4782   001BB0  45                 	db	69
  4783   001BB1  20                 	db	32
  4784   001BB2  20                 	db	32
  4785   001BB3  20                 	db	32
  4786   001BB4  20                 	db	32
  4787   001BB5  45                 	db	69
  4788   001BB6  56                 	db	86
  4789   001BB7  20                 	db	32
  4790   001BB8  20                 	db	32
  4791   001BB9  53                 	db	83
  4792   001BBA  50                 	db	80
  4793   001BBB  20                 	db	32
  4794   001BBC  00                 	db	0
  4795                           
  4796                           ;initializer for _time
  4797   001BBD  30                 	db	48
  4798   001BBE  30                 	db	48
  4799   001BBF  3A                 	db	58
  4800   001BC0  30                 	db	48
  4801   001BC1  30                 	db	48
  4802   001BC2  3A                 	db	58
  4803   001BC3  30                 	db	48
  4804   001BC4  30                 	db	48
  4805   001BC5  00                 	db	0
  4806   000FD6                     _TMR0           set	4054
  4807   000FAE                     _RCREG          set	4014
  4808   000FAD                     _TXREG          set	4013
  4809   000FAF                     _SPBRG          set	4015
  4810   000FC9                     _SSPBUF         set	4041
  4811   000FC8                     _SSPADD         set	4040
  4812   000FC6                     _SSPCON1        set	4038
  4813   000FC2                     _ADCON0         set	4034
  4814   000FC3                     _ADRESL         set	4035
  4815   000FC4                     _ADRESH         set	4036
  4816   000F81                     _PORTBbits      set	3969
  4817   000F81                     _PORTB          set	3969
  4818   000F93                     _TRISB          set	3987
  4819   000FC1                     _ADCON1         set	4033
  4820   000F94                     _TRISC          set	3988
  4821   000F95                     _TRISD          set	3989
  4822   000F83                     _PORTD          set	3971
  4823   007CF5                     _RCIF           set	31989
  4824   007CF4                     _TXIF           set	31988
  4825   007DC3                     _BRG16          set	32195
  4826   007DC1                     _WUE            set	32193
  4827   007DC0                     _ABDEN          set	32192
  4828   007D5C                     _CREN           set	32092
  4829   007D5F                     _SPEN           set	32095
  4830   007D62                     _BRGH           set	32098
  4831   007D64                     _SYNC           set	32100
  4832   007D65                     _TXEN           set	32101
  4833   007CA7                     _TRISC7         set	31911
  4834   007CA6                     _TRISC6         set	31910
  4835   007E2C                     _ACKEN          set	32300
  4836   007E2D                     _ACKDT          set	32301
  4837   007E2B                     _RCEN           set	32299
  4838   007E29                     _RSEN           set	32297
  4839   007E2A                     _PEN            set	32298
  4840   007E28                     _SEN            set	32296
  4841   007D0B                     _BCLIF          set	32011
  4842   007CF3                     _SSPIF          set	31987
  4843   007E3F                     _SMP            set	32319
  4844   007E3E                     _CKE            set	32318
  4845   007CA4                     _TRISC4         set	31908
  4846   007CA3                     _TRISC3         set	31907
  4847   007E11                     _GO             set	32273
  4848   007E10                     _ADON           set	32272
  4849   007E0C                     _VCFG0          set	32268
  4850   007E0D                     _VCFG1          set	32269
  4851   007E11                     _GODONE         set	32273
  4852   007E02                     _ADCS2          set	32258
  4853   007E01                     _ADCS1          set	32257
  4854   007E00                     _ADCS0          set	32256
  4855   007E03                     _ACQT0          set	32259
  4856   007E04                     _ACQT1          set	32260
  4857   007E05                     _ACQT2          set	32261
  4858   007E07                     _ADFM           set	32263
  4859   007F8F                     _RBPU           set	32655
  4860   007F95                     _TMR0IE         set	32661
  4861   007EAB                     _PSA            set	32427
  4862   007EAF                     _TMR0ON         set	32431
  4863   007EAD                     _T0CS           set	32429
  4864   007EAE                     _T08BIT         set	32430
  4865   007F92                     _TMR0IF         set	32658
  4866   007C1F                     _RD7            set	31775
  4867   007C10                     _RC0            set	31760
  4868   007C12                     _RC2            set	31762
  4869   007C11                     _RC1            set	31761
  4870                           
  4871                           	psect	mediumconst
  4872   002F2C                     __pmediumconst:
  4873                           	callstack 0
  4874   002F2C  00                 	db	0
  4875   002F2D                     STR_37:
  4876   002F2D  53                 	db	83	;'S'
  4877   002F2E  4E                 	db	78	;'N'
  4878   002F2F  20                 	db	32
  4879   002F30  20                 	db	32
  4880   002F31  53                 	db	83	;'S'
  4881   002F32  50                 	db	80	;'P'
  4882   002F33  44                 	db	68	;'D'
  4883   002F34  20                 	db	32
  4884   002F35  20                 	db	32
  4885   002F36  47                 	db	71	;'G'
  4886   002F37  45                 	db	69	;'E'
  4887   002F38  41                 	db	65	;'A'
  4888   002F39  52                 	db	82	;'R'
  4889   002F3A  20                 	db	32
  4890   002F3B  20                 	db	32
  4891   002F3C  54                 	db	84	;'T'
  4892   002F3D  49                 	db	73	;'I'
  4893   002F3E  4D                 	db	77	;'M'
  4894   002F3F  45                 	db	69	;'E'
  4895   002F40  0A                 	db	10
  4896   002F41  0D                 	db	13
  4897   002F42  00                 	db	0
  4898   002F43                     STR_36:
  4899   002F43  4E                 	db	78	;'N'
  4900   002F44  4F                 	db	79	;'O'
  4901   002F45  20                 	db	32
  4902   002F46  4C                 	db	76	;'L'
  4903   002F47  4F                 	db	79	;'O'
  4904   002F48  47                 	db	71	;'G'
  4905   002F49  53                 	db	83	;'S'
  4906   002F4A  20                 	db	32
  4907   002F4B  54                 	db	84	;'T'
  4908   002F4C  4F                 	db	79	;'O'
  4909   002F4D  20                 	db	32
  4910   002F4E  50                 	db	80	;'P'
  4911   002F4F  52                 	db	82	;'R'
  4912   002F50  49                 	db	73	;'I'
  4913   002F51  4E                 	db	78	;'N'
  4914   002F52  54                 	db	84	;'T'
  4915   002F53  0A                 	db	10
  4916   002F54  0D                 	db	13
  4917   002F55  00                 	db	0
  4918   002F56                     STR_30:
  4919   002F56  53                 	db	83	;'S'
  4920   002F57  4E                 	db	78	;'N'
  4921   002F58  20                 	db	32
  4922   002F59  53                 	db	83	;'S'
  4923   002F5A  50                 	db	80	;'P'
  4924   002F5B  20                 	db	32
  4925   002F5C  20                 	db	32
  4926   002F5D  47                 	db	71	;'G'
  4927   002F5E  52                 	db	82	;'R'
  4928   002F5F  20                 	db	32
  4929   002F60  54                 	db	84	;'T'
  4930   002F61  49                 	db	73	;'I'
  4931   002F62  4D                 	db	77	;'M'
  4932   002F63  45                 	db	69	;'E'
  4933   002F64  00                 	db	0
  4934   002F65                     STR_18:
  4935   002F65  4E                 	db	78	;'N'
  4936   002F66  4F                 	db	79	;'O'
  4937   002F67  20                 	db	32
  4938   002F68  4C                 	db	76	;'L'
  4939   002F69  4F                 	db	79	;'O'
  4940   002F6A  47                 	db	71	;'G'
  4941   002F6B  53                 	db	83	;'S'
  4942   002F6C  20                 	db	32
  4943   002F6D  54                 	db	84	;'T'
  4944   002F6E  4F                 	db	79	;'O'
  4945   002F6F  20                 	db	32
  4946   002F70  00                 	db	0
  4947   002F71                     STR_32:
  4948   002F71  54                 	db	84	;'T'
  4949   002F72  49                 	db	73	;'I'
  4950   002F73  4D                 	db	77	;'M'
  4951   002F74  45                 	db	69	;'E'
  4952   002F75  20                 	db	32
  4953   002F76  53                 	db	83	;'S'
  4954   002F77  41                 	db	65	;'A'
  4955   002F78  56                 	db	86	;'V'
  4956   002F79  45                 	db	69	;'E'
  4957   002F7A  44                 	db	68	;'D'
  4958   002F7B  21                 	db	33
  4959   002F7C  00                 	db	0
  4960   002F7D                     STR_13:
  4961   002F7D  43                 	db	67	;'C'
  4962   002F7E  4C                 	db	76	;'L'
  4963   002F7F  45                 	db	69	;'E'
  4964   002F80  41                 	db	65	;'A'
  4965   002F81  52                 	db	82	;'R'
  4966   002F82  20                 	db	32
  4967   002F83  4C                 	db	76	;'L'
  4968   002F84  4F                 	db	79	;'O'
  4969   002F85  47                 	db	71	;'G'
  4970   002F86  00                 	db	0
  4971   002F87                     STR_8:
  4972   002F87  43                 	db	67	;'C'
  4973   002F88  4F                 	db	79	;'O'
  4974   002F89  4C                 	db	76	;'L'
  4975   002F8A  4C                 	db	76	;'L'
  4976   002F8B  49                 	db	73	;'I'
  4977   002F8C  53                 	db	83	;'S'
  4978   002F8D  49                 	db	73	;'I'
  4979   002F8E  4F                 	db	79	;'O'
  4980   002F8F  4E                 	db	78	;'N'
  4981   002F90  00                 	db	0
  4982   002F91                     STR_11:
  4983   002F91  44                 	db	68	;'D'
  4984   002F92  4F                 	db	79	;'O'
  4985   002F93  57                 	db	87	;'W'
  4986   002F94  4E                 	db	78	;'N'
  4987   002F95  4C                 	db	76	;'L'
  4988   002F96  4F                 	db	79	;'O'
  4989   002F97  41                 	db	65	;'A'
  4990   002F98  44                 	db	68	;'D'
  4991   002F99  00                 	db	0
  4992   002F9A                     STR_12:
  4993   002F9A  53                 	db	83	;'S'
  4994   002F9B  45                 	db	69	;'E'
  4995   002F9C  54                 	db	84	;'T'
  4996   002F9D  20                 	db	32
  4997   002F9E  54                 	db	84	;'T'
  4998   002F9F  49                 	db	73	;'I'
  4999   002FA0  4D                 	db	77	;'M'
  5000   002FA1  45                 	db	69	;'E'
  5001   002FA2  00                 	db	0
  5002   002FA3                     STR_52:
  5003   002FA3  43                 	db	67	;'C'
  5004   002FA4  4C                 	db	76	;'L'
  5005   002FA5  45                 	db	69	;'E'
  5006   002FA6  41                 	db	65	;'A'
  5007   002FA7  52                 	db	82	;'R'
  5008   002FA8  49                 	db	73	;'I'
  5009   002FA9  4E                 	db	78	;'N'
  5010   002FAA  47                 	db	71	;'G'
  5011   002FAB  00                 	db	0
  5012   002FAC                     STR_10:
  5013   002FAC  56                 	db	86	;'V'
  5014   002FAD  49                 	db	73	;'I'
  5015   002FAE  45                 	db	69	;'E'
  5016   002FAF  57                 	db	87	;'W'
  5017   002FB0  20                 	db	32
  5018   002FB1  4C                 	db	76	;'L'
  5019   002FB2  4F                 	db	79	;'O'
  5020   002FB3  47                 	db	71	;'G'
  5021   002FB4  00                 	db	0
  5022   002FB5                     STR_53:
  5023   002FB5  54                 	db	84	;'T'
  5024   002FB6  48                 	db	72	;'H'
  5025   002FB7  45                 	db	69	;'E'
  5026   002FB8  20                 	db	32
  5027   002FB9  4C                 	db	76	;'L'
  5028   002FBA  4F                 	db	79	;'O'
  5029   002FBB  47                 	db	71	;'G'
  5030   002FBC  53                 	db	83	;'S'
  5031   002FBD  00                 	db	0
  5032   002FBE                     STR_31:
  5033   002FBE  48                 	db	72	;'H'
  5034   002FBF  48                 	db	72	;'H'
  5035   002FC0  3A                 	db	58	;':'
  5036   002FC1  4D                 	db	77	;'M'
  5037   002FC2  4D                 	db	77	;'M'
  5038   002FC3  3A                 	db	58	;':'
  5039   002FC4  53                 	db	83	;'S'
  5040   002FC5  53                 	db	83	;'S'
  5041   002FC6  00                 	db	0
  5042   002FC7                     STR_19:
  5043   002FC7  44                 	db	68	;'D'
  5044   002FC8  49                 	db	73	;'I'
  5045   002FC9  53                 	db	83	;'S'
  5046   002FCA  50                 	db	80	;'P'
  5047   002FCB  4C                 	db	76	;'L'
  5048   002FCC  41                 	db	65	;'A'
  5049   002FCD  59                 	db	89	;'Y'
  5050   002FCE  00                 	db	0
  5051   002FCF                     STR_9:
  5052   002FCF  48                 	db	72	;'H'
  5053   002FD0  41                 	db	65	;'A'
  5054   002FD1  50                 	db	80	;'P'
  5055   002FD2  50                 	db	80	;'P'
  5056   002FD3  45                 	db	69	;'E'
  5057   002FD4  4E                 	db	78	;'N'
  5058   002FD5  00                 	db	0
  5059   002FD6                     STR_50:
  5060   002FD6  20                 	db	32
  5061   002FD7  20                 	db	32
  5062   002FD8  20                 	db	32
  5063   002FD9  20                 	db	32
  5064   002FDA  20                 	db	32
  5065   002FDB  00                 	db	0
  5066   002FDC                     STR_29:
  5067   002FDC  31                 	db	49	;'1'
  5068   002FDD  30                 	db	48	;'0'
  5069   002FDE  00                 	db	0
  5070   002FDF                     STR_20:
  5071   002FDF  30                 	db	48	;'0'
  5072   002FE0  31                 	db	49	;'1'
  5073   002FE1  00                 	db	0
  5074   002FE2                     STR_21:
  5075   002FE2  30                 	db	48	;'0'
  5076   002FE3  32                 	db	50	;'2'
  5077   002FE4  00                 	db	0
  5078   002FE5                     STR_22:
  5079   002FE5  30                 	db	48	;'0'
  5080   002FE6  33                 	db	51	;'3'
  5081   002FE7  00                 	db	0
  5082   002FE8                     STR_23:
  5083   002FE8  30                 	db	48	;'0'
  5084   002FE9  34                 	db	52	;'4'
  5085   002FEA  00                 	db	0
  5086   002FEB                     STR_24:
  5087   002FEB  30                 	db	48	;'0'
  5088   002FEC  35                 	db	53	;'5'
  5089   002FED  00                 	db	0
  5090   002FEE                     STR_25:
  5091   002FEE  30                 	db	48	;'0'
  5092   002FEF  36                 	db	54	;'6'
  5093   002FF0  00                 	db	0
  5094   002FF1                     STR_26:
  5095   002FF1  30                 	db	48	;'0'
  5096   002FF2  37                 	db	55	;'7'
  5097   002FF3  00                 	db	0
  5098   002FF4                     STR_27:
  5099   002FF4  30                 	db	48	;'0'
  5100   002FF5  38                 	db	56	;'8'
  5101   002FF6  00                 	db	0
  5102   002FF7                     STR_28:
  5103   002FF7  30                 	db	48	;'0'
  5104   002FF8  39                 	db	57	;'9'
  5105   002FF9  00                 	db	0
  5106   002FFA                     STR_14:
  5107   002FFA  2D                 	db	45
  5108   002FFB  3E                 	db	62	;'>'
  5109   002FFC  00                 	db	0
  5110   002FFD                     STR_7:
  5111   002FFD  52                 	db	82	;'R'
  5112   002FFE  00                 	db	0
  5113   002FD4                     STR_1           equ	STR_9+5
  5114   002FFA                     STR_17          equ	STR_14
  5115   002FF7                     STR_46          equ	STR_28
  5116   002FF4                     STR_45          equ	STR_27
  5117   002FF1                     STR_44          equ	STR_26
  5118   002FEE                     STR_43          equ	STR_25
  5119   002FEB                     STR_42          equ	STR_24
  5120   002FEC                     STR_6           equ	STR_24+1
  5121   002FE8                     STR_41          equ	STR_23
  5122   002FE9                     STR_5           equ	STR_23+1
  5123   002FE5                     STR_40          equ	STR_22
  5124   002FE6                     STR_4           equ	STR_22+1
  5125   002FE2                     STR_39          equ	STR_21
  5126   002FE3                     STR_3           equ	STR_21+1
  5127   002FDF                     STR_38          equ	STR_20
  5128   002FE0                     STR_2           equ	STR_20+1
  5129   002FDC                     STR_47          equ	STR_29
  5130   002FD9                     STR_15          equ	STR_50+3
  5131   002FD9                     STR_16          equ	STR_50+3
  5132   002FD9                     STR_33          equ	STR_50+3
  5133   002FD9                     STR_34          equ	STR_50+3
  5134   002FD9                     STR_35          equ	STR_50+3
  5135   002FDA                     STR_48          equ	STR_50+4
  5136   002FDA                     STR_49          equ	STR_50+4
  5137   002F40                     STR_51          equ	STR_37+19
  5138   002FFF  00                 	db	0	; dummy byte at the end
  5139   002F2C                     __smallconst    set	__pmediumconst
  5140   002F2C                     __mediumconst   set	__pmediumconst
  5141   000002                     __activetblptr  equ	2
  5142                           
  5143                           ; #config settings
  5144                           
  5145                           	psect	cinit
  5146   001ABA                     __pcinit:
  5147                           	callstack 0
  5148   001ABA                     start_initialization:
  5149                           	callstack 0
  5150   001ABA                     __initialization:
  5151                           	callstack 0
  5152                           
  5153                           ; Initialize objects allocated to BANK0 (88 bytes)
  5154                           ; load TBLPTR registers with __pidataBANK0
  5155   001ABA  0E6E               	movlw	low __pidataBANK0
  5156   001ABC  6EF6               	movwf	tblptrl,c
  5157   001ABE  0E1B               	movlw	high __pidataBANK0
  5158   001AC0  6EF7               	movwf	tblptrh,c
  5159   001AC2  0E00               	movlw	low (__pidataBANK0 shr (0+16))
  5160   001AC4  6EF8               	movwf	tblptru,c
  5161   001AC6  EE00  F060         	lfsr	0,__pdataBANK0
  5162   001ACA  EE10 F058          	lfsr	1,88
  5163   001ACE                     copy_data0:
  5164   001ACE  0009               	tblrd		*+
  5165   001AD0  CFF5 FFEE          	movff	tablat,postinc0
  5166   001AD4  50E5               	movf	postdec1,w,c
  5167   001AD6  50E1               	movf	fsr1l,w,c
  5168   001AD8  E1FA               	bnz	copy_data0
  5169                           
  5170                           ; Initialize objects allocated to COMRAM (8 bytes)
  5171                           ; load TBLPTR registers with __pidataCOMRAM
  5172   001ADA  0E88               	movlw	low __pidataCOMRAM
  5173   001ADC  6EF6               	movwf	tblptrl,c
  5174   001ADE  0E1E               	movlw	high __pidataCOMRAM
  5175   001AE0  6EF7               	movwf	tblptrh,c
  5176   001AE2  0E00               	movlw	low (__pidataCOMRAM shr (0+16))
  5177   001AE4  6EF8               	movwf	tblptru,c
  5178   001AE6  EE00  F052         	lfsr	0,__pdataCOMRAM
  5179   001AEA  EE10 F008          	lfsr	1,8
  5180   001AEE                     copy_data1:
  5181   001AEE  0009               	tblrd		*+
  5182   001AF0  CFF5 FFEE          	movff	tablat,postinc0
  5183   001AF4  50E5               	movf	postdec1,w,c
  5184   001AF6  50E1               	movf	fsr1l,w,c
  5185   001AF8  E1FA               	bnz	copy_data1
  5186                           
  5187                           ; Clear objects allocated to COMRAM (18 bytes)
  5188   001AFA  EE00  F040         	lfsr	0,__pbssCOMRAM
  5189   001AFE  0E12               	movlw	18
  5190   001B00                     clear_0:
  5191   001B00  6AEE               	clrf	postinc0,c
  5192   001B02  06E8               	decf	wreg,f,c
  5193   001B04  E1FD               	bnz	clear_0
  5194   001B06                     end_of_initialization:
  5195                           	callstack 0
  5196   001B06                     __end_of__initialization:
  5197                           	callstack 0
  5198   001B06  9001               	bcf	int$flags,0,c	;clear compiler interrupt flag (level 1)
  5199   001B08  9201               	bcf	int$flags,1,c	;clear compiler interrupt flag (level 2)
  5200   001B0A  0E00               	movlw	low (__Lmediumconst shr (0+16))
  5201   001B0C  6EF8               	movwf	tblptru,c
  5202   001B0E  0100               	movlb	0
  5203   001B10  EF29  F00A         	goto	_main	;jump to C main() function
  5204                           
  5205                           	psect	bssCOMRAM
  5206   000040                     __pbssCOMRAM:
  5207                           	callstack 0
  5208   000040                     _timer_count:
  5209                           	callstack 0
  5210   000040                     	ds	4
  5211   000044                     read_switches@key:
  5212                           	callstack 0
  5213   000044                     	ds	1
  5214   000045                     view_log@log_count:
  5215                           	callstack 0
  5216   000045                     	ds	1
  5217   000046                     view_log@read_index:
  5218                           	callstack 0
  5219   000046                     	ds	1
  5220   000047                     display_main_menu@selected:
  5221                           	callstack 0
  5222   000047                     	ds	1
  5223   000048                     display_main_menu@cursor:
  5224                           	callstack 0
  5225   000048                     	ds	1
  5226   000049                     display_main_menu@menu_index:
  5227                           	callstack 0
  5228   000049                     	ds	1
  5229   00004A                     _seconds:
  5230                           	callstack 0
  5231   00004A                     	ds	1
  5232   00004B                     _minutes:
  5233                           	callstack 0
  5234   00004B                     	ds	1
  5235   00004C                     _hours:
  5236                           	callstack 0
  5237   00004C                     	ds	1
  5238   00004D                     _speed_val:
  5239                           	callstack 0
  5240   00004D                     	ds	1
  5241   00004E                     _gear:
  5242                           	callstack 0
  5243   00004E                     	ds	1
  5244   00004F                     _write_flag:
  5245                           	callstack 0
  5246   00004F                     	ds	1
  5247   000050                     _write_index:
  5248                           	callstack 0
  5249   000050                     	ds	1
  5250   000051                     _state:
  5251                           	callstack 0
  5252   000051                     	ds	1
  5253                           
  5254                           	psect	dataCOMRAM
  5255   000052                     __pdataCOMRAM:
  5256                           	callstack 0
  5257   000052                     	ds	3
  5258   000055                     read_switches@once:
  5259                           	callstack 0
  5260   000055                     	ds	1
  5261   000056                     _speed:
  5262                           	callstack 0
  5263   000056                     	ds	4
  5264                           
  5265                           	psect	dataBANK0
  5266   000060                     __pdataBANK0:
  5267                           	callstack 0
  5268   000060                     download_log@F10697:
  5269                           	callstack 0
  5270   000060                     	ds	20
  5271   000074                     view_log@F10681:
  5272                           	callstack 0
  5273   000074                     	ds	20
  5274   000088                     _gear_display:
  5275                           	callstack 0
  5276   000088                     	ds	14
  5277   000096                     display_main_menu@F10667:
  5278                           	callstack 0
  5279   000096                     	ds	8
  5280   00009E                     _line1:
  5281                           	callstack 0
  5282   00009E                     	ds	17
  5283   0000AF                     _time:
  5284                           	callstack 0
  5285   0000AF                     	ds	9
  5286                           
  5287                           	psect	cstackCOMRAM
  5288   000002                     __pcstackCOMRAM:
  5289                           	callstack 0
  5290   000002                     ?_read_adc:
  5291                           	callstack 0
  5292   000002                     ?___awdiv:
  5293                           	callstack 0
  5294   000002                     ?___xxtofl:
  5295                           	callstack 0
  5296   000002                     clcd_write@control_bit:
  5297                           	callstack 0
  5298   000002                     i2c_write@data:
  5299                           	callstack 0
  5300   000002                     put_char@ch:
  5301                           	callstack 0
  5302   000002                     ___awdiv@dividend:
  5303                           	callstack 0
  5304   000002                     ___xxtofl@val:
  5305                           	callstack 0
  5306   000002                     ??_read_switches:
  5307   000002                     
  5308                           ; 1 bytes @ 0x0
  5309   000002                     	ds	1
  5310   000003                     clcd_write@bit_values:
  5311                           	callstack 0
  5312   000003                     read_switches@detection_type:
  5313                           	callstack 0
  5314   000003                     write_ds1307@data:
  5315                           	callstack 0
  5316   000003                     read_ds1307@address:
  5317                           	callstack 0
  5318   000003                     write_external_eeprom@data:
  5319                           	callstack 0
  5320   000003                     read_external_eeprom@address:
  5321                           	callstack 0
  5322   000003                     put_str@data:
  5323                           	callstack 0
  5324   000003                     
  5325                           ; 1 bytes @ 0x1
  5326   000003                     	ds	1
  5327   000004                     write_ds1307@address:
  5328                           	callstack 0
  5329   000004                     read_ds1307@data:
  5330                           	callstack 0
  5331   000004                     read_external_eeprom@data:
  5332                           	callstack 0
  5333   000004                     clcd_print@data:
  5334                           	callstack 0
  5335   000004                     write_external_eeprom@wait:
  5336                           	callstack 0
  5337   000004                     ___awdiv@divisor:
  5338                           	callstack 0
  5339   000004                     ??_init_clcd:
  5340   000004                     ??_read_adc:
  5341   000004                     
  5342                           ; 1 bytes @ 0x2
  5343   000004                     	ds	1
  5344   000005                     init_ds1307@dummy:
  5345                           	callstack 0
  5346   000005                     ??_read_real_time_clock:
  5347                           
  5348                           ; 1 bytes @ 0x3
  5349   000005                     	ds	1
  5350   000006                     read_real_time_clock@raw_sec:
  5351                           	callstack 0
  5352   000006                     clcd_print@addr:
  5353                           	callstack 0
  5354   000006                     write_external_eeprom@address:
  5355                           	callstack 0
  5356   000006                     ___awdiv@counter:
  5357                           	callstack 0
  5358   000006                     read_adc@reg_val:
  5359                           	callstack 0
  5360   000006                     ??___xxtofl:
  5361                           
  5362                           ; 1 bytes @ 0x4
  5363   000006                     	ds	1
  5364   000007                     read_real_time_clock@raw_min:
  5365                           	callstack 0
  5366   000007                     show_collision@key:
  5367                           	callstack 0
  5368   000007                     ___awdiv@sign:
  5369                           	callstack 0
  5370   000007                     ??_display_main_menu:
  5371   000007                     ??_clear_log:
  5372   000007                     
  5373                           ; 1 bytes @ 0x5
  5374   000007                     	ds	1
  5375   000008                     read_real_time_clock@raw_hr:
  5376                           	callstack 0
  5377   000008                     read_adc@channel:
  5378                           	callstack 0
  5379   000008                     ___awdiv@quotient:
  5380                           	callstack 0
  5381   000008                     display_main_menu@menu:
  5382                           	callstack 0
  5383                           
  5384                           ; 8 bytes @ 0x6
  5385   000008                     	ds	2
  5386   00000A                     ?___awmod:
  5387                           	callstack 0
  5388   00000A                     ___xxtofl@sign:
  5389                           	callstack 0
  5390   00000A                     ___awmod@dividend:
  5391                           	callstack 0
  5392                           
  5393                           ; 2 bytes @ 0x8
  5394   00000A                     	ds	1
  5395   00000B                     ___xxtofl@exp:
  5396                           	callstack 0
  5397                           
  5398                           ; 1 bytes @ 0x9
  5399   00000B                     	ds	1
  5400   00000C                     ___awmod@divisor:
  5401                           	callstack 0
  5402   00000C                     ___xxtofl@arg:
  5403                           	callstack 0
  5404                           
  5405                           ; 4 bytes @ 0xA
  5406   00000C                     	ds	2
  5407   00000E                     ___awmod@counter:
  5408                           	callstack 0
  5409   00000E                     
  5410                           ; 1 bytes @ 0xC
  5411   00000E                     	ds	1
  5412   00000F                     ___awmod@sign:
  5413                           	callstack 0
  5414                           
  5415                           ; 1 bytes @ 0xD
  5416   00000F                     	ds	1
  5417   000010                     ?___fldiv:
  5418                           	callstack 0
  5419   000010                     convert_speed_to_string@speed:
  5420                           	callstack 0
  5421   000010                     clcd_putch@addr:
  5422                           	callstack 0
  5423   000010                     display_main_menu@key:
  5424                           	callstack 0
  5425   000010                     ___fldiv@b:
  5426                           	callstack 0
  5427   000010                     
  5428                           ; 1 bytes @ 0xE
  5429   000010                     	ds	1
  5430   000011                     convert_speed_to_string@spd:
  5431                           	callstack 0
  5432   000011                     clcd_putch@data:
  5433                           	callstack 0
  5434   000011                     
  5435                           ; 1 bytes @ 0xF
  5436   000011                     	ds	1
  5437   000012                     download_log@serial_no:
  5438                           	callstack 0
  5439   000012                     ??_view_log:
  5440   000012                     ??_set_time:
  5441   000012                     
  5442                           ; 1 bytes @ 0x10
  5443   000012                     	ds	2
  5444   000014                     ___fldiv@a:
  5445                           	callstack 0
  5446                           
  5447                           ; 4 bytes @ 0x12
  5448   000014                     	ds	2
  5449   000016                     set_time@delay:
  5450                           	callstack 0
  5451                           
  5452                           ; 4 bytes @ 0x14
  5453   000016                     	ds	1
  5454   000017                     view_log@serial_no:
  5455                           	callstack 0
  5456                           
  5457                           ; 20 bytes @ 0x15
  5458   000017                     	ds	1
  5459   000018                     ??___fldiv:
  5460                           
  5461                           ; 1 bytes @ 0x16
  5462   000018                     	ds	2
  5463   00001A                     set_time@bcd_hr:
  5464                           	callstack 0
  5465                           
  5466                           ; 1 bytes @ 0x18
  5467   00001A                     	ds	1
  5468   00001B                     set_time@bcd_min:
  5469                           	callstack 0
  5470                           
  5471                           ; 1 bytes @ 0x19
  5472   00001B                     	ds	1
  5473   00001C                     set_time@bcd_sec:
  5474                           	callstack 0
  5475   00001C                     ___fldiv@rem:
  5476                           	callstack 0
  5477                           
  5478                           ; 4 bytes @ 0x1A
  5479   00001C                     	ds	1
  5480   00001D                     set_time@key:
  5481                           	callstack 0
  5482                           
  5483                           ; 1 bytes @ 0x1B
  5484   00001D                     	ds	1
  5485   00001E                     set_time@blink_flag:
  5486                           	callstack 0
  5487                           
  5488                           ; 1 bytes @ 0x1C
  5489   00001E                     	ds	1
  5490   00001F                     set_time@hr:
  5491                           	callstack 0
  5492                           
  5493                           ; 1 bytes @ 0x1D
  5494   00001F                     	ds	1
  5495   000020                     set_time@min:
  5496                           	callstack 0
  5497   000020                     ___fldiv@sign:
  5498                           	callstack 0
  5499                           
  5500                           ; 1 bytes @ 0x1E
  5501   000020                     	ds	1
  5502   000021                     set_time@sec:
  5503                           	callstack 0
  5504   000021                     ___fldiv@new_exp:
  5505                           	callstack 0
  5506                           
  5507                           ; 2 bytes @ 0x1F
  5508   000021                     	ds	1
  5509   000022                     set_time@field:
  5510                           	callstack 0
  5511                           
  5512                           ; 1 bytes @ 0x20
  5513   000022                     	ds	1
  5514   000023                     ___fldiv@grs:
  5515                           	callstack 0
  5516                           
  5517                           ; 4 bytes @ 0x21
  5518   000023                     	ds	3
  5519   000026                     download_log@spd_str:
  5520                           	callstack 0
  5521                           
  5522                           ; 4 bytes @ 0x24
  5523   000026                     	ds	1
  5524   000027                     ___fldiv@bexp:
  5525                           	callstack 0
  5526                           
  5527                           ; 1 bytes @ 0x25
  5528   000027                     	ds	1
  5529   000028                     ___fldiv@aexp:
  5530                           	callstack 0
  5531                           
  5532                           ; 1 bytes @ 0x26
  5533   000028                     	ds	1
  5534   000029                     ?___fltol:
  5535                           	callstack 0
  5536   000029                     ___fltol@f1:
  5537                           	callstack 0
  5538                           
  5539                           ; 4 bytes @ 0x27
  5540   000029                     	ds	1
  5541   00002A                     download_log@time_str:
  5542                           	callstack 0
  5543                           
  5544                           ; 9 bytes @ 0x28
  5545   00002A                     	ds	1
  5546   00002B                     view_log@spd_str:
  5547                           	callstack 0
  5548                           
  5549                           ; 4 bytes @ 0x29
  5550   00002B                     	ds	2
  5551   00002D                     ??___fltol:
  5552                           
  5553                           ; 1 bytes @ 0x2B
  5554   00002D                     	ds	2
  5555   00002F                     view_log@time_str:
  5556                           	callstack 0
  5557                           
  5558                           ; 9 bytes @ 0x2D
  5559   00002F                     	ds	2
  5560   000031                     ___fltol@sign1:
  5561                           	callstack 0
  5562                           
  5563                           ; 1 bytes @ 0x2F
  5564   000031                     	ds	1
  5565   000032                     ___fltol@exp1:
  5566                           	callstack 0
  5567                           
  5568                           ; 1 bytes @ 0x30
  5569   000032                     	ds	1
  5570   000033                     read_speed_adc@spd:
  5571                           	callstack 0
  5572   000033                     download_log@spd:
  5573                           	callstack 0
  5574   000033                     
  5575                           ; 1 bytes @ 0x31
  5576   000033                     	ds	1
  5577   000034                     download_log@count:
  5578                           	callstack 0
  5579   000034                     read_speed_adc@adc_val:
  5580                           	callstack 0
  5581                           
  5582                           ; 2 bytes @ 0x32
  5583   000034                     	ds	1
  5584   000035                     download_log@i:
  5585                           	callstack 0
  5586                           
  5587                           ; 2 bytes @ 0x33
  5588   000035                     	ds	1
  5589   000036                     view_dashboard@key:
  5590                           	callstack 0
  5591   000036                     
  5592                           ; 1 bytes @ 0x34
  5593   000036                     	ds	1
  5594   000037                     download_log@hr:
  5595                           	callstack 0
  5596                           
  5597                           ; 1 bytes @ 0x35
  5598   000037                     	ds	1
  5599   000038                     view_log@spd:
  5600                           	callstack 0
  5601   000038                     download_log@mn:
  5602                           	callstack 0
  5603                           
  5604                           ; 1 bytes @ 0x36
  5605   000038                     	ds	1
  5606   000039                     view_log@hr:
  5607                           	callstack 0
  5608   000039                     download_log@sc:
  5609                           	callstack 0
  5610                           
  5611                           ; 1 bytes @ 0x37
  5612   000039                     	ds	1
  5613   00003A                     view_log@mn:
  5614                           	callstack 0
  5615   00003A                     download_log@gr:
  5616                           	callstack 0
  5617                           
  5618                           ; 1 bytes @ 0x38
  5619   00003A                     	ds	1
  5620   00003B                     view_log@sc:
  5621                           	callstack 0
  5622   00003B                     download_log@read_index:
  5623                           	callstack 0
  5624                           
  5625                           ; 1 bytes @ 0x39
  5626   00003B                     	ds	1
  5627   00003C                     view_log@key:
  5628                           	callstack 0
  5629                           
  5630                           ; 1 bytes @ 0x3A
  5631   00003C                     	ds	1
  5632   00003D                     view_log@gr:
  5633                           	callstack 0
  5634                           
  5635                           ; 1 bytes @ 0x3B
  5636   00003D                     	ds	1
  5637   00003E                     ??_main:
  5638                           
  5639                           ; 1 bytes @ 0x3C
  5640   00003E                     	ds	2
  5641                           
  5642 ;;
  5643 ;;Main: autosize = 0, tempsize = 2, incstack = 0, save=0
  5644 ;;
  5645 ;; *************** function _main *****************
  5646 ;; Defined at:
  5647 ;;		line 32 in file "main.c"
  5648 ;; Parameters:    Size  Location     Type
  5649 ;;		None
  5650 ;; Auto vars:     Size  Location     Type
  5651 ;;		None
  5652 ;; Return value:  Size  Location     Type
  5653 ;;                  2   53[None  ] int 
  5654 ;; Registers used:
  5655 ;;		wreg, fsr0l, fsr0h, fsr1l, fsr1h, fsr2l, fsr2h, status,2, status,0, tblptrl, tblptrh, tblptru, prodl, prodh, cstack
  5656 ;; Tracked objects:
  5657 ;;		On entry : 0/0
  5658 ;;		On exit  : 0/0
  5659 ;;		Unchanged: 0/0
  5660 ;; Data sizes:     COMRAM   BANK0   BANK1   BANK2   BANK3   BANK4   BANK5
  5661 ;;      Params:         0       0       0       0       0       0       0
  5662 ;;      Locals:         0       0       0       0       0       0       0
  5663 ;;      Temps:          2       0       0       0       0       0       0
  5664 ;;      Totals:         2       0       0       0       0       0       0
  5665 ;;Total ram usage:        2 bytes
  5666 ;; Hardware stack levels required when called: 6
  5667 ;; This function calls:
  5668 ;;		_clear_log
  5669 ;;		_display_main_menu
  5670 ;;		_download_log
  5671 ;;		_init_config
  5672 ;;		_read_external_eeprom
  5673 ;;		_set_time
  5674 ;;		_view_dashboard
  5675 ;;		_view_log
  5676 ;;		_write_external_eeprom
  5677 ;; This function is called by:
  5678 ;;		Startup code after reset
  5679 ;; This function uses a non-reentrant model
  5680 ;;
  5681                           
  5682                           	psect	text0
  5683   001452                     __ptext0:
  5684                           	callstack 0
  5685   001452                     _main:
  5686                           	callstack 25
  5687   001452                     
  5688                           ;main.c: 33:     init_config();
  5689   001452  ECB3  F00E         	call	_init_config	;wreg free
  5690   001456                     
  5691                           ;main.c: 37:     if ( read_external_eeprom(102) == 0xBB ) {
  5692   001456  0E66               	movlw	102
  5693   001458  EC9E  F00E         	call	_read_external_eeprom
  5694   00145C  0ABB               	xorlw	187
  5695   00145E  A4D8               	btfss	status,2,c
  5696   001460  EF34  F00A         	goto	u3171
  5697   001464  EF36  F00A         	goto	u3170
  5698   001468                     u3171:
  5699   001468  EF40  F00A         	goto	l54
  5700   00146C                     u3170:
  5701   00146C                     
  5702                           ;main.c: 39:         write_flag = read_external_eeprom(101);
  5703   00146C  0E65               	movlw	101
  5704   00146E  EC9E  F00E         	call	_read_external_eeprom
  5705   001472  6E4F               	movwf	_write_flag^0,c
  5706                           
  5707                           ;main.c: 40:         write_index = read_external_eeprom(100);
  5708   001474  0E64               	movlw	100
  5709   001476  EC9E  F00E         	call	_read_external_eeprom
  5710   00147A  6E50               	movwf	_write_index^0,c
  5711                           
  5712                           ;main.c: 41:     } else {
  5713   00147C  EF42  F00A         	goto	l3738
  5714   001480                     l54:
  5715                           
  5716                           ;main.c: 43:         write_flag = 0;
  5717   001480  6A4F               	clrf	_write_flag^0,c
  5718                           
  5719                           ;main.c: 44:         write_index = 0;
  5720   001482  6A50               	clrf	_write_index^0,c
  5721   001484                     l3738:
  5722                           
  5723                           ;main.c: 48:     write_external_eeprom(102,0xBB);
  5724   001484  0EBB               	movlw	187
  5725   001486  6E03               	movwf	write_external_eeprom@data^0,c
  5726   001488  0E66               	movlw	102
  5727   00148A  EC4C  F00E         	call	_write_external_eeprom
  5728   00148E  EF5F  F00A         	goto	l3754
  5729   001492                     l3740:
  5730                           
  5731                           ;main.c: 55:                 view_dashboard();
  5732   001492  EC59  F009         	call	_view_dashboard	;wreg free
  5733                           
  5734                           ;main.c: 56:                 break;
  5735   001496  EF5F  F00A         	goto	l3754
  5736   00149A                     l3742:
  5737                           
  5738                           ;main.c: 60:                 display_main_menu();
  5739   00149A  EC8A  F006         	call	_display_main_menu	;wreg free
  5740                           
  5741                           ;main.c: 61:                 break;
  5742   00149E  EF5F  F00A         	goto	l3754
  5743   0014A2                     l3744:
  5744                           
  5745                           ;main.c: 65:                 view_log();
  5746   0014A2  ECF4  F003         	call	_view_log	;wreg free
  5747                           
  5748                           ;main.c: 66:                 break;
  5749   0014A6  EF5F  F00A         	goto	l3754
  5750   0014AA                     l3746:
  5751                           
  5752                           ;main.c: 69:                 download_log();
  5753   0014AA  EC65  F005         	call	_download_log	;wreg free
  5754                           
  5755                           ;main.c: 70:                 break;
  5756   0014AE  EF5F  F00A         	goto	l3754
  5757   0014B2                     l3748:
  5758                           
  5759                           ;main.c: 73:                 clear_log();
  5760   0014B2  ECCC  F00C         	call	_clear_log	;wreg free
  5761                           
  5762                           ;main.c: 74:                 break;
  5763   0014B6  EF5F  F00A         	goto	l3754
  5764   0014BA                     l3750:
  5765                           
  5766                           ;main.c: 78:                 set_time();
  5767   0014BA  EC09  F000         	call	_set_time	;wreg free
  5768   0014BE                     l3754:
  5769   0014BE  5051               	movf	_state^0,w,c
  5770   0014C0  6E3E               	movwf	??_main^0,c
  5771   0014C2  6A3F               	clrf	(??_main+1)^0,c
  5772                           
  5773                           ; Switch on 2 bytes has been partitioned into a top level switch of size 1, and 1 sub-sw
      +                          itches
  5774                           ; Switch size 1, requested type "simple"
  5775                           ; Number of cases is 1, Range of values is 0 to 0
  5776                           ; switch strategies available:
  5777                           ; Name         Instructions Cycles
  5778                           ; simple_byte            4     3 (average)
  5779                           ;	Chosen strategy is simple_byte
  5780   0014C4  503F               	movf	(??_main+1)^0,w,c
  5781   0014C6  0A00               	xorlw	0	; case 0
  5782   0014C8  B4D8               	btfsc	status,2,c
  5783   0014CA  EF69  F00A         	goto	l3780
  5784   0014CE  EF5F  F00A         	goto	l3754
  5785   0014D2                     l3780:
  5786                           
  5787                           ; Switch size 1, requested type "simple"
  5788                           ; Number of cases is 6, Range of values is 0 to 5
  5789                           ; switch strategies available:
  5790                           ; Name         Instructions Cycles
  5791                           ; simple_byte           19    10 (average)
  5792                           ;	Chosen strategy is simple_byte
  5793   0014D2  503E               	movf	??_main^0,w,c
  5794   0014D4  0A00               	xorlw	0	; case 0
  5795   0014D6  B4D8               	btfsc	status,2,c
  5796   0014D8  EF49  F00A         	goto	l3740
  5797   0014DC  0A01               	xorlw	1	; case 1
  5798   0014DE  B4D8               	btfsc	status,2,c
  5799   0014E0  EF4D  F00A         	goto	l3742
  5800   0014E4  0A03               	xorlw	3	; case 2
  5801   0014E6  B4D8               	btfsc	status,2,c
  5802   0014E8  EF51  F00A         	goto	l3744
  5803   0014EC  0A01               	xorlw	1	; case 3
  5804   0014EE  B4D8               	btfsc	status,2,c
  5805   0014F0  EF5D  F00A         	goto	l3750
  5806   0014F4  0A07               	xorlw	7	; case 4
  5807   0014F6  B4D8               	btfsc	status,2,c
  5808   0014F8  EF55  F00A         	goto	l3746
  5809   0014FC  0A01               	xorlw	1	; case 5
  5810   0014FE  B4D8               	btfsc	status,2,c
  5811   001500  EF59  F00A         	goto	l3748
  5812   001504  EF5F  F00A         	goto	l3754
  5813   001508  EF07  F000         	goto	start
  5814   00150C                     __end_of_main:
  5815                           	callstack 0
  5816                           
  5817 ;; *************** function _view_log *****************
  5818 ;; Defined at:
  5819 ;;		line 71 in file "menu.c"
  5820 ;; Parameters:    Size  Location     Type
  5821 ;;		None
  5822 ;; Auto vars:     Size  Location     Type
  5823 ;;  serial_no      20   21[COMRAM] PTR const unsigned char 
  5824 ;;		 -> STR_29(3), STR_28(3), STR_27(3), STR_26(3), 
  5825 ;;		 -> STR_25(3), STR_24(3), STR_23(3), STR_22(3), 
  5826 ;;		 -> STR_21(3), STR_20(3), 
  5827 ;;  time_str        9   45[COMRAM] unsigned char [9]
  5828 ;;  spd_str         4   41[COMRAM] unsigned char [4]
  5829 ;;  gr              1   59[COMRAM] unsigned char 
  5830 ;;  key             1   58[COMRAM] unsigned char 
  5831 ;;  sc              1   57[COMRAM] unsigned char 
  5832 ;;  mn              1   56[COMRAM] unsigned char 
  5833 ;;  hr              1   55[COMRAM] unsigned char 
  5834 ;;  spd             1   54[COMRAM] unsigned char 
  5835 ;; Return value:  Size  Location     Type
  5836 ;;                  1    wreg      void 
  5837 ;; Registers used:
  5838 ;;		wreg, fsr0l, fsr0h, fsr1l, fsr1h, fsr2l, fsr2h, status,2, status,0, tblptrl, tblptrh, tblptru, prodl, prodh, cstack
  5839 ;; Tracked objects:
  5840 ;;		On entry : 0/0
  5841 ;;		On exit  : 0/0
  5842 ;;		Unchanged: 0/0
  5843 ;; Data sizes:     COMRAM   BANK0   BANK1   BANK2   BANK3   BANK4   BANK5
  5844 ;;      Params:         0       0       0       0       0       0       0
  5845 ;;      Locals:        39       0       0       0       0       0       0
  5846 ;;      Temps:          5       0       0       0       0       0       0
  5847 ;;      Totals:        44       0       0       0       0       0       0
  5848 ;;Total ram usage:       44 bytes
  5849 ;; Hardware stack levels used: 1
  5850 ;; Hardware stack levels required when called: 2
  5851 ;; This function calls:
  5852 ;;		___awdiv
  5853 ;;		___awmod
  5854 ;;		_clcd_print
  5855 ;;		_clcd_putch
  5856 ;;		_clcd_write
  5857 ;;		_convert_speed_to_string
  5858 ;;		_read_external_eeprom
  5859 ;;		_read_switches
  5860 ;; This function is called by:
  5861 ;;		_main
  5862 ;; This function uses a non-reentrant model
  5863 ;;
  5864                           
  5865                           	psect	text1
  5866   0007E8                     __ptext1:
  5867                           	callstack 0
  5868   0007E8                     _view_log:
  5869                           	callstack 28
  5870   0007E8                     
  5871                           ;menu.c: 73:     static unsigned char read_index = 0;;menu.c: 74:     static unsigned ch
      +                          ar log_count = 0;;menu.c: 76:     if ( write_flag == 0 && write_index == 0 ) {
  5872   0007E8  504F               	movf	_write_flag^0,w,c
  5873   0007EA  A4D8               	btfss	status,2,c
  5874   0007EC  EFFA  F003         	goto	u2651
  5875   0007F0  EFFC  F003         	goto	u2650
  5876   0007F4                     u2651:
  5877   0007F4  EF28  F004         	goto	l3382
  5878   0007F8                     u2650:
  5879   0007F8  5050               	movf	_write_index^0,w,c
  5880   0007FA  A4D8               	btfss	status,2,c
  5881   0007FC  EF02  F004         	goto	u2661
  5882   000800  EF04  F004         	goto	u2660
  5883   000804                     u2661:
  5884   000804  EF28  F004         	goto	l3382
  5885   000808                     u2660:
  5886   000808                     
  5887                           ;menu.c: 77:         clcd_write(0x01, 0);
  5888   000808  0E00               	movlw	0
  5889   00080A  6E02               	movwf	clcd_write@control_bit^0,c
  5890   00080C  0E01               	movlw	1
  5891   00080E  EC6C  F00E         	call	_clcd_write
  5892   000812                     
  5893                           ;menu.c: 78:         clcd_print((const unsigned char*)"NO LOGS TO ",(0x80 + (3)));
  5894   000812  0E65               	movlw	low STR_18
  5895   000814  6E04               	movwf	clcd_print@data^0,c
  5896   000816  0E2F               	movlw	high STR_18
  5897   000818  6E05               	movwf	(clcd_print@data+1)^0,c
  5898   00081A  0E83               	movlw	131
  5899   00081C  6E06               	movwf	clcd_print@addr^0,c
  5900   00081E  EC62  F00C         	call	_clcd_print	;wreg free
  5901   000822                     
  5902                           ;menu.c: 79:         clcd_print((const unsigned char*)"DISPLAY",(0xC0 + (4)));
  5903   000822  0EC7               	movlw	low STR_19
  5904   000824  6E04               	movwf	clcd_print@data^0,c
  5905   000826  0E2F               	movlw	high STR_19
  5906   000828  6E05               	movwf	(clcd_print@data+1)^0,c
  5907   00082A  0EC4               	movlw	196
  5908   00082C  6E06               	movwf	clcd_print@addr^0,c
  5909   00082E  EC62  F00C         	call	_clcd_print	;wreg free
  5910   000832                     
  5911                           ;menu.c: 80:         _delay((unsigned long)((2000)*(20000000/4000.0)));
  5912   000832  0E33               	movlw	51
  5913   000834  6E13               	movwf	(??_view_log+1)^0,c
  5914   000836  0EBB               	movlw	187
  5915   000838  6E12               	movwf	??_view_log^0,c
  5916   00083A  0EE0               	movlw	224
  5917   00083C                     u3187:
  5918   00083C  2EE8               	decfsz	wreg,f,c
  5919   00083E  D7FE               	bra	u3187
  5920   000840  2E12               	decfsz	??_view_log^0,f,c
  5921   000842  D7FC               	bra	u3187
  5922   000844  2E13               	decfsz	(??_view_log+1)^0,f,c
  5923   000846  D7FA               	bra	u3187
  5924   000848                     
  5925                           ;menu.c: 81:         state = e_main_menu;
  5926   000848  0E01               	movlw	1
  5927   00084A  6E51               	movwf	_state^0,c
  5928   00084C  EF64  F005         	goto	l264
  5929   000850                     l3382:
  5930                           
  5931                           ;menu.c: 85:     unsigned char key = read_switches(1);
  5932   000850  0E01               	movlw	1
  5933   000852  EC21  F00C         	call	_read_switches
  5934   000856  6E3C               	movwf	view_log@key^0,c
  5935   000858                     
  5936                           ;menu.c: 87:     if ( key == 1 ) {
  5937   000858  043C               	decf	view_log@key^0,w,c
  5938   00085A  A4D8               	btfss	status,2,c
  5939   00085C  EF32  F004         	goto	u2671
  5940   000860  EF34  F004         	goto	u2670
  5941   000864                     u2671:
  5942   000864  EF70  F004         	goto	l3404
  5943   000868                     u2670:
  5944   000868                     
  5945                           ;menu.c: 88:         if ( write_flag == 0 ) {
  5946   000868  504F               	movf	_write_flag^0,w,c
  5947   00086A  A4D8               	btfss	status,2,c
  5948   00086C  EF3A  F004         	goto	u2681
  5949   000870  EF3C  F004         	goto	u2680
  5950   000874                     u2681:
  5951   000874  EF5A  F004         	goto	l3394
  5952   000878                     u2680:
  5953   000878                     
  5954                           ;menu.c: 90:             if ( ( read_index + 5 ) < write_index ) {
  5955   000878  5050               	movf	_write_index^0,w,c
  5956   00087A  6E12               	movwf	??_view_log^0,c
  5957   00087C  6A13               	clrf	(??_view_log+1)^0,c
  5958   00087E  5046               	movf	view_log@read_index^0,w,c
  5959   000880  6E14               	movwf	(??_view_log+2)^0,c
  5960   000882  6A15               	clrf	(??_view_log+3)^0,c
  5961   000884  0E05               	movlw	5
  5962   000886  2614               	addwf	(??_view_log+2)^0,f,c
  5963   000888  0E00               	movlw	0
  5964   00088A  2215               	addwfc	(??_view_log+3)^0,f,c
  5965   00088C  5012               	movf	??_view_log^0,w,c
  5966   00088E  5C14               	subwf	(??_view_log+2)^0,w,c
  5967   000890  5015               	movf	(??_view_log+3)^0,w,c
  5968   000892  0A80               	xorlw	128
  5969   000894  6E16               	movwf	(??_view_log+4)^0,c
  5970   000896  5013               	movf	(??_view_log+1)^0,w,c
  5971   000898  0A80               	xorlw	128
  5972   00089A  5816               	subwfb	(??_view_log+4)^0,w,c
  5973   00089C  B0D8               	btfsc	status,0,c
  5974   00089E  EF53  F004         	goto	u2691
  5975   0008A2  EF55  F004         	goto	u2690
  5976   0008A6                     u2691:
  5977   0008A6  EFA6  F004         	goto	l3426
  5978   0008AA                     u2690:
  5979   0008AA                     
  5980                           ;menu.c: 91:                 read_index+=5;
  5981   0008AA  0E05               	movlw	5
  5982   0008AC  2646               	addwf	view_log@read_index^0,f,c
  5983   0008AE                     
  5984                           ;menu.c: 92:                 log_count+=1;
  5985   0008AE  2A45               	incf	view_log@log_count^0,f,c
  5986   0008B0  EFA6  F004         	goto	l3426
  5987   0008B4                     l3394:
  5988                           
  5989                           ;menu.c: 95:             if ( log_count < 9 ) {
  5990   0008B4  0E09               	movlw	9
  5991   0008B6  6045               	cpfslt	view_log@log_count^0,c
  5992   0008B8  EF60  F004         	goto	u2701
  5993   0008BC  EF62  F004         	goto	u2700
  5994   0008C0                     u2701:
  5995   0008C0  EFA6  F004         	goto	l3426
  5996   0008C4                     u2700:
  5997   0008C4                     
  5998                           ;menu.c: 96:                 read_index+=5;
  5999   0008C4  0E05               	movlw	5
  6000   0008C6  2646               	addwf	view_log@read_index^0,f,c
  6001   0008C8                     
  6002                           ;menu.c: 97:                 log_count+=1;
  6003   0008C8  2A45               	incf	view_log@log_count^0,f,c
  6004   0008CA                     
  6005                           ;menu.c: 98:                 if ( read_index >= 50 ) {
  6006   0008CA  0E31               	movlw	49
  6007   0008CC  6446               	cpfsgt	view_log@read_index^0,c
  6008   0008CE  EF6B  F004         	goto	u2711
  6009   0008D2  EF6D  F004         	goto	u2710
  6010   0008D6                     u2711:
  6011   0008D6  EFA6  F004         	goto	l3426
  6012   0008DA                     u2710:
  6013   0008DA                     
  6014                           ;menu.c: 99:                     read_index = 0;
  6015   0008DA  6A46               	clrf	view_log@read_index^0,c
  6016   0008DC  EFA6  F004         	goto	l3426
  6017   0008E0                     l3404:
  6018   0008E0  0E02               	movlw	2
  6019   0008E2  183C               	xorwf	view_log@key^0,w,c
  6020   0008E4  A4D8               	btfss	status,2,c
  6021   0008E6  EF77  F004         	goto	u2721
  6022   0008EA  EF79  F004         	goto	u2720
  6023   0008EE                     u2721:
  6024   0008EE  EF92  F004         	goto	l3416
  6025   0008F2                     u2720:
  6026   0008F2  5045               	movf	view_log@log_count^0,w,c
  6027   0008F4  B4D8               	btfsc	status,2,c
  6028   0008F6  EF7F  F004         	goto	u2731
  6029   0008FA  EF81  F004         	goto	u2730
  6030   0008FE                     u2731:
  6031   0008FE  EF92  F004         	goto	l3416
  6032   000902                     u2730:
  6033   000902                     
  6034                           ;menu.c: 106:         if ( read_index < 5 ) {
  6035   000902  0E05               	movlw	5
  6036   000904  6046               	cpfslt	view_log@read_index^0,c
  6037   000906  EF87  F004         	goto	u2741
  6038   00090A  EF89  F004         	goto	u2740
  6039   00090E                     u2741:
  6040   00090E  EF8D  F004         	goto	l3412
  6041   000912                     u2740:
  6042   000912                     
  6043                           ;menu.c: 107:             read_index = 45;
  6044   000912  0E2D               	movlw	45
  6045   000914  6E46               	movwf	view_log@read_index^0,c
  6046                           
  6047                           ;menu.c: 108:         } else {
  6048   000916  EF8F  F004         	goto	l3414
  6049   00091A                     l3412:
  6050                           
  6051                           ;menu.c: 109:             read_index-=5;
  6052   00091A  0E05               	movlw	5
  6053   00091C  5E46               	subwf	view_log@read_index^0,f,c
  6054   00091E                     l3414:
  6055                           
  6056                           ;menu.c: 111:         log_count-=1;
  6057   00091E  0645               	decf	view_log@log_count^0,f,c
  6058                           
  6059                           ;menu.c: 112:     } else if ( key == 12 ) {
  6060   000920  EFA6  F004         	goto	l3426
  6061   000924                     l3416:
  6062   000924  0E0C               	movlw	12
  6063   000926  183C               	xorwf	view_log@key^0,w,c
  6064   000928  A4D8               	btfss	status,2,c
  6065   00092A  EF99  F004         	goto	u2751
  6066   00092E  EF9B  F004         	goto	u2750
  6067   000932                     u2751:
  6068   000932  EFA6  F004         	goto	l3426
  6069   000936                     u2750:
  6070   000936                     
  6071                           ;menu.c: 114:         read_index = 0;
  6072   000936  6A46               	clrf	view_log@read_index^0,c
  6073                           
  6074                           ;menu.c: 115:         log_count = 0;
  6075   000938  6A45               	clrf	view_log@log_count^0,c
  6076   00093A                     
  6077                           ;menu.c: 116:         state = e_main_menu;
  6078   00093A  0E01               	movlw	1
  6079   00093C  6E51               	movwf	_state^0,c
  6080   00093E                     
  6081                           ;menu.c: 117:         clcd_write(0x01, 0);
  6082   00093E  0E00               	movlw	0
  6083   000940  6E02               	movwf	clcd_write@control_bit^0,c
  6084   000942  0E01               	movlw	1
  6085   000944  EC6C  F00E         	call	_clcd_write
  6086   000948  EF64  F005         	goto	l264
  6087   00094C                     l3426:
  6088                           
  6089                           ;menu.c: 123:     unsigned char spd = read_external_eeprom(read_index+0);
  6090   00094C  5046               	movf	view_log@read_index^0,w,c
  6091   00094E  EC9E  F00E         	call	_read_external_eeprom
  6092   000952  6E38               	movwf	view_log@spd^0,c
  6093   000954                     
  6094                           ;menu.c: 124:     unsigned char gr = read_external_eeprom(read_index+1);
  6095   000954  2846               	incf	view_log@read_index^0,w,c
  6096   000956  EC9E  F00E         	call	_read_external_eeprom
  6097   00095A  6E3D               	movwf	view_log@gr^0,c
  6098   00095C                     
  6099                           ;menu.c: 125:     unsigned char hr = read_external_eeprom(read_index+2);
  6100   00095C  5046               	movf	view_log@read_index^0,w,c
  6101   00095E  0F02               	addlw	2
  6102   000960  EC9E  F00E         	call	_read_external_eeprom
  6103   000964  6E39               	movwf	view_log@hr^0,c
  6104   000966                     
  6105                           ;menu.c: 126:     unsigned char mn = read_external_eeprom(read_index+3);
  6106   000966  5046               	movf	view_log@read_index^0,w,c
  6107   000968  0F03               	addlw	3
  6108   00096A  EC9E  F00E         	call	_read_external_eeprom
  6109   00096E  6E3A               	movwf	view_log@mn^0,c
  6110   000970                     
  6111                           ;menu.c: 127:     unsigned char sc = read_external_eeprom(read_index+4);
  6112   000970  5046               	movf	view_log@read_index^0,w,c
  6113   000972  0F04               	addlw	4
  6114   000974  EC9E  F00E         	call	_read_external_eeprom
  6115   000978  6E3B               	movwf	view_log@sc^0,c
  6116   00097A                     
  6117                           ;menu.c: 129:     unsigned char spd_str[4];;menu.c: 131:     convert_speed_to_string(spd
      +                          _str,spd);
  6118   00097A  0E2B               	movlw	low view_log@spd_str
  6119   00097C  6E10               	movwf	convert_speed_to_string@speed^0,c
  6120   00097E  C038  F011         	movff	view_log@spd,convert_speed_to_string@spd
  6121   000982  ECDA  F00B         	call	_convert_speed_to_string	;wreg free
  6122   000986                     
  6123                           ;menu.c: 133:     unsigned char time_str[9];;menu.c: 134:     time_str[0] = ( hr / 10 ) 
      +                          + '0';
  6124   000986  C039  F002         	movff	view_log@hr,___awdiv@dividend
  6125   00098A  6A03               	clrf	(___awdiv@dividend+1)^0,c
  6126   00098C  6A05               	clrf	(___awdiv@divisor+1)^0,c
  6127   00098E  0E0A               	movlw	10
  6128   000990  6E04               	movwf	___awdiv@divisor^0,c
  6129   000992  ECC9  F009         	call	___awdiv	;wreg free
  6130   000996  5002               	movf	?___awdiv^0,w,c
  6131   000998  0F30               	addlw	48
  6132   00099A  6E2F               	movwf	view_log@time_str^0,c
  6133   00099C                     
  6134                           ;menu.c: 135:     time_str[1] = ( hr % 10 ) + '0';
  6135   00099C  C039  F00A         	movff	view_log@hr,___awmod@dividend
  6136   0009A0  6A0B               	clrf	(___awmod@dividend+1)^0,c
  6137   0009A2  6A0D               	clrf	(___awmod@divisor+1)^0,c
  6138   0009A4  0E0A               	movlw	10
  6139   0009A6  6E0C               	movwf	___awmod@divisor^0,c
  6140   0009A8  ECE2  F00A         	call	___awmod	;wreg free
  6141   0009AC  500A               	movf	?___awmod^0,w,c
  6142   0009AE  0F30               	addlw	48
  6143   0009B0  6E30               	movwf	(view_log@time_str+1)^0,c
  6144   0009B2                     
  6145                           ;menu.c: 136:     time_str[2] = ':';
  6146   0009B2  0E3A               	movlw	58
  6147   0009B4  6E31               	movwf	(view_log@time_str+2)^0,c
  6148   0009B6                     
  6149                           ;menu.c: 137:     time_str[3] = ( mn / 10 ) + '0';
  6150   0009B6  C03A  F002         	movff	view_log@mn,___awdiv@dividend
  6151   0009BA  6A03               	clrf	(___awdiv@dividend+1)^0,c
  6152   0009BC  6A05               	clrf	(___awdiv@divisor+1)^0,c
  6153   0009BE  0E0A               	movlw	10
  6154   0009C0  6E04               	movwf	___awdiv@divisor^0,c
  6155   0009C2  ECC9  F009         	call	___awdiv	;wreg free
  6156   0009C6  5002               	movf	?___awdiv^0,w,c
  6157   0009C8  0F30               	addlw	48
  6158   0009CA  6E32               	movwf	(view_log@time_str+3)^0,c
  6159   0009CC                     
  6160                           ;menu.c: 138:     time_str[4] = ( mn % 10 ) + '0';
  6161   0009CC  C03A  F00A         	movff	view_log@mn,___awmod@dividend
  6162   0009D0  6A0B               	clrf	(___awmod@dividend+1)^0,c
  6163   0009D2  6A0D               	clrf	(___awmod@divisor+1)^0,c
  6164   0009D4  0E0A               	movlw	10
  6165   0009D6  6E0C               	movwf	___awmod@divisor^0,c
  6166   0009D8  ECE2  F00A         	call	___awmod	;wreg free
  6167   0009DC  500A               	movf	?___awmod^0,w,c
  6168   0009DE  0F30               	addlw	48
  6169   0009E0  6E33               	movwf	(view_log@time_str+4)^0,c
  6170   0009E2                     
  6171                           ;menu.c: 139:     time_str[5] = ':';
  6172   0009E2  0E3A               	movlw	58
  6173   0009E4  6E34               	movwf	(view_log@time_str+5)^0,c
  6174   0009E6                     
  6175                           ;menu.c: 140:     time_str[6] = ( sc / 10 ) + '0';
  6176   0009E6  C03B  F002         	movff	view_log@sc,___awdiv@dividend
  6177   0009EA  6A03               	clrf	(___awdiv@dividend+1)^0,c
  6178   0009EC  6A05               	clrf	(___awdiv@divisor+1)^0,c
  6179   0009EE  0E0A               	movlw	10
  6180   0009F0  6E04               	movwf	___awdiv@divisor^0,c
  6181   0009F2  ECC9  F009         	call	___awdiv	;wreg free
  6182   0009F6  5002               	movf	?___awdiv^0,w,c
  6183   0009F8  0F30               	addlw	48
  6184   0009FA  6E35               	movwf	(view_log@time_str+6)^0,c
  6185   0009FC                     
  6186                           ;menu.c: 141:     time_str[7] = ( sc % 10 ) + '0';
  6187   0009FC  C03B  F00A         	movff	view_log@sc,___awmod@dividend
  6188   000A00  6A0B               	clrf	(___awmod@dividend+1)^0,c
  6189   000A02  6A0D               	clrf	(___awmod@divisor+1)^0,c
  6190   000A04  0E0A               	movlw	10
  6191   000A06  6E0C               	movwf	___awmod@divisor^0,c
  6192   000A08  ECE2  F00A         	call	___awmod	;wreg free
  6193   000A0C  500A               	movf	?___awmod^0,w,c
  6194   000A0E  0F30               	addlw	48
  6195   000A10  6E36               	movwf	(view_log@time_str+7)^0,c
  6196   000A12                     
  6197                           ;menu.c: 142:     time_str[8] = '\0';
  6198   000A12  6A37               	clrf	(view_log@time_str+8)^0,c
  6199   000A14                     
  6200                           ;menu.c: 146:     const char* serial_no[] = {
  6201   000A14  EE20  F074         	lfsr	2,view_log@F10681
  6202   000A18  EE10  F017         	lfsr	1,view_log@serial_no
  6203   000A1C  0E13               	movlw	19
  6204   000A1E                     u2761:
  6205   000A1E  CFDB FFE3          	movff	plusw2,plusw1
  6206   000A22  06E8               	decf	wreg,f,c
  6207   000A24  E2FC               	bc	u2761
  6208   000A26                     
  6209                           ;menu.c: 152:     clcd_print((const unsigned char*)"SN SP  GR TIME",(0x80 + (0)));
  6210   000A26  0E56               	movlw	low STR_30
  6211   000A28  6E04               	movwf	clcd_print@data^0,c
  6212   000A2A  0E2F               	movlw	high STR_30
  6213   000A2C  6E05               	movwf	(clcd_print@data+1)^0,c
  6214   000A2E  0E80               	movlw	128
  6215   000A30  6E06               	movwf	clcd_print@addr^0,c
  6216   000A32  EC62  F00C         	call	_clcd_print	;wreg free
  6217   000A36                     
  6218                           ;menu.c: 155:     clcd_print((const unsigned char*)serial_no[log_count],(0xC0 + (0)));
  6219   000A36  5045               	movf	view_log@log_count^0,w,c
  6220   000A38  0D02               	mullw	2
  6221   000A3A  50F3               	movf	243,w,c
  6222   000A3C  0F17               	addlw	low view_log@serial_no
  6223   000A3E  6ED9               	movwf	fsr2l,c
  6224   000A40  6ADA               	clrf	fsr2h,c
  6225   000A42  CFDE F004          	movff	postinc2,clcd_print@data
  6226   000A46  CFDD F005          	movff	postdec2,clcd_print@data+1
  6227   000A4A  0EC0               	movlw	192
  6228   000A4C  6E06               	movwf	clcd_print@addr^0,c
  6229   000A4E  EC62  F00C         	call	_clcd_print	;wreg free
  6230   000A52                     
  6231                           ;menu.c: 156:     clcd_print((const unsigned char*)spd_str,(0xC0 + (3)));
  6232   000A52  0E2B               	movlw	low view_log@spd_str
  6233   000A54  6E04               	movwf	clcd_print@data^0,c
  6234   000A56  6A05               	clrf	(clcd_print@data+1)^0,c
  6235   000A58  0EC3               	movlw	195
  6236   000A5A  6E06               	movwf	clcd_print@addr^0,c
  6237   000A5C  EC62  F00C         	call	_clcd_print	;wreg free
  6238   000A60                     
  6239                           ;menu.c: 159:     if ( gr == 0 ) clcd_putch('N',(0xC0 + (7)));
  6240   000A60  503D               	movf	view_log@gr^0,w,c
  6241   000A62  A4D8               	btfss	status,2,c
  6242   000A64  EF36  F005         	goto	u2771
  6243   000A68  EF38  F005         	goto	u2770
  6244   000A6C                     u2771:
  6245   000A6C  EF3F  F005         	goto	l3468
  6246   000A70                     u2770:
  6247   000A70  0EC7               	movlw	199
  6248   000A72  6E10               	movwf	clcd_putch@addr^0,c
  6249   000A74  0E4E               	movlw	78
  6250   000A76  ECED  F00E         	call	_clcd_putch
  6251   000A7A  EF5D  F005         	goto	l3476
  6252   000A7E                     l3468:
  6253   000A7E  0E06               	movlw	6
  6254   000A80  603D               	cpfslt	view_log@gr^0,c
  6255   000A82  EF45  F005         	goto	u2781
  6256   000A86  EF47  F005         	goto	u2780
  6257   000A8A                     u2781:
  6258   000A8A  EF4F  F005         	goto	l3472
  6259   000A8E                     u2780:
  6260   000A8E  0EC7               	movlw	199
  6261   000A90  6E10               	movwf	clcd_putch@addr^0,c
  6262   000A92  503D               	movf	view_log@gr^0,w,c
  6263   000A94  0F30               	addlw	48
  6264   000A96  ECED  F00E         	call	_clcd_putch
  6265   000A9A  EF5D  F005         	goto	l3476
  6266   000A9E                     l3472:
  6267   000A9E  0E06               	movlw	6
  6268   000AA0  183D               	xorwf	view_log@gr^0,w,c
  6269   000AA2  A4D8               	btfss	status,2,c
  6270   000AA4  EF56  F005         	goto	u2791
  6271   000AA8  EF58  F005         	goto	u2790
  6272   000AAC                     u2791:
  6273   000AAC  EF5D  F005         	goto	l3476
  6274   000AB0                     u2790:
  6275   000AB0  0EC7               	movlw	199
  6276   000AB2  6E10               	movwf	clcd_putch@addr^0,c
  6277   000AB4  0E52               	movlw	82
  6278   000AB6  ECED  F00E         	call	_clcd_putch
  6279   000ABA                     l3476:
  6280                           
  6281                           ;menu.c: 164:     clcd_print(time_str,(0xC0 + (9)));
  6282   000ABA  0E2F               	movlw	low view_log@time_str
  6283   000ABC  6E04               	movwf	clcd_print@data^0,c
  6284   000ABE  6A05               	clrf	(clcd_print@data+1)^0,c
  6285   000AC0  0EC9               	movlw	201
  6286   000AC2  6E06               	movwf	clcd_print@addr^0,c
  6287   000AC4  EC62  F00C         	call	_clcd_print	;wreg free
  6288   000AC8                     l264:
  6289   000AC8  0012               	return		;funcret
  6290   000ACA                     __end_of_view_log:
  6291                           	callstack 0
  6292                           
  6293 ;; *************** function _view_dashboard *****************
  6294 ;; Defined at:
  6295 ;;		line 104 in file "dashboard.c"
  6296 ;; Parameters:    Size  Location     Type
  6297 ;;		None
  6298 ;; Auto vars:     Size  Location     Type
  6299 ;;  key             1   52[COMRAM] unsigned char 
  6300 ;; Return value:  Size  Location     Type
  6301 ;;                  1    wreg      void 
  6302 ;; Registers used:
  6303 ;;		wreg, fsr0l, fsr0h, fsr2l, fsr2h, status,2, status,0, tblptrl, tblptrh, tblptru, prodl, prodh, cstack
  6304 ;; Tracked objects:
  6305 ;;		On entry : 0/0
  6306 ;;		On exit  : 0/0
  6307 ;;		Unchanged: 0/0
  6308 ;; Data sizes:     COMRAM   BANK0   BANK1   BANK2   BANK3   BANK4   BANK5
  6309 ;;      Params:         0       0       0       0       0       0       0
  6310 ;;      Locals:         1       0       0       0       0       0       0
  6311 ;;      Temps:          0       0       0       0       0       0       0
  6312 ;;      Totals:         1       0       0       0       0       0       0
  6313 ;;Total ram usage:        1 bytes
  6314 ;; Hardware stack levels used: 1
  6315 ;; Hardware stack levels required when called: 3
  6316 ;; This function calls:
  6317 ;;		_clcd_print
  6318 ;;		_clcd_write
  6319 ;;		_display_labels
  6320 ;;		_read_real_time_clock
  6321 ;;		_read_speed_adc
  6322 ;;		_read_switches
  6323 ;;		_save_log
  6324 ;;		_show_collision
  6325 ;;		_update_time
  6326 ;; This function is called by:
  6327 ;;		_main
  6328 ;; This function uses a non-reentrant model
  6329 ;;
  6330                           
  6331                           	psect	text2
  6332   0012B2                     __ptext2:
  6333                           	callstack 0
  6334   0012B2                     _view_dashboard:
  6335                           	callstack 27
  6336   0012B2                     
  6337                           ;dashboard.c: 105:     read_real_time_clock();
  6338   0012B2  EC2F  F00D         	call	_read_real_time_clock	;wreg free
  6339   0012B6                     
  6340                           ;dashboard.c: 106:     read_speed_adc();
  6341   0012B6  EC86  F00A         	call	_read_speed_adc	;wreg free
  6342   0012BA                     
  6343                           ;dashboard.c: 107:     update_time();
  6344   0012BA  EC8C  F00B         	call	_update_time	;wreg free
  6345   0012BE                     
  6346                           ;dashboard.c: 108:     display_labels();
  6347   0012BE  EC2B  F00F         	call	_display_labels	;wreg free
  6348   0012C2                     
  6349                           ;dashboard.c: 109:     clcd_print(time, (0xC0 + (0)));
  6350   0012C2  0EAF               	movlw	low _time
  6351   0012C4  6E04               	movwf	clcd_print@data^0,c
  6352   0012C6  6A05               	clrf	(clcd_print@data+1)^0,c
  6353   0012C8  0EC0               	movlw	192
  6354   0012CA  6E06               	movwf	clcd_print@addr^0,c
  6355   0012CC  EC62  F00C         	call	_clcd_print	;wreg free
  6356   0012D0                     
  6357                           ;dashboard.c: 110:     clcd_print((const unsigned char*)gear_display[gear],(0xC0 + (9)))
      +                          ;
  6358   0012D0  504E               	movf	_gear^0,w,c
  6359   0012D2  0D02               	mullw	2
  6360   0012D4  50F3               	movf	243,w,c
  6361   0012D6  0F88               	addlw	low _gear_display
  6362   0012D8  6ED9               	movwf	fsr2l,c
  6363   0012DA  6ADA               	clrf	fsr2h,c
  6364   0012DC  CFDE F004          	movff	postinc2,clcd_print@data
  6365   0012E0  CFDD F005          	movff	postdec2,clcd_print@data+1
  6366   0012E4  0EC9               	movlw	201
  6367   0012E6  6E06               	movwf	clcd_print@addr^0,c
  6368   0012E8  EC62  F00C         	call	_clcd_print	;wreg free
  6369   0012EC                     
  6370                           ;dashboard.c: 111:     clcd_print(speed, (0xC0 + (13)));
  6371   0012EC  0E56               	movlw	low _speed
  6372   0012EE  6E04               	movwf	clcd_print@data^0,c
  6373   0012F0  6A05               	clrf	(clcd_print@data+1)^0,c
  6374   0012F2  0ECD               	movlw	205
  6375   0012F4  6E06               	movwf	clcd_print@addr^0,c
  6376   0012F6  EC62  F00C         	call	_clcd_print	;wreg free
  6377                           
  6378                           ;dashboard.c: 112:     unsigned char key = read_switches(1);
  6379   0012FA  0E01               	movlw	1
  6380   0012FC  EC21  F00C         	call	_read_switches
  6381   001300  6E36               	movwf	view_dashboard@key^0,c
  6382   001302                     
  6383                           ;dashboard.c: 113:     if ( key == 11 ) {
  6384   001302  0E0B               	movlw	11
  6385   001304  1836               	xorwf	view_dashboard@key^0,w,c
  6386   001306  A4D8               	btfss	status,2,c
  6387   001308  EF88  F009         	goto	u2451
  6388   00130C  EF8A  F009         	goto	u2450
  6389   001310                     u2451:
  6390   001310  EF93  F009         	goto	l3276
  6391   001314                     u2450:
  6392   001314                     
  6393                           ;dashboard.c: 114:         clcd_write(0x01, 0);
  6394   001314  0E00               	movlw	0
  6395   001316  6E02               	movwf	clcd_write@control_bit^0,c
  6396   001318  0E01               	movlw	1
  6397   00131A  EC6C  F00E         	call	_clcd_write
  6398   00131E                     
  6399                           ;dashboard.c: 115:         state = e_main_menu;
  6400   00131E  0E01               	movlw	1
  6401   001320  6E51               	movwf	_state^0,c
  6402                           
  6403                           ;dashboard.c: 116:     } else if ( key == 1 && gear < 6 ) {
  6404   001322  EFC8  F009         	goto	l141
  6405   001326                     l3276:
  6406   001326  0436               	decf	view_dashboard@key^0,w,c
  6407   001328  A4D8               	btfss	status,2,c
  6408   00132A  EF99  F009         	goto	u2461
  6409   00132E  EF9B  F009         	goto	u2460
  6410   001332                     u2461:
  6411   001332  EFA8  F009         	goto	l3284
  6412   001336                     u2460:
  6413   001336  0E06               	movlw	6
  6414   001338  604E               	cpfslt	_gear^0,c
  6415   00133A  EFA1  F009         	goto	u2471
  6416   00133E  EFA3  F009         	goto	u2470
  6417   001342                     u2471:
  6418   001342  EFA8  F009         	goto	l3284
  6419   001346                     u2470:
  6420   001346                     
  6421                           ;dashboard.c: 117:         gear+=1;
  6422   001346  2A4E               	incf	_gear^0,f,c
  6423   001348                     l3282:
  6424                           
  6425                           ;dashboard.c: 118:         save_log();
  6426   001348  EC98  F00C         	call	_save_log	;wreg free
  6427                           
  6428                           ;dashboard.c: 119:     } else if ( key == 2 && gear > 0 ) {
  6429   00134C  EFC8  F009         	goto	l141
  6430   001350                     l3284:
  6431   001350  0E02               	movlw	2
  6432   001352  1836               	xorwf	view_dashboard@key^0,w,c
  6433   001354  A4D8               	btfss	status,2,c
  6434   001356  EFAF  F009         	goto	u2481
  6435   00135A  EFB1  F009         	goto	u2480
  6436   00135E                     u2481:
  6437   00135E  EFBC  F009         	goto	l3292
  6438   001362                     u2480:
  6439   001362  504E               	movf	_gear^0,w,c
  6440   001364  B4D8               	btfsc	status,2,c
  6441   001366  EFB7  F009         	goto	u2491
  6442   00136A  EFB9  F009         	goto	u2490
  6443   00136E                     u2491:
  6444   00136E  EFBC  F009         	goto	l3292
  6445   001372                     u2490:
  6446   001372                     
  6447                           ;dashboard.c: 120:         gear-=1;
  6448   001372  064E               	decf	_gear^0,f,c
  6449   001374  EFA4  F009         	goto	l3282
  6450   001378                     l3292:
  6451   001378  0E03               	movlw	3
  6452   00137A  1836               	xorwf	view_dashboard@key^0,w,c
  6453   00137C  A4D8               	btfss	status,2,c
  6454   00137E  EFC3  F009         	goto	u2501
  6455   001382  EFC5  F009         	goto	u2500
  6456   001386                     u2501:
  6457   001386  EFC8  F009         	goto	l141
  6458   00138A                     u2500:
  6459   00138A                     
  6460                           ;dashboard.c: 123:         show_collision();
  6461   00138A  EC2A  F00E         	call	_show_collision	;wreg free
  6462   00138E                     
  6463                           ;dashboard.c: 124:         gear = 0;
  6464   00138E  6A4E               	clrf	_gear^0,c
  6465   001390                     l141:
  6466   001390  0012               	return		;funcret
  6467   001392                     __end_of_view_dashboard:
  6468                           	callstack 0
  6469                           
  6470 ;; *************** function _update_time *****************
  6471 ;; Defined at:
  6472 ;;		line 79 in file "dashboard.c"
  6473 ;; Parameters:    Size  Location     Type
  6474 ;;		None
  6475 ;; Auto vars:     Size  Location     Type
  6476 ;;		None
  6477 ;; Return value:  Size  Location     Type
  6478 ;;                  1    wreg      void 
  6479 ;; Registers used:
  6480 ;;		wreg, status,2, status,0, cstack
  6481 ;; Tracked objects:
  6482 ;;		On entry : 0/0
  6483 ;;		On exit  : 0/0
  6484 ;;		Unchanged: 0/0
  6485 ;; Data sizes:     COMRAM   BANK0   BANK1   BANK2   BANK3   BANK4   BANK5
  6486 ;;      Params:         0       0       0       0       0       0       0
  6487 ;;      Locals:         0       0       0       0       0       0       0
  6488 ;;      Temps:          0       0       0       0       0       0       0
  6489 ;;      Totals:         0       0       0       0       0       0       0
  6490 ;;Total ram usage:        0 bytes
  6491 ;; Hardware stack levels used: 1
  6492 ;; Hardware stack levels required when called: 2
  6493 ;; This function calls:
  6494 ;;		___awdiv
  6495 ;;		___awmod
  6496 ;; This function is called by:
  6497 ;;		_view_dashboard
  6498 ;; This function uses a non-reentrant model
  6499 ;;
  6500                           
  6501                           	psect	text3
  6502   001718                     __ptext3:
  6503                           	callstack 0
  6504   001718                     _update_time:
  6505                           	callstack 27
  6506   001718                     
  6507                           ;dashboard.c: 80:         time[0] = ( hours / 10 ) + '0';
  6508   001718  C04C  F002         	movff	_hours,___awdiv@dividend
  6509   00171C  6A03               	clrf	(___awdiv@dividend+1)^0,c
  6510   00171E  6A05               	clrf	(___awdiv@divisor+1)^0,c
  6511   001720  0E0A               	movlw	10
  6512   001722  6E04               	movwf	___awdiv@divisor^0,c
  6513   001724  ECC9  F009         	call	___awdiv	;wreg free
  6514   001728  5002               	movf	?___awdiv^0,w,c
  6515   00172A  0F30               	addlw	48
  6516   00172C  0100               	movlb	0	; () banked
  6517   00172E  6FAF               	movwf	_time& (0+255),b
  6518                           
  6519                           ;dashboard.c: 81:         time[1] = ( hours % 10 ) + '0';
  6520   001730  C04C  F00A         	movff	_hours,___awmod@dividend
  6521   001734  6A0B               	clrf	(___awmod@dividend+1)^0,c
  6522   001736  6A0D               	clrf	(___awmod@divisor+1)^0,c
  6523   001738  0E0A               	movlw	10
  6524   00173A  6E0C               	movwf	___awmod@divisor^0,c
  6525   00173C  ECE2  F00A         	call	___awmod	;wreg free
  6526   001740  500A               	movf	?___awmod^0,w,c
  6527   001742  0F30               	addlw	48
  6528   001744  0100               	movlb	0	; () banked
  6529   001746  6FB0               	movwf	(_time+1)& (0+255),b
  6530   001748                     
  6531                           ; BSR set to: 0
  6532                           ;dashboard.c: 82:         time[2] = ':';
  6533   001748  0E3A               	movlw	58
  6534   00174A  6FB1               	movwf	(_time+2)& (0+255),b
  6535   00174C                     
  6536                           ; BSR set to: 0
  6537                           ;dashboard.c: 83:         time[3] = ( minutes / 10 ) + '0';
  6538   00174C  C04B  F002         	movff	_minutes,___awdiv@dividend
  6539   001750  6A03               	clrf	(___awdiv@dividend+1)^0,c
  6540   001752  6A05               	clrf	(___awdiv@divisor+1)^0,c
  6541   001754  0E0A               	movlw	10
  6542   001756  6E04               	movwf	___awdiv@divisor^0,c
  6543   001758  ECC9  F009         	call	___awdiv	;wreg free
  6544   00175C  5002               	movf	?___awdiv^0,w,c
  6545   00175E  0F30               	addlw	48
  6546   001760  0100               	movlb	0	; () banked
  6547   001762  6FB2               	movwf	(_time+3)& (0+255),b
  6548   001764                     
  6549                           ; BSR set to: 0
  6550                           ;dashboard.c: 84:         time[4] = ( minutes % 10 ) + '0';
  6551   001764  C04B  F00A         	movff	_minutes,___awmod@dividend
  6552   001768  6A0B               	clrf	(___awmod@dividend+1)^0,c
  6553   00176A  6A0D               	clrf	(___awmod@divisor+1)^0,c
  6554   00176C  0E0A               	movlw	10
  6555   00176E  6E0C               	movwf	___awmod@divisor^0,c
  6556   001770  ECE2  F00A         	call	___awmod	;wreg free
  6557   001774  500A               	movf	?___awmod^0,w,c
  6558   001776  0F30               	addlw	48
  6559   001778  0100               	movlb	0	; () banked
  6560   00177A  6FB3               	movwf	(_time+4)& (0+255),b
  6561   00177C                     
  6562                           ; BSR set to: 0
  6563                           ;dashboard.c: 85:         time[5] = ':';
  6564   00177C  0E3A               	movlw	58
  6565   00177E  6FB4               	movwf	(_time+5)& (0+255),b
  6566                           
  6567                           ;dashboard.c: 86:         time[6] = ( seconds / 10 ) + '0';
  6568   001780  C04A  F002         	movff	_seconds,___awdiv@dividend
  6569   001784  6A03               	clrf	(___awdiv@dividend+1)^0,c
  6570   001786  6A05               	clrf	(___awdiv@divisor+1)^0,c
  6571   001788  0E0A               	movlw	10
  6572   00178A  6E04               	movwf	___awdiv@divisor^0,c
  6573   00178C  ECC9  F009         	call	___awdiv	;wreg free
  6574   001790  5002               	movf	?___awdiv^0,w,c
  6575   001792  0F30               	addlw	48
  6576   001794  0100               	movlb	0	; () banked
  6577   001796  6FB5               	movwf	(_time+6)& (0+255),b
  6578                           
  6579                           ;dashboard.c: 87:         time[7] = ( seconds % 10 ) + '0';
  6580   001798  C04A  F00A         	movff	_seconds,___awmod@dividend
  6581   00179C  6A0B               	clrf	(___awmod@dividend+1)^0,c
  6582   00179E  6A0D               	clrf	(___awmod@divisor+1)^0,c
  6583   0017A0  0E0A               	movlw	10
  6584   0017A2  6E0C               	movwf	___awmod@divisor^0,c
  6585   0017A4  ECE2  F00A         	call	___awmod	;wreg free
  6586   0017A8  500A               	movf	?___awmod^0,w,c
  6587   0017AA  0F30               	addlw	48
  6588   0017AC  0100               	movlb	0	; () banked
  6589   0017AE  6FB6               	movwf	(_time+7)& (0+255),b
  6590   0017B0                     
  6591                           ; BSR set to: 0
  6592                           ;dashboard.c: 88:         time[8] = '\0';
  6593   0017B0  6BB7               	clrf	(_time+8)& (0+255),b
  6594   0017B2                     
  6595                           ; BSR set to: 0
  6596   0017B2  0012               	return		;funcret
  6597   0017B4                     __end_of_update_time:
  6598                           	callstack 0
  6599                           
  6600 ;; *************** function _show_collision *****************
  6601 ;; Defined at:
  6602 ;;		line 91 in file "dashboard.c"
  6603 ;; Parameters:    Size  Location     Type
  6604 ;;		None
  6605 ;; Auto vars:     Size  Location     Type
  6606 ;;  key             1    5[COMRAM] unsigned char 
  6607 ;; Return value:  Size  Location     Type
  6608 ;;                  1    wreg      void 
  6609 ;; Registers used:
  6610 ;;		wreg, fsr0l, fsr0h, status,2, status,0, tblptrl, tblptrh, tblptru, cstack
  6611 ;; Tracked objects:
  6612 ;;		On entry : 0/0
  6613 ;;		On exit  : 0/0
  6614 ;;		Unchanged: 0/0
  6615 ;; Data sizes:     COMRAM   BANK0   BANK1   BANK2   BANK3   BANK4   BANK5
  6616 ;;      Params:         0       0       0       0       0       0       0
  6617 ;;      Locals:         1       0       0       0       0       0       0
  6618 ;;      Temps:          0       0       0       0       0       0       0
  6619 ;;      Totals:         1       0       0       0       0       0       0
  6620 ;;Total ram usage:        1 bytes
  6621 ;; Hardware stack levels used: 1
  6622 ;; Hardware stack levels required when called: 2
  6623 ;; This function calls:
  6624 ;;		_clcd_print
  6625 ;;		_clcd_write
  6626 ;;		_read_switches
  6627 ;; This function is called by:
  6628 ;;		_view_dashboard
  6629 ;; This function uses a non-reentrant model
  6630 ;;
  6631                           
  6632                           	psect	text4
  6633   001C54                     __ptext4:
  6634                           	callstack 0
  6635   001C54                     _show_collision:
  6636                           	callstack 27
  6637   001C54                     
  6638                           ;dashboard.c: 92:     clcd_write(0x01, 0);
  6639   001C54  0E00               	movlw	0
  6640   001C56  6E02               	movwf	clcd_write@control_bit^0,c
  6641   001C58  0E01               	movlw	1
  6642   001C5A  EC6C  F00E         	call	_clcd_write
  6643   001C5E                     
  6644                           ;dashboard.c: 93:     clcd_print((const unsigned char*)"COLLISION",(0x80 + (3)));
  6645   001C5E  0E87               	movlw	low STR_8
  6646   001C60  6E04               	movwf	clcd_print@data^0,c
  6647   001C62  0E2F               	movlw	high STR_8
  6648   001C64  6E05               	movwf	(clcd_print@data+1)^0,c
  6649   001C66  0E83               	movlw	131
  6650   001C68  6E06               	movwf	clcd_print@addr^0,c
  6651   001C6A  EC62  F00C         	call	_clcd_print	;wreg free
  6652   001C6E                     
  6653                           ;dashboard.c: 94:     clcd_print((const unsigned char*)"HAPPEN",(0xC0 + (4)));
  6654   001C6E  0ECF               	movlw	low STR_9
  6655   001C70  6E04               	movwf	clcd_print@data^0,c
  6656   001C72  0E2F               	movlw	high STR_9
  6657   001C74  6E05               	movwf	(clcd_print@data+1)^0,c
  6658   001C76  0EC4               	movlw	196
  6659   001C78  6E06               	movwf	clcd_print@addr^0,c
  6660   001C7A  EC62  F00C         	call	_clcd_print	;wreg free
  6661   001C7E                     l3224:
  6662                           
  6663                           ;dashboard.c: 97:         unsigned char key = read_switches(1);
  6664   001C7E  0E01               	movlw	1
  6665   001C80  EC21  F00C         	call	_read_switches
  6666   001C84  6E07               	movwf	show_collision@key^0,c
  6667   001C86                     
  6668                           ;dashboard.c: 98:         if ( key != 0xFF ) {
  6669   001C86  2807               	incf	show_collision@key^0,w,c
  6670   001C88  B4D8               	btfsc	status,2,c
  6671   001C8A  EF49  F00E         	goto	u2411
  6672   001C8E  EF4B  F00E         	goto	u2410
  6673   001C92                     u2411:
  6674   001C92  EF3F  F00E         	goto	l3224
  6675   001C96                     u2410:
  6676   001C96  0012               	return		;funcret
  6677   001C98                     __end_of_show_collision:
  6678                           	callstack 0
  6679                           
  6680 ;; *************** function _save_log *****************
  6681 ;; Defined at:
  6682 ;;		line 20 in file "dashboard.c"
  6683 ;; Parameters:    Size  Location     Type
  6684 ;;		None
  6685 ;; Auto vars:     Size  Location     Type
  6686 ;;		None
  6687 ;; Return value:  Size  Location     Type
  6688 ;;                  1    wreg      void 
  6689 ;; Registers used:
  6690 ;;		wreg, status,2, status,0, cstack
  6691 ;; Tracked objects:
  6692 ;;		On entry : 0/0
  6693 ;;		On exit  : 0/0
  6694 ;;		Unchanged: 0/0
  6695 ;; Data sizes:     COMRAM   BANK0   BANK1   BANK2   BANK3   BANK4   BANK5
  6696 ;;      Params:         0       0       0       0       0       0       0
  6697 ;;      Locals:         0       0       0       0       0       0       0
  6698 ;;      Temps:          0       0       0       0       0       0       0
  6699 ;;      Totals:         0       0       0       0       0       0       0
  6700 ;;Total ram usage:        0 bytes
  6701 ;; Hardware stack levels used: 1
  6702 ;; Hardware stack levels required when called: 2
  6703 ;; This function calls:
  6704 ;;		_write_external_eeprom
  6705 ;; This function is called by:
  6706 ;;		_view_dashboard
  6707 ;; This function uses a non-reentrant model
  6708 ;;
  6709                           
  6710                           	psect	text5
  6711   001930                     __ptext5:
  6712                           	callstack 0
  6713   001930                     _save_log:
  6714                           	callstack 27
  6715   001930                     
  6716                           ;dashboard.c: 21:     write_external_eeprom(0 +write_index,speed_val);
  6717   001930  C04D  F003         	movff	_speed_val,write_external_eeprom@data
  6718   001934  5050               	movf	_write_index^0,w,c
  6719   001936  EC4C  F00E         	call	_write_external_eeprom
  6720                           
  6721                           ;dashboard.c: 22:     write_external_eeprom(1 +write_index, gear);
  6722   00193A  C04E  F003         	movff	_gear,write_external_eeprom@data
  6723   00193E  2850               	incf	_write_index^0,w,c
  6724   001940  EC4C  F00E         	call	_write_external_eeprom
  6725                           
  6726                           ;dashboard.c: 23:     write_external_eeprom(2 +write_index,hours);
  6727   001944  C04C  F003         	movff	_hours,write_external_eeprom@data
  6728   001948  5050               	movf	_write_index^0,w,c
  6729   00194A  0F02               	addlw	2
  6730   00194C  EC4C  F00E         	call	_write_external_eeprom
  6731                           
  6732                           ;dashboard.c: 24:     write_external_eeprom(3 +write_index,minutes);
  6733   001950  C04B  F003         	movff	_minutes,write_external_eeprom@data
  6734   001954  5050               	movf	_write_index^0,w,c
  6735   001956  0F03               	addlw	3
  6736   001958  EC4C  F00E         	call	_write_external_eeprom
  6737                           
  6738                           ;dashboard.c: 25:     write_external_eeprom(4 +write_index,seconds);
  6739   00195C  C04A  F003         	movff	_seconds,write_external_eeprom@data
  6740   001960  5050               	movf	_write_index^0,w,c
  6741   001962  0F04               	addlw	4
  6742   001964  EC4C  F00E         	call	_write_external_eeprom
  6743   001968                     
  6744                           ;dashboard.c: 27:     write_index+=5;
  6745   001968  0E05               	movlw	5
  6746   00196A  2650               	addwf	_write_index^0,f,c
  6747   00196C                     
  6748                           ;dashboard.c: 29:     if ( write_index >= 50 ) {
  6749   00196C  0E31               	movlw	49
  6750   00196E  6450               	cpfsgt	_write_index^0,c
  6751   001970  EFBC  F00C         	goto	u2401
  6752   001974  EFBE  F00C         	goto	u2400
  6753   001978                     u2401:
  6754   001978  EFC6  F00C         	goto	l3190
  6755   00197C                     u2400:
  6756   00197C                     
  6757                           ;dashboard.c: 30:         write_index = 0;
  6758   00197C  6A50               	clrf	_write_index^0,c
  6759   00197E                     
  6760                           ;dashboard.c: 31:         write_flag = 1;
  6761   00197E  0E01               	movlw	1
  6762   001980  6E4F               	movwf	_write_flag^0,c
  6763   001982                     
  6764                           ;dashboard.c: 32:         write_external_eeprom(101,write_flag);
  6765   001982  C04F  F003         	movff	_write_flag,write_external_eeprom@data
  6766   001986  0E65               	movlw	101
  6767   001988  EC4C  F00E         	call	_write_external_eeprom
  6768   00198C                     l3190:
  6769                           
  6770                           ;dashboard.c: 35:     write_external_eeprom(100,write_index);
  6771   00198C  C050  F003         	movff	_write_index,write_external_eeprom@data
  6772   001990  0E64               	movlw	100
  6773   001992  EC4C  F00E         	call	_write_external_eeprom
  6774   001996  0012               	return		;funcret
  6775   001998                     __end_of_save_log:
  6776                           	callstack 0
  6777                           
  6778 ;; *************** function _read_speed_adc *****************
  6779 ;; Defined at:
  6780 ;;		line 71 in file "dashboard.c"
  6781 ;; Parameters:    Size  Location     Type
  6782 ;;		None
  6783 ;; Auto vars:     Size  Location     Type
  6784 ;;  adc_val         2   50[COMRAM] unsigned short 
  6785 ;;  spd             1   49[COMRAM] unsigned char 
  6786 ;; Return value:  Size  Location     Type
  6787 ;;                  1    wreg      void 
  6788 ;; Registers used:
  6789 ;;		wreg, fsr2l, fsr2h, status,2, status,0, cstack
  6790 ;; Tracked objects:
  6791 ;;		On entry : 0/0
  6792 ;;		On exit  : 0/0
  6793 ;;		Unchanged: 0/0
  6794 ;; Data sizes:     COMRAM   BANK0   BANK1   BANK2   BANK3   BANK4   BANK5
  6795 ;;      Params:         0       0       0       0       0       0       0
  6796 ;;      Locals:         3       0       0       0       0       0       0
  6797 ;;      Temps:          0       0       0       0       0       0       0
  6798 ;;      Totals:         3       0       0       0       0       0       0
  6799 ;;Total ram usage:        3 bytes
  6800 ;; Hardware stack levels used: 1
  6801 ;; Hardware stack levels required when called: 2
  6802 ;; This function calls:
  6803 ;;		___fldiv
  6804 ;;		___fltol
  6805 ;;		___xxtofl
  6806 ;;		_convert_speed_to_string
  6807 ;;		_read_adc
  6808 ;; This function is called by:
  6809 ;;		_view_dashboard
  6810 ;; This function uses a non-reentrant model
  6811 ;;
  6812                           
  6813                           	psect	text6
  6814   00150C                     __ptext6:
  6815                           	callstack 0
  6816   00150C                     _read_speed_adc:
  6817                           	callstack 27
  6818   00150C                     
  6819                           ;dashboard.c: 72:     unsigned short adc_val = read_adc(0x04);
  6820   00150C  0E04               	movlw	4
  6821   00150E  EC07  F00E         	call	_read_adc
  6822   001512  C002  F034         	movff	?_read_adc,read_speed_adc@adc_val
  6823   001516  C003  F035         	movff	?_read_adc+1,read_speed_adc@adc_val+1
  6824                           
  6825                           ;dashboard.c: 73:     unsigned char spd = adc_val/ 10.23;
  6826   00151A  0E14               	movlw	20
  6827   00151C  6E14               	movwf	___fldiv@a^0,c
  6828   00151E  0EAE               	movlw	174
  6829   001520  6E15               	movwf	(___fldiv@a+1)^0,c
  6830   001522  0E23               	movlw	35
  6831   001524  6E16               	movwf	(___fldiv@a+2)^0,c
  6832   001526  0E41               	movlw	65
  6833   001528  6E17               	movwf	(___fldiv@a+3)^0,c
  6834   00152A  C034  F002         	movff	read_speed_adc@adc_val,___xxtofl@val
  6835   00152E  C035  F003         	movff	read_speed_adc@adc_val+1,___xxtofl@val+1
  6836   001532  6A04               	clrf	(___xxtofl@val+2)^0,c
  6837   001534  6A05               	clrf	(___xxtofl@val+3)^0,c
  6838   001536  0E00               	movlw	0
  6839   001538  EC76  F007         	call	___xxtofl
  6840   00153C  C002  F010         	movff	?___xxtofl,___fldiv@b
  6841   001540  C003  F011         	movff	?___xxtofl+1,___fldiv@b+1
  6842   001544  C004  F012         	movff	?___xxtofl+2,___fldiv@b+2
  6843   001548  C005  F013         	movff	?___xxtofl+3,___fldiv@b+3
  6844   00154C  EC2D  F002         	call	___fldiv	;wreg free
  6845   001550  C010  F029         	movff	?___fldiv,___fltol@f1
  6846   001554  C011  F02A         	movff	?___fldiv+1,___fltol@f1+1
  6847   001558  C012  F02B         	movff	?___fldiv+2,___fltol@f1+2
  6848   00155C  C013  F02C         	movff	?___fldiv+3,___fltol@f1+3
  6849   001560  ECD6  F008         	call	___fltol	;wreg free
  6850   001564  5029               	movf	?___fltol^0,w,c
  6851   001566  6E33               	movwf	read_speed_adc@spd^0,c
  6852   001568                     
  6853                           ;dashboard.c: 74:     convert_speed_to_string(speed,spd);
  6854   001568  0E56               	movlw	low _speed
  6855   00156A  6E10               	movwf	convert_speed_to_string@speed^0,c
  6856   00156C  C033  F011         	movff	read_speed_adc@spd,convert_speed_to_string@spd
  6857   001570  ECDA  F00B         	call	_convert_speed_to_string	;wreg free
  6858   001574                     
  6859                           ;dashboard.c: 75:     speed_val = adc_val / 10.23;
  6860   001574  0E14               	movlw	20
  6861   001576  6E14               	movwf	___fldiv@a^0,c
  6862   001578  0EAE               	movlw	174
  6863   00157A  6E15               	movwf	(___fldiv@a+1)^0,c
  6864   00157C  0E23               	movlw	35
  6865   00157E  6E16               	movwf	(___fldiv@a+2)^0,c
  6866   001580  0E41               	movlw	65
  6867   001582  6E17               	movwf	(___fldiv@a+3)^0,c
  6868   001584  C034  F002         	movff	read_speed_adc@adc_val,___xxtofl@val
  6869   001588  C035  F003         	movff	read_speed_adc@adc_val+1,___xxtofl@val+1
  6870   00158C  6A04               	clrf	(___xxtofl@val+2)^0,c
  6871   00158E  6A05               	clrf	(___xxtofl@val+3)^0,c
  6872   001590  0E00               	movlw	0
  6873   001592  EC76  F007         	call	___xxtofl
  6874   001596  C002  F010         	movff	?___xxtofl,___fldiv@b
  6875   00159A  C003  F011         	movff	?___xxtofl+1,___fldiv@b+1
  6876   00159E  C004  F012         	movff	?___xxtofl+2,___fldiv@b+2
  6877   0015A2  C005  F013         	movff	?___xxtofl+3,___fldiv@b+3
  6878   0015A6  EC2D  F002         	call	___fldiv	;wreg free
  6879   0015AA  C010  F029         	movff	?___fldiv,___fltol@f1
  6880   0015AE  C011  F02A         	movff	?___fldiv+1,___fltol@f1+1
  6881   0015B2  C012  F02B         	movff	?___fldiv+2,___fltol@f1+2
  6882   0015B6  C013  F02C         	movff	?___fldiv+3,___fltol@f1+3
  6883   0015BA  ECD6  F008         	call	___fltol	;wreg free
  6884   0015BE  5029               	movf	?___fltol^0,w,c
  6885   0015C0  6E4D               	movwf	_speed_val^0,c
  6886   0015C2  0012               	return		;funcret
  6887   0015C4                     __end_of_read_speed_adc:
  6888                           	callstack 0
  6889                           
  6890 ;; *************** function _read_adc *****************
  6891 ;; Defined at:
  6892 ;;		line 71 in file "adc.c"
  6893 ;; Parameters:    Size  Location     Type
  6894 ;;  channel         1    wreg     unsigned char 
  6895 ;; Auto vars:     Size  Location     Type
  6896 ;;  channel         1    6[COMRAM] unsigned char 
  6897 ;;  reg_val         2    4[COMRAM] unsigned short 
  6898 ;; Return value:  Size  Location     Type
  6899 ;;                  2    0[COMRAM] unsigned short 
  6900 ;; Registers used:
  6901 ;;		wreg, status,2, status,0
  6902 ;; Tracked objects:
  6903 ;;		On entry : 0/0
  6904 ;;		On exit  : 0/0
  6905 ;;		Unchanged: 0/0
  6906 ;; Data sizes:     COMRAM   BANK0   BANK1   BANK2   BANK3   BANK4   BANK5
  6907 ;;      Params:         2       0       0       0       0       0       0
  6908 ;;      Locals:         3       0       0       0       0       0       0
  6909 ;;      Temps:          2       0       0       0       0       0       0
  6910 ;;      Totals:         7       0       0       0       0       0       0
  6911 ;;Total ram usage:        7 bytes
  6912 ;; Hardware stack levels used: 1
  6913 ;; Hardware stack levels required when called: 1
  6914 ;; This function calls:
  6915 ;;		Nothing
  6916 ;; This function is called by:
  6917 ;;		_read_speed_adc
  6918 ;; This function uses a non-reentrant model
  6919 ;;
  6920                           
  6921                           	psect	text7
  6922   001C0E                     __ptext7:
  6923                           	callstack 0
  6924   001C0E                     _read_adc:
  6925                           	callstack 27
  6926                           
  6927                           ;incstack = 0
  6928                           ;read_adc@channel stored from wreg
  6929   001C0E  6E08               	movwf	read_adc@channel^0,c
  6930   001C10                     
  6931                           ;adc.c: 72:     unsigned short reg_val;;adc.c: 81:     ADCON0 = ( ADCON0 & 0xC3 ) | ( ch
      +                          annel << 2 );
  6932   001C10  C008  F004         	movff	read_adc@channel,??_read_adc
  6933   001C14  90D8               	bcf	status,0,c
  6934   001C16  3604               	rlcf	??_read_adc^0,f,c
  6935   001C18  90D8               	bcf	status,0,c
  6936   001C1A  3604               	rlcf	??_read_adc^0,f,c
  6937   001C1C  50C2               	movf	194,w,c	;volatile
  6938   001C1E  0BC3               	andlw	195
  6939   001C20  1004               	iorwf	??_read_adc^0,w,c
  6940   001C22  6EC2               	movwf	194,c	;volatile
  6941   001C24                     
  6942                           ;adc.c: 82:     GO = 1;
  6943   001C24  82C2               	bsf	4034,1,c	;volatile
  6944   001C26                     l428:
  6945   001C26  B2C2               	btfsc	4034,1,c	;volatile
  6946   001C28  EF18  F00E         	goto	u1931
  6947   001C2C  EF1A  F00E         	goto	u1930
  6948   001C30                     u1931:
  6949   001C30  EF13  F00E         	goto	l428
  6950   001C34                     u1930:
  6951   001C34                     
  6952                           ;adc.c: 84:     reg_val = ( ADRESH << 8 ) | ADRESL;
  6953   001C34  50C3               	movf	195,w,c	;volatile
  6954   001C36  CFC4 F004          	movff	4036,??_read_adc	;volatile
  6955   001C3A  6A05               	clrf	(??_read_adc+1)^0,c
  6956   001C3C  C004  F005         	movff	??_read_adc,??_read_adc+1
  6957   001C40  6A04               	clrf	??_read_adc^0,c
  6958   001C42  1004               	iorwf	??_read_adc^0,w,c
  6959   001C44  6E06               	movwf	read_adc@reg_val^0,c
  6960   001C46  5005               	movf	(??_read_adc+1)^0,w,c
  6961   001C48  6E07               	movwf	(read_adc@reg_val+1)^0,c
  6962   001C4A                     
  6963                           ;adc.c: 93:     return reg_val;
  6964   001C4A  C006  F002         	movff	read_adc@reg_val,?_read_adc
  6965   001C4E  C007  F003         	movff	read_adc@reg_val+1,?_read_adc+1
  6966   001C52  0012               	return		;funcret
  6967   001C54                     __end_of_read_adc:
  6968                           	callstack 0
  6969                           
  6970 ;; *************** function ___xxtofl *****************
  6971 ;; Defined at:
  6972 ;;		line 10 in file "C:\Program Files\Microchip\xc8\v3.10\pic\sources\c99\common\xxtofl.c"
  6973 ;; Parameters:    Size  Location     Type
  6974 ;;  sign            1    wreg     unsigned char 
  6975 ;;  val             4    0[COMRAM] long 
  6976 ;; Auto vars:     Size  Location     Type
  6977 ;;  sign            1    8[COMRAM] unsigned char 
  6978 ;;  arg             4   10[COMRAM] unsigned long 
  6979 ;;  exp             1    9[COMRAM] unsigned char 
  6980 ;; Return value:  Size  Location     Type
  6981 ;;                  4    0[COMRAM] unsigned char 
  6982 ;; Registers used:
  6983 ;;		wreg, status,2, status,0
  6984 ;; Tracked objects:
  6985 ;;		On entry : 0/0
  6986 ;;		On exit  : 0/0
  6987 ;;		Unchanged: 0/0
  6988 ;; Data sizes:     COMRAM   BANK0   BANK1   BANK2   BANK3   BANK4   BANK5
  6989 ;;      Params:         4       0       0       0       0       0       0
  6990 ;;      Locals:         6       0       0       0       0       0       0
  6991 ;;      Temps:          4       0       0       0       0       0       0
  6992 ;;      Totals:        14       0       0       0       0       0       0
  6993 ;;Total ram usage:       14 bytes
  6994 ;; Hardware stack levels used: 1
  6995 ;; Hardware stack levels required when called: 1
  6996 ;; This function calls:
  6997 ;;		Nothing
  6998 ;; This function is called by:
  6999 ;;		_read_speed_adc
  7000 ;; This function uses a non-reentrant model
  7001 ;;
  7002                           
  7003                           	psect	text8
  7004   000EEC                     __ptext8:
  7005                           	callstack 0
  7006   000EEC                     ___xxtofl:
  7007                           	callstack 27
  7008                           
  7009                           ;incstack = 0
  7010                           ;___xxtofl@sign stored from wreg
  7011   000EEC  6E0A               	movwf	___xxtofl@sign^0,c
  7012   000EEE  500A               	movf	___xxtofl@sign^0,w,c
  7013   000EF0  B4D8               	btfsc	status,2,c
  7014   000EF2  EF7D  F007         	goto	u2301
  7015   000EF6  EF7F  F007         	goto	u2300
  7016   000EFA                     u2301:
  7017   000EFA  EFA1  F007         	goto	l1352
  7018   000EFE                     u2300:
  7019   000EFE  BE05               	btfsc	(___xxtofl@val+3)^0,7,c
  7020   000F00  EF86  F007         	goto	u2310
  7021   000F04  EF84  F007         	goto	u2311
  7022   000F08                     u2311:
  7023   000F08  EFA1  F007         	goto	l1352
  7024   000F0C                     u2310:
  7025   000F0C  C002  F006         	movff	___xxtofl@val,??___xxtofl
  7026   000F10  C003  F007         	movff	___xxtofl@val+1,??___xxtofl+1
  7027   000F14  C004  F008         	movff	___xxtofl@val+2,??___xxtofl+2
  7028   000F18  C005  F009         	movff	___xxtofl@val+3,??___xxtofl+3
  7029   000F1C  1E06               	comf	??___xxtofl^0,f,c
  7030   000F1E  1E07               	comf	(??___xxtofl+1)^0,f,c
  7031   000F20  1E08               	comf	(??___xxtofl+2)^0,f,c
  7032   000F22  1E09               	comf	(??___xxtofl+3)^0,f,c
  7033   000F24  2A06               	incf	??___xxtofl^0,f,c
  7034   000F26  0E00               	movlw	0
  7035   000F28  2207               	addwfc	(??___xxtofl+1)^0,f,c
  7036   000F2A  2208               	addwfc	(??___xxtofl+2)^0,f,c
  7037   000F2C  2209               	addwfc	(??___xxtofl+3)^0,f,c
  7038   000F2E  C006  F00C         	movff	??___xxtofl,___xxtofl@arg
  7039   000F32  C007  F00D         	movff	??___xxtofl+1,___xxtofl@arg+1
  7040   000F36  C008  F00E         	movff	??___xxtofl+2,___xxtofl@arg+2
  7041   000F3A  C009  F00F         	movff	??___xxtofl+3,___xxtofl@arg+3
  7042   000F3E  EFA9  F007         	goto	l3076
  7043   000F42                     l1352:
  7044   000F42  C002  F00C         	movff	___xxtofl@val,___xxtofl@arg
  7045   000F46  C003  F00D         	movff	___xxtofl@val+1,___xxtofl@arg+1
  7046   000F4A  C004  F00E         	movff	___xxtofl@val+2,___xxtofl@arg+2
  7047   000F4E  C005  F00F         	movff	___xxtofl@val+3,___xxtofl@arg+3
  7048   000F52                     l3076:
  7049   000F52  5002               	movf	___xxtofl@val^0,w,c
  7050   000F54  1003               	iorwf	(___xxtofl@val+1)^0,w,c
  7051   000F56  1004               	iorwf	(___xxtofl@val+2)^0,w,c
  7052   000F58  1005               	iorwf	(___xxtofl@val+3)^0,w,c
  7053   000F5A  A4D8               	btfss	status,2,c
  7054   000F5C  EFB2  F007         	goto	u2321
  7055   000F60  EFB4  F007         	goto	u2320
  7056   000F64                     u2321:
  7057   000F64  EFBE  F007         	goto	l3082
  7058   000F68                     u2320:
  7059   000F68  0E00               	movlw	0
  7060   000F6A  6E02               	movwf	?___xxtofl^0,c
  7061   000F6C  0E00               	movlw	0
  7062   000F6E  6E03               	movwf	(?___xxtofl+1)^0,c
  7063   000F70  0E00               	movlw	0
  7064   000F72  6E04               	movwf	(?___xxtofl+2)^0,c
  7065   000F74  0E00               	movlw	0
  7066   000F76  6E05               	movwf	(?___xxtofl+3)^0,c
  7067   000F78  EF4F  F008         	goto	l1355
  7068   000F7C                     l3082:
  7069   000F7C  0E96               	movlw	150
  7070   000F7E  6E0B               	movwf	___xxtofl@exp^0,c
  7071   000F80  EFC8  F007         	goto	l3086
  7072   000F84                     l3084:
  7073   000F84  2A0B               	incf	___xxtofl@exp^0,f,c
  7074   000F86  90D8               	bcf	status,0,c
  7075   000F88  320F               	rrcf	(___xxtofl@arg+3)^0,f,c
  7076   000F8A  320E               	rrcf	(___xxtofl@arg+2)^0,f,c
  7077   000F8C  320D               	rrcf	(___xxtofl@arg+1)^0,f,c
  7078   000F8E  320C               	rrcf	___xxtofl@arg^0,f,c
  7079   000F90                     l3086:
  7080   000F90  0E00               	movlw	0
  7081   000F92  140C               	andwf	___xxtofl@arg^0,w,c
  7082   000F94  6E06               	movwf	??___xxtofl^0,c
  7083   000F96  0E00               	movlw	0
  7084   000F98  140D               	andwf	(___xxtofl@arg+1)^0,w,c
  7085   000F9A  6E07               	movwf	(??___xxtofl+1)^0,c
  7086   000F9C  0E00               	movlw	0
  7087   000F9E  140E               	andwf	(___xxtofl@arg+2)^0,w,c
  7088   000FA0  6E08               	movwf	(??___xxtofl+2)^0,c
  7089   000FA2  0EFE               	movlw	254
  7090   000FA4  140F               	andwf	(___xxtofl@arg+3)^0,w,c
  7091   000FA6  6E09               	movwf	(??___xxtofl+3)^0,c
  7092   000FA8  5006               	movf	??___xxtofl^0,w,c
  7093   000FAA  1007               	iorwf	(??___xxtofl+1)^0,w,c
  7094   000FAC  1008               	iorwf	(??___xxtofl+2)^0,w,c
  7095   000FAE  1009               	iorwf	(??___xxtofl+3)^0,w,c
  7096   000FB0  A4D8               	btfss	status,2,c
  7097   000FB2  EFDD  F007         	goto	u2331
  7098   000FB6  EFDF  F007         	goto	u2330
  7099   000FBA                     u2331:
  7100   000FBA  EFC2  F007         	goto	l3084
  7101   000FBE                     u2330:
  7102   000FBE  EFED  F007         	goto	l1359
  7103   000FC2                     l3088:
  7104   000FC2  2A0B               	incf	___xxtofl@exp^0,f,c
  7105   000FC4  0E01               	movlw	1
  7106   000FC6  260C               	addwf	___xxtofl@arg^0,f,c
  7107   000FC8  0E00               	movlw	0
  7108   000FCA  220D               	addwfc	(___xxtofl@arg+1)^0,f,c
  7109   000FCC  220E               	addwfc	(___xxtofl@arg+2)^0,f,c
  7110   000FCE  220F               	addwfc	(___xxtofl@arg+3)^0,f,c
  7111   000FD0  90D8               	bcf	status,0,c
  7112   000FD2  320F               	rrcf	(___xxtofl@arg+3)^0,f,c
  7113   000FD4  320E               	rrcf	(___xxtofl@arg+2)^0,f,c
  7114   000FD6  320D               	rrcf	(___xxtofl@arg+1)^0,f,c
  7115   000FD8  320C               	rrcf	___xxtofl@arg^0,f,c
  7116   000FDA                     l1359:
  7117   000FDA  0E00               	movlw	0
  7118   000FDC  140C               	andwf	___xxtofl@arg^0,w,c
  7119   000FDE  6E06               	movwf	??___xxtofl^0,c
  7120   000FE0  0E00               	movlw	0
  7121   000FE2  140D               	andwf	(___xxtofl@arg+1)^0,w,c
  7122   000FE4  6E07               	movwf	(??___xxtofl+1)^0,c
  7123   000FE6  0E00               	movlw	0
  7124   000FE8  140E               	andwf	(___xxtofl@arg+2)^0,w,c
  7125   000FEA  6E08               	movwf	(??___xxtofl+2)^0,c
  7126   000FEC  0EFF               	movlw	255
  7127   000FEE  140F               	andwf	(___xxtofl@arg+3)^0,w,c
  7128   000FF0  6E09               	movwf	(??___xxtofl+3)^0,c
  7129   000FF2  5006               	movf	??___xxtofl^0,w,c
  7130   000FF4  1007               	iorwf	(??___xxtofl+1)^0,w,c
  7131   000FF6  1008               	iorwf	(??___xxtofl+2)^0,w,c
  7132   000FF8  1009               	iorwf	(??___xxtofl+3)^0,w,c
  7133   000FFA  A4D8               	btfss	status,2,c
  7134   000FFC  EF02  F008         	goto	u2341
  7135   001000  EF04  F008         	goto	u2340
  7136   001004                     u2341:
  7137   001004  EFE1  F007         	goto	l3088
  7138   001008                     u2340:
  7139   001008  EF0C  F008         	goto	l3096
  7140   00100C                     l3094:
  7141   00100C  060B               	decf	___xxtofl@exp^0,f,c
  7142   00100E  90D8               	bcf	status,0,c
  7143   001010  360C               	rlcf	___xxtofl@arg^0,f,c
  7144   001012  360D               	rlcf	(___xxtofl@arg+1)^0,f,c
  7145   001014  360E               	rlcf	(___xxtofl@arg+2)^0,f,c
  7146   001016  360F               	rlcf	(___xxtofl@arg+3)^0,f,c
  7147   001018                     l3096:
  7148   001018  BE0E               	btfsc	(___xxtofl@arg+2)^0,7,c
  7149   00101A  EF11  F008         	goto	u2351
  7150   00101E  EF13  F008         	goto	u2350
  7151   001022                     u2351:
  7152   001022  EF1B  F008         	goto	l1366
  7153   001026                     u2350:
  7154   001026  0E02               	movlw	2
  7155   001028  600B               	cpfslt	___xxtofl@exp^0,c
  7156   00102A  EF19  F008         	goto	u2361
  7157   00102E  EF1B  F008         	goto	u2360
  7158   001032                     u2361:
  7159   001032  EF06  F008         	goto	l3094
  7160   001036                     u2360:
  7161   001036                     l1366:
  7162   001036  B00B               	btfsc	___xxtofl@exp^0,0,c
  7163   001038  EF20  F008         	goto	u2371
  7164   00103C  EF22  F008         	goto	u2370
  7165   001040                     u2371:
  7166   001040  EF23  F008         	goto	l3102
  7167   001044                     u2370:
  7168   001044  9E0E               	bcf	(___xxtofl@arg+2)^0,7,c
  7169   001046                     l3102:
  7170   001046  90D8               	bcf	status,0,c
  7171   001048  320B               	rrcf	___xxtofl@exp^0,f,c
  7172   00104A  C00B  F006         	movff	___xxtofl@exp,??___xxtofl
  7173   00104E  6A07               	clrf	(??___xxtofl+1)^0,c
  7174   001050  6A08               	clrf	(??___xxtofl+2)^0,c
  7175   001052  6A09               	clrf	(??___xxtofl+3)^0,c
  7176   001054  C006  F009         	movff	??___xxtofl,??___xxtofl+3
  7177   001058  6A08               	clrf	(??___xxtofl+2)^0,c
  7178   00105A  6A07               	clrf	(??___xxtofl+1)^0,c
  7179   00105C  6A06               	clrf	??___xxtofl^0,c
  7180   00105E  5006               	movf	??___xxtofl^0,w,c
  7181   001060  120C               	iorwf	___xxtofl@arg^0,f,c
  7182   001062  5007               	movf	(??___xxtofl+1)^0,w,c
  7183   001064  120D               	iorwf	(___xxtofl@arg+1)^0,f,c
  7184   001066  5008               	movf	(??___xxtofl+2)^0,w,c
  7185   001068  120E               	iorwf	(___xxtofl@arg+2)^0,f,c
  7186   00106A  5009               	movf	(??___xxtofl+3)^0,w,c
  7187   00106C  120F               	iorwf	(___xxtofl@arg+3)^0,f,c
  7188   00106E  500A               	movf	___xxtofl@sign^0,w,c
  7189   001070  B4D8               	btfsc	status,2,c
  7190   001072  EF3D  F008         	goto	u2381
  7191   001076  EF3F  F008         	goto	u2380
  7192   00107A                     u2381:
  7193   00107A  EF47  F008         	goto	l3112
  7194   00107E                     u2380:
  7195   00107E  BE05               	btfsc	(___xxtofl@val+3)^0,7,c
  7196   001080  EF46  F008         	goto	u2390
  7197   001084  EF44  F008         	goto	u2391
  7198   001088                     u2391:
  7199   001088  EF47  F008         	goto	l3112
  7200   00108C                     u2390:
  7201   00108C  8E0F               	bsf	(___xxtofl@arg+3)^0,7,c
  7202   00108E                     l3112:
  7203   00108E  C00C  F002         	movff	___xxtofl@arg,?___xxtofl
  7204   001092  C00D  F003         	movff	___xxtofl@arg+1,?___xxtofl+1
  7205   001096  C00E  F004         	movff	___xxtofl@arg+2,?___xxtofl+2
  7206   00109A  C00F  F005         	movff	___xxtofl@arg+3,?___xxtofl+3
  7207   00109E                     l1355:
  7208   00109E  0012               	return		;funcret
  7209   0010A0                     __end_of___xxtofl:
  7210                           	callstack 0
  7211                           
  7212 ;; *************** function ___fltol *****************
  7213 ;; Defined at:
  7214 ;;		line 43 in file "C:\Program Files\Microchip\xc8\v3.10\pic\sources\c99\common\fltol.c"
  7215 ;; Parameters:    Size  Location     Type
  7216 ;;  f1              4   39[COMRAM] unsigned char 
  7217 ;; Auto vars:     Size  Location     Type
  7218 ;;  exp1            1   48[COMRAM] unsigned char 
  7219 ;;  sign1           1   47[COMRAM] unsigned char 
  7220 ;; Return value:  Size  Location     Type
  7221 ;;                  4   39[COMRAM] long 
  7222 ;; Registers used:
  7223 ;;		wreg, status,2, status,0
  7224 ;; Tracked objects:
  7225 ;;		On entry : 0/0
  7226 ;;		On exit  : 0/0
  7227 ;;		Unchanged: 0/0
  7228 ;; Data sizes:     COMRAM   BANK0   BANK1   BANK2   BANK3   BANK4   BANK5
  7229 ;;      Params:         4       0       0       0       0       0       0
  7230 ;;      Locals:         2       0       0       0       0       0       0
  7231 ;;      Temps:          4       0       0       0       0       0       0
  7232 ;;      Totals:        10       0       0       0       0       0       0
  7233 ;;Total ram usage:       10 bytes
  7234 ;; Hardware stack levels used: 1
  7235 ;; Hardware stack levels required when called: 1
  7236 ;; This function calls:
  7237 ;;		Nothing
  7238 ;; This function is called by:
  7239 ;;		_read_speed_adc
  7240 ;; This function uses a non-reentrant model
  7241 ;;
  7242                           
  7243                           	psect	text9
  7244   0011AC                     __ptext9:
  7245                           	callstack 0
  7246   0011AC                     ___fltol:
  7247                           	callstack 27
  7248   0011AC  342B               	rlcf	(___fltol@f1+2)^0,w,c
  7249   0011AE  342C               	rlcf	(___fltol@f1+3)^0,w,c
  7250   0011B0  6E32               	movwf	___fltol@exp1^0,c
  7251   0011B2  5032               	movf	___fltol@exp1^0,w,c
  7252   0011B4  A4D8               	btfss	status,2,c
  7253   0011B6  EFDF  F008         	goto	u2231
  7254   0011BA  EFE1  F008         	goto	u2230
  7255   0011BE                     u2231:
  7256   0011BE  EFEB  F008         	goto	l3032
  7257   0011C2                     u2230:
  7258   0011C2                     l3028:
  7259   0011C2  0E00               	movlw	0
  7260   0011C4  6E29               	movwf	?___fltol^0,c
  7261   0011C6  0E00               	movlw	0
  7262   0011C8  6E2A               	movwf	(?___fltol+1)^0,c
  7263   0011CA  0E00               	movlw	0
  7264   0011CC  6E2B               	movwf	(?___fltol+2)^0,c
  7265   0011CE  0E00               	movlw	0
  7266   0011D0  6E2C               	movwf	(?___fltol+3)^0,c
  7267   0011D2  EF58  F009         	goto	l994
  7268   0011D6                     l3032:
  7269   0011D6  C029  F02D         	movff	___fltol@f1,??___fltol
  7270   0011DA  C02A  F02E         	movff	___fltol@f1+1,??___fltol+1
  7271   0011DE  C02B  F02F         	movff	___fltol@f1+2,??___fltol+2
  7272   0011E2  C02C  F030         	movff	___fltol@f1+3,??___fltol+3
  7273   0011E6  0E20               	movlw	32
  7274   0011E8  EFFB  F008         	goto	u2240
  7275   0011EC                     u2245:
  7276   0011EC  90D8               	bcf	status,0,c
  7277   0011EE  3230               	rrcf	(??___fltol+3)^0,f,c
  7278   0011F0  322F               	rrcf	(??___fltol+2)^0,f,c
  7279   0011F2  322E               	rrcf	(??___fltol+1)^0,f,c
  7280   0011F4  322D               	rrcf	??___fltol^0,f,c
  7281   0011F6                     u2240:
  7282   0011F6  2EE8               	decfsz	wreg,f,c
  7283   0011F8  EFF6  F008         	goto	u2245
  7284   0011FC  502D               	movf	??___fltol^0,w,c
  7285   0011FE  6E31               	movwf	___fltol@sign1^0,c
  7286   001200  8E2B               	bsf	(___fltol@f1+2)^0,7,c
  7287   001202  0EFF               	movlw	255
  7288   001204  1629               	andwf	___fltol@f1^0,f,c
  7289   001206  0EFF               	movlw	255
  7290   001208  162A               	andwf	(___fltol@f1+1)^0,f,c
  7291   00120A  0EFF               	movlw	255
  7292   00120C  162B               	andwf	(___fltol@f1+2)^0,f,c
  7293   00120E  0E00               	movlw	0
  7294   001210  162C               	andwf	(___fltol@f1+3)^0,f,c
  7295   001212  0E96               	movlw	150
  7296   001214  5E32               	subwf	___fltol@exp1^0,f,c
  7297   001216  BE32               	btfsc	___fltol@exp1^0,7,c
  7298   001218  EF12  F009         	goto	u2250
  7299   00121C  EF10  F009         	goto	u2251
  7300   001220                     u2251:
  7301   001220  EF28  F009         	goto	l3052
  7302   001224                     u2250:
  7303   001224  5032               	movf	___fltol@exp1^0,w,c
  7304   001226  0A80               	xorlw	128
  7305   001228  0F97               	addlw	151
  7306   00122A  B0D8               	btfsc	status,0,c
  7307   00122C  EF1A  F009         	goto	u2261
  7308   001230  EF1C  F009         	goto	u2260
  7309   001234                     u2261:
  7310   001234  EF1E  F009         	goto	l3048
  7311   001238                     u2260:
  7312   001238  EFE1  F008         	goto	l3028
  7313   00123C                     l3048:
  7314   00123C  90D8               	bcf	status,0,c
  7315   00123E  322C               	rrcf	(___fltol@f1+3)^0,f,c
  7316   001240  322B               	rrcf	(___fltol@f1+2)^0,f,c
  7317   001242  322A               	rrcf	(___fltol@f1+1)^0,f,c
  7318   001244  3229               	rrcf	___fltol@f1^0,f,c
  7319   001246  3E32               	incfsz	___fltol@exp1^0,f,c
  7320   001248  EF1E  F009         	goto	l3048
  7321   00124C  EF40  F009         	goto	l3062
  7322   001250                     l3052:
  7323   001250  0E1F               	movlw	31
  7324   001252  6432               	cpfsgt	___fltol@exp1^0,c
  7325   001254  EF2E  F009         	goto	u2271
  7326   001258  EF30  F009         	goto	u2270
  7327   00125C                     u2271:
  7328   00125C  EF38  F009         	goto	l3060
  7329   001260                     u2270:
  7330   001260  EFE1  F008         	goto	l3028
  7331   001264                     l3058:
  7332   001264  90D8               	bcf	status,0,c
  7333   001266  3629               	rlcf	___fltol@f1^0,f,c
  7334   001268  362A               	rlcf	(___fltol@f1+1)^0,f,c
  7335   00126A  362B               	rlcf	(___fltol@f1+2)^0,f,c
  7336   00126C  362C               	rlcf	(___fltol@f1+3)^0,f,c
  7337   00126E  0632               	decf	___fltol@exp1^0,f,c
  7338   001270                     l3060:
  7339   001270  5032               	movf	___fltol@exp1^0,w,c
  7340   001272  A4D8               	btfss	status,2,c
  7341   001274  EF3E  F009         	goto	u2281
  7342   001278  EF40  F009         	goto	u2280
  7343   00127C                     u2281:
  7344   00127C  EF32  F009         	goto	l3058
  7345   001280                     u2280:
  7346   001280                     l3062:
  7347   001280  5031               	movf	___fltol@sign1^0,w,c
  7348   001282  B4D8               	btfsc	status,2,c
  7349   001284  EF46  F009         	goto	u2291
  7350   001288  EF48  F009         	goto	u2290
  7351   00128C                     u2291:
  7352   00128C  EF50  F009         	goto	l3066
  7353   001290                     u2290:
  7354   001290  1E2C               	comf	(___fltol@f1+3)^0,f,c
  7355   001292  1E2B               	comf	(___fltol@f1+2)^0,f,c
  7356   001294  1E2A               	comf	(___fltol@f1+1)^0,f,c
  7357   001296  6C29               	negf	___fltol@f1^0,c
  7358   001298  0E00               	movlw	0
  7359   00129A  222A               	addwfc	(___fltol@f1+1)^0,f,c
  7360   00129C  222B               	addwfc	(___fltol@f1+2)^0,f,c
  7361   00129E  222C               	addwfc	(___fltol@f1+3)^0,f,c
  7362   0012A0                     l3066:
  7363   0012A0  C029  F029         	movff	___fltol@f1,?___fltol
  7364   0012A4  C02A  F02A         	movff	___fltol@f1+1,?___fltol+1
  7365   0012A8  C02B  F02B         	movff	___fltol@f1+2,?___fltol+2
  7366   0012AC  C02C  F02C         	movff	___fltol@f1+3,?___fltol+3
  7367   0012B0                     l994:
  7368   0012B0  0012               	return		;funcret
  7369   0012B2                     __end_of___fltol:
  7370                           	callstack 0
  7371                           
  7372 ;; *************** function ___fldiv *****************
  7373 ;; Defined at:
  7374 ;;		line 11 in file "C:\Program Files\Microchip\xc8\v3.10\pic\sources\c99\common\sprcdiv.c"
  7375 ;; Parameters:    Size  Location     Type
  7376 ;;  b               4   14[COMRAM] long 
  7377 ;;  a               4   18[COMRAM] long 
  7378 ;; Auto vars:     Size  Location     Type
  7379 ;;  grs             4   33[COMRAM] unsigned long 
  7380 ;;  rem             4   26[COMRAM] unsigned long 
  7381 ;;  new_exp         2   31[COMRAM] short 
  7382 ;;  aexp            1   38[COMRAM] unsigned char 
  7383 ;;  bexp            1   37[COMRAM] unsigned char 
  7384 ;;  sign            1   30[COMRAM] unsigned char 
  7385 ;; Return value:  Size  Location     Type
  7386 ;;                  4   14[COMRAM] unsigned char 
  7387 ;; Registers used:
  7388 ;;		wreg, status,2, status,0
  7389 ;; Tracked objects:
  7390 ;;		On entry : 0/0
  7391 ;;		On exit  : 0/0
  7392 ;;		Unchanged: 0/0
  7393 ;; Data sizes:     COMRAM   BANK0   BANK1   BANK2   BANK3   BANK4   BANK5
  7394 ;;      Params:         8       0       0       0       0       0       0
  7395 ;;      Locals:        13       0       0       0       0       0       0
  7396 ;;      Temps:          4       0       0       0       0       0       0
  7397 ;;      Totals:        25       0       0       0       0       0       0
  7398 ;;Total ram usage:       25 bytes
  7399 ;; Hardware stack levels used: 1
  7400 ;; Hardware stack levels required when called: 1
  7401 ;; This function calls:
  7402 ;;		Nothing
  7403 ;; This function is called by:
  7404 ;;		_read_speed_adc
  7405 ;; This function uses a non-reentrant model
  7406 ;;
  7407                           
  7408                           	psect	text10
  7409   00045A                     __ptext10:
  7410                           	callstack 0
  7411   00045A                     ___fldiv:
  7412                           	callstack 27
  7413   00045A  5013               	movf	(___fldiv@b+3)^0,w,c
  7414   00045C  0B80               	andlw	128
  7415   00045E  6E20               	movwf	___fldiv@sign^0,c
  7416   000460  5013               	movf	(___fldiv@b+3)^0,w,c
  7417   000462  2413               	addwf	(___fldiv@b+3)^0,w,c
  7418   000464  6E27               	movwf	___fldiv@bexp^0,c
  7419   000466  AE12               	btfss	(___fldiv@b+2)^0,7,c
  7420   000468  EF38  F002         	goto	u2001
  7421   00046C  EF3A  F002         	goto	u2000
  7422   000470                     u2001:
  7423   000470  EF3B  F002         	goto	l2896
  7424   000474                     u2000:
  7425   000474  8027               	bsf	___fldiv@bexp^0,0,c
  7426   000476                     l2896:
  7427   000476  5027               	movf	___fldiv@bexp^0,w,c
  7428   000478  B4D8               	btfsc	status,2,c
  7429   00047A  EF41  F002         	goto	u2011
  7430   00047E  EF43  F002         	goto	u2010
  7431   000482                     u2011:
  7432   000482  EF57  F002         	goto	l2906
  7433   000486                     u2010:
  7434   000486  2827               	incf	___fldiv@bexp^0,w,c
  7435   000488  A4D8               	btfss	status,2,c
  7436   00048A  EF49  F002         	goto	u2021
  7437   00048E  EF4B  F002         	goto	u2020
  7438   000492                     u2021:
  7439   000492  EF53  F002         	goto	l2902
  7440   000496                     u2020:
  7441   000496  0E00               	movlw	0
  7442   000498  6E10               	movwf	___fldiv@b^0,c
  7443   00049A  0E00               	movlw	0
  7444   00049C  6E11               	movwf	(___fldiv@b+1)^0,c
  7445   00049E  0E00               	movlw	0
  7446   0004A0  6E12               	movwf	(___fldiv@b+2)^0,c
  7447   0004A2  0E00               	movlw	0
  7448   0004A4  6E13               	movwf	(___fldiv@b+3)^0,c
  7449   0004A6                     l2902:
  7450   0004A6  8E12               	bsf	(___fldiv@b+2)^0,7,c
  7451   0004A8  6A13               	clrf	(___fldiv@b+3)^0,c
  7452   0004AA  EF5F  F002         	goto	l2908
  7453   0004AE                     l2906:
  7454   0004AE  0E00               	movlw	0
  7455   0004B0  6E10               	movwf	___fldiv@b^0,c
  7456   0004B2  0E00               	movlw	0
  7457   0004B4  6E11               	movwf	(___fldiv@b+1)^0,c
  7458   0004B6  0E00               	movlw	0
  7459   0004B8  6E12               	movwf	(___fldiv@b+2)^0,c
  7460   0004BA  0E00               	movlw	0
  7461   0004BC  6E13               	movwf	(___fldiv@b+3)^0,c
  7462   0004BE                     l2908:
  7463   0004BE  5017               	movf	(___fldiv@a+3)^0,w,c
  7464   0004C0  0B80               	andlw	128
  7465   0004C2  1A20               	xorwf	___fldiv@sign^0,f,c
  7466   0004C4  5017               	movf	(___fldiv@a+3)^0,w,c
  7467   0004C6  2417               	addwf	(___fldiv@a+3)^0,w,c
  7468   0004C8  6E28               	movwf	___fldiv@aexp^0,c
  7469   0004CA  AE16               	btfss	(___fldiv@a+2)^0,7,c
  7470   0004CC  EF6A  F002         	goto	u2031
  7471   0004D0  EF6C  F002         	goto	u2030
  7472   0004D4                     u2031:
  7473   0004D4  EF6D  F002         	goto	l2916
  7474   0004D8                     u2030:
  7475   0004D8  8028               	bsf	___fldiv@aexp^0,0,c
  7476   0004DA                     l2916:
  7477   0004DA  5028               	movf	___fldiv@aexp^0,w,c
  7478   0004DC  B4D8               	btfsc	status,2,c
  7479   0004DE  EF73  F002         	goto	u2041
  7480   0004E2  EF75  F002         	goto	u2040
  7481   0004E6                     u2041:
  7482   0004E6  EF89  F002         	goto	l2926
  7483   0004EA                     u2040:
  7484   0004EA  2828               	incf	___fldiv@aexp^0,w,c
  7485   0004EC  A4D8               	btfss	status,2,c
  7486   0004EE  EF7B  F002         	goto	u2051
  7487   0004F2  EF7D  F002         	goto	u2050
  7488   0004F6                     u2051:
  7489   0004F6  EF85  F002         	goto	l2922
  7490   0004FA                     u2050:
  7491   0004FA  0E00               	movlw	0
  7492   0004FC  6E14               	movwf	___fldiv@a^0,c
  7493   0004FE  0E00               	movlw	0
  7494   000500  6E15               	movwf	(___fldiv@a+1)^0,c
  7495   000502  0E00               	movlw	0
  7496   000504  6E16               	movwf	(___fldiv@a+2)^0,c
  7497   000506  0E00               	movlw	0
  7498   000508  6E17               	movwf	(___fldiv@a+3)^0,c
  7499   00050A                     l2922:
  7500   00050A  8E16               	bsf	(___fldiv@a+2)^0,7,c
  7501   00050C  6A17               	clrf	(___fldiv@a+3)^0,c
  7502   00050E  EF91  F002         	goto	l2928
  7503   000512                     l2926:
  7504   000512  0E00               	movlw	0
  7505   000514  6E14               	movwf	___fldiv@a^0,c
  7506   000516  0E00               	movlw	0
  7507   000518  6E15               	movwf	(___fldiv@a+1)^0,c
  7508   00051A  0E00               	movlw	0
  7509   00051C  6E16               	movwf	(___fldiv@a+2)^0,c
  7510   00051E  0E00               	movlw	0
  7511   000520  6E17               	movwf	(___fldiv@a+3)^0,c
  7512   000522                     l2928:
  7513   000522  5014               	movf	___fldiv@a^0,w,c
  7514   000524  1015               	iorwf	(___fldiv@a+1)^0,w,c
  7515   000526  1016               	iorwf	(___fldiv@a+2)^0,w,c
  7516   000528  1017               	iorwf	(___fldiv@a+3)^0,w,c
  7517   00052A  A4D8               	btfss	status,2,c
  7518   00052C  EF9A  F002         	goto	u2061
  7519   000530  EF9C  F002         	goto	u2060
  7520   000534                     u2061:
  7521   000534  EFB4  F002         	goto	l2940
  7522   000538                     u2060:
  7523   000538  0E00               	movlw	0
  7524   00053A  6E10               	movwf	___fldiv@b^0,c
  7525   00053C  0E00               	movlw	0
  7526   00053E  6E11               	movwf	(___fldiv@b+1)^0,c
  7527   000540  0E00               	movlw	0
  7528   000542  6E12               	movwf	(___fldiv@b+2)^0,c
  7529   000544  0E00               	movlw	0
  7530   000546  6E13               	movwf	(___fldiv@b+3)^0,c
  7531   000548  0E80               	movlw	128
  7532   00054A  1212               	iorwf	(___fldiv@b+2)^0,f,c
  7533   00054C  0E7F               	movlw	127
  7534   00054E  1213               	iorwf	(___fldiv@b+3)^0,f,c
  7535   000550                     l2934:
  7536   000550  5020               	movf	___fldiv@sign^0,w,c
  7537   000552  1213               	iorwf	(___fldiv@b+3)^0,f,c
  7538   000554  C010  F010         	movff	___fldiv@b,?___fldiv
  7539   000558  C011  F011         	movff	___fldiv@b+1,?___fldiv+1
  7540   00055C  C012  F012         	movff	___fldiv@b+2,?___fldiv+2
  7541   000560  C013  F013         	movff	___fldiv@b+3,?___fldiv+3
  7542   000564  EFF3  F003         	goto	l1279
  7543   000568                     l2940:
  7544   000568  5027               	movf	___fldiv@bexp^0,w,c
  7545   00056A  A4D8               	btfss	status,2,c
  7546   00056C  EFBA  F002         	goto	u2071
  7547   000570  EFBC  F002         	goto	u2070
  7548   000574                     u2071:
  7549   000574  EFC6  F002         	goto	l2948
  7550   000578                     u2070:
  7551   000578  0E00               	movlw	0
  7552   00057A  6E10               	movwf	?___fldiv^0,c
  7553   00057C  0E00               	movlw	0
  7554   00057E  6E11               	movwf	(?___fldiv+1)^0,c
  7555   000580  0E00               	movlw	0
  7556   000582  6E12               	movwf	(?___fldiv+2)^0,c
  7557   000584  0E00               	movlw	0
  7558   000586  6E13               	movwf	(?___fldiv+3)^0,c
  7559   000588  EFF3  F003         	goto	l1279
  7560   00058C                     l2948:
  7561   00058C  5028               	movf	___fldiv@aexp^0,w,c
  7562   00058E  C027  F018         	movff	___fldiv@bexp,??___fldiv
  7563   000592  6A19               	clrf	(??___fldiv+1)^0,c
  7564   000594  5E18               	subwf	??___fldiv^0,f,c
  7565   000596  0E00               	movlw	0
  7566   000598  5A19               	subwfb	(??___fldiv+1)^0,f,c
  7567   00059A  0E7F               	movlw	127
  7568   00059C  2418               	addwf	??___fldiv^0,w,c
  7569   00059E  6E21               	movwf	___fldiv@new_exp^0,c
  7570   0005A0  0E00               	movlw	0
  7571   0005A2  2019               	addwfc	(??___fldiv+1)^0,w,c
  7572   0005A4  6E22               	movwf	(___fldiv@new_exp+1)^0,c
  7573   0005A6  C010  F01C         	movff	___fldiv@b,___fldiv@rem
  7574   0005AA  C011  F01D         	movff	___fldiv@b+1,___fldiv@rem+1
  7575   0005AE  C012  F01E         	movff	___fldiv@b+2,___fldiv@rem+2
  7576   0005B2  C013  F01F         	movff	___fldiv@b+3,___fldiv@rem+3
  7577   0005B6  0E00               	movlw	0
  7578   0005B8  6E10               	movwf	___fldiv@b^0,c
  7579   0005BA  0E00               	movlw	0
  7580   0005BC  6E11               	movwf	(___fldiv@b+1)^0,c
  7581   0005BE  0E00               	movlw	0
  7582   0005C0  6E12               	movwf	(___fldiv@b+2)^0,c
  7583   0005C2  0E00               	movlw	0
  7584   0005C4  6E13               	movwf	(___fldiv@b+3)^0,c
  7585   0005C6  0E00               	movlw	0
  7586   0005C8  6E23               	movwf	___fldiv@grs^0,c
  7587   0005CA  0E00               	movlw	0
  7588   0005CC  6E24               	movwf	(___fldiv@grs+1)^0,c
  7589   0005CE  0E00               	movlw	0
  7590   0005D0  6E25               	movwf	(___fldiv@grs+2)^0,c
  7591   0005D2  0E00               	movlw	0
  7592   0005D4  6E26               	movwf	(___fldiv@grs+3)^0,c
  7593   0005D6  6A28               	clrf	___fldiv@aexp^0,c
  7594   0005D8  EF26  F003         	goto	l1281
  7595   0005DC                     l2958:
  7596   0005DC  5028               	movf	___fldiv@aexp^0,w,c
  7597   0005DE  B4D8               	btfsc	status,2,c
  7598   0005E0  EFF4  F002         	goto	u2081
  7599   0005E4  EFF6  F002         	goto	u2080
  7600   0005E8                     u2081:
  7601   0005E8  EF0D  F003         	goto	l2966
  7602   0005EC                     u2080:
  7603   0005EC  90D8               	bcf	status,0,c
  7604   0005EE  361C               	rlcf	___fldiv@rem^0,f,c
  7605   0005F0  361D               	rlcf	(___fldiv@rem+1)^0,f,c
  7606   0005F2  361E               	rlcf	(___fldiv@rem+2)^0,f,c
  7607   0005F4  361F               	rlcf	(___fldiv@rem+3)^0,f,c
  7608   0005F6  90D8               	bcf	status,0,c
  7609   0005F8  3610               	rlcf	___fldiv@b^0,f,c
  7610   0005FA  3611               	rlcf	(___fldiv@b+1)^0,f,c
  7611   0005FC  3612               	rlcf	(___fldiv@b+2)^0,f,c
  7612   0005FE  3613               	rlcf	(___fldiv@b+3)^0,f,c
  7613   000600  AE26               	btfss	(___fldiv@grs+3)^0,7,c
  7614   000602  EF05  F003         	goto	u2091
  7615   000606  EF07  F003         	goto	u2090
  7616   00060A                     u2091:
  7617   00060A  EF08  F003         	goto	l1284
  7618   00060E                     u2090:
  7619   00060E  8010               	bsf	___fldiv@b^0,0,c
  7620   000610                     l1284:
  7621   000610  90D8               	bcf	status,0,c
  7622   000612  3623               	rlcf	___fldiv@grs^0,f,c
  7623   000614  3624               	rlcf	(___fldiv@grs+1)^0,f,c
  7624   000616  3625               	rlcf	(___fldiv@grs+2)^0,f,c
  7625   000618  3626               	rlcf	(___fldiv@grs+3)^0,f,c
  7626   00061A                     l2966:
  7627   00061A  5014               	movf	___fldiv@a^0,w,c
  7628   00061C  5C1C               	subwf	___fldiv@rem^0,w,c
  7629   00061E  5015               	movf	(___fldiv@a+1)^0,w,c
  7630   000620  581D               	subwfb	(___fldiv@rem+1)^0,w,c
  7631   000622  5016               	movf	(___fldiv@a+2)^0,w,c
  7632   000624  581E               	subwfb	(___fldiv@rem+2)^0,w,c
  7633   000626  5017               	movf	(___fldiv@a+3)^0,w,c
  7634   000628  581F               	subwfb	(___fldiv@rem+3)^0,w,c
  7635   00062A  A0D8               	btfss	status,0,c
  7636   00062C  EF1A  F003         	goto	u2101
  7637   000630  EF1C  F003         	goto	u2100
  7638   000634                     u2101:
  7639   000634  EF25  F003         	goto	l2972
  7640   000638                     u2100:
  7641   000638  8C26               	bsf	(___fldiv@grs+3)^0,6,c
  7642   00063A  5014               	movf	___fldiv@a^0,w,c
  7643   00063C  5E1C               	subwf	___fldiv@rem^0,f,c
  7644   00063E  5015               	movf	(___fldiv@a+1)^0,w,c
  7645   000640  5A1D               	subwfb	(___fldiv@rem+1)^0,f,c
  7646   000642  5016               	movf	(___fldiv@a+2)^0,w,c
  7647   000644  5A1E               	subwfb	(___fldiv@rem+2)^0,f,c
  7648   000646  5017               	movf	(___fldiv@a+3)^0,w,c
  7649   000648  5A1F               	subwfb	(___fldiv@rem+3)^0,f,c
  7650   00064A                     l2972:
  7651   00064A  2A28               	incf	___fldiv@aexp^0,f,c
  7652   00064C                     l1281:
  7653   00064C  0E19               	movlw	25
  7654   00064E  6428               	cpfsgt	___fldiv@aexp^0,c
  7655   000650  EF2C  F003         	goto	u2111
  7656   000654  EF2E  F003         	goto	u2110
  7657   000658                     u2111:
  7658   000658  EFEE  F002         	goto	l2958
  7659   00065C                     u2110:
  7660   00065C  501C               	movf	___fldiv@rem^0,w,c
  7661   00065E  101D               	iorwf	(___fldiv@rem+1)^0,w,c
  7662   000660  101E               	iorwf	(___fldiv@rem+2)^0,w,c
  7663   000662  101F               	iorwf	(___fldiv@rem+3)^0,w,c
  7664   000664  B4D8               	btfsc	status,2,c
  7665   000666  EF37  F003         	goto	u2121
  7666   00066A  EF39  F003         	goto	u2120
  7667   00066E                     u2121:
  7668   00066E  EF51  F003         	goto	l2984
  7669   000672                     u2120:
  7670   000672  8023               	bsf	___fldiv@grs^0,0,c
  7671   000674  EF51  F003         	goto	l2984
  7672   000678                     l2978:
  7673   000678  90D8               	bcf	status,0,c
  7674   00067A  3610               	rlcf	___fldiv@b^0,f,c
  7675   00067C  3611               	rlcf	(___fldiv@b+1)^0,f,c
  7676   00067E  3612               	rlcf	(___fldiv@b+2)^0,f,c
  7677   000680  3613               	rlcf	(___fldiv@b+3)^0,f,c
  7678   000682  AE26               	btfss	(___fldiv@grs+3)^0,7,c
  7679   000684  EF46  F003         	goto	u2131
  7680   000688  EF48  F003         	goto	u2130
  7681   00068C                     u2131:
  7682   00068C  EF49  F003         	goto	l1290
  7683   000690                     u2130:
  7684   000690  8010               	bsf	___fldiv@b^0,0,c
  7685   000692                     l1290:
  7686   000692  90D8               	bcf	status,0,c
  7687   000694  3623               	rlcf	___fldiv@grs^0,f,c
  7688   000696  3624               	rlcf	(___fldiv@grs+1)^0,f,c
  7689   000698  3625               	rlcf	(___fldiv@grs+2)^0,f,c
  7690   00069A  3626               	rlcf	(___fldiv@grs+3)^0,f,c
  7691   00069C  0621               	decf	___fldiv@new_exp^0,f,c
  7692   00069E  A0D8               	btfss	status,0,c
  7693   0006A0  0622               	decf	(___fldiv@new_exp+1)^0,f,c
  7694   0006A2                     l2984:
  7695   0006A2  AE12               	btfss	(___fldiv@b+2)^0,7,c
  7696   0006A4  EF56  F003         	goto	u2141
  7697   0006A8  EF58  F003         	goto	u2140
  7698   0006AC                     u2141:
  7699   0006AC  EF3C  F003         	goto	l2978
  7700   0006B0                     u2140:
  7701   0006B0  6A28               	clrf	___fldiv@aexp^0,c
  7702   0006B2  AE26               	btfss	(___fldiv@grs+3)^0,7,c
  7703   0006B4  EF5E  F003         	goto	u2151
  7704   0006B8  EF60  F003         	goto	u2150
  7705   0006BC                     u2151:
  7706   0006BC  EF84  F003         	goto	l1292
  7707   0006C0                     u2150:
  7708   0006C0  0EFF               	movlw	255
  7709   0006C2  1423               	andwf	___fldiv@grs^0,w,c
  7710   0006C4  6E18               	movwf	??___fldiv^0,c
  7711   0006C6  0EFF               	movlw	255
  7712   0006C8  1424               	andwf	(___fldiv@grs+1)^0,w,c
  7713   0006CA  6E19               	movwf	(??___fldiv+1)^0,c
  7714   0006CC  0EFF               	movlw	255
  7715   0006CE  1425               	andwf	(___fldiv@grs+2)^0,w,c
  7716   0006D0  6E1A               	movwf	(??___fldiv+2)^0,c
  7717   0006D2  0E7F               	movlw	127
  7718   0006D4  1426               	andwf	(___fldiv@grs+3)^0,w,c
  7719   0006D6  6E1B               	movwf	(??___fldiv+3)^0,c
  7720   0006D8  5018               	movf	??___fldiv^0,w,c
  7721   0006DA  1019               	iorwf	(??___fldiv+1)^0,w,c
  7722   0006DC  101A               	iorwf	(??___fldiv+2)^0,w,c
  7723   0006DE  101B               	iorwf	(??___fldiv+3)^0,w,c
  7724   0006E0  B4D8               	btfsc	status,2,c
  7725   0006E2  EF75  F003         	goto	u2161
  7726   0006E6  EF77  F003         	goto	u2160
  7727   0006EA                     u2161:
  7728   0006EA  EF7B  F003         	goto	l1293
  7729   0006EE                     u2160:
  7730   0006EE                     l2988:
  7731   0006EE  0E01               	movlw	1
  7732   0006F0  6E28               	movwf	___fldiv@aexp^0,c
  7733   0006F2  EF84  F003         	goto	l1292
  7734   0006F6                     l1293:
  7735   0006F6  A010               	btfss	___fldiv@b^0,0,c
  7736   0006F8  EF80  F003         	goto	u2171
  7737   0006FC  EF82  F003         	goto	u2170
  7738   000700                     u2171:
  7739   000700  EF84  F003         	goto	l1292
  7740   000704                     u2170:
  7741   000704  EF77  F003         	goto	l2988
  7742   000708                     l1292:
  7743   000708  5028               	movf	___fldiv@aexp^0,w,c
  7744   00070A  B4D8               	btfsc	status,2,c
  7745   00070C  EF8A  F003         	goto	u2181
  7746   000710  EF8C  F003         	goto	u2180
  7747   000714                     u2181:
  7748   000714  EFB0  F003         	goto	l3000
  7749   000718                     u2180:
  7750   000718  0E01               	movlw	1
  7751   00071A  2610               	addwf	___fldiv@b^0,f,c
  7752   00071C  0E00               	movlw	0
  7753   00071E  2211               	addwfc	(___fldiv@b+1)^0,f,c
  7754   000720  2212               	addwfc	(___fldiv@b+2)^0,f,c
  7755   000722  2213               	addwfc	(___fldiv@b+3)^0,f,c
  7756   000724  A013               	btfss	(___fldiv@b+3)^0,0,c
  7757   000726  EF97  F003         	goto	u2191
  7758   00072A  EF99  F003         	goto	u2190
  7759   00072E                     u2191:
  7760   00072E  EFB0  F003         	goto	l3000
  7761   000732                     u2190:
  7762   000732  C010  F018         	movff	___fldiv@b,??___fldiv
  7763   000736  C011  F019         	movff	___fldiv@b+1,??___fldiv+1
  7764   00073A  C012  F01A         	movff	___fldiv@b+2,??___fldiv+2
  7765   00073E  C013  F01B         	movff	___fldiv@b+3,??___fldiv+3
  7766   000742  341B               	rlcf	(??___fldiv+3)^0,w,c
  7767   000744  321B               	rrcf	(??___fldiv+3)^0,f,c
  7768   000746  321A               	rrcf	(??___fldiv+2)^0,f,c
  7769   000748  3219               	rrcf	(??___fldiv+1)^0,f,c
  7770   00074A  3218               	rrcf	??___fldiv^0,f,c
  7771   00074C  C018  F010         	movff	??___fldiv,___fldiv@b
  7772   000750  C019  F011         	movff	??___fldiv+1,___fldiv@b+1
  7773   000754  C01A  F012         	movff	??___fldiv+2,___fldiv@b+2
  7774   000758  C01B  F013         	movff	??___fldiv+3,___fldiv@b+3
  7775   00075C  4A21               	infsnz	___fldiv@new_exp^0,f,c
  7776   00075E  2A22               	incf	(___fldiv@new_exp+1)^0,f,c
  7777   000760                     l3000:
  7778   000760  BE22               	btfsc	(___fldiv@new_exp+1)^0,7,c
  7779   000762  EFBB  F003         	goto	u2201
  7780   000766  5022               	movf	(___fldiv@new_exp+1)^0,w,c
  7781   000768  E108               	bnz	u2200
  7782   00076A  2821               	incf	___fldiv@new_exp^0,w,c
  7783   00076C  A0D8               	btfss	status,0,c
  7784   00076E  EFBB  F003         	goto	u2201
  7785   000772  EFBD  F003         	goto	u2200
  7786   000776                     u2201:
  7787   000776  EFC8  F003         	goto	l3004
  7788   00077A                     u2200:
  7789   00077A  0E00               	movlw	0
  7790   00077C  6E22               	movwf	(___fldiv@new_exp+1)^0,c
  7791   00077E  6821               	setf	___fldiv@new_exp^0,c
  7792   000780  0E00               	movlw	0
  7793   000782  6E10               	movwf	___fldiv@b^0,c
  7794   000784  0E00               	movlw	0
  7795   000786  6E11               	movwf	(___fldiv@b+1)^0,c
  7796   000788  0E00               	movlw	0
  7797   00078A  6E12               	movwf	(___fldiv@b+2)^0,c
  7798   00078C  0E00               	movlw	0
  7799   00078E  6E13               	movwf	(___fldiv@b+3)^0,c
  7800   000790                     l3004:
  7801   000790  BE22               	btfsc	(___fldiv@new_exp+1)^0,7,c
  7802   000792  EFD5  F003         	goto	u2210
  7803   000796  5022               	movf	(___fldiv@new_exp+1)^0,w,c
  7804   000798  E106               	bnz	u2211
  7805   00079A  0421               	decf	___fldiv@new_exp^0,w,c
  7806   00079C  B0D8               	btfsc	status,0,c
  7807   00079E  EFD3  F003         	goto	u2211
  7808   0007A2  EFD5  F003         	goto	u2210
  7809   0007A6                     u2211:
  7810   0007A6  EFE1  F003         	goto	l3010
  7811   0007AA                     u2210:
  7812   0007AA  6A22               	clrf	(___fldiv@new_exp+1)^0,c
  7813   0007AC  0E00               	movlw	0
  7814   0007AE  6E21               	movwf	___fldiv@new_exp^0,c
  7815   0007B0  0E00               	movlw	0
  7816   0007B2  6E10               	movwf	___fldiv@b^0,c
  7817   0007B4  0E00               	movlw	0
  7818   0007B6  6E11               	movwf	(___fldiv@b+1)^0,c
  7819   0007B8  0E00               	movlw	0
  7820   0007BA  6E12               	movwf	(___fldiv@b+2)^0,c
  7821   0007BC  0E00               	movlw	0
  7822   0007BE  6E13               	movwf	(___fldiv@b+3)^0,c
  7823   0007C0  6A20               	clrf	___fldiv@sign^0,c
  7824   0007C2                     l3010:
  7825   0007C2  C021  F027         	movff	___fldiv@new_exp,___fldiv@bexp
  7826   0007C6  A027               	btfss	___fldiv@bexp^0,0,c
  7827   0007C8  EFE8  F003         	goto	u2221
  7828   0007CC  EFEA  F003         	goto	u2220
  7829   0007D0                     u2221:
  7830   0007D0  EFED  F003         	goto	l3016
  7831   0007D4                     u2220:
  7832   0007D4  8E12               	bsf	(___fldiv@b+2)^0,7,c
  7833   0007D6  EFEE  F003         	goto	l3018
  7834   0007DA                     l3016:
  7835   0007DA  9E12               	bcf	(___fldiv@b+2)^0,7,c
  7836   0007DC                     l3018:
  7837   0007DC  90D8               	bcf	status,0,c
  7838   0007DE  3027               	rrcf	___fldiv@bexp^0,w,c
  7839   0007E0  6E13               	movwf	(___fldiv@b+3)^0,c
  7840   0007E2  EFA8  F002         	goto	l2934
  7841   0007E6                     l1279:
  7842   0007E6  0012               	return		;funcret
  7843   0007E8                     __end_of___fldiv:
  7844                           	callstack 0
  7845                           
  7846 ;; *************** function _read_real_time_clock *****************
  7847 ;; Defined at:
  7848 ;;		line 39 in file "dashboard.c"
  7849 ;; Parameters:    Size  Location     Type
  7850 ;;		None
  7851 ;; Auto vars:     Size  Location     Type
  7852 ;;  raw_hr          1    6[COMRAM] unsigned char 
  7853 ;;  raw_min         1    5[COMRAM] unsigned char 
  7854 ;;  raw_sec         1    4[COMRAM] unsigned char 
  7855 ;; Return value:  Size  Location     Type
  7856 ;;                  1    wreg      void 
  7857 ;; Registers used:
  7858 ;;		wreg, status,2, status,0, prodl, prodh, cstack
  7859 ;; Tracked objects:
  7860 ;;		On entry : 0/0
  7861 ;;		On exit  : 0/0
  7862 ;;		Unchanged: 0/0
  7863 ;; Data sizes:     COMRAM   BANK0   BANK1   BANK2   BANK3   BANK4   BANK5
  7864 ;;      Params:         0       0       0       0       0       0       0
  7865 ;;      Locals:         3       0       0       0       0       0       0
  7866 ;;      Temps:          1       0       0       0       0       0       0
  7867 ;;      Totals:         4       0       0       0       0       0       0
  7868 ;;Total ram usage:        4 bytes
  7869 ;; Hardware stack levels used: 1
  7870 ;; Hardware stack levels required when called: 2
  7871 ;; This function calls:
  7872 ;;		_read_ds1307
  7873 ;; This function is called by:
  7874 ;;		_view_dashboard
  7875 ;; This function uses a non-reentrant model
  7876 ;;
  7877                           
  7878                           	psect	text11
  7879   001A5E                     __ptext11:
  7880                           	callstack 0
  7881   001A5E                     _read_real_time_clock:
  7882                           	callstack 27
  7883   001A5E                     
  7884                           ;dashboard.c: 54:     unsigned char raw_sec = read_ds1307(0x00);
  7885   001A5E  0E00               	movlw	0
  7886   001A60  EC89  F00E         	call	_read_ds1307
  7887   001A64  6E06               	movwf	read_real_time_clock@raw_sec^0,c
  7888                           
  7889                           ;dashboard.c: 55:     unsigned char raw_min = read_ds1307(0x01);
  7890   001A66  0E01               	movlw	1
  7891   001A68  EC89  F00E         	call	_read_ds1307
  7892   001A6C  6E07               	movwf	read_real_time_clock@raw_min^0,c
  7893                           
  7894                           ;dashboard.c: 56:     unsigned char raw_hr = read_ds1307(0x02);
  7895   001A6E  0E02               	movlw	2
  7896   001A70  EC89  F00E         	call	_read_ds1307
  7897   001A74  6E08               	movwf	read_real_time_clock@raw_hr^0,c
  7898   001A76                     
  7899                           ;dashboard.c: 59:     seconds = ( ( ( ( raw_sec >> 4 ) & 0x07 ) * 10 ) + ( raw_sec & 0x0
      +                          F) );
  7900   001A76  C006  F005         	movff	read_real_time_clock@raw_sec,??_read_real_time_clock
  7901   001A7A  0E0F               	movlw	15
  7902   001A7C  1605               	andwf	??_read_real_time_clock^0,f,c
  7903   001A7E  3806               	swapf	read_real_time_clock@raw_sec^0,w,c
  7904   001A80  0B0F               	andlw	15
  7905   001A82  0B07               	andlw	7
  7906   001A84  0D0A               	mullw	10
  7907   001A86  50F3               	movf	243,w,c
  7908   001A88  2405               	addwf	??_read_real_time_clock^0,w,c
  7909   001A8A  6E4A               	movwf	_seconds^0,c
  7910   001A8C                     
  7911                           ;dashboard.c: 60:     minutes = ( ( ( ( raw_min >> 4 ) & 0x0F ) * 10 ) + ( raw_min & 0x0
      +                          F) );
  7912   001A8C  C007  F005         	movff	read_real_time_clock@raw_min,??_read_real_time_clock
  7913   001A90  0E0F               	movlw	15
  7914   001A92  1605               	andwf	??_read_real_time_clock^0,f,c
  7915   001A94  3807               	swapf	read_real_time_clock@raw_min^0,w,c
  7916   001A96  0B0F               	andlw	15
  7917   001A98  0B0F               	andlw	15
  7918   001A9A  0D0A               	mullw	10
  7919   001A9C  50F3               	movf	243,w,c
  7920   001A9E  2405               	addwf	??_read_real_time_clock^0,w,c
  7921   001AA0  6E4B               	movwf	_minutes^0,c
  7922   001AA2                     
  7923                           ;dashboard.c: 61:     hours = ( ( ( ( raw_hr >> 4 ) & 0x01 ) * 10 ) + ( raw_hr & 0x0F) )
      +                          ;
  7924   001AA2  C008  F005         	movff	read_real_time_clock@raw_hr,??_read_real_time_clock
  7925   001AA6  0E0F               	movlw	15
  7926   001AA8  1605               	andwf	??_read_real_time_clock^0,f,c
  7927   001AAA  3808               	swapf	read_real_time_clock@raw_hr^0,w,c
  7928   001AAC  0B0F               	andlw	15
  7929   001AAE  0B01               	andlw	1
  7930   001AB0  0D0A               	mullw	10
  7931   001AB2  50F3               	movf	243,w,c
  7932   001AB4  2405               	addwf	??_read_real_time_clock^0,w,c
  7933   001AB6  6E4C               	movwf	_hours^0,c
  7934   001AB8  0012               	return		;funcret
  7935   001ABA                     __end_of_read_real_time_clock:
  7936                           	callstack 0
  7937                           
  7938 ;; *************** function _display_labels *****************
  7939 ;; Defined at:
  7940 ;;		line 16 in file "dashboard.c"
  7941 ;; Parameters:    Size  Location     Type
  7942 ;;		None
  7943 ;; Auto vars:     Size  Location     Type
  7944 ;;		None
  7945 ;; Return value:  Size  Location     Type
  7946 ;;                  1    wreg      void 
  7947 ;; Registers used:
  7948 ;;		wreg, fsr0l, fsr0h, status,2, status,0, tblptrl, tblptrh, tblptru, cstack
  7949 ;; Tracked objects:
  7950 ;;		On entry : 0/0
  7951 ;;		On exit  : 0/0
  7952 ;;		Unchanged: 0/0
  7953 ;; Data sizes:     COMRAM   BANK0   BANK1   BANK2   BANK3   BANK4   BANK5
  7954 ;;      Params:         0       0       0       0       0       0       0
  7955 ;;      Locals:         0       0       0       0       0       0       0
  7956 ;;      Temps:          0       0       0       0       0       0       0
  7957 ;;      Totals:         0       0       0       0       0       0       0
  7958 ;;Total ram usage:        0 bytes
  7959 ;; Hardware stack levels used: 1
  7960 ;; Hardware stack levels required when called: 2
  7961 ;; This function calls:
  7962 ;;		_clcd_print
  7963 ;; This function is called by:
  7964 ;;		_view_dashboard
  7965 ;; This function uses a non-reentrant model
  7966 ;;
  7967                           
  7968                           	psect	text12
  7969   001E56                     __ptext12:
  7970                           	callstack 0
  7971   001E56                     _display_labels:
  7972                           	callstack 27
  7973   001E56                     
  7974                           ;dashboard.c: 17:     clcd_print(line1,(0x80 + (0)));
  7975   001E56  0E9E               	movlw	low _line1
  7976   001E58  6E04               	movwf	clcd_print@data^0,c
  7977   001E5A  6A05               	clrf	(clcd_print@data+1)^0,c
  7978   001E5C  0E80               	movlw	128
  7979   001E5E  6E06               	movwf	clcd_print@addr^0,c
  7980   001E60  EC62  F00C         	call	_clcd_print	;wreg free
  7981   001E64  0012               	return		;funcret
  7982   001E66                     __end_of_display_labels:
  7983                           	callstack 0
  7984                           
  7985 ;; *************** function _set_time *****************
  7986 ;; Defined at:
  7987 ;;		line 167 in file "menu.c"
  7988 ;; Parameters:    Size  Location     Type
  7989 ;;		None
  7990 ;; Auto vars:     Size  Location     Type
  7991 ;;  bcd_sec         1   26[COMRAM] unsigned char 
  7992 ;;  bcd_min         1   25[COMRAM] unsigned char 
  7993 ;;  bcd_hr          1   24[COMRAM] unsigned char 
  7994 ;;  key             1   27[COMRAM] unsigned char 
  7995 ;;  delay           4   20[COMRAM] unsigned long 
  7996 ;;  field           1   32[COMRAM] unsigned char 
  7997 ;;  sec             1   31[COMRAM] unsigned char 
  7998 ;;  min             1   30[COMRAM] unsigned char 
  7999 ;;  hr              1   29[COMRAM] unsigned char 
  8000 ;;  blink_flag      1   28[COMRAM] unsigned char 
  8001 ;; Return value:  Size  Location     Type
  8002 ;;                  1    wreg      void 
  8003 ;; Registers used:
  8004 ;;		wreg, fsr0l, fsr0h, status,2, status,0, tblptrl, tblptrh, tblptru, cstack
  8005 ;; Tracked objects:
  8006 ;;		On entry : 0/0
  8007 ;;		On exit  : 0/0
  8008 ;;		Unchanged: 0/0
  8009 ;; Data sizes:     COMRAM   BANK0   BANK1   BANK2   BANK3   BANK4   BANK5
  8010 ;;      Params:         0       0       0       0       0       0       0
  8011 ;;      Locals:        13       0       0       0       0       0       0
  8012 ;;      Temps:          4       0       0       0       0       0       0
  8013 ;;      Totals:        17       0       0       0       0       0       0
  8014 ;;Total ram usage:       17 bytes
  8015 ;; Hardware stack levels used: 1
  8016 ;; Hardware stack levels required when called: 3
  8017 ;; This function calls:
  8018 ;;		___awdiv
  8019 ;;		___awmod
  8020 ;;		_clcd_print
  8021 ;;		_clcd_putch
  8022 ;;		_clcd_write
  8023 ;;		_read_switches
  8024 ;;		_write_ds1307
  8025 ;; This function is called by:
  8026 ;;		_main
  8027 ;; This function uses a non-reentrant model
  8028 ;;
  8029                           
  8030                           	psect	text13
  8031   000012                     __ptext13:
  8032                           	callstack 0
  8033   000012                     _set_time:
  8034                           	callstack 27
  8035   000012                     
  8036                           ;menu.c: 169:     clcd_write(0x01, 0);
  8037   000012  0E00               	movlw	0
  8038   000014  6E02               	movwf	clcd_write@control_bit^0,c
  8039   000016  0E01               	movlw	1
  8040   000018  EC6C  F00E         	call	_clcd_write
  8041   00001C                     
  8042                           ;menu.c: 171:     unsigned char hr = 0, min = 0, sec = 0;
  8043   00001C  6A1F               	clrf	set_time@hr^0,c
  8044   00001E  6A20               	clrf	set_time@min^0,c
  8045   000020  6A21               	clrf	set_time@sec^0,c
  8046   000022                     
  8047                           ;menu.c: 172:     unsigned char field = 1, blink_flag = 0;
  8048   000022  0E01               	movlw	1
  8049   000024  6E22               	movwf	set_time@field^0,c
  8050   000026  6A1E               	clrf	set_time@blink_flag^0,c
  8051   000028                     
  8052                           ;menu.c: 173:     unsigned long int delay = 0;
  8053   000028  0E00               	movlw	0
  8054   00002A  6E16               	movwf	set_time@delay^0,c
  8055   00002C  0E00               	movlw	0
  8056   00002E  6E17               	movwf	(set_time@delay+1)^0,c
  8057   000030  0E00               	movlw	0
  8058   000032  6E18               	movwf	(set_time@delay+2)^0,c
  8059   000034  0E00               	movlw	0
  8060   000036  6E19               	movwf	(set_time@delay+3)^0,c
  8061   000038                     
  8062                           ;menu.c: 175:     clcd_print((const unsigned char*)"HH:MM:SS",(0x80 + (3)));
  8063   000038  0EBE               	movlw	low STR_31
  8064   00003A  6E04               	movwf	clcd_print@data^0,c
  8065   00003C  0E2F               	movlw	high STR_31
  8066   00003E  6E05               	movwf	(clcd_print@data+1)^0,c
  8067   000040  0E83               	movlw	131
  8068   000042  6E06               	movwf	clcd_print@addr^0,c
  8069   000044  EC62  F00C         	call	_clcd_print	;wreg free
  8070   000048                     l3616:
  8071                           
  8072                           ;menu.c: 178:         unsigned char key = read_switches(1);
  8073   000048  0E01               	movlw	1
  8074   00004A  EC21  F00C         	call	_read_switches
  8075   00004E  6E1D               	movwf	set_time@key^0,c
  8076   000050                     
  8077                           ;menu.c: 180:         if ( key == 1 ) {
  8078   000050  041D               	decf	set_time@key^0,w,c
  8079   000052  A4D8               	btfss	status,2,c
  8080   000054  EF2E  F000         	goto	u2911
  8081   000058  EF30  F000         	goto	u2910
  8082   00005C                     u2911:
  8083   00005C  EF71  F000         	goto	l3644
  8084   000060                     u2910:
  8085   000060                     
  8086                           ;menu.c: 181:             if ( field == 1 ) {
  8087   000060  0422               	decf	set_time@field^0,w,c
  8088   000062  A4D8               	btfss	status,2,c
  8089   000064  EF36  F000         	goto	u2921
  8090   000068  EF38  F000         	goto	u2920
  8091   00006C                     u2921:
  8092   00006C  EF45  F000         	goto	l3628
  8093   000070                     u2920:
  8094   000070                     
  8095                           ;menu.c: 182:                 sec+=1;
  8096   000070  2A21               	incf	set_time@sec^0,f,c
  8097   000072                     
  8098                           ;menu.c: 183:                 if ( sec == 60 ) {
  8099   000072  0E3C               	movlw	60
  8100   000074  1821               	xorwf	set_time@sec^0,w,c
  8101   000076  A4D8               	btfss	status,2,c
  8102   000078  EF40  F000         	goto	u2931
  8103   00007C  EF42  F000         	goto	u2930
  8104   000080                     u2931:
  8105   000080  EF4C  F001         	goto	l3698
  8106   000084                     u2930:
  8107   000084                     
  8108                           ;menu.c: 184:                     sec = 0;
  8109   000084  6A21               	clrf	set_time@sec^0,c
  8110   000086  EF4C  F001         	goto	l3698
  8111   00008A                     l3628:
  8112   00008A  0E02               	movlw	2
  8113   00008C  1822               	xorwf	set_time@field^0,w,c
  8114   00008E  A4D8               	btfss	status,2,c
  8115   000090  EF4C  F000         	goto	u2941
  8116   000094  EF4E  F000         	goto	u2940
  8117   000098                     u2941:
  8118   000098  EF5B  F000         	goto	l3636
  8119   00009C                     u2940:
  8120   00009C                     
  8121                           ;menu.c: 187:                 min+=1;
  8122   00009C  2A20               	incf	set_time@min^0,f,c
  8123   00009E                     
  8124                           ;menu.c: 188:                 if ( min == 60 ) {
  8125   00009E  0E3C               	movlw	60
  8126   0000A0  1820               	xorwf	set_time@min^0,w,c
  8127   0000A2  A4D8               	btfss	status,2,c
  8128   0000A4  EF56  F000         	goto	u2951
  8129   0000A8  EF58  F000         	goto	u2950
  8130   0000AC                     u2951:
  8131   0000AC  EF4C  F001         	goto	l3698
  8132   0000B0                     u2950:
  8133   0000B0                     
  8134                           ;menu.c: 189:                     min = 0;
  8135   0000B0  6A20               	clrf	set_time@min^0,c
  8136   0000B2  EF4C  F001         	goto	l3698
  8137   0000B6                     l3636:
  8138   0000B6  0E03               	movlw	3
  8139   0000B8  1822               	xorwf	set_time@field^0,w,c
  8140   0000BA  A4D8               	btfss	status,2,c
  8141   0000BC  EF62  F000         	goto	u2961
  8142   0000C0  EF64  F000         	goto	u2960
  8143   0000C4                     u2961:
  8144   0000C4  EF4C  F001         	goto	l3698
  8145   0000C8                     u2960:
  8146   0000C8                     
  8147                           ;menu.c: 192:                 hr+=1;
  8148   0000C8  2A1F               	incf	set_time@hr^0,f,c
  8149   0000CA                     
  8150                           ;menu.c: 193:                 if ( hr == 24 ) {
  8151   0000CA  0E18               	movlw	24
  8152   0000CC  181F               	xorwf	set_time@hr^0,w,c
  8153   0000CE  A4D8               	btfss	status,2,c
  8154   0000D0  EF6C  F000         	goto	u2971
  8155   0000D4  EF6E  F000         	goto	u2970
  8156   0000D8                     u2971:
  8157   0000D8  EF4C  F001         	goto	l3698
  8158   0000DC                     u2970:
  8159   0000DC                     
  8160                           ;menu.c: 194:                     hr = 0;
  8161   0000DC  6A1F               	clrf	set_time@hr^0,c
  8162   0000DE  EF4C  F001         	goto	l3698
  8163   0000E2                     l3644:
  8164   0000E2  0E02               	movlw	2
  8165   0000E4  181D               	xorwf	set_time@key^0,w,c
  8166   0000E6  A4D8               	btfss	status,2,c
  8167   0000E8  EF78  F000         	goto	u2981
  8168   0000EC  EF7A  F000         	goto	u2980
  8169   0000F0                     u2981:
  8170   0000F0  EFBB  F000         	goto	l3670
  8171   0000F4                     u2980:
  8172   0000F4                     
  8173                           ;menu.c: 199:             if ( field == 1 ) {
  8174   0000F4  0422               	decf	set_time@field^0,w,c
  8175   0000F6  A4D8               	btfss	status,2,c
  8176   0000F8  EF80  F000         	goto	u2991
  8177   0000FC  EF82  F000         	goto	u2990
  8178   000100                     u2991:
  8179   000100  EF8F  F000         	goto	l3654
  8180   000104                     u2990:
  8181   000104                     
  8182                           ;menu.c: 200:                 sec-=1;
  8183   000104  0621               	decf	set_time@sec^0,f,c
  8184   000106                     
  8185                           ;menu.c: 201:                 if ( sec == 255 ) {
  8186   000106  2821               	incf	set_time@sec^0,w,c
  8187   000108  A4D8               	btfss	status,2,c
  8188   00010A  EF89  F000         	goto	u3001
  8189   00010E  EF8B  F000         	goto	u3000
  8190   000112                     u3001:
  8191   000112  EF4C  F001         	goto	l3698
  8192   000116                     u3000:
  8193   000116                     
  8194                           ;menu.c: 202:                     sec = 59;
  8195   000116  0E3B               	movlw	59
  8196   000118  6E21               	movwf	set_time@sec^0,c
  8197   00011A  EF4C  F001         	goto	l3698
  8198   00011E                     l3654:
  8199   00011E  0E02               	movlw	2
  8200   000120  1822               	xorwf	set_time@field^0,w,c
  8201   000122  A4D8               	btfss	status,2,c
  8202   000124  EF96  F000         	goto	u3011
  8203   000128  EF98  F000         	goto	u3010
  8204   00012C                     u3011:
  8205   00012C  EFA5  F000         	goto	l3662
  8206   000130                     u3010:
  8207   000130                     
  8208                           ;menu.c: 205:                 min-=1;
  8209   000130  0620               	decf	set_time@min^0,f,c
  8210   000132                     
  8211                           ;menu.c: 206:                 if ( min == 255 ) {
  8212   000132  2820               	incf	set_time@min^0,w,c
  8213   000134  A4D8               	btfss	status,2,c
  8214   000136  EF9F  F000         	goto	u3021
  8215   00013A  EFA1  F000         	goto	u3020
  8216   00013E                     u3021:
  8217   00013E  EF4C  F001         	goto	l3698
  8218   000142                     u3020:
  8219   000142                     
  8220                           ;menu.c: 207:                     min = 59;
  8221   000142  0E3B               	movlw	59
  8222   000144  6E20               	movwf	set_time@min^0,c
  8223   000146  EF4C  F001         	goto	l3698
  8224   00014A                     l3662:
  8225   00014A  0E03               	movlw	3
  8226   00014C  1822               	xorwf	set_time@field^0,w,c
  8227   00014E  A4D8               	btfss	status,2,c
  8228   000150  EFAC  F000         	goto	u3031
  8229   000154  EFAE  F000         	goto	u3030
  8230   000158                     u3031:
  8231   000158  EF4C  F001         	goto	l3698
  8232   00015C                     u3030:
  8233   00015C                     
  8234                           ;menu.c: 210:                 hr-=1;
  8235   00015C  061F               	decf	set_time@hr^0,f,c
  8236   00015E                     
  8237                           ;menu.c: 211:                 if ( hr == 255 ) {
  8238   00015E  281F               	incf	set_time@hr^0,w,c
  8239   000160  A4D8               	btfss	status,2,c
  8240   000162  EFB5  F000         	goto	u3041
  8241   000166  EFB7  F000         	goto	u3040
  8242   00016A                     u3041:
  8243   00016A  EF4C  F001         	goto	l3698
  8244   00016E                     u3040:
  8245   00016E                     
  8246                           ;menu.c: 212:                     hr = 23;
  8247   00016E  0E17               	movlw	23
  8248   000170  6E1F               	movwf	set_time@hr^0,c
  8249   000172  EF4C  F001         	goto	l3698
  8250   000176                     l3670:
  8251   000176  0E04               	movlw	4
  8252   000178  181D               	xorwf	set_time@key^0,w,c
  8253   00017A  A4D8               	btfss	status,2,c
  8254   00017C  EFC2  F000         	goto	u3051
  8255   000180  EFC4  F000         	goto	u3050
  8256   000184                     u3051:
  8257   000184  EFD2  F000         	goto	l3678
  8258   000188                     u3050:
  8259   000188                     
  8260                           ;menu.c: 217:             field+=1;
  8261   000188  2A22               	incf	set_time@field^0,f,c
  8262   00018A                     
  8263                           ;menu.c: 218:             if ( field == 4 ) field = 1;
  8264   00018A  0E04               	movlw	4
  8265   00018C  1822               	xorwf	set_time@field^0,w,c
  8266   00018E  A4D8               	btfss	status,2,c
  8267   000190  EFCC  F000         	goto	u3061
  8268   000194  EFCE  F000         	goto	u3060
  8269   000198                     u3061:
  8270   000198  EF4C  F001         	goto	l3698
  8271   00019C                     u3060:
  8272   00019C  0E01               	movlw	1
  8273   00019E  6E22               	movwf	set_time@field^0,c
  8274   0001A0  EF4C  F001         	goto	l3698
  8275   0001A4                     l3678:
  8276   0001A4  0E0B               	movlw	11
  8277   0001A6  181D               	xorwf	set_time@key^0,w,c
  8278   0001A8  A4D8               	btfss	status,2,c
  8279   0001AA  EFD9  F000         	goto	u3071
  8280   0001AE  EFDB  F000         	goto	u3070
  8281   0001B2                     u3071:
  8282   0001B2  EF4C  F001         	goto	l3698
  8283   0001B6                     u3070:
  8284   0001B6                     
  8285                           ;menu.c: 222:             clcd_write(0x01, 0);
  8286   0001B6  0E00               	movlw	0
  8287   0001B8  6E02               	movwf	clcd_write@control_bit^0,c
  8288   0001BA  0E01               	movlw	1
  8289   0001BC  EC6C  F00E         	call	_clcd_write
  8290   0001C0                     
  8291                           ;menu.c: 224:             unsigned char bcd_hr = ( ( hr / 10 ) << 4 ) | ( hr % 10 );
  8292   0001C0  C01F  F00A         	movff	set_time@hr,___awmod@dividend
  8293   0001C4  6A0B               	clrf	(___awmod@dividend+1)^0,c
  8294   0001C6  6A0D               	clrf	(___awmod@divisor+1)^0,c
  8295   0001C8  0E0A               	movlw	10
  8296   0001CA  6E0C               	movwf	___awmod@divisor^0,c
  8297   0001CC  ECE2  F00A         	call	___awmod	;wreg free
  8298   0001D0  C00A  F012         	movff	?___awmod,??_set_time
  8299   0001D4  C00B  F013         	movff	?___awmod+1,??_set_time+1
  8300   0001D8  C01F  F002         	movff	set_time@hr,___awdiv@dividend
  8301   0001DC  6A03               	clrf	(___awdiv@dividend+1)^0,c
  8302   0001DE  6A05               	clrf	(___awdiv@divisor+1)^0,c
  8303   0001E0  0E0A               	movlw	10
  8304   0001E2  6E04               	movwf	___awdiv@divisor^0,c
  8305   0001E4  ECC9  F009         	call	___awdiv	;wreg free
  8306   0001E8  3802               	swapf	?___awdiv^0,w,c
  8307   0001EA  0BF0               	andlw	240
  8308   0001EC  1012               	iorwf	??_set_time^0,w,c
  8309   0001EE  6E1A               	movwf	set_time@bcd_hr^0,c
  8310   0001F0                     
  8311                           ;menu.c: 225:             unsigned char bcd_min = ( ( min / 10 ) << 4 ) | ( min % 10 );
  8312   0001F0  C020  F00A         	movff	set_time@min,___awmod@dividend
  8313   0001F4  6A0B               	clrf	(___awmod@dividend+1)^0,c
  8314   0001F6  6A0D               	clrf	(___awmod@divisor+1)^0,c
  8315   0001F8  0E0A               	movlw	10
  8316   0001FA  6E0C               	movwf	___awmod@divisor^0,c
  8317   0001FC  ECE2  F00A         	call	___awmod	;wreg free
  8318   000200  C00A  F012         	movff	?___awmod,??_set_time
  8319   000204  C00B  F013         	movff	?___awmod+1,??_set_time+1
  8320   000208  C020  F002         	movff	set_time@min,___awdiv@dividend
  8321   00020C  6A03               	clrf	(___awdiv@dividend+1)^0,c
  8322   00020E  6A05               	clrf	(___awdiv@divisor+1)^0,c
  8323   000210  0E0A               	movlw	10
  8324   000212  6E04               	movwf	___awdiv@divisor^0,c
  8325   000214  ECC9  F009         	call	___awdiv	;wreg free
  8326   000218  3802               	swapf	?___awdiv^0,w,c
  8327   00021A  0BF0               	andlw	240
  8328   00021C  1012               	iorwf	??_set_time^0,w,c
  8329   00021E  6E1B               	movwf	set_time@bcd_min^0,c
  8330   000220                     
  8331                           ;menu.c: 226:             unsigned char bcd_sec = ( ( sec / 10 ) << 4 ) | ( sec % 10 );
  8332   000220  C021  F00A         	movff	set_time@sec,___awmod@dividend
  8333   000224  6A0B               	clrf	(___awmod@dividend+1)^0,c
  8334   000226  6A0D               	clrf	(___awmod@divisor+1)^0,c
  8335   000228  0E0A               	movlw	10
  8336   00022A  6E0C               	movwf	___awmod@divisor^0,c
  8337   00022C  ECE2  F00A         	call	___awmod	;wreg free
  8338   000230  C00A  F012         	movff	?___awmod,??_set_time
  8339   000234  C00B  F013         	movff	?___awmod+1,??_set_time+1
  8340   000238  C021  F002         	movff	set_time@sec,___awdiv@dividend
  8341   00023C  6A03               	clrf	(___awdiv@dividend+1)^0,c
  8342   00023E  6A05               	clrf	(___awdiv@divisor+1)^0,c
  8343   000240  0E0A               	movlw	10
  8344   000242  6E04               	movwf	___awdiv@divisor^0,c
  8345   000244  ECC9  F009         	call	___awdiv	;wreg free
  8346   000248  3802               	swapf	?___awdiv^0,w,c
  8347   00024A  0BF0               	andlw	240
  8348   00024C  1012               	iorwf	??_set_time^0,w,c
  8349   00024E  6E1C               	movwf	set_time@bcd_sec^0,c
  8350   000250                     
  8351                           ;menu.c: 228:            write_ds1307(0x02, bcd_hr);
  8352   000250  C01A  F003         	movff	set_time@bcd_hr,write_ds1307@data
  8353   000254  0E02               	movlw	2
  8354   000256  ECC3  F00E         	call	_write_ds1307
  8355   00025A                     
  8356                           ;menu.c: 229:            write_ds1307(0x01,bcd_min);
  8357   00025A  C01B  F003         	movff	set_time@bcd_min,write_ds1307@data
  8358   00025E  0E01               	movlw	1
  8359   000260  ECC3  F00E         	call	_write_ds1307
  8360   000264                     
  8361                           ;menu.c: 230:            write_ds1307(0x00,bcd_sec);
  8362   000264  C01C  F003         	movff	set_time@bcd_sec,write_ds1307@data
  8363   000268  0E00               	movlw	0
  8364   00026A  ECC3  F00E         	call	_write_ds1307
  8365   00026E                     
  8366                           ;menu.c: 232:            clcd_print((const unsigned char*)"TIME SAVED!", (0x80 + (3)));
  8367   00026E  0E71               	movlw	low STR_32
  8368   000270  6E04               	movwf	clcd_print@data^0,c
  8369   000272  0E2F               	movlw	high STR_32
  8370   000274  6E05               	movwf	(clcd_print@data+1)^0,c
  8371   000276  0E83               	movlw	131
  8372   000278  6E06               	movwf	clcd_print@addr^0,c
  8373   00027A  EC62  F00C         	call	_clcd_print	;wreg free
  8374   00027E                     
  8375                           ;menu.c: 233:            _delay((unsigned long)((2000)*(20000000/4000.0)));
  8376   00027E  0E33               	movlw	51
  8377   000280  6E13               	movwf	(??_set_time+1)^0,c
  8378   000282  0EBB               	movlw	187
  8379   000284  6E12               	movwf	??_set_time^0,c
  8380   000286  0EE0               	movlw	224
  8381   000288                     u3197:
  8382   000288  2EE8               	decfsz	wreg,f,c
  8383   00028A  D7FE               	bra	u3197
  8384   00028C  2E12               	decfsz	??_set_time^0,f,c
  8385   00028E  D7FC               	bra	u3197
  8386   000290  2E13               	decfsz	(??_set_time+1)^0,f,c
  8387   000292  D7FA               	bra	u3197
  8388                           
  8389                           ;menu.c: 234:            break;
  8390   000294  EF2A  F002         	goto	l3730
  8391   000298                     l3698:
  8392                           
  8393                           ;menu.c: 240:         if ( delay++ >= 500 ) {
  8394   000298  C016  F012         	movff	set_time@delay,??_set_time
  8395   00029C  C017  F013         	movff	set_time@delay+1,??_set_time+1
  8396   0002A0  C018  F014         	movff	set_time@delay+2,??_set_time+2
  8397   0002A4  C019  F015         	movff	set_time@delay+3,??_set_time+3
  8398   0002A8  2A16               	incf	set_time@delay^0,f,c
  8399   0002AA  0E00               	movlw	0
  8400   0002AC  2217               	addwfc	(set_time@delay+1)^0,f,c
  8401   0002AE  2218               	addwfc	(set_time@delay+2)^0,f,c
  8402   0002B0  2219               	addwfc	(set_time@delay+3)^0,f,c
  8403   0002B2  5015               	movf	(??_set_time+3)^0,w,c
  8404   0002B4  1014               	iorwf	(??_set_time+2)^0,w,c
  8405   0002B6  E10B               	bnz	u3080
  8406   0002B8  0EF4               	movlw	244
  8407   0002BA  5C12               	subwf	??_set_time^0,w,c
  8408   0002BC  0E01               	movlw	1
  8409   0002BE  5813               	subwfb	(??_set_time+1)^0,w,c
  8410   0002C0  A0D8               	btfss	status,0,c
  8411   0002C2  EF65  F001         	goto	u3081
  8412   0002C6  EF67  F001         	goto	u3080
  8413   0002CA                     u3081:
  8414   0002CA  EF7A  F001         	goto	l3702
  8415   0002CE                     u3080:
  8416   0002CE                     
  8417                           ;menu.c: 241:             delay = 0;
  8418   0002CE  0E00               	movlw	0
  8419   0002D0  6E16               	movwf	set_time@delay^0,c
  8420   0002D2  0E00               	movlw	0
  8421   0002D4  6E17               	movwf	(set_time@delay+1)^0,c
  8422   0002D6  0E00               	movlw	0
  8423   0002D8  6E18               	movwf	(set_time@delay+2)^0,c
  8424   0002DA  0E00               	movlw	0
  8425   0002DC  6E19               	movwf	(set_time@delay+3)^0,c
  8426                           
  8427                           ;menu.c: 242:             blink_flag = !blink_flag;
  8428   0002DE  501E               	movf	set_time@blink_flag^0,w,c
  8429   0002E0  B4D8               	btfsc	status,2,c
  8430   0002E2  EF75  F001         	goto	u3091
  8431   0002E6  EF78  F001         	goto	u3090
  8432   0002EA                     u3091:
  8433   0002EA  0E01               	movlw	1
  8434   0002EC  EF79  F001         	goto	u3100
  8435   0002F0                     u3090:
  8436   0002F0  0E00               	movlw	0
  8437   0002F2                     u3100:
  8438   0002F2  6E1E               	movwf	set_time@blink_flag^0,c
  8439   0002F4                     l3702:
  8440                           
  8441                           ;menu.c: 247:         if ( field == 3 && blink_flag ) {
  8442   0002F4  0E03               	movlw	3
  8443   0002F6  1822               	xorwf	set_time@field^0,w,c
  8444   0002F8  A4D8               	btfss	status,2,c
  8445   0002FA  EF81  F001         	goto	u3111
  8446   0002FE  EF83  F001         	goto	u3110
  8447   000302                     u3111:
  8448   000302  EF95  F001         	goto	l3708
  8449   000306                     u3110:
  8450   000306  501E               	movf	set_time@blink_flag^0,w,c
  8451   000308  B4D8               	btfsc	status,2,c
  8452   00030A  EF89  F001         	goto	u3121
  8453   00030E  EF8B  F001         	goto	u3120
  8454   000312                     u3121:
  8455   000312  EF95  F001         	goto	l3708
  8456   000316                     u3120:
  8457   000316                     
  8458                           ;menu.c: 248:             clcd_print((const unsigned char*)"  ",(0xC0 + (3)));
  8459   000316  0ED9               	movlw	low (STR_50+3)
  8460   000318  6E04               	movwf	clcd_print@data^0,c
  8461   00031A  0E2F               	movlw	high (STR_50+3)
  8462   00031C  6E05               	movwf	(clcd_print@data+1)^0,c
  8463   00031E  0EC3               	movlw	195
  8464   000320  6E06               	movwf	clcd_print@addr^0,c
  8465   000322  EC62  F00C         	call	_clcd_print	;wreg free
  8466                           
  8467                           ;menu.c: 249:         } else {
  8468   000326  EFB1  F001         	goto	l3710
  8469   00032A                     l3708:
  8470                           
  8471                           ;menu.c: 250:             clcd_putch(hr/10 + '0',(0xC0 + (3)));
  8472   00032A  0EC3               	movlw	195
  8473   00032C  6E10               	movwf	clcd_putch@addr^0,c
  8474   00032E  C01F  F002         	movff	set_time@hr,___awdiv@dividend
  8475   000332  6A03               	clrf	(___awdiv@dividend+1)^0,c
  8476   000334  6A05               	clrf	(___awdiv@divisor+1)^0,c
  8477   000336  0E0A               	movlw	10
  8478   000338  6E04               	movwf	___awdiv@divisor^0,c
  8479   00033A  ECC9  F009         	call	___awdiv	;wreg free
  8480   00033E  5002               	movf	?___awdiv^0,w,c
  8481   000340  0F30               	addlw	48
  8482   000342  ECED  F00E         	call	_clcd_putch
  8483                           
  8484                           ;menu.c: 251:             clcd_putch(hr%10 + '0',(0xC0 + (4)));
  8485   000346  0EC4               	movlw	196
  8486   000348  6E10               	movwf	clcd_putch@addr^0,c
  8487   00034A  C01F  F00A         	movff	set_time@hr,___awmod@dividend
  8488   00034E  6A0B               	clrf	(___awmod@dividend+1)^0,c
  8489   000350  6A0D               	clrf	(___awmod@divisor+1)^0,c
  8490   000352  0E0A               	movlw	10
  8491   000354  6E0C               	movwf	___awmod@divisor^0,c
  8492   000356  ECE2  F00A         	call	___awmod	;wreg free
  8493   00035A  500A               	movf	?___awmod^0,w,c
  8494   00035C  0F30               	addlw	48
  8495   00035E  ECED  F00E         	call	_clcd_putch
  8496   000362                     l3710:
  8497                           
  8498                           ;menu.c: 254:         clcd_putch(':', (0xC0 + (5)));
  8499   000362  0EC5               	movlw	197
  8500   000364  6E10               	movwf	clcd_putch@addr^0,c
  8501   000366  0E3A               	movlw	58
  8502   000368  ECED  F00E         	call	_clcd_putch
  8503   00036C                     
  8504                           ;menu.c: 256:         if ( field == 2 && blink_flag ) {
  8505   00036C  0E02               	movlw	2
  8506   00036E  1822               	xorwf	set_time@field^0,w,c
  8507   000370  A4D8               	btfss	status,2,c
  8508   000372  EFBD  F001         	goto	u3131
  8509   000376  EFBF  F001         	goto	u3130
  8510   00037A                     u3131:
  8511   00037A  EFD1  F001         	goto	l3718
  8512   00037E                     u3130:
  8513   00037E  501E               	movf	set_time@blink_flag^0,w,c
  8514   000380  B4D8               	btfsc	status,2,c
  8515   000382  EFC5  F001         	goto	u3141
  8516   000386  EFC7  F001         	goto	u3140
  8517   00038A                     u3141:
  8518   00038A  EFD1  F001         	goto	l3718
  8519   00038E                     u3140:
  8520   00038E                     
  8521                           ;menu.c: 257:             clcd_print((const unsigned char*)"  ",(0xC0 + (6)));
  8522   00038E  0ED9               	movlw	low (STR_50+3)
  8523   000390  6E04               	movwf	clcd_print@data^0,c
  8524   000392  0E2F               	movlw	high (STR_50+3)
  8525   000394  6E05               	movwf	(clcd_print@data+1)^0,c
  8526   000396  0EC6               	movlw	198
  8527   000398  6E06               	movwf	clcd_print@addr^0,c
  8528   00039A  EC62  F00C         	call	_clcd_print	;wreg free
  8529                           
  8530                           ;menu.c: 258:         } else {
  8531   00039E  EFED  F001         	goto	l3720
  8532   0003A2                     l3718:
  8533                           
  8534                           ;menu.c: 259:             clcd_putch(min/10 + '0',(0xC0 + (6)));
  8535   0003A2  0EC6               	movlw	198
  8536   0003A4  6E10               	movwf	clcd_putch@addr^0,c
  8537   0003A6  C020  F002         	movff	set_time@min,___awdiv@dividend
  8538   0003AA  6A03               	clrf	(___awdiv@dividend+1)^0,c
  8539   0003AC  6A05               	clrf	(___awdiv@divisor+1)^0,c
  8540   0003AE  0E0A               	movlw	10
  8541   0003B0  6E04               	movwf	___awdiv@divisor^0,c
  8542   0003B2  ECC9  F009         	call	___awdiv	;wreg free
  8543   0003B6  5002               	movf	?___awdiv^0,w,c
  8544   0003B8  0F30               	addlw	48
  8545   0003BA  ECED  F00E         	call	_clcd_putch
  8546                           
  8547                           ;menu.c: 260:             clcd_putch(min%10 + '0',(0xC0 + (7)));
  8548   0003BE  0EC7               	movlw	199
  8549   0003C0  6E10               	movwf	clcd_putch@addr^0,c
  8550   0003C2  C020  F00A         	movff	set_time@min,___awmod@dividend
  8551   0003C6  6A0B               	clrf	(___awmod@dividend+1)^0,c
  8552   0003C8  6A0D               	clrf	(___awmod@divisor+1)^0,c
  8553   0003CA  0E0A               	movlw	10
  8554   0003CC  6E0C               	movwf	___awmod@divisor^0,c
  8555   0003CE  ECE2  F00A         	call	___awmod	;wreg free
  8556   0003D2  500A               	movf	?___awmod^0,w,c
  8557   0003D4  0F30               	addlw	48
  8558   0003D6  ECED  F00E         	call	_clcd_putch
  8559   0003DA                     l3720:
  8560                           
  8561                           ;menu.c: 263:         clcd_putch(':', (0xC0 + (8)));
  8562   0003DA  0EC8               	movlw	200
  8563   0003DC  6E10               	movwf	clcd_putch@addr^0,c
  8564   0003DE  0E3A               	movlw	58
  8565   0003E0  ECED  F00E         	call	_clcd_putch
  8566   0003E4                     
  8567                           ;menu.c: 265:         if ( field == 1 && blink_flag ) {
  8568   0003E4  0422               	decf	set_time@field^0,w,c
  8569   0003E6  A4D8               	btfss	status,2,c
  8570   0003E8  EFF8  F001         	goto	u3151
  8571   0003EC  EFFA  F001         	goto	u3150
  8572   0003F0                     u3151:
  8573   0003F0  EF0C  F002         	goto	l3728
  8574   0003F4                     u3150:
  8575   0003F4  501E               	movf	set_time@blink_flag^0,w,c
  8576   0003F6  B4D8               	btfsc	status,2,c
  8577   0003F8  EF00  F002         	goto	u3161
  8578   0003FC  EF02  F002         	goto	u3160
  8579   000400                     u3161:
  8580   000400  EF0C  F002         	goto	l3728
  8581   000404                     u3160:
  8582   000404                     
  8583                           ;menu.c: 266:             clcd_print((const unsigned char*)"  ",(0xC0 + (9)));
  8584   000404  0ED9               	movlw	low (STR_50+3)
  8585   000406  6E04               	movwf	clcd_print@data^0,c
  8586   000408  0E2F               	movlw	high (STR_50+3)
  8587   00040A  6E05               	movwf	(clcd_print@data+1)^0,c
  8588   00040C  0EC9               	movlw	201
  8589   00040E  6E06               	movwf	clcd_print@addr^0,c
  8590   000410  EC62  F00C         	call	_clcd_print	;wreg free
  8591                           
  8592                           ;menu.c: 267:         } else {
  8593   000414  EF24  F000         	goto	l3616
  8594   000418                     l3728:
  8595                           
  8596                           ;menu.c: 268:             clcd_putch(sec/10 + '0',(0xC0 + (9)));
  8597   000418  0EC9               	movlw	201
  8598   00041A  6E10               	movwf	clcd_putch@addr^0,c
  8599   00041C  C021  F002         	movff	set_time@sec,___awdiv@dividend
  8600   000420  6A03               	clrf	(___awdiv@dividend+1)^0,c
  8601   000422  6A05               	clrf	(___awdiv@divisor+1)^0,c
  8602   000424  0E0A               	movlw	10
  8603   000426  6E04               	movwf	___awdiv@divisor^0,c
  8604   000428  ECC9  F009         	call	___awdiv	;wreg free
  8605   00042C  5002               	movf	?___awdiv^0,w,c
  8606   00042E  0F30               	addlw	48
  8607   000430  ECED  F00E         	call	_clcd_putch
  8608                           
  8609                           ;menu.c: 269:             clcd_putch(sec%10 + '0',(0xC0 + (10)));
  8610   000434  0ECA               	movlw	202
  8611   000436  6E10               	movwf	clcd_putch@addr^0,c
  8612   000438  C021  F00A         	movff	set_time@sec,___awmod@dividend
  8613   00043C  6A0B               	clrf	(___awmod@dividend+1)^0,c
  8614   00043E  6A0D               	clrf	(___awmod@divisor+1)^0,c
  8615   000440  0E0A               	movlw	10
  8616   000442  6E0C               	movwf	___awmod@divisor^0,c
  8617   000444  ECE2  F00A         	call	___awmod	;wreg free
  8618   000448  500A               	movf	?___awmod^0,w,c
  8619   00044A  0F30               	addlw	48
  8620   00044C  ECED  F00E         	call	_clcd_putch
  8621   000450  EF24  F000         	goto	l3616
  8622   000454                     l3730:
  8623                           
  8624                           ;menu.c: 273:     state = e_main_menu;
  8625   000454  0E01               	movlw	1
  8626   000456  6E51               	movwf	_state^0,c
  8627   000458  0012               	return		;funcret
  8628   00045A                     __end_of_set_time:
  8629                           	callstack 0
  8630                           
  8631 ;; *************** function _clcd_putch *****************
  8632 ;; Defined at:
  8633 ;;		line 60 in file "clcd.c"
  8634 ;; Parameters:    Size  Location     Type
  8635 ;;  data            1    wreg     const unsigned char 
  8636 ;;  addr            1   14[COMRAM] unsigned char 
  8637 ;; Auto vars:     Size  Location     Type
  8638 ;;  data            1   15[COMRAM] const unsigned char 
  8639 ;; Return value:  Size  Location     Type
  8640 ;;                  1    wreg      void 
  8641 ;; Registers used:
  8642 ;;		wreg, status,2, cstack
  8643 ;; Tracked objects:
  8644 ;;		On entry : 0/0
  8645 ;;		On exit  : 0/0
  8646 ;;		Unchanged: 0/0
  8647 ;; Data sizes:     COMRAM   BANK0   BANK1   BANK2   BANK3   BANK4   BANK5
  8648 ;;      Params:         1       0       0       0       0       0       0
  8649 ;;      Locals:         1       0       0       0       0       0       0
  8650 ;;      Temps:          0       0       0       0       0       0       0
  8651 ;;      Totals:         2       0       0       0       0       0       0
  8652 ;;Total ram usage:        2 bytes
  8653 ;; Hardware stack levels used: 1
  8654 ;; Hardware stack levels required when called: 1
  8655 ;; This function calls:
  8656 ;;		_clcd_write
  8657 ;; This function is called by:
  8658 ;;		_view_log
  8659 ;;		_set_time
  8660 ;; This function uses a non-reentrant model
  8661 ;;
  8662                           
  8663                           	psect	text14
  8664   001DDA                     __ptext14:
  8665                           	callstack 0
  8666   001DDA                     _clcd_putch:
  8667                           	callstack 28
  8668                           
  8669                           ;incstack = 0
  8670                           ;clcd_putch@data stored from wreg
  8671   001DDA  6E11               	movwf	clcd_putch@data^0,c
  8672   001DDC                     
  8673                           ;clcd.c: 61:  clcd_write(addr, 0);
  8674   001DDC  0E00               	movlw	0
  8675   001DDE  6E02               	movwf	clcd_write@control_bit^0,c
  8676   001DE0  5010               	movf	clcd_putch@addr^0,w,c
  8677   001DE2  EC6C  F00E         	call	_clcd_write
  8678                           
  8679                           ;clcd.c: 62:  clcd_write(data, 1);
  8680   001DE6  0E01               	movlw	1
  8681   001DE8  6E02               	movwf	clcd_write@control_bit^0,c
  8682   001DEA  5011               	movf	clcd_putch@data^0,w,c
  8683   001DEC  EC6C  F00E         	call	_clcd_write
  8684   001DF0  0012               	return		;funcret
  8685   001DF2                     __end_of_clcd_putch:
  8686                           	callstack 0
  8687                           
  8688 ;; *************** function _init_config *****************
  8689 ;; Defined at:
  8690 ;;		line 21 in file "main.c"
  8691 ;; Parameters:    Size  Location     Type
  8692 ;;		None
  8693 ;; Auto vars:     Size  Location     Type
  8694 ;;		None
  8695 ;; Return value:  Size  Location     Type
  8696 ;;                  1    wreg      void 
  8697 ;; Registers used:
  8698 ;;		wreg, status,2, status,0, cstack
  8699 ;; Tracked objects:
  8700 ;;		On entry : 0/0
  8701 ;;		On exit  : 0/0
  8702 ;;		Unchanged: 0/0
  8703 ;; Data sizes:     COMRAM   BANK0   BANK1   BANK2   BANK3   BANK4   BANK5
  8704 ;;      Params:         0       0       0       0       0       0       0
  8705 ;;      Locals:         0       0       0       0       0       0       0
  8706 ;;      Temps:          0       0       0       0       0       0       0
  8707 ;;      Totals:         0       0       0       0       0       0       0
  8708 ;;Total ram usage:        0 bytes
  8709 ;; Hardware stack levels used: 1
  8710 ;; Hardware stack levels required when called: 4
  8711 ;; This function calls:
  8712 ;;		_init_adc
  8713 ;;		_init_clcd
  8714 ;;		_init_ds1307
  8715 ;;		_init_i2c
  8716 ;;		_init_matrix_keypad
  8717 ;;		_init_timer0
  8718 ;;		_init_uart
  8719 ;; This function is called by:
  8720 ;;		_main
  8721 ;; This function uses a non-reentrant model
  8722 ;;
  8723                           
  8724                           	psect	text15
  8725   001D66                     __ptext15:
  8726                           	callstack 0
  8727   001D66                     _init_config:
  8728                           	callstack 26
  8729   001D66                     
  8730                           ;main.c: 22:     state = e_dashboard;
  8731   001D66  6A51               	clrf	_state^0,c
  8732   001D68                     
  8733                           ;main.c: 23:     init_clcd();
  8734   001D68  EC39  F00B         	call	_init_clcd	;wreg free
  8735   001D6C                     
  8736                           ;main.c: 24:     init_timer0();
  8737   001D6C  EC0F  F00F         	call	_init_timer0	;wreg free
  8738   001D70                     
  8739                           ;main.c: 25:     init_matrix_keypad();
  8740   001D70  EC19  F00F         	call	_init_matrix_keypad	;wreg free
  8741   001D74                     
  8742                           ;main.c: 26:     init_adc();
  8743   001D74  ECD2  F00E         	call	_init_adc	;wreg free
  8744   001D78                     
  8745                           ;main.c: 27:     init_i2c();
  8746   001D78  ECF9  F00E         	call	_init_i2c	;wreg free
  8747   001D7C                     
  8748                           ;main.c: 28:     init_ds1307();
  8749   001D7C  ECE3  F00D         	call	_init_ds1307	;wreg free
  8750   001D80                     
  8751                           ;main.c: 29:     init_uart();
  8752   001D80  ECE0  F00E         	call	_init_uart	;wreg free
  8753   001D84  0012               	return		;funcret
  8754   001D86                     __end_of_init_config:
  8755                           	callstack 0
  8756                           
  8757 ;; *************** function _init_uart *****************
  8758 ;; Defined at:
  8759 ;;		line 8 in file "uart.c"
  8760 ;; Parameters:    Size  Location     Type
  8761 ;;		None
  8762 ;; Auto vars:     Size  Location     Type
  8763 ;;		None
  8764 ;; Return value:  Size  Location     Type
  8765 ;;                  1    wreg      void 
  8766 ;; Registers used:
  8767 ;;		wreg, status,2
  8768 ;; Tracked objects:
  8769 ;;		On entry : 0/0
  8770 ;;		On exit  : 0/0
  8771 ;;		Unchanged: 0/0
  8772 ;; Data sizes:     COMRAM   BANK0   BANK1   BANK2   BANK3   BANK4   BANK5
  8773 ;;      Params:         0       0       0       0       0       0       0
  8774 ;;      Locals:         0       0       0       0       0       0       0
  8775 ;;      Temps:          0       0       0       0       0       0       0
  8776 ;;      Totals:         0       0       0       0       0       0       0
  8777 ;;Total ram usage:        0 bytes
  8778 ;; Hardware stack levels used: 1
  8779 ;; Hardware stack levels required when called: 1
  8780 ;; This function calls:
  8781 ;;		Nothing
  8782 ;; This function is called by:
  8783 ;;		_init_config
  8784 ;; This function uses a non-reentrant model
  8785 ;;
  8786                           
  8787                           	psect	text16
  8788   001DC0                     __ptext16:
  8789                           	callstack 0
  8790   001DC0                     _init_uart:
  8791                           	callstack 28
  8792   001DC0                     
  8793                           ;uart.c: 9:     TRISC6 = 0;
  8794   001DC0  9C94               	bcf	3988,6,c	;volatile
  8795                           
  8796                           ;uart.c: 10:     TRISC7 = 1;
  8797   001DC2  8E94               	bsf	3988,7,c	;volatile
  8798                           
  8799                           ;uart.c: 12:     TXEN = 1;
  8800   001DC4  8AAC               	bsf	4012,5,c	;volatile
  8801                           
  8802                           ;uart.c: 13:     SYNC = 0;
  8803   001DC6  98AC               	bcf	4012,4,c	;volatile
  8804                           
  8805                           ;uart.c: 14:     BRGH = 1;
  8806   001DC8  84AC               	bsf	4012,2,c	;volatile
  8807                           
  8808                           ;uart.c: 16:     SPEN = 1;
  8809   001DCA  8EAB               	bsf	4011,7,c	;volatile
  8810                           
  8811                           ;uart.c: 17:     CREN = 1;
  8812   001DCC  88AB               	bsf	4011,4,c	;volatile
  8813                           
  8814                           ;uart.c: 19:     ABDEN = 0;
  8815   001DCE  90B8               	bcf	4024,0,c	;volatile
  8816                           
  8817                           ;uart.c: 20:     WUE = 0;
  8818   001DD0  92B8               	bcf	4024,1,c	;volatile
  8819                           
  8820                           ;uart.c: 21:     BRG16 = 0;
  8821   001DD2  96B8               	bcf	4024,3,c	;volatile
  8822   001DD4                     
  8823                           ;uart.c: 22:     SPBRG = 129;
  8824   001DD4  0E81               	movlw	129
  8825   001DD6  6EAF               	movwf	175,c	;volatile
  8826   001DD8  0012               	return		;funcret
  8827   001DDA                     __end_of_init_uart:
  8828                           	callstack 0
  8829                           
  8830 ;; *************** function _init_timer0 *****************
  8831 ;; Defined at:
  8832 ;;		line 21 in file "timer.c"
  8833 ;; Parameters:    Size  Location     Type
  8834 ;;		None
  8835 ;; Auto vars:     Size  Location     Type
  8836 ;;		None
  8837 ;; Return value:  Size  Location     Type
  8838 ;;                  1    wreg      void 
  8839 ;; Registers used:
  8840 ;;		wreg, status,2
  8841 ;; Tracked objects:
  8842 ;;		On entry : 0/0
  8843 ;;		On exit  : 0/0
  8844 ;;		Unchanged: 0/0
  8845 ;; Data sizes:     COMRAM   BANK0   BANK1   BANK2   BANK3   BANK4   BANK5
  8846 ;;      Params:         0       0       0       0       0       0       0
  8847 ;;      Locals:         0       0       0       0       0       0       0
  8848 ;;      Temps:          0       0       0       0       0       0       0
  8849 ;;      Totals:         0       0       0       0       0       0       0
  8850 ;;Total ram usage:        0 bytes
  8851 ;; Hardware stack levels used: 1
  8852 ;; Hardware stack levels required when called: 1
  8853 ;; This function calls:
  8854 ;;		Nothing
  8855 ;; This function is called by:
  8856 ;;		_init_config
  8857 ;; This function uses a non-reentrant model
  8858 ;;
  8859                           
  8860                           	psect	text17
  8861   001E1E                     __ptext17:
  8862                           	callstack 0
  8863   001E1E                     _init_timer0:
  8864                           	callstack 28
  8865   001E1E                     
  8866                           ;timer.c: 22:     T08BIT = 1;
  8867   001E1E  8CD5               	bsf	4053,6,c	;volatile
  8868                           
  8869                           ;timer.c: 23:     T0CS = 0;
  8870   001E20  9AD5               	bcf	4053,5,c	;volatile
  8871                           
  8872                           ;timer.c: 24:     TMR0ON = 1;
  8873   001E22  8ED5               	bsf	4053,7,c	;volatile
  8874                           
  8875                           ;timer.c: 25:     PSA = 1;
  8876   001E24  86D5               	bsf	4053,3,c	;volatile
  8877   001E26                     
  8878                           ;timer.c: 26:     TMR0 = 6;
  8879   001E26  6AD7               	clrf	215,c	;volatile
  8880   001E28  0E06               	movlw	6
  8881   001E2A  6ED6               	movwf	214,c	;volatile
  8882   001E2C                     
  8883                           ;timer.c: 29:     TMR0IF = 0;
  8884   001E2C  94F2               	bcf	4082,2,c	;volatile
  8885   001E2E                     
  8886                           ;timer.c: 30:     TMR0IE = 1;
  8887   001E2E  8AF2               	bsf	4082,5,c	;volatile
  8888   001E30  0012               	return		;funcret
  8889   001E32                     __end_of_init_timer0:
  8890                           	callstack 0
  8891                           
  8892 ;; *************** function _init_matrix_keypad *****************
  8893 ;; Defined at:
  8894 ;;		line 4 in file "matrix_keypad.c"
  8895 ;; Parameters:    Size  Location     Type
  8896 ;;		None
  8897 ;; Auto vars:     Size  Location     Type
  8898 ;;		None
  8899 ;; Return value:  Size  Location     Type
  8900 ;;                  1    wreg      void 
  8901 ;; Registers used:
  8902 ;;		wreg, status,2, status,0
  8903 ;; Tracked objects:
  8904 ;;		On entry : 0/0
  8905 ;;		On exit  : 0/0
  8906 ;;		Unchanged: 0/0
  8907 ;; Data sizes:     COMRAM   BANK0   BANK1   BANK2   BANK3   BANK4   BANK5
  8908 ;;      Params:         0       0       0       0       0       0       0
  8909 ;;      Locals:         0       0       0       0       0       0       0
  8910 ;;      Temps:          0       0       0       0       0       0       0
  8911 ;;      Totals:         0       0       0       0       0       0       0
  8912 ;;Total ram usage:        0 bytes
  8913 ;; Hardware stack levels used: 1
  8914 ;; Hardware stack levels required when called: 1
  8915 ;; This function calls:
  8916 ;;		Nothing
  8917 ;; This function is called by:
  8918 ;;		_init_config
  8919 ;; This function uses a non-reentrant model
  8920 ;;
  8921                           
  8922                           	psect	text18
  8923   001E32                     __ptext18:
  8924                           	callstack 0
  8925   001E32                     _init_matrix_keypad:
  8926                           	callstack 28
  8927   001E32                     
  8928                           ;matrix_keypad.c: 5:     ADCON1 = 0x0F;
  8929   001E32  0E0F               	movlw	15
  8930   001E34  6EC1               	movwf	193,c	;volatile
  8931                           
  8932                           ;matrix_keypad.c: 14:     TRISB = 0x1E;
  8933   001E36  0E1E               	movlw	30
  8934   001E38  6E93               	movwf	147,c	;volatile
  8935   001E3A                     
  8936                           ;matrix_keypad.c: 16:     RBPU = 0;
  8937   001E3A  9EF1               	bcf	4081,7,c	;volatile
  8938   001E3C                     
  8939                           ;matrix_keypad.c: 18:     PORTB = PORTB | 0xE0;
  8940   001E3C  5081               	movf	129,w,c	;volatile
  8941   001E3E  09E0               	iorlw	224
  8942   001E40  6E81               	movwf	129,c	;volatile
  8943   001E42  0012               	return		;funcret
  8944   001E44                     __end_of_init_matrix_keypad:
  8945                           	callstack 0
  8946                           
  8947 ;; *************** function _init_i2c *****************
  8948 ;; Defined at:
  8949 ;;		line 3 in file "i2c.c"
  8950 ;; Parameters:    Size  Location     Type
  8951 ;;		None
  8952 ;; Auto vars:     Size  Location     Type
  8953 ;;		None
  8954 ;; Return value:  Size  Location     Type
  8955 ;;                  1    wreg      void 
  8956 ;; Registers used:
  8957 ;;		wreg, status,2
  8958 ;; Tracked objects:
  8959 ;;		On entry : 0/0
  8960 ;;		On exit  : 0/0
  8961 ;;		Unchanged: 0/0
  8962 ;; Data sizes:     COMRAM   BANK0   BANK1   BANK2   BANK3   BANK4   BANK5
  8963 ;;      Params:         0       0       0       0       0       0       0
  8964 ;;      Locals:         0       0       0       0       0       0       0
  8965 ;;      Temps:          0       0       0       0       0       0       0
  8966 ;;      Totals:         0       0       0       0       0       0       0
  8967 ;;Total ram usage:        0 bytes
  8968 ;; Hardware stack levels used: 1
  8969 ;; Hardware stack levels required when called: 1
  8970 ;; This function calls:
  8971 ;;		Nothing
  8972 ;; This function is called by:
  8973 ;;		_init_config
  8974 ;; This function uses a non-reentrant model
  8975 ;;
  8976                           
  8977                           	psect	text19
  8978   001DF2                     __ptext19:
  8979                           	callstack 0
  8980   001DF2                     _init_i2c:
  8981                           	callstack 28
  8982   001DF2                     
  8983                           ;i2c.c: 4:     TRISC3 = 1;
  8984   001DF2  8694               	bsf	3988,3,c	;volatile
  8985                           
  8986                           ;i2c.c: 5:     TRISC4 = 1;
  8987   001DF4  8894               	bsf	3988,4,c	;volatile
  8988   001DF6                     
  8989                           ;i2c.c: 26:     SSPCON1 = 0x28;
  8990   001DF6  0E28               	movlw	40
  8991   001DF8  6EC6               	movwf	198,c	;volatile
  8992                           
  8993                           ;i2c.c: 38:     SSPADD = 0x31;
  8994   001DFA  0E31               	movlw	49
  8995   001DFC  6EC8               	movwf	200,c	;volatile
  8996   001DFE                     
  8997                           ;i2c.c: 44:     CKE = 0;
  8998   001DFE  9CC7               	bcf	4039,6,c	;volatile
  8999   001E00                     
  9000                           ;i2c.c: 52:     SMP = 1;
  9001   001E00  8EC7               	bsf	4039,7,c	;volatile
  9002   001E02                     
  9003                           ;i2c.c: 54:     SSPIF = 0;
  9004   001E02  969E               	bcf	3998,3,c	;volatile
  9005   001E04                     
  9006                           ;i2c.c: 55:     BCLIF = 0;
  9007   001E04  96A1               	bcf	4001,3,c	;volatile
  9008   001E06  0012               	return		;funcret
  9009   001E08                     __end_of_init_i2c:
  9010                           	callstack 0
  9011                           
  9012 ;; *************** function _init_ds1307 *****************
  9013 ;; Defined at:
  9014 ;;		line 18 in file "ds1307.c"
  9015 ;; Parameters:    Size  Location     Type
  9016 ;;		None
  9017 ;; Auto vars:     Size  Location     Type
  9018 ;;  dummy           1    3[COMRAM] unsigned char 
  9019 ;; Return value:  Size  Location     Type
  9020 ;;                  1    wreg      void 
  9021 ;; Registers used:
  9022 ;;		wreg, status,2, status,0, cstack
  9023 ;; Tracked objects:
  9024 ;;		On entry : 0/0
  9025 ;;		On exit  : 0/0
  9026 ;;		Unchanged: 0/0
  9027 ;; Data sizes:     COMRAM   BANK0   BANK1   BANK2   BANK3   BANK4   BANK5
  9028 ;;      Params:         0       0       0       0       0       0       0
  9029 ;;      Locals:         1       0       0       0       0       0       0
  9030 ;;      Temps:          0       0       0       0       0       0       0
  9031 ;;      Totals:         1       0       0       0       0       0       0
  9032 ;;Total ram usage:        1 bytes
  9033 ;; Hardware stack levels used: 1
  9034 ;; Hardware stack levels required when called: 3
  9035 ;; This function calls:
  9036 ;;		_read_ds1307
  9037 ;;		_write_ds1307
  9038 ;; This function is called by:
  9039 ;;		_init_config
  9040 ;; This function uses a non-reentrant model
  9041 ;;
  9042                           
  9043                           	psect	text20
  9044   001BC6                     __ptext20:
  9045                           	callstack 0
  9046   001BC6                     _init_ds1307:
  9047                           	callstack 26
  9048   001BC6                     
  9049                           ;ds1307.c: 28:     unsigned char dummy;;ds1307.c: 29:     dummy = read_ds1307(0x00);
  9050   001BC6  0E00               	movlw	0
  9051   001BC8  EC89  F00E         	call	_read_ds1307
  9052   001BCC  6E05               	movwf	init_ds1307@dummy^0,c
  9053   001BCE                     
  9054                           ;ds1307.c: 30:     write_ds1307(0x00, dummy | 0x80 );
  9055   001BCE  5005               	movf	init_ds1307@dummy^0,w,c
  9056   001BD0  0980               	iorlw	128
  9057   001BD2  6E03               	movwf	write_ds1307@data^0,c
  9058   001BD4  0E00               	movlw	0
  9059   001BD6  ECC3  F00E         	call	_write_ds1307
  9060   001BDA                     
  9061                           ;ds1307.c: 39:     dummy = read_ds1307(0x02);
  9062   001BDA  0E02               	movlw	2
  9063   001BDC  EC89  F00E         	call	_read_ds1307
  9064   001BE0  6E05               	movwf	init_ds1307@dummy^0,c
  9065                           
  9066                           ;ds1307.c: 40:     write_ds1307(0x02, dummy | 0x40 );
  9067   001BE2  5005               	movf	init_ds1307@dummy^0,w,c
  9068   001BE4  0940               	iorlw	64
  9069   001BE6  6E03               	movwf	write_ds1307@data^0,c
  9070   001BE8  0E02               	movlw	2
  9071   001BEA  ECC3  F00E         	call	_write_ds1307
  9072   001BEE                     
  9073                           ;ds1307.c: 51:     write_ds1307(0x07, 0x93);
  9074   001BEE  0E93               	movlw	147
  9075   001BF0  6E03               	movwf	write_ds1307@data^0,c
  9076   001BF2  0E07               	movlw	7
  9077   001BF4  ECC3  F00E         	call	_write_ds1307
  9078   001BF8                     
  9079                           ;ds1307.c: 58:     dummy = read_ds1307(0x00);
  9080   001BF8  0E00               	movlw	0
  9081   001BFA  EC89  F00E         	call	_read_ds1307
  9082   001BFE  6E05               	movwf	init_ds1307@dummy^0,c
  9083                           
  9084                           ;ds1307.c: 59:     write_ds1307(0x00, dummy & 0x7F );
  9085   001C00  5005               	movf	init_ds1307@dummy^0,w,c
  9086   001C02  0B7F               	andlw	127
  9087   001C04  6E03               	movwf	write_ds1307@data^0,c
  9088   001C06  0E00               	movlw	0
  9089   001C08  ECC3  F00E         	call	_write_ds1307
  9090   001C0C  0012               	return		;funcret
  9091   001C0E                     __end_of_init_ds1307:
  9092                           	callstack 0
  9093                           
  9094 ;; *************** function _write_ds1307 *****************
  9095 ;; Defined at:
  9096 ;;		line 62 in file "ds1307.c"
  9097 ;; Parameters:    Size  Location     Type
  9098 ;;  address         1    wreg     unsigned char 
  9099 ;;  data            1    1[COMRAM] unsigned char 
  9100 ;; Auto vars:     Size  Location     Type
  9101 ;;  address         1    2[COMRAM] unsigned char 
  9102 ;; Return value:  Size  Location     Type
  9103 ;;                  1    wreg      void 
  9104 ;; Registers used:
  9105 ;;		wreg, status,2, cstack
  9106 ;; Tracked objects:
  9107 ;;		On entry : 0/0
  9108 ;;		On exit  : 0/0
  9109 ;;		Unchanged: 0/0
  9110 ;; Data sizes:     COMRAM   BANK0   BANK1   BANK2   BANK3   BANK4   BANK5
  9111 ;;      Params:         1       0       0       0       0       0       0
  9112 ;;      Locals:         1       0       0       0       0       0       0
  9113 ;;      Temps:          0       0       0       0       0       0       0
  9114 ;;      Totals:         2       0       0       0       0       0       0
  9115 ;;Total ram usage:        2 bytes
  9116 ;; Hardware stack levels used: 1
  9117 ;; Hardware stack levels required when called: 1
  9118 ;; This function calls:
  9119 ;;		_i2c_start
  9120 ;;		_i2c_stop
  9121 ;;		_i2c_write
  9122 ;; This function is called by:
  9123 ;;		_set_time
  9124 ;;		_init_ds1307
  9125 ;; This function uses a non-reentrant model
  9126 ;;
  9127                           
  9128                           	psect	text21
  9129   001D86                     __ptext21:
  9130                           	callstack 0
  9131   001D86                     _write_ds1307:
  9132                           	callstack 27
  9133                           
  9134                           ;incstack = 0
  9135                           ;write_ds1307@address stored from wreg
  9136   001D86  6E04               	movwf	write_ds1307@address^0,c
  9137   001D88                     
  9138                           ;ds1307.c: 63:     i2c_start();
  9139   001D88  EC54  F00F         	call	_i2c_start	;wreg free
  9140   001D8C                     
  9141                           ;ds1307.c: 64:     i2c_write(0xD0);
  9142   001D8C  0ED0               	movlw	208
  9143   001D8E  EC39  F00F         	call	_i2c_write
  9144   001D92                     
  9145                           ;ds1307.c: 65:     i2c_write(address);
  9146   001D92  5004               	movf	write_ds1307@address^0,w,c
  9147   001D94  EC39  F00F         	call	_i2c_write
  9148   001D98                     
  9149                           ;ds1307.c: 66:     i2c_write(data);
  9150   001D98  5003               	movf	write_ds1307@data^0,w,c
  9151   001D9A  EC39  F00F         	call	_i2c_write
  9152   001D9E                     
  9153                           ;ds1307.c: 67:     i2c_stop();
  9154   001D9E  EC50  F00F         	call	_i2c_stop	;wreg free
  9155   001DA2  0012               	return		;funcret
  9156   001DA4                     __end_of_write_ds1307:
  9157                           	callstack 0
  9158                           
  9159 ;; *************** function _read_ds1307 *****************
  9160 ;; Defined at:
  9161 ;;		line 76 in file "ds1307.c"
  9162 ;; Parameters:    Size  Location     Type
  9163 ;;  address         1    wreg     unsigned char 
  9164 ;; Auto vars:     Size  Location     Type
  9165 ;;  address         1    1[COMRAM] unsigned char 
  9166 ;;  data            1    2[COMRAM] unsigned char 
  9167 ;; Return value:  Size  Location     Type
  9168 ;;                  1    wreg      unsigned char 
  9169 ;; Registers used:
  9170 ;;		wreg, status,2, cstack
  9171 ;; Tracked objects:
  9172 ;;		On entry : 0/0
  9173 ;;		On exit  : 0/0
  9174 ;;		Unchanged: 0/0
  9175 ;; Data sizes:     COMRAM   BANK0   BANK1   BANK2   BANK3   BANK4   BANK5
  9176 ;;      Params:         0       0       0       0       0       0       0
  9177 ;;      Locals:         2       0       0       0       0       0       0
  9178 ;;      Temps:          0       0       0       0       0       0       0
  9179 ;;      Totals:         2       0       0       0       0       0       0
  9180 ;;Total ram usage:        2 bytes
  9181 ;; Hardware stack levels used: 1
  9182 ;; Hardware stack levels required when called: 1
  9183 ;; This function calls:
  9184 ;;		_i2c_read
  9185 ;;		_i2c_rep_start
  9186 ;;		_i2c_start
  9187 ;;		_i2c_stop
  9188 ;;		_i2c_write
  9189 ;; This function is called by:
  9190 ;;		_read_real_time_clock
  9191 ;;		_init_ds1307
  9192 ;; This function uses a non-reentrant model
  9193 ;;
  9194                           
  9195                           	psect	text22
  9196   001D12                     __ptext22:
  9197                           	callstack 0
  9198   001D12                     _read_ds1307:
  9199                           	callstack 27
  9200                           
  9201                           ;incstack = 0
  9202                           ;read_ds1307@address stored from wreg
  9203   001D12  6E03               	movwf	read_ds1307@address^0,c
  9204   001D14                     
  9205                           ;ds1307.c: 77:     unsigned char data;;ds1307.c: 78:     i2c_start();
  9206   001D14  EC54  F00F         	call	_i2c_start	;wreg free
  9207   001D18                     
  9208                           ;ds1307.c: 79:     i2c_write(0xD0);
  9209   001D18  0ED0               	movlw	208
  9210   001D1A  EC39  F00F         	call	_i2c_write
  9211   001D1E                     
  9212                           ;ds1307.c: 80:     i2c_write(address);
  9213   001D1E  5003               	movf	read_ds1307@address^0,w,c
  9214   001D20  EC39  F00F         	call	_i2c_write
  9215   001D24                     
  9216                           ;ds1307.c: 81:     i2c_rep_start();
  9217   001D24  EC48  F00F         	call	_i2c_rep_start	;wreg free
  9218   001D28                     
  9219                           ;ds1307.c: 82:     i2c_write(0xD1);
  9220   001D28  0ED1               	movlw	209
  9221   001D2A  EC39  F00F         	call	_i2c_write
  9222                           
  9223                           ;ds1307.c: 83:     data = i2c_read();
  9224   001D2E  EC33  F00F         	call	_i2c_read	;wreg free
  9225   001D32  6E04               	movwf	read_ds1307@data^0,c
  9226   001D34                     
  9227                           ;ds1307.c: 84:     i2c_stop();
  9228   001D34  EC50  F00F         	call	_i2c_stop	;wreg free
  9229                           
  9230                           ;ds1307.c: 85:     return data;
  9231   001D38  5004               	movf	read_ds1307@data^0,w,c
  9232   001D3A  0012               	return		;funcret
  9233   001D3C                     __end_of_read_ds1307:
  9234                           	callstack 0
  9235                           
  9236 ;; *************** function _init_clcd *****************
  9237 ;; Defined at:
  9238 ;;		line 26 in file "clcd.c"
  9239 ;; Parameters:    Size  Location     Type
  9240 ;;		None
  9241 ;; Auto vars:     Size  Location     Type
  9242 ;;		None
  9243 ;; Return value:  Size  Location     Type
  9244 ;;                  1    wreg      void 
  9245 ;; Registers used:
  9246 ;;		wreg, status,2, status,0, cstack
  9247 ;; Tracked objects:
  9248 ;;		On entry : 0/0
  9249 ;;		On exit  : 0/0
  9250 ;;		Unchanged: 0/0
  9251 ;; Data sizes:     COMRAM   BANK0   BANK1   BANK2   BANK3   BANK4   BANK5
  9252 ;;      Params:         0       0       0       0       0       0       0
  9253 ;;      Locals:         0       0       0       0       0       0       0
  9254 ;;      Temps:          1       0       0       0       0       0       0
  9255 ;;      Totals:         1       0       0       0       0       0       0
  9256 ;;Total ram usage:        1 bytes
  9257 ;; Hardware stack levels used: 1
  9258 ;; Hardware stack levels required when called: 2
  9259 ;; This function calls:
  9260 ;;		_clcd_write
  9261 ;; This function is called by:
  9262 ;;		_init_config
  9263 ;; This function uses a non-reentrant model
  9264 ;;
  9265                           
  9266                           	psect	text23
  9267   001672                     __ptext23:
  9268                           	callstack 0
  9269   001672                     _init_clcd:
  9270                           	callstack 27
  9271   001672                     
  9272                           ;clcd.c: 28:     TRISD = 0x00;
  9273   001672  6A95               	clrf	149,c	;volatile
  9274   001674                     
  9275                           ;clcd.c: 29:     TRISC = TRISC & 0xF8;
  9276   001674  5094               	movf	148,w,c	;volatile
  9277   001676  0BF8               	andlw	248
  9278   001678  6E94               	movwf	148,c	;volatile
  9279   00167A                     
  9280                           ;clcd.c: 31:     RC0 = 0;
  9281   00167A  9082               	bcf	3970,0,c	;volatile
  9282   00167C                     
  9283                           ;clcd.c: 34:     _delay((unsigned long)((30)*(20000000/4000.0)));
  9284   00167C  0EC3               	movlw	195
  9285   00167E  6E04               	movwf	??_init_clcd^0,c
  9286   001680  0ECD               	movlw	205
  9287   001682                     u3207:
  9288   001682  2EE8               	decfsz	wreg,f,c
  9289   001684  D7FE               	bra	u3207
  9290   001686  2E04               	decfsz	??_init_clcd^0,f,c
  9291   001688  D7FC               	bra	u3207
  9292   00168A  0000               	nop	
  9293   00168C                     
  9294                           ;clcd.c: 37:     clcd_write(0x33, 0 );
  9295   00168C  0E00               	movlw	0
  9296   00168E  6E02               	movwf	clcd_write@control_bit^0,c
  9297   001690  0E33               	movlw	51
  9298   001692  EC6C  F00E         	call	_clcd_write
  9299   001696                     
  9300                           ;clcd.c: 38:     _delay((unsigned long)((4100)*(20000000/4000000.0)));
  9301   001696  0E1B               	movlw	27
  9302   001698  6E04               	movwf	??_init_clcd^0,c
  9303   00169A  0E9E               	movlw	158
  9304   00169C                     u3217:
  9305   00169C  2EE8               	decfsz	wreg,f,c
  9306   00169E  D7FE               	bra	u3217
  9307   0016A0  2E04               	decfsz	??_init_clcd^0,f,c
  9308   0016A2  D7FC               	bra	u3217
  9309   0016A4  D000               	nop2	
  9310   0016A6                     
  9311                           ;clcd.c: 39:     clcd_write(0x33, 0 );
  9312   0016A6  0E00               	movlw	0
  9313   0016A8  6E02               	movwf	clcd_write@control_bit^0,c
  9314   0016AA  0E33               	movlw	51
  9315   0016AC  EC6C  F00E         	call	_clcd_write
  9316   0016B0                     
  9317                           ;clcd.c: 40:     _delay((unsigned long)((100)*(20000000/4000000.0)));
  9318   0016B0  0EA6               	movlw	166
  9319   0016B2                     u3227:
  9320   0016B2  2EE8               	decfsz	wreg,f,c
  9321   0016B4  D7FE               	bra	u3227
  9322   0016B6  D000               	nop2	
  9323   0016B8                     
  9324                           ;clcd.c: 41:     clcd_write(0x33, 0 );
  9325   0016B8  0E00               	movlw	0
  9326   0016BA  6E02               	movwf	clcd_write@control_bit^0,c
  9327   0016BC  0E33               	movlw	51
  9328   0016BE  EC6C  F00E         	call	_clcd_write
  9329   0016C2                     
  9330                           ;clcd.c: 42:     _delay((unsigned long)((1)*(20000000/4000000.0)));
  9331   0016C2  D000               	nop2		;2 cycle nop
  9332   0016C4  D000               	nop2		;2 cycle nop
  9333   0016C6  0000               	nop	
  9334   0016C8                     
  9335                           ;clcd.c: 43:     clcd_write(0x02, 0);
  9336   0016C8  0E00               	movlw	0
  9337   0016CA  6E02               	movwf	clcd_write@control_bit^0,c
  9338   0016CC  0E02               	movlw	2
  9339   0016CE  EC6C  F00E         	call	_clcd_write
  9340   0016D2                     
  9341                           ;clcd.c: 44:     _delay((unsigned long)((100)*(20000000/4000000.0)));
  9342   0016D2  0EA6               	movlw	166
  9343   0016D4                     u3237:
  9344   0016D4  2EE8               	decfsz	wreg,f,c
  9345   0016D6  D7FE               	bra	u3237
  9346   0016D8  D000               	nop2	
  9347   0016DA                     
  9348                           ;clcd.c: 45:     clcd_write(0x38, 0);
  9349   0016DA  0E00               	movlw	0
  9350   0016DC  6E02               	movwf	clcd_write@control_bit^0,c
  9351   0016DE  0E38               	movlw	56
  9352   0016E0  EC6C  F00E         	call	_clcd_write
  9353   0016E4                     
  9354                           ;clcd.c: 46:     _delay((unsigned long)((100)*(20000000/4000000.0)));
  9355   0016E4  0EA6               	movlw	166
  9356   0016E6                     u3247:
  9357   0016E6  2EE8               	decfsz	wreg,f,c
  9358   0016E8  D7FE               	bra	u3247
  9359   0016EA  D000               	nop2	
  9360   0016EC                     
  9361                           ;clcd.c: 47:     clcd_write(0x01, 0);
  9362   0016EC  0E00               	movlw	0
  9363   0016EE  6E02               	movwf	clcd_write@control_bit^0,c
  9364   0016F0  0E01               	movlw	1
  9365   0016F2  EC6C  F00E         	call	_clcd_write
  9366   0016F6                     
  9367                           ;clcd.c: 48:     _delay((unsigned long)((500)*(20000000/4000000.0)));
  9368   0016F6  0E04               	movlw	4
  9369   0016F8  6E04               	movwf	??_init_clcd^0,c
  9370   0016FA  0E3E               	movlw	62
  9371   0016FC                     u3257:
  9372   0016FC  2EE8               	decfsz	wreg,f,c
  9373   0016FE  D7FE               	bra	u3257
  9374   001700  2E04               	decfsz	??_init_clcd^0,f,c
  9375   001702  D7FC               	bra	u3257
  9376   001704                     
  9377                           ;clcd.c: 49:     clcd_write(0x0C, 0);
  9378   001704  0E00               	movlw	0
  9379   001706  6E02               	movwf	clcd_write@control_bit^0,c
  9380   001708  0E0C               	movlw	12
  9381   00170A  EC6C  F00E         	call	_clcd_write
  9382   00170E                     
  9383                           ;clcd.c: 50:     _delay((unsigned long)((100)*(20000000/4000000.0)));
  9384   00170E  0EA6               	movlw	166
  9385   001710                     u3267:
  9386   001710  2EE8               	decfsz	wreg,f,c
  9387   001712  D7FE               	bra	u3267
  9388   001714  D000               	nop2	
  9389   001716  0012               	return		;funcret
  9390   001718                     __end_of_init_clcd:
  9391                           	callstack 0
  9392                           
  9393 ;; *************** function _init_adc *****************
  9394 ;; Defined at:
  9395 ;;		line 18 in file "adc.c"
  9396 ;; Parameters:    Size  Location     Type
  9397 ;;		None
  9398 ;; Auto vars:     Size  Location     Type
  9399 ;;		None
  9400 ;; Return value:  Size  Location     Type
  9401 ;;                  1    wreg      void 
  9402 ;; Registers used:
  9403 ;;		None
  9404 ;; Tracked objects:
  9405 ;;		On entry : 0/0
  9406 ;;		On exit  : 0/0
  9407 ;;		Unchanged: 0/0
  9408 ;; Data sizes:     COMRAM   BANK0   BANK1   BANK2   BANK3   BANK4   BANK5
  9409 ;;      Params:         0       0       0       0       0       0       0
  9410 ;;      Locals:         0       0       0       0       0       0       0
  9411 ;;      Temps:          0       0       0       0       0       0       0
  9412 ;;      Totals:         0       0       0       0       0       0       0
  9413 ;;Total ram usage:        0 bytes
  9414 ;; Hardware stack levels used: 1
  9415 ;; Hardware stack levels required when called: 1
  9416 ;; This function calls:
  9417 ;;		Nothing
  9418 ;; This function is called by:
  9419 ;;		_init_config
  9420 ;; This function uses a non-reentrant model
  9421 ;;
  9422                           
  9423                           	psect	text24
  9424   001DA4                     __ptext24:
  9425                           	callstack 0
  9426   001DA4                     _init_adc:
  9427                           	callstack 28
  9428   001DA4                     
  9429                           ;adc.c: 20:    ADFM = 1;
  9430   001DA4  8EC0               	bsf	4032,7,c	;volatile
  9431                           
  9432                           ;adc.c: 28:    ACQT2 = 0;
  9433   001DA6  9AC0               	bcf	4032,5,c	;volatile
  9434                           
  9435                           ;adc.c: 29:    ACQT1 = 1;
  9436   001DA8  88C0               	bsf	4032,4,c	;volatile
  9437                           
  9438                           ;adc.c: 30:    ACQT0 = 0;
  9439   001DAA  96C0               	bcf	4032,3,c	;volatile
  9440                           
  9441                           ;adc.c: 42:    ADCS0 = 0;
  9442   001DAC  90C0               	bcf	4032,0,c	;volatile
  9443                           
  9444                           ;adc.c: 43:    ADCS1 = 1;
  9445   001DAE  82C0               	bsf	4032,1,c	;volatile
  9446                           
  9447                           ;adc.c: 44:    ADCS2 = 0;
  9448   001DB0  94C0               	bcf	4032,2,c	;volatile
  9449                           
  9450                           ;adc.c: 52:    GODONE = 0;
  9451   001DB2  92C2               	bcf	4034,1,c	;volatile
  9452                           
  9453                           ;adc.c: 58:    VCFG1 = 0;
  9454   001DB4  9AC1               	bcf	4033,5,c	;volatile
  9455                           
  9456                           ;adc.c: 59:    VCFG0 = 0;
  9457   001DB6  98C1               	bcf	4033,4,c	;volatile
  9458                           
  9459                           ;adc.c: 63:    ADRESH = 0;
  9460   001DB8  6AC4               	clrf	196,c	;volatile
  9461                           
  9462                           ;adc.c: 64:    ADRESL = 0;
  9463   001DBA  6AC3               	clrf	195,c	;volatile
  9464                           
  9465                           ;adc.c: 68:    ADON = 1;
  9466   001DBC  80C2               	bsf	4034,0,c	;volatile
  9467   001DBE  0012               	return		;funcret
  9468   001DC0                     __end_of_init_adc:
  9469                           	callstack 0
  9470                           
  9471 ;; *************** function _download_log *****************
  9472 ;; Defined at:
  9473 ;;		line 276 in file "menu.c"
  9474 ;; Parameters:    Size  Location     Type
  9475 ;;		None
  9476 ;; Auto vars:     Size  Location     Type
  9477 ;;  time_str        9   40[COMRAM] unsigned char [9]
  9478 ;;  spd_str         4   36[COMRAM] unsigned char [4]
  9479 ;;  gr              1   56[COMRAM] unsigned char 
  9480 ;;  sc              1   55[COMRAM] unsigned char 
  9481 ;;  mn              1   54[COMRAM] unsigned char 
  9482 ;;  hr              1   53[COMRAM] unsigned char 
  9483 ;;  spd             1   49[COMRAM] unsigned char 
  9484 ;;  i               2   51[COMRAM] int 
  9485 ;;  serial_no      20   16[COMRAM] PTR const unsigned char 
  9486 ;;		 -> STR_47(3), STR_46(3), STR_45(3), STR_44(3), 
  9487 ;;		 -> STR_43(3), STR_42(3), STR_41(3), STR_40(3), 
  9488 ;;		 -> STR_39(3), STR_38(3), 
  9489 ;;  read_index      1   57[COMRAM] unsigned char 
  9490 ;;  count           1   50[COMRAM] unsigned char 
  9491 ;; Return value:  Size  Location     Type
  9492 ;;                  1    wreg      void 
  9493 ;; Registers used:
  9494 ;;		wreg, fsr0l, fsr0h, fsr1l, fsr1h, fsr2l, fsr2h, status,2, status,0, tblptrl, tblptrh, tblptru, prodl, prodh, cstack
  9495 ;; Tracked objects:
  9496 ;;		On entry : 0/0
  9497 ;;		On exit  : 0/0
  9498 ;;		Unchanged: 0/0
  9499 ;; Data sizes:     COMRAM   BANK0   BANK1   BANK2   BANK3   BANK4   BANK5
  9500 ;;      Params:         0       0       0       0       0       0       0
  9501 ;;      Locals:        42       0       0       0       0       0       0
  9502 ;;      Temps:          0       0       0       0       0       0       0
  9503 ;;      Totals:        42       0       0       0       0       0       0
  9504 ;;Total ram usage:       42 bytes
  9505 ;; Hardware stack levels used: 1
  9506 ;; Hardware stack levels required when called: 5
  9507 ;; This function calls:
  9508 ;;		___awdiv
  9509 ;;		___awmod
  9510 ;;		_convert_speed_to_string
  9511 ;;		_put_char
  9512 ;;		_put_str
  9513 ;;		_read_external_eeprom
  9514 ;; This function is called by:
  9515 ;;		_main
  9516 ;; This function uses a non-reentrant model
  9517 ;;
  9518                           
  9519                           	psect	text25
  9520   000ACA                     __ptext25:
  9521                           	callstack 0
  9522   000ACA                     _download_log:
  9523                           	callstack 25
  9524   000ACA                     
  9525                           ;menu.c: 279:     unsigned char count = 0;
  9526   000ACA  6A34               	clrf	download_log@count^0,c
  9527   000ACC                     
  9528                           ;menu.c: 282:     if ( write_flag == 0 && write_index == 0 ) {
  9529   000ACC  504F               	movf	_write_flag^0,w,c
  9530   000ACE  A4D8               	btfss	status,2,c
  9531   000AD0  EF6C  F005         	goto	u2801
  9532   000AD4  EF6E  F005         	goto	u2800
  9533   000AD8                     u2801:
  9534   000AD8  EF80  F005         	goto	l3490
  9535   000ADC                     u2800:
  9536   000ADC  5050               	movf	_write_index^0,w,c
  9537   000ADE  A4D8               	btfss	status,2,c
  9538   000AE0  EF74  F005         	goto	u2811
  9539   000AE4  EF76  F005         	goto	u2810
  9540   000AE8                     u2811:
  9541   000AE8  EF80  F005         	goto	l3490
  9542   000AEC                     u2810:
  9543   000AEC                     
  9544                           ;menu.c: 283:         put_str((unsigned char*)"NO LOGS TO PRINT\n\r");
  9545   000AEC  0E43               	movlw	low STR_36
  9546   000AEE  6E03               	movwf	put_str@data^0,c
  9547   000AF0  0E2F               	movlw	high STR_36
  9548   000AF2  6E04               	movwf	(put_str@data+1)^0,c
  9549   000AF4  EC00  F00D         	call	_put_str	;wreg free
  9550   000AF8                     l3486:
  9551                           
  9552                           ;menu.c: 284:         state = e_main_menu;
  9553   000AF8  0E01               	movlw	1
  9554   000AFA  6E51               	movwf	_state^0,c
  9555   000AFC  EF89  F006         	goto	l324
  9556   000B00                     l3490:
  9557                           
  9558                           ;menu.c: 289:     put_str((unsigned char*)"SN  SPD  GEAR  TIME\n\r");
  9559   000B00  0E2D               	movlw	low STR_37
  9560   000B02  6E03               	movwf	put_str@data^0,c
  9561   000B04  0E2F               	movlw	high STR_37
  9562   000B06  6E04               	movwf	(put_str@data+1)^0,c
  9563   000B08  EC00  F00D         	call	_put_str	;wreg free
  9564   000B0C                     
  9565                           ;menu.c: 291:     const char* serial_no[] = {
  9566   000B0C  EE20  F060         	lfsr	2,download_log@F10697
  9567   000B10  EE10  F012         	lfsr	1,download_log@serial_no
  9568   000B14  0E13               	movlw	19
  9569   000B16                     u2821:
  9570   000B16  CFDB FFE3          	movff	plusw2,plusw1
  9571   000B1A  06E8               	decf	wreg,f,c
  9572   000B1C  E2FC               	bc	u2821
  9573   000B1E                     
  9574                           ;menu.c: 296:     if ( write_flag == 1 ) {
  9575   000B1E  044F               	decf	_write_flag^0,w,c
  9576   000B20  A4D8               	btfss	status,2,c
  9577   000B22  EF95  F005         	goto	u2831
  9578   000B26  EF97  F005         	goto	u2830
  9579   000B2A                     u2831:
  9580   000B2A  EF9B  F005         	goto	l327
  9581   000B2E                     u2830:
  9582   000B2E                     
  9583                           ;menu.c: 297:         read_index = write_index;
  9584   000B2E  C050  F03B         	movff	_write_index,download_log@read_index
  9585                           
  9586                           ;menu.c: 298:     } else {
  9587   000B32  EF9C  F005         	goto	l3498
  9588   000B36                     l327:
  9589                           
  9590                           ;menu.c: 299:         read_index = 0;
  9591   000B36  6A3B               	clrf	download_log@read_index^0,c
  9592   000B38                     l3498:
  9593                           
  9594                           ;menu.c: 302:     for ( int i = 0 ; i <= 9 ; i++ ) {
  9595   000B38  6A36               	clrf	(download_log@i+1)^0,c
  9596   000B3A  0E00               	movlw	0
  9597   000B3C  6E35               	movwf	download_log@i^0,c
  9598   000B3E                     l3504:
  9599                           
  9600                           ;menu.c: 304:         if ( write_flag == 0 && read_index >= write_index ) break;
  9601   000B3E  504F               	movf	_write_flag^0,w,c
  9602   000B40  A4D8               	btfss	status,2,c
  9603   000B42  EFA5  F005         	goto	u2841
  9604   000B46  EFA7  F005         	goto	u2840
  9605   000B4A                     u2841:
  9606   000B4A  EFB2  F005         	goto	l3510
  9607   000B4E                     u2840:
  9608   000B4E  5050               	movf	_write_index^0,w,c
  9609   000B50  5C3B               	subwf	download_log@read_index^0,w,c
  9610   000B52  A0D8               	btfss	status,0,c
  9611   000B54  EFAE  F005         	goto	u2851
  9612   000B58  EFB0  F005         	goto	u2850
  9613   000B5C                     u2851:
  9614   000B5C  EFB2  F005         	goto	l3510
  9615   000B60                     u2850:
  9616   000B60  EF7C  F005         	goto	l3486
  9617   000B64                     l3510:
  9618                           
  9619                           ;menu.c: 308:         unsigned char spd = read_external_eeprom(read_index+0);
  9620   000B64  503B               	movf	download_log@read_index^0,w,c
  9621   000B66  EC9E  F00E         	call	_read_external_eeprom
  9622   000B6A  6E33               	movwf	download_log@spd^0,c
  9623   000B6C                     
  9624                           ;menu.c: 309:         unsigned char gr = read_external_eeprom(read_index+1);
  9625   000B6C  283B               	incf	download_log@read_index^0,w,c
  9626   000B6E  EC9E  F00E         	call	_read_external_eeprom
  9627   000B72  6E3A               	movwf	download_log@gr^0,c
  9628   000B74                     
  9629                           ;menu.c: 310:         unsigned char hr = read_external_eeprom(read_index+2);
  9630   000B74  503B               	movf	download_log@read_index^0,w,c
  9631   000B76  0F02               	addlw	2
  9632   000B78  EC9E  F00E         	call	_read_external_eeprom
  9633   000B7C  6E37               	movwf	download_log@hr^0,c
  9634   000B7E                     
  9635                           ;menu.c: 311:         unsigned char mn = read_external_eeprom(read_index+3);
  9636   000B7E  503B               	movf	download_log@read_index^0,w,c
  9637   000B80  0F03               	addlw	3
  9638   000B82  EC9E  F00E         	call	_read_external_eeprom
  9639   000B86  6E38               	movwf	download_log@mn^0,c
  9640   000B88                     
  9641                           ;menu.c: 312:         unsigned char sc = read_external_eeprom(read_index+4);
  9642   000B88  503B               	movf	download_log@read_index^0,w,c
  9643   000B8A  0F04               	addlw	4
  9644   000B8C  EC9E  F00E         	call	_read_external_eeprom
  9645   000B90  6E39               	movwf	download_log@sc^0,c
  9646   000B92                     
  9647                           ;menu.c: 315:         unsigned char spd_str[4];;menu.c: 316:         convert_speed_to_st
      +                          ring(spd_str, spd);
  9648   000B92  0E26               	movlw	low download_log@spd_str
  9649   000B94  6E10               	movwf	convert_speed_to_string@speed^0,c
  9650   000B96  C033  F011         	movff	download_log@spd,convert_speed_to_string@spd
  9651   000B9A  ECDA  F00B         	call	_convert_speed_to_string	;wreg free
  9652   000B9E                     
  9653                           ;menu.c: 319:         unsigned char time_str[9];;menu.c: 320:         time_str[0] = ( hr
      +                           / 10 ) + '0';
  9654   000B9E  C037  F002         	movff	download_log@hr,___awdiv@dividend
  9655   000BA2  6A03               	clrf	(___awdiv@dividend+1)^0,c
  9656   000BA4  6A05               	clrf	(___awdiv@divisor+1)^0,c
  9657   000BA6  0E0A               	movlw	10
  9658   000BA8  6E04               	movwf	___awdiv@divisor^0,c
  9659   000BAA  ECC9  F009         	call	___awdiv	;wreg free
  9660   000BAE  5002               	movf	?___awdiv^0,w,c
  9661   000BB0  0F30               	addlw	48
  9662   000BB2  6E2A               	movwf	download_log@time_str^0,c
  9663   000BB4                     
  9664                           ;menu.c: 321:         time_str[1] = ( hr % 10 ) + '0';
  9665   000BB4  C037  F00A         	movff	download_log@hr,___awmod@dividend
  9666   000BB8  6A0B               	clrf	(___awmod@dividend+1)^0,c
  9667   000BBA  6A0D               	clrf	(___awmod@divisor+1)^0,c
  9668   000BBC  0E0A               	movlw	10
  9669   000BBE  6E0C               	movwf	___awmod@divisor^0,c
  9670   000BC0  ECE2  F00A         	call	___awmod	;wreg free
  9671   000BC4  500A               	movf	?___awmod^0,w,c
  9672   000BC6  0F30               	addlw	48
  9673   000BC8  6E2B               	movwf	(download_log@time_str+1)^0,c
  9674   000BCA                     
  9675                           ;menu.c: 322:         time_str[2] = ':';
  9676   000BCA  0E3A               	movlw	58
  9677   000BCC  6E2C               	movwf	(download_log@time_str+2)^0,c
  9678   000BCE                     
  9679                           ;menu.c: 323:         time_str[3] = ( mn / 10 ) + '0';
  9680   000BCE  C038  F002         	movff	download_log@mn,___awdiv@dividend
  9681   000BD2  6A03               	clrf	(___awdiv@dividend+1)^0,c
  9682   000BD4  6A05               	clrf	(___awdiv@divisor+1)^0,c
  9683   000BD6  0E0A               	movlw	10
  9684   000BD8  6E04               	movwf	___awdiv@divisor^0,c
  9685   000BDA  ECC9  F009         	call	___awdiv	;wreg free
  9686   000BDE  5002               	movf	?___awdiv^0,w,c
  9687   000BE0  0F30               	addlw	48
  9688   000BE2  6E2D               	movwf	(download_log@time_str+3)^0,c
  9689   000BE4                     
  9690                           ;menu.c: 324:         time_str[4] = ( mn % 10 ) + '0';
  9691   000BE4  C038  F00A         	movff	download_log@mn,___awmod@dividend
  9692   000BE8  6A0B               	clrf	(___awmod@dividend+1)^0,c
  9693   000BEA  6A0D               	clrf	(___awmod@divisor+1)^0,c
  9694   000BEC  0E0A               	movlw	10
  9695   000BEE  6E0C               	movwf	___awmod@divisor^0,c
  9696   000BF0  ECE2  F00A         	call	___awmod	;wreg free
  9697   000BF4  500A               	movf	?___awmod^0,w,c
  9698   000BF6  0F30               	addlw	48
  9699   000BF8  6E2E               	movwf	(download_log@time_str+4)^0,c
  9700   000BFA                     
  9701                           ;menu.c: 325:         time_str[5] = ':';
  9702   000BFA  0E3A               	movlw	58
  9703   000BFC  6E2F               	movwf	(download_log@time_str+5)^0,c
  9704   000BFE                     
  9705                           ;menu.c: 326:         time_str[6] = ( sc / 10 ) + '0';
  9706   000BFE  C039  F002         	movff	download_log@sc,___awdiv@dividend
  9707   000C02  6A03               	clrf	(___awdiv@dividend+1)^0,c
  9708   000C04  6A05               	clrf	(___awdiv@divisor+1)^0,c
  9709   000C06  0E0A               	movlw	10
  9710   000C08  6E04               	movwf	___awdiv@divisor^0,c
  9711   000C0A  ECC9  F009         	call	___awdiv	;wreg free
  9712   000C0E  5002               	movf	?___awdiv^0,w,c
  9713   000C10  0F30               	addlw	48
  9714   000C12  6E30               	movwf	(download_log@time_str+6)^0,c
  9715   000C14                     
  9716                           ;menu.c: 327:         time_str[7] = ( sc % 10 ) + '0';
  9717   000C14  C039  F00A         	movff	download_log@sc,___awmod@dividend
  9718   000C18  6A0B               	clrf	(___awmod@dividend+1)^0,c
  9719   000C1A  6A0D               	clrf	(___awmod@divisor+1)^0,c
  9720   000C1C  0E0A               	movlw	10
  9721   000C1E  6E0C               	movwf	___awmod@divisor^0,c
  9722   000C20  ECE2  F00A         	call	___awmod	;wreg free
  9723   000C24  500A               	movf	?___awmod^0,w,c
  9724   000C26  0F30               	addlw	48
  9725   000C28  6E31               	movwf	(download_log@time_str+7)^0,c
  9726   000C2A                     
  9727                           ;menu.c: 328:         time_str[8] = '\0';
  9728   000C2A  6A32               	clrf	(download_log@time_str+8)^0,c
  9729   000C2C                     
  9730                           ;menu.c: 331:         put_str((unsigned char*)serial_no[count]);
  9731   000C2C  5034               	movf	download_log@count^0,w,c
  9732   000C2E  0D02               	mullw	2
  9733   000C30  50F3               	movf	243,w,c
  9734   000C32  0F12               	addlw	low download_log@serial_no
  9735   000C34  6ED9               	movwf	fsr2l,c
  9736   000C36  6ADA               	clrf	fsr2h,c
  9737   000C38  CFDE F003          	movff	postinc2,put_str@data
  9738   000C3C  CFDD F004          	movff	postdec2,put_str@data+1
  9739   000C40  EC00  F00D         	call	_put_str	;wreg free
  9740   000C44                     
  9741                           ;menu.c: 332:         put_str((unsigned char *)" ");
  9742   000C44  0EDA               	movlw	low (STR_50+4)
  9743   000C46  6E03               	movwf	put_str@data^0,c
  9744   000C48  0E2F               	movlw	high (STR_50+4)
  9745   000C4A  6E04               	movwf	(put_str@data+1)^0,c
  9746   000C4C  EC00  F00D         	call	_put_str	;wreg free
  9747   000C50                     
  9748                           ;menu.c: 335:         put_str(spd_str);
  9749   000C50  0E26               	movlw	low download_log@spd_str
  9750   000C52  6E03               	movwf	put_str@data^0,c
  9751   000C54  6A04               	clrf	(put_str@data+1)^0,c
  9752   000C56  EC00  F00D         	call	_put_str	;wreg free
  9753   000C5A                     
  9754                           ;menu.c: 336:         put_str((unsigned char *)" ");
  9755   000C5A  0EDA               	movlw	low (STR_50+4)
  9756   000C5C  6E03               	movwf	put_str@data^0,c
  9757   000C5E  0E2F               	movlw	high (STR_50+4)
  9758   000C60  6E04               	movwf	(put_str@data+1)^0,c
  9759   000C62  EC00  F00D         	call	_put_str	;wreg free
  9760   000C66                     
  9761                           ;menu.c: 339:         if ( gr == 0 ) put_char('N');
  9762   000C66  503A               	movf	download_log@gr^0,w,c
  9763   000C68  A4D8               	btfss	status,2,c
  9764   000C6A  EF39  F006         	goto	u2861
  9765   000C6E  EF3B  F006         	goto	u2860
  9766   000C72                     u2861:
  9767   000C72  EF40  F006         	goto	l3552
  9768   000C76                     u2860:
  9769   000C76  0E4E               	movlw	78
  9770   000C78  EC04  F00F         	call	_put_char
  9771   000C7C  EF5A  F006         	goto	l3560
  9772   000C80                     l3552:
  9773   000C80  0E06               	movlw	6
  9774   000C82  603A               	cpfslt	download_log@gr^0,c
  9775   000C84  EF46  F006         	goto	u2871
  9776   000C88  EF48  F006         	goto	u2870
  9777   000C8C                     u2871:
  9778   000C8C  EF4E  F006         	goto	l3556
  9779   000C90                     u2870:
  9780   000C90  503A               	movf	download_log@gr^0,w,c
  9781   000C92  0F30               	addlw	48
  9782   000C94  EC04  F00F         	call	_put_char
  9783   000C98  EF5A  F006         	goto	l3560
  9784   000C9C                     l3556:
  9785   000C9C  0E06               	movlw	6
  9786   000C9E  183A               	xorwf	download_log@gr^0,w,c
  9787   000CA0  A4D8               	btfss	status,2,c
  9788   000CA2  EF55  F006         	goto	u2881
  9789   000CA6  EF57  F006         	goto	u2880
  9790   000CAA                     u2881:
  9791   000CAA  EF5A  F006         	goto	l3560
  9792   000CAE                     u2880:
  9793   000CAE  0E52               	movlw	82
  9794   000CB0  EC04  F00F         	call	_put_char
  9795   000CB4                     l3560:
  9796                           
  9797                           ;menu.c: 343:         put_str((unsigned char*)"     ");
  9798   000CB4  0ED6               	movlw	low STR_50
  9799   000CB6  6E03               	movwf	put_str@data^0,c
  9800   000CB8  0E2F               	movlw	high STR_50
  9801   000CBA  6E04               	movwf	(put_str@data+1)^0,c
  9802   000CBC  EC00  F00D         	call	_put_str	;wreg free
  9803   000CC0                     
  9804                           ;menu.c: 346:         put_str(time_str);
  9805   000CC0  0E2A               	movlw	low download_log@time_str
  9806   000CC2  6E03               	movwf	put_str@data^0,c
  9807   000CC4  6A04               	clrf	(put_str@data+1)^0,c
  9808   000CC6  EC00  F00D         	call	_put_str	;wreg free
  9809   000CCA                     
  9810                           ;menu.c: 347:         put_str((unsigned char*)"\n\r");
  9811   000CCA  0E40               	movlw	low (STR_37+19)
  9812   000CCC  6E03               	movwf	put_str@data^0,c
  9813   000CCE  0E2F               	movlw	high (STR_37+19)
  9814   000CD0  6E04               	movwf	(put_str@data+1)^0,c
  9815   000CD2  EC00  F00D         	call	_put_str	;wreg free
  9816   000CD6                     
  9817                           ;menu.c: 349:         count++;
  9818   000CD6  2A34               	incf	download_log@count^0,f,c
  9819   000CD8                     
  9820                           ;menu.c: 350:         read_index += 5;
  9821   000CD8  0E05               	movlw	5
  9822   000CDA  263B               	addwf	download_log@read_index^0,f,c
  9823   000CDC                     
  9824                           ;menu.c: 351:         if ( read_index >= 50 ) read_index = 0;
  9825   000CDC  0E31               	movlw	49
  9826   000CDE  643B               	cpfsgt	download_log@read_index^0,c
  9827   000CE0  EF74  F006         	goto	u2891
  9828   000CE4  EF76  F006         	goto	u2890
  9829   000CE8                     u2891:
  9830   000CE8  EF77  F006         	goto	l3574
  9831   000CEC                     u2890:
  9832   000CEC  6A3B               	clrf	download_log@read_index^0,c
  9833   000CEE                     l3574:
  9834                           
  9835                           ;menu.c: 352:     }
  9836   000CEE  4A35               	infsnz	download_log@i^0,f,c
  9837   000CF0  2A36               	incf	(download_log@i+1)^0,f,c
  9838   000CF2  BE36               	btfsc	(download_log@i+1)^0,7,c
  9839   000CF4  EF85  F006         	goto	u2901
  9840   000CF8  5036               	movf	(download_log@i+1)^0,w,c
  9841   000CFA  E109               	bnz	u2900
  9842   000CFC  0E0A               	movlw	10
  9843   000CFE  5C35               	subwf	download_log@i^0,w,c
  9844   000D00  A0D8               	btfss	status,0,c
  9845   000D02  EF85  F006         	goto	u2901
  9846   000D06  EF87  F006         	goto	u2900
  9847   000D0A                     u2901:
  9848   000D0A  EF9F  F005         	goto	l3504
  9849   000D0E                     u2900:
  9850   000D0E  EF7C  F005         	goto	l3486
  9851   000D12                     l324:
  9852   000D12  0012               	return		;funcret
  9853   000D14                     __end_of_download_log:
  9854                           	callstack 0
  9855                           
  9856 ;; *************** function _read_external_eeprom *****************
  9857 ;; Defined at:
  9858 ;;		line 32 in file "external_eeprom.c"
  9859 ;; Parameters:    Size  Location     Type
  9860 ;;  address         1    wreg     unsigned char 
  9861 ;; Auto vars:     Size  Location     Type
  9862 ;;  address         1    1[COMRAM] unsigned char 
  9863 ;;  data            1    2[COMRAM] unsigned char 
  9864 ;; Return value:  Size  Location     Type
  9865 ;;                  1    wreg      unsigned char 
  9866 ;; Registers used:
  9867 ;;		wreg, status,2, cstack
  9868 ;; Tracked objects:
  9869 ;;		On entry : 0/0
  9870 ;;		On exit  : 0/0
  9871 ;;		Unchanged: 0/0
  9872 ;; Data sizes:     COMRAM   BANK0   BANK1   BANK2   BANK3   BANK4   BANK5
  9873 ;;      Params:         0       0       0       0       0       0       0
  9874 ;;      Locals:         2       0       0       0       0       0       0
  9875 ;;      Temps:          0       0       0       0       0       0       0
  9876 ;;      Totals:         2       0       0       0       0       0       0
  9877 ;;Total ram usage:        2 bytes
  9878 ;; Hardware stack levels used: 1
  9879 ;; Hardware stack levels required when called: 1
  9880 ;; This function calls:
  9881 ;;		_i2c_read
  9882 ;;		_i2c_rep_start
  9883 ;;		_i2c_start
  9884 ;;		_i2c_stop
  9885 ;;		_i2c_write
  9886 ;; This function is called by:
  9887 ;;		_main
  9888 ;;		_view_log
  9889 ;;		_download_log
  9890 ;; This function uses a non-reentrant model
  9891 ;;
  9892                           
  9893                           	psect	text26
  9894   001D3C                     __ptext26:
  9895                           	callstack 0
  9896   001D3C                     _read_external_eeprom:
  9897                           	callstack 28
  9898                           
  9899                           ;incstack = 0
  9900                           ;read_external_eeprom@address stored from wreg
  9901   001D3C  6E03               	movwf	read_external_eeprom@address^0,c
  9902   001D3E                     
  9903                           ;external_eeprom.c: 33:     i2c_start();
  9904   001D3E  EC54  F00F         	call	_i2c_start	;wreg free
  9905   001D42                     
  9906                           ;external_eeprom.c: 34:     i2c_write(0xA0);
  9907   001D42  0EA0               	movlw	160
  9908   001D44  EC39  F00F         	call	_i2c_write
  9909   001D48                     
  9910                           ;external_eeprom.c: 35:     i2c_write(address);
  9911   001D48  5003               	movf	read_external_eeprom@address^0,w,c
  9912   001D4A  EC39  F00F         	call	_i2c_write
  9913   001D4E                     
  9914                           ;external_eeprom.c: 36:     i2c_rep_start();
  9915   001D4E  EC48  F00F         	call	_i2c_rep_start	;wreg free
  9916   001D52                     
  9917                           ;external_eeprom.c: 37:     i2c_write(0xA1);
  9918   001D52  0EA1               	movlw	161
  9919   001D54  EC39  F00F         	call	_i2c_write
  9920                           
  9921                           ;external_eeprom.c: 38:     unsigned char data = i2c_read();
  9922   001D58  EC33  F00F         	call	_i2c_read	;wreg free
  9923   001D5C  6E04               	movwf	read_external_eeprom@data^0,c
  9924   001D5E                     
  9925                           ;external_eeprom.c: 39:     i2c_stop();
  9926   001D5E  EC50  F00F         	call	_i2c_stop	;wreg free
  9927                           
  9928                           ;external_eeprom.c: 40:     return data;
  9929   001D62  5004               	movf	read_external_eeprom@data^0,w,c
  9930   001D64  0012               	return		;funcret
  9931   001D66                     __end_of_read_external_eeprom:
  9932                           	callstack 0
  9933                           
  9934 ;; *************** function _i2c_rep_start *****************
  9935 ;; Defined at:
  9936 ;;		line 114 in file "i2c.c"
  9937 ;; Parameters:    Size  Location     Type
  9938 ;;		None
  9939 ;; Auto vars:     Size  Location     Type
  9940 ;;		None
  9941 ;; Return value:  Size  Location     Type
  9942 ;;                  1    wreg      void 
  9943 ;; Registers used:
  9944 ;;		cstack
  9945 ;; Tracked objects:
  9946 ;;		On entry : 0/0
  9947 ;;		On exit  : 0/0
  9948 ;;		Unchanged: 0/0
  9949 ;; Data sizes:     COMRAM   BANK0   BANK1   BANK2   BANK3   BANK4   BANK5
  9950 ;;      Params:         0       0       0       0       0       0       0
  9951 ;;      Locals:         0       0       0       0       0       0       0
  9952 ;;      Temps:          0       0       0       0       0       0       0
  9953 ;;      Totals:         0       0       0       0       0       0       0
  9954 ;;Total ram usage:        0 bytes
  9955 ;; Hardware stack levels used: 1
  9956 ;; Hardware stack levels required when called: 1
  9957 ;; This function calls:
  9958 ;;		_i2c_idle
  9959 ;; This function is called by:
  9960 ;;		_read_ds1307
  9961 ;;		_read_external_eeprom
  9962 ;; This function uses a non-reentrant model
  9963 ;;
  9964                           
  9965                           	psect	text27
  9966   001E90                     __ptext27:
  9967                           	callstack 0
  9968   001E90                     _i2c_rep_start:
  9969                           	callstack 26
  9970   001E90                     
  9971                           ;i2c.c: 115:  RSEN = 1;
  9972   001E90  82C5               	bsf	4037,1,c	;volatile
  9973   001E92                     
  9974                           ;i2c.c: 116:  i2c_idle();
  9975   001E92  EC22  F00F         	call	_i2c_idle	;wreg free
  9976   001E96  0012               	return		;funcret
  9977   001E98                     __end_of_i2c_rep_start:
  9978                           	callstack 0
  9979                           
  9980 ;; *************** function _i2c_read *****************
  9981 ;; Defined at:
  9982 ;;		line 158 in file "i2c.c"
  9983 ;; Parameters:    Size  Location     Type
  9984 ;;		None
  9985 ;; Auto vars:     Size  Location     Type
  9986 ;;		None
  9987 ;; Return value:  Size  Location     Type
  9988 ;;                  1    wreg      unsigned char 
  9989 ;; Registers used:
  9990 ;;		wreg, status,2, cstack
  9991 ;; Tracked objects:
  9992 ;;		On entry : 0/0
  9993 ;;		On exit  : 0/0
  9994 ;;		Unchanged: 0/0
  9995 ;; Data sizes:     COMRAM   BANK0   BANK1   BANK2   BANK3   BANK4   BANK5
  9996 ;;      Params:         0       0       0       0       0       0       0
  9997 ;;      Locals:         0       0       0       0       0       0       0
  9998 ;;      Temps:          0       0       0       0       0       0       0
  9999 ;;      Totals:         0       0       0       0       0       0       0
 10000 ;;Total ram usage:        0 bytes
 10001 ;; Hardware stack levels used: 1
 10002 ;; Hardware stack levels required when called: 1
 10003 ;; This function calls:
 10004 ;;		_i2c_no_ack
 10005 ;;		_i2c_rx_mode
 10006 ;; This function is called by:
 10007 ;;		_read_ds1307
 10008 ;;		_read_external_eeprom
 10009 ;; This function uses a non-reentrant model
 10010 ;;
 10011                           
 10012                           	psect	text28
 10013   001E66                     __ptext28:
 10014                           	callstack 0
 10015   001E66                     _i2c_read:
 10016                           	callstack 26
 10017   001E66                     
 10018                           ;i2c.c: 159:  i2c_rx_mode();
 10019   001E66  EC4C  F00F         	call	_i2c_rx_mode	;wreg free
 10020                           
 10021                           ;i2c.c: 160:  i2c_no_ack();
 10022   001E6A  EC3F  F00F         	call	_i2c_no_ack	;wreg free
 10023   001E6E                     
 10024                           ;i2c.c: 161:  return SSPBUF;
 10025   001E6E  50C9               	movf	201,w,c	;volatile
 10026   001E70  0012               	return		;funcret
 10027   001E72                     __end_of_i2c_read:
 10028                           	callstack 0
 10029                           
 10030 ;; *************** function _i2c_rx_mode *****************
 10031 ;; Defined at:
 10032 ;;		line 139 in file "i2c.c"
 10033 ;; Parameters:    Size  Location     Type
 10034 ;;		None
 10035 ;; Auto vars:     Size  Location     Type
 10036 ;;		None
 10037 ;; Return value:  Size  Location     Type
 10038 ;;                  1    wreg      void 
 10039 ;; Registers used:
 10040 ;;		cstack
 10041 ;; Tracked objects:
 10042 ;;		On entry : 0/0
 10043 ;;		On exit  : 0/0
 10044 ;;		Unchanged: 0/0
 10045 ;; Data sizes:     COMRAM   BANK0   BANK1   BANK2   BANK3   BANK4   BANK5
 10046 ;;      Params:         0       0       0       0       0       0       0
 10047 ;;      Locals:         0       0       0       0       0       0       0
 10048 ;;      Temps:          0       0       0       0       0       0       0
 10049 ;;      Totals:         0       0       0       0       0       0       0
 10050 ;;Total ram usage:        0 bytes
 10051 ;; Hardware stack levels used: 1
 10052 ;; Hardware stack levels required when called: 2
 10053 ;; This function calls:
 10054 ;;		_i2c_idle
 10055 ;; This function is called by:
 10056 ;;		_i2c_read
 10057 ;; This function uses a non-reentrant model
 10058 ;;
 10059                           
 10060                           	psect	text29
 10061   001E98                     __ptext29:
 10062                           	callstack 0
 10063   001E98                     _i2c_rx_mode:
 10064                           	callstack 24
 10065   001E98                     
 10066                           ;i2c.c: 148:  RCEN = 1;
 10067   001E98  86C5               	bsf	4037,3,c	;volatile
 10068   001E9A                     
 10069                           ;i2c.c: 149:  i2c_idle();
 10070   001E9A  EC22  F00F         	call	_i2c_idle	;wreg free
 10071   001E9E  0012               	return		;funcret
 10072   001EA0                     __end_of_i2c_rx_mode:
 10073                           	callstack 0
 10074                           
 10075 ;; *************** function _i2c_no_ack *****************
 10076 ;; Defined at:
 10077 ;;		line 152 in file "i2c.c"
 10078 ;; Parameters:    Size  Location     Type
 10079 ;;		None
 10080 ;; Auto vars:     Size  Location     Type
 10081 ;;		None
 10082 ;; Return value:  Size  Location     Type
 10083 ;;                  1    wreg      void 
 10084 ;; Registers used:
 10085 ;;		cstack
 10086 ;; Tracked objects:
 10087 ;;		On entry : 0/0
 10088 ;;		On exit  : 0/0
 10089 ;;		Unchanged: 0/0
 10090 ;; Data sizes:     COMRAM   BANK0   BANK1   BANK2   BANK3   BANK4   BANK5
 10091 ;;      Params:         0       0       0       0       0       0       0
 10092 ;;      Locals:         0       0       0       0       0       0       0
 10093 ;;      Temps:          0       0       0       0       0       0       0
 10094 ;;      Totals:         0       0       0       0       0       0       0
 10095 ;;Total ram usage:        0 bytes
 10096 ;; Hardware stack levels used: 1
 10097 ;; Hardware stack levels required when called: 2
 10098 ;; This function calls:
 10099 ;;		_i2c_idle
 10100 ;; This function is called by:
 10101 ;;		_i2c_read
 10102 ;; This function uses a non-reentrant model
 10103 ;;
 10104                           
 10105                           	psect	text30
 10106   001E7E                     __ptext30:
 10107                           	callstack 0
 10108   001E7E                     _i2c_no_ack:
 10109                           	callstack 24
 10110   001E7E                     
 10111                           ;i2c.c: 153:  ACKDT = 1;
 10112   001E7E  8AC5               	bsf	4037,5,c	;volatile
 10113                           
 10114                           ;i2c.c: 154:  ACKEN = 1;
 10115   001E80  88C5               	bsf	4037,4,c	;volatile
 10116   001E82                     
 10117                           ;i2c.c: 155:     i2c_idle();
 10118   001E82  EC22  F00F         	call	_i2c_idle	;wreg free
 10119   001E86  0012               	return		;funcret
 10120   001E88                     __end_of_i2c_no_ack:
 10121                           	callstack 0
 10122                           
 10123 ;; *************** function _put_str *****************
 10124 ;; Defined at:
 10125 ;;		line 38 in file "uart.c"
 10126 ;; Parameters:    Size  Location     Type
 10127 ;;  data            2    1[COMRAM] PTR unsigned char 
 10128 ;;		 -> STR_51(3), STR_50(6), STR_49(2), STR_48(2), 
 10129 ;;		 -> download_log@time_str(9), download_log@spd_str(4), STR_47(3), STR_46(3), 
 10130 ;;		 -> STR_45(3), STR_44(3), STR_43(3), STR_42(3), 
 10131 ;;		 -> STR_41(3), STR_40(3), STR_39(3), STR_38(3), 
 10132 ;;		 -> STR_37(22), STR_36(19), 
 10133 ;; Auto vars:     Size  Location     Type
 10134 ;;		None
 10135 ;; Return value:  Size  Location     Type
 10136 ;;                  1    wreg      void 
 10137 ;; Registers used:
 10138 ;;		wreg, fsr0l, fsr0h, status,2, status,0, tblptrl, tblptrh, tblptru, cstack
 10139 ;; Tracked objects:
 10140 ;;		On entry : 0/0
 10141 ;;		On exit  : 0/0
 10142 ;;		Unchanged: 0/0
 10143 ;; Data sizes:     COMRAM   BANK0   BANK1   BANK2   BANK3   BANK4   BANK5
 10144 ;;      Params:         2       0       0       0       0       0       0
 10145 ;;      Locals:         0       0       0       0       0       0       0
 10146 ;;      Temps:          0       0       0       0       0       0       0
 10147 ;;      Totals:         2       0       0       0       0       0       0
 10148 ;;Total ram usage:        2 bytes
 10149 ;; Hardware stack levels used: 1
 10150 ;; Hardware stack levels required when called: 2
 10151 ;; This function calls:
 10152 ;;		_put_char
 10153 ;; This function is called by:
 10154 ;;		_download_log
 10155 ;; This function uses a non-reentrant model
 10156 ;;
 10157                           
 10158                           	psect	text31
 10159   001A00                     __ptext31:
 10160                           	callstack 0
 10161   001A00                     _put_str:
 10162                           	callstack 27
 10163   001A00                     
 10164                           ;uart.c: 39:     while (*data != '\0') {
 10165   001A00  EF16  F00D         	goto	l3238
 10166   001A04                     l3234:
 10167                           
 10168                           ;uart.c: 40:         put_char(*data);
 10169   001A04  C003  FFF6         	movff	put_str@data,tblptrl
 10170   001A08  C004  FFF7         	movff	put_str@data+1,tblptrh
 10171   001A0C  6AF8               	clrf	tblptru,c
 10172   001A0E  0E05               	movlw	(high __ramtop+-1)
 10173   001A10  64F7               	cpfsgt	tblptrh,c
 10174   001A12  D003               	bra	u2427
 10175   001A14  0008               	tblrd		*
 10176   001A16  50F5               	movf	tablat,w,c
 10177   001A18  D005               	bra	u2420
 10178   001A1A                     u2427:
 10179   001A1A  CFF6 FFE9          	movff	tblptrl,fsr0l
 10180   001A1E  CFF7 FFEA          	movff	tblptrh,fsr0h
 10181   001A22  50EF               	movf	indf0,w,c
 10182   001A24                     u2420:
 10183   001A24  EC04  F00F         	call	_put_char
 10184   001A28                     
 10185                           ;uart.c: 41:         data++;
 10186   001A28  4A03               	infsnz	put_str@data^0,f,c
 10187   001A2A  2A04               	incf	(put_str@data+1)^0,f,c
 10188   001A2C                     l3238:
 10189                           
 10190                           ;uart.c: 39:     while (*data != '\0') {
 10191   001A2C  C003  FFF6         	movff	put_str@data,tblptrl
 10192   001A30  C004  FFF7         	movff	put_str@data+1,tblptrh
 10193   001A34  6AF8               	clrf	tblptru,c
 10194   001A36  0E05               	movlw	(high __ramtop+-1)
 10195   001A38  64F7               	cpfsgt	tblptrh,c
 10196   001A3A  D003               	bra	u2437
 10197   001A3C  0008               	tblrd		*
 10198   001A3E  50F5               	movf	tablat,w,c
 10199   001A40  D005               	bra	u2430
 10200   001A42                     u2437:
 10201   001A42  CFF6 FFE9          	movff	tblptrl,fsr0l
 10202   001A46  CFF7 FFEA          	movff	tblptrh,fsr0h
 10203   001A4A  50EF               	movf	indf0,w,c
 10204   001A4C                     u2430:
 10205   001A4C  0900               	iorlw	0
 10206   001A4E  A4D8               	btfss	status,2,c
 10207   001A50  EF2C  F00D         	goto	u2441
 10208   001A54  EF2E  F00D         	goto	u2440
 10209   001A58                     u2441:
 10210   001A58  EF02  F00D         	goto	l3234
 10211   001A5C                     u2440:
 10212   001A5C  0012               	return		;funcret
 10213   001A5E                     __end_of_put_str:
 10214                           	callstack 0
 10215                           
 10216 ;; *************** function _put_char *****************
 10217 ;; Defined at:
 10218 ;;		line 33 in file "uart.c"
 10219 ;; Parameters:    Size  Location     Type
 10220 ;;  ch              1    wreg     unsigned char 
 10221 ;; Auto vars:     Size  Location     Type
 10222 ;;  ch              1    0[COMRAM] unsigned char 
 10223 ;; Return value:  Size  Location     Type
 10224 ;;                  1    wreg      void 
 10225 ;; Registers used:
 10226 ;;		wreg
 10227 ;; Tracked objects:
 10228 ;;		On entry : 0/0
 10229 ;;		On exit  : 0/0
 10230 ;;		Unchanged: 0/0
 10231 ;; Data sizes:     COMRAM   BANK0   BANK1   BANK2   BANK3   BANK4   BANK5
 10232 ;;      Params:         0       0       0       0       0       0       0
 10233 ;;      Locals:         1       0       0       0       0       0       0
 10234 ;;      Temps:          0       0       0       0       0       0       0
 10235 ;;      Totals:         1       0       0       0       0       0       0
 10236 ;;Total ram usage:        1 bytes
 10237 ;; Hardware stack levels used: 1
 10238 ;; Hardware stack levels required when called: 1
 10239 ;; This function calls:
 10240 ;;		Nothing
 10241 ;; This function is called by:
 10242 ;;		_download_log
 10243 ;;		_put_str
 10244 ;; This function uses a non-reentrant model
 10245 ;;
 10246                           
 10247                           	psect	text32
 10248   001E08                     __ptext32:
 10249                           	callstack 0
 10250   001E08                     _put_char:
 10251                           	callstack 27
 10252                           
 10253                           ;incstack = 0
 10254                           ;put_char@ch stored from wreg
 10255   001E08  6E02               	movwf	put_char@ch^0,c
 10256   001E0A                     l550:
 10257   001E0A  A89E               	btfss	3998,4,c	;volatile
 10258   001E0C  EF0A  F00F         	goto	u1991
 10259   001E10  EF0C  F00F         	goto	u1990
 10260   001E14                     u1991:
 10261   001E14  EF05  F00F         	goto	l550
 10262   001E18                     u1990:
 10263   001E18                     
 10264                           ;uart.c: 35:     TXREG = ch;
 10265   001E18  C002  FFAD         	movff	put_char@ch,4013	;volatile
 10266   001E1C  0012               	return		;funcret
 10267   001E1E                     __end_of_put_char:
 10268                           	callstack 0
 10269                           
 10270 ;; *************** function _convert_speed_to_string *****************
 10271 ;; Defined at:
 10272 ;;		line 64 in file "dashboard.c"
 10273 ;; Parameters:    Size  Location     Type
 10274 ;;  speed           1   14[COMRAM] PTR unsigned char 
 10275 ;;		 -> download_log@spd_str(4), view_log@spd_str(4), speed(4), 
 10276 ;;  spd             1   15[COMRAM] unsigned char 
 10277 ;; Auto vars:     Size  Location     Type
 10278 ;;		None
 10279 ;; Return value:  Size  Location     Type
 10280 ;;                  1    wreg      void 
 10281 ;; Registers used:
 10282 ;;		wreg, fsr2l, fsr2h, status,2, status,0, cstack
 10283 ;; Tracked objects:
 10284 ;;		On entry : 0/0
 10285 ;;		On exit  : 0/0
 10286 ;;		Unchanged: 0/0
 10287 ;; Data sizes:     COMRAM   BANK0   BANK1   BANK2   BANK3   BANK4   BANK5
 10288 ;;      Params:         2       0       0       0       0       0       0
 10289 ;;      Locals:         0       0       0       0       0       0       0
 10290 ;;      Temps:          0       0       0       0       0       0       0
 10291 ;;      Totals:         2       0       0       0       0       0       0
 10292 ;;Total ram usage:        2 bytes
 10293 ;; Hardware stack levels used: 1
 10294 ;; Hardware stack levels required when called: 1
 10295 ;; This function calls:
 10296 ;;		___awdiv
 10297 ;;		___awmod
 10298 ;; This function is called by:
 10299 ;;		_read_speed_adc
 10300 ;;		_view_log
 10301 ;;		_download_log
 10302 ;; This function uses a non-reentrant model
 10303 ;;
 10304                           
 10305                           	psect	text33
 10306   0017B4                     __ptext33:
 10307                           	callstack 0
 10308   0017B4                     _convert_speed_to_string:
 10309                           	callstack 27
 10310   0017B4                     
 10311                           ;dashboard.c: 65:     speed[0] = ( spd / 100 ) % 10 + '0';
 10312   0017B4  5010               	movf	convert_speed_to_string@speed^0,w,c
 10313   0017B6  6ED9               	movwf	fsr2l,c
 10314   0017B8  6ADA               	clrf	fsr2h,c
 10315   0017BA  6A05               	clrf	(___awdiv@divisor+1)^0,c
 10316   0017BC  0E64               	movlw	100
 10317   0017BE  6E04               	movwf	___awdiv@divisor^0,c
 10318   0017C0  C011  F002         	movff	convert_speed_to_string@spd,___awdiv@dividend
 10319   0017C4  6A03               	clrf	(___awdiv@dividend+1)^0,c
 10320   0017C6  ECC9  F009         	call	___awdiv	;wreg free
 10321   0017CA  C002  F00A         	movff	?___awdiv,___awmod@dividend
 10322   0017CE  C003  F00B         	movff	?___awdiv+1,___awmod@dividend+1
 10323   0017D2  6A0D               	clrf	(___awmod@divisor+1)^0,c
 10324   0017D4  0E0A               	movlw	10
 10325   0017D6  6E0C               	movwf	___awmod@divisor^0,c
 10326   0017D8  ECE2  F00A         	call	___awmod	;wreg free
 10327   0017DC  500A               	movf	?___awmod^0,w,c
 10328   0017DE  0F30               	addlw	48
 10329   0017E0  6EDF               	movwf	indf2,c
 10330                           
 10331                           ;dashboard.c: 66:     speed[1] = ( spd / 10 ) % 10 + '0';
 10332   0017E2  5010               	movf	convert_speed_to_string@speed^0,w,c
 10333   0017E4  6ED9               	movwf	fsr2l,c
 10334   0017E6  6ADA               	clrf	fsr2h,c
 10335   0017E8  0E01               	movlw	1
 10336   0017EA  26D9               	addwf	fsr2l,f,c
 10337   0017EC  6A05               	clrf	(___awdiv@divisor+1)^0,c
 10338   0017EE  0E0A               	movlw	10
 10339   0017F0  6E04               	movwf	___awdiv@divisor^0,c
 10340   0017F2  C011  F002         	movff	convert_speed_to_string@spd,___awdiv@dividend
 10341   0017F6  6A03               	clrf	(___awdiv@dividend+1)^0,c
 10342   0017F8  ECC9  F009         	call	___awdiv	;wreg free
 10343   0017FC  C002  F00A         	movff	?___awdiv,___awmod@dividend
 10344   001800  C003  F00B         	movff	?___awdiv+1,___awmod@dividend+1
 10345   001804  6A0D               	clrf	(___awmod@divisor+1)^0,c
 10346   001806  0E0A               	movlw	10
 10347   001808  6E0C               	movwf	___awmod@divisor^0,c
 10348   00180A  ECE2  F00A         	call	___awmod	;wreg free
 10349   00180E  500A               	movf	?___awmod^0,w,c
 10350   001810  0F30               	addlw	48
 10351   001812  6EDF               	movwf	indf2,c
 10352                           
 10353                           ;dashboard.c: 67:     speed[2] = ( spd ) % 10 + '0';
 10354   001814  5010               	movf	convert_speed_to_string@speed^0,w,c
 10355   001816  6ED9               	movwf	fsr2l,c
 10356   001818  6ADA               	clrf	fsr2h,c
 10357   00181A  0E02               	movlw	2
 10358   00181C  26D9               	addwf	fsr2l,f,c
 10359   00181E  C011  F00A         	movff	convert_speed_to_string@spd,___awmod@dividend
 10360   001822  6A0B               	clrf	(___awmod@dividend+1)^0,c
 10361   001824  6A0D               	clrf	(___awmod@divisor+1)^0,c
 10362   001826  0E0A               	movlw	10
 10363   001828  6E0C               	movwf	___awmod@divisor^0,c
 10364   00182A  ECE2  F00A         	call	___awmod	;wreg free
 10365   00182E  500A               	movf	?___awmod^0,w,c
 10366   001830  0F30               	addlw	48
 10367   001832  6EDF               	movwf	indf2,c
 10368   001834                     
 10369                           ;dashboard.c: 68:     speed[3] = '\0';
 10370   001834  5010               	movf	convert_speed_to_string@speed^0,w,c
 10371   001836  6ED9               	movwf	fsr2l,c
 10372   001838  6ADA               	clrf	fsr2h,c
 10373   00183A  0E03               	movlw	3
 10374   00183C  26D9               	addwf	fsr2l,f,c
 10375   00183E  6ADF               	clrf	indf2,c
 10376   001840  0012               	return		;funcret
 10377   001842                     __end_of_convert_speed_to_string:
 10378                           	callstack 0
 10379                           
 10380 ;; *************** function ___awmod *****************
 10381 ;; Defined at:
 10382 ;;		line 7 in file "C:\Program Files\Microchip\xc8\v3.10\pic\sources\c99\common\awmod.c"
 10383 ;; Parameters:    Size  Location     Type
 10384 ;;  dividend        2    8[COMRAM] int 
 10385 ;;  divisor         2   10[COMRAM] int 
 10386 ;; Auto vars:     Size  Location     Type
 10387 ;;  sign            1   13[COMRAM] unsigned char 
 10388 ;;  counter         1   12[COMRAM] unsigned char 
 10389 ;; Return value:  Size  Location     Type
 10390 ;;                  2    8[COMRAM] int 
 10391 ;; Registers used:
 10392 ;;		wreg, status,2, status,0
 10393 ;; Tracked objects:
 10394 ;;		On entry : 0/0
 10395 ;;		On exit  : 0/0
 10396 ;;		Unchanged: 0/0
 10397 ;; Data sizes:     COMRAM   BANK0   BANK1   BANK2   BANK3   BANK4   BANK5
 10398 ;;      Params:         4       0       0       0       0       0       0
 10399 ;;      Locals:         2       0       0       0       0       0       0
 10400 ;;      Temps:          0       0       0       0       0       0       0
 10401 ;;      Totals:         6       0       0       0       0       0       0
 10402 ;;Total ram usage:        6 bytes
 10403 ;; Hardware stack levels used: 1
 10404 ;; Hardware stack levels required when called: 1
 10405 ;; This function calls:
 10406 ;;		Nothing
 10407 ;; This function is called by:
 10408 ;;		_convert_speed_to_string
 10409 ;;		_update_time
 10410 ;;		_view_log
 10411 ;;		_set_time
 10412 ;;		_download_log
 10413 ;; This function uses a non-reentrant model
 10414 ;;
 10415                           
 10416                           	psect	text34
 10417   0015C4                     __ptext34:
 10418                           	callstack 0
 10419   0015C4                     ___awmod:
 10420                           	callstack 26
 10421   0015C4  6A0F               	clrf	___awmod@sign^0,c
 10422   0015C6  BE0B               	btfsc	(___awmod@dividend+1)^0,7,c
 10423   0015C8  EFEA  F00A         	goto	u1830
 10424   0015CC  EFE8  F00A         	goto	u1831
 10425   0015D0                     u1831:
 10426   0015D0  EFF0  F00A         	goto	l2766
 10427   0015D4                     u1830:
 10428   0015D4  6C0A               	negf	___awmod@dividend^0,c
 10429   0015D6  1E0B               	comf	(___awmod@dividend+1)^0,f,c
 10430   0015D8  B0D8               	btfsc	status,0,c
 10431   0015DA  2A0B               	incf	(___awmod@dividend+1)^0,f,c
 10432   0015DC  0E01               	movlw	1
 10433   0015DE  6E0F               	movwf	___awmod@sign^0,c
 10434   0015E0                     l2766:
 10435   0015E0  BE0D               	btfsc	(___awmod@divisor+1)^0,7,c
 10436   0015E2  EFF7  F00A         	goto	u1840
 10437   0015E6  EFF5  F00A         	goto	u1841
 10438   0015EA                     u1841:
 10439   0015EA  EFFB  F00A         	goto	l2770
 10440   0015EE                     u1840:
 10441   0015EE  6C0C               	negf	___awmod@divisor^0,c
 10442   0015F0  1E0D               	comf	(___awmod@divisor+1)^0,f,c
 10443   0015F2  B0D8               	btfsc	status,0,c
 10444   0015F4  2A0D               	incf	(___awmod@divisor+1)^0,f,c
 10445   0015F6                     l2770:
 10446   0015F6  500C               	movf	___awmod@divisor^0,w,c
 10447   0015F8  100D               	iorwf	(___awmod@divisor+1)^0,w,c
 10448   0015FA  B4D8               	btfsc	status,2,c
 10449   0015FC  EF02  F00B         	goto	u1851
 10450   001600  EF04  F00B         	goto	u1850
 10451   001604                     u1851:
 10452   001604  EF28  F00B         	goto	l2786
 10453   001608                     u1850:
 10454   001608  0E01               	movlw	1
 10455   00160A  6E0E               	movwf	___awmod@counter^0,c
 10456   00160C  EF0C  F00B         	goto	l2776
 10457   001610                     l2774:
 10458   001610  90D8               	bcf	status,0,c
 10459   001612  360C               	rlcf	___awmod@divisor^0,f,c
 10460   001614  360D               	rlcf	(___awmod@divisor+1)^0,f,c
 10461   001616  2A0E               	incf	___awmod@counter^0,f,c
 10462   001618                     l2776:
 10463   001618  AE0D               	btfss	(___awmod@divisor+1)^0,7,c
 10464   00161A  EF11  F00B         	goto	u1861
 10465   00161E  EF13  F00B         	goto	u1860
 10466   001622                     u1861:
 10467   001622  EF08  F00B         	goto	l2774
 10468   001626                     u1860:
 10469   001626                     l2778:
 10470   001626  500C               	movf	___awmod@divisor^0,w,c
 10471   001628  5C0A               	subwf	___awmod@dividend^0,w,c
 10472   00162A  500D               	movf	(___awmod@divisor+1)^0,w,c
 10473   00162C  580B               	subwfb	(___awmod@dividend+1)^0,w,c
 10474   00162E  A0D8               	btfss	status,0,c
 10475   001630  EF1C  F00B         	goto	u1871
 10476   001634  EF1E  F00B         	goto	u1870
 10477   001638                     u1871:
 10478   001638  EF22  F00B         	goto	l2782
 10479   00163C                     u1870:
 10480   00163C  500C               	movf	___awmod@divisor^0,w,c
 10481   00163E  5E0A               	subwf	___awmod@dividend^0,f,c
 10482   001640  500D               	movf	(___awmod@divisor+1)^0,w,c
 10483   001642  5A0B               	subwfb	(___awmod@dividend+1)^0,f,c
 10484   001644                     l2782:
 10485   001644  90D8               	bcf	status,0,c
 10486   001646  320D               	rrcf	(___awmod@divisor+1)^0,f,c
 10487   001648  320C               	rrcf	___awmod@divisor^0,f,c
 10488   00164A  2E0E               	decfsz	___awmod@counter^0,f,c
 10489   00164C  EF13  F00B         	goto	l2778
 10490   001650                     l2786:
 10491   001650  500F               	movf	___awmod@sign^0,w,c
 10492   001652  B4D8               	btfsc	status,2,c
 10493   001654  EF2E  F00B         	goto	u1881
 10494   001658  EF30  F00B         	goto	u1880
 10495   00165C                     u1881:
 10496   00165C  EF34  F00B         	goto	l2790
 10497   001660                     u1880:
 10498   001660  6C0A               	negf	___awmod@dividend^0,c
 10499   001662  1E0B               	comf	(___awmod@dividend+1)^0,f,c
 10500   001664  B0D8               	btfsc	status,0,c
 10501   001666  2A0B               	incf	(___awmod@dividend+1)^0,f,c
 10502   001668                     l2790:
 10503   001668  C00A  F00A         	movff	___awmod@dividend,?___awmod
 10504   00166C  C00B  F00B         	movff	___awmod@dividend+1,?___awmod+1
 10505   001670  0012               	return		;funcret
 10506   001672                     __end_of___awmod:
 10507                           	callstack 0
 10508                           
 10509 ;; *************** function ___awdiv *****************
 10510 ;; Defined at:
 10511 ;;		line 7 in file "C:\Program Files\Microchip\xc8\v3.10\pic\sources\c99\common\awdiv.c"
 10512 ;; Parameters:    Size  Location     Type
 10513 ;;  dividend        2    0[COMRAM] int 
 10514 ;;  divisor         2    2[COMRAM] int 
 10515 ;; Auto vars:     Size  Location     Type
 10516 ;;  quotient        2    6[COMRAM] int 
 10517 ;;  sign            1    5[COMRAM] unsigned char 
 10518 ;;  counter         1    4[COMRAM] unsigned char 
 10519 ;; Return value:  Size  Location     Type
 10520 ;;                  2    0[COMRAM] int 
 10521 ;; Registers used:
 10522 ;;		wreg, status,2, status,0
 10523 ;; Tracked objects:
 10524 ;;		On entry : 0/0
 10525 ;;		On exit  : 0/0
 10526 ;;		Unchanged: 0/0
 10527 ;; Data sizes:     COMRAM   BANK0   BANK1   BANK2   BANK3   BANK4   BANK5
 10528 ;;      Params:         4       0       0       0       0       0       0
 10529 ;;      Locals:         4       0       0       0       0       0       0
 10530 ;;      Temps:          0       0       0       0       0       0       0
 10531 ;;      Totals:         8       0       0       0       0       0       0
 10532 ;;Total ram usage:        8 bytes
 10533 ;; Hardware stack levels used: 1
 10534 ;; Hardware stack levels required when called: 1
 10535 ;; This function calls:
 10536 ;;		Nothing
 10537 ;; This function is called by:
 10538 ;;		_convert_speed_to_string
 10539 ;;		_update_time
 10540 ;;		_view_log
 10541 ;;		_set_time
 10542 ;;		_download_log
 10543 ;; This function uses a non-reentrant model
 10544 ;;
 10545                           
 10546                           	psect	text35
 10547   001392                     __ptext35:
 10548                           	callstack 0
 10549   001392                     ___awdiv:
 10550                           	callstack 26
 10551   001392  6A07               	clrf	___awdiv@sign^0,c
 10552   001394  BE05               	btfsc	(___awdiv@divisor+1)^0,7,c
 10553   001396  EFD1  F009         	goto	u1770
 10554   00139A  EFCF  F009         	goto	u1771
 10555   00139E                     u1771:
 10556   00139E  EFD7  F009         	goto	l2722
 10557   0013A2                     u1770:
 10558   0013A2  6C04               	negf	___awdiv@divisor^0,c
 10559   0013A4  1E05               	comf	(___awdiv@divisor+1)^0,f,c
 10560   0013A6  B0D8               	btfsc	status,0,c
 10561   0013A8  2A05               	incf	(___awdiv@divisor+1)^0,f,c
 10562   0013AA  0E01               	movlw	1
 10563   0013AC  6E07               	movwf	___awdiv@sign^0,c
 10564   0013AE                     l2722:
 10565   0013AE  BE03               	btfsc	(___awdiv@dividend+1)^0,7,c
 10566   0013B0  EFDE  F009         	goto	u1780
 10567   0013B4  EFDC  F009         	goto	u1781
 10568   0013B8                     u1781:
 10569   0013B8  EFE4  F009         	goto	l2728
 10570   0013BC                     u1780:
 10571   0013BC  6C02               	negf	___awdiv@dividend^0,c
 10572   0013BE  1E03               	comf	(___awdiv@dividend+1)^0,f,c
 10573   0013C0  B0D8               	btfsc	status,0,c
 10574   0013C2  2A03               	incf	(___awdiv@dividend+1)^0,f,c
 10575   0013C4  0E01               	movlw	1
 10576   0013C6  1A07               	xorwf	___awdiv@sign^0,f,c
 10577   0013C8                     l2728:
 10578   0013C8  6A09               	clrf	(___awdiv@quotient+1)^0,c
 10579   0013CA  0E00               	movlw	0
 10580   0013CC  6E08               	movwf	___awdiv@quotient^0,c
 10581   0013CE  5004               	movf	___awdiv@divisor^0,w,c
 10582   0013D0  1005               	iorwf	(___awdiv@divisor+1)^0,w,c
 10583   0013D2  B4D8               	btfsc	status,2,c
 10584   0013D4  EFEE  F009         	goto	u1791
 10585   0013D8  EFF0  F009         	goto	u1790
 10586   0013DC                     u1791:
 10587   0013DC  EF18  F00A         	goto	l2750
 10588   0013E0                     u1790:
 10589   0013E0  0E01               	movlw	1
 10590   0013E2  6E06               	movwf	___awdiv@counter^0,c
 10591   0013E4  EFF8  F009         	goto	l2736
 10592   0013E8                     l2734:
 10593   0013E8  90D8               	bcf	status,0,c
 10594   0013EA  3604               	rlcf	___awdiv@divisor^0,f,c
 10595   0013EC  3605               	rlcf	(___awdiv@divisor+1)^0,f,c
 10596   0013EE  2A06               	incf	___awdiv@counter^0,f,c
 10597   0013F0                     l2736:
 10598   0013F0  AE05               	btfss	(___awdiv@divisor+1)^0,7,c
 10599   0013F2  EFFD  F009         	goto	u1801
 10600   0013F6  EFFF  F009         	goto	u1800
 10601   0013FA                     u1801:
 10602   0013FA  EFF4  F009         	goto	l2734
 10603   0013FE                     u1800:
 10604   0013FE                     l2738:
 10605   0013FE  90D8               	bcf	status,0,c
 10606   001400  3608               	rlcf	___awdiv@quotient^0,f,c
 10607   001402  3609               	rlcf	(___awdiv@quotient+1)^0,f,c
 10608   001404  5004               	movf	___awdiv@divisor^0,w,c
 10609   001406  5C02               	subwf	___awdiv@dividend^0,w,c
 10610   001408  5005               	movf	(___awdiv@divisor+1)^0,w,c
 10611   00140A  5803               	subwfb	(___awdiv@dividend+1)^0,w,c
 10612   00140C  A0D8               	btfss	status,0,c
 10613   00140E  EF0B  F00A         	goto	u1811
 10614   001412  EF0D  F00A         	goto	u1810
 10615   001416                     u1811:
 10616   001416  EF12  F00A         	goto	l2746
 10617   00141A                     u1810:
 10618   00141A  5004               	movf	___awdiv@divisor^0,w,c
 10619   00141C  5E02               	subwf	___awdiv@dividend^0,f,c
 10620   00141E  5005               	movf	(___awdiv@divisor+1)^0,w,c
 10621   001420  5A03               	subwfb	(___awdiv@dividend+1)^0,f,c
 10622   001422  8008               	bsf	___awdiv@quotient^0,0,c
 10623   001424                     l2746:
 10624   001424  90D8               	bcf	status,0,c
 10625   001426  3205               	rrcf	(___awdiv@divisor+1)^0,f,c
 10626   001428  3204               	rrcf	___awdiv@divisor^0,f,c
 10627   00142A  2E06               	decfsz	___awdiv@counter^0,f,c
 10628   00142C  EFFF  F009         	goto	l2738
 10629   001430                     l2750:
 10630   001430  5007               	movf	___awdiv@sign^0,w,c
 10631   001432  B4D8               	btfsc	status,2,c
 10632   001434  EF1E  F00A         	goto	u1821
 10633   001438  EF20  F00A         	goto	u1820
 10634   00143C                     u1821:
 10635   00143C  EF24  F00A         	goto	l2754
 10636   001440                     u1820:
 10637   001440  6C08               	negf	___awdiv@quotient^0,c
 10638   001442  1E09               	comf	(___awdiv@quotient+1)^0,f,c
 10639   001444  B0D8               	btfsc	status,0,c
 10640   001446  2A09               	incf	(___awdiv@quotient+1)^0,f,c
 10641   001448                     l2754:
 10642   001448  C008  F002         	movff	___awdiv@quotient,?___awdiv
 10643   00144C  C009  F003         	movff	___awdiv@quotient+1,?___awdiv+1
 10644   001450  0012               	return		;funcret
 10645   001452                     __end_of___awdiv:
 10646                           	callstack 0
 10647                           
 10648 ;; *************** function _display_main_menu *****************
 10649 ;; Defined at:
 10650 ;;		line 9 in file "menu.c"
 10651 ;; Parameters:    Size  Location     Type
 10652 ;;		None
 10653 ;; Auto vars:     Size  Location     Type
 10654 ;;  menu            8    6[COMRAM] PTR const unsigned char 
 10655 ;;		 -> STR_13(10), STR_12(9), STR_11(9), STR_10(9), 
 10656 ;;  key             1   14[COMRAM] unsigned char 
 10657 ;; Return value:  Size  Location     Type
 10658 ;;                  1    wreg      void 
 10659 ;; Registers used:
 10660 ;;		wreg, fsr0l, fsr0h, fsr1l, fsr1h, fsr2l, fsr2h, status,2, status,0, tblptrl, tblptrh, tblptru, prodl, prodh, cstack
 10661 ;; Tracked objects:
 10662 ;;		On entry : 0/0
 10663 ;;		On exit  : 0/0
 10664 ;;		Unchanged: 0/0
 10665 ;; Data sizes:     COMRAM   BANK0   BANK1   BANK2   BANK3   BANK4   BANK5
 10666 ;;      Params:         0       0       0       0       0       0       0
 10667 ;;      Locals:         9       0       0       0       0       0       0
 10668 ;;      Temps:          1       0       0       0       0       0       0
 10669 ;;      Totals:        10       0       0       0       0       0       0
 10670 ;;Total ram usage:       10 bytes
 10671 ;; Hardware stack levels used: 1
 10672 ;; Hardware stack levels required when called: 3
 10673 ;; This function calls:
 10674 ;;		_clcd_print
 10675 ;;		_clcd_write
 10676 ;;		_read_switches
 10677 ;; This function is called by:
 10678 ;;		_main
 10679 ;; This function uses a non-reentrant model
 10680 ;;
 10681                           
 10682                           	psect	text36
 10683   000D14                     __ptext36:
 10684                           	callstack 0
 10685   000D14                     _display_main_menu:
 10686                           	callstack 27
 10687   000D14                     
 10688                           ;menu.c: 11:     static unsigned char menu_index = 0;;menu.c: 12:     static unsigned ch
      +                          ar cursor = 0;;menu.c: 13:     static unsigned char selected = 0;;menu.c: 15:     const 
      +                          char* menu[] = {
 10689   000D14  EE20  F096         	lfsr	2,display_main_menu@F10667
 10690   000D18  EE10  F008         	lfsr	1,display_main_menu@menu
 10691   000D1C  0E07               	movlw	7
 10692   000D1E                     u2511:
 10693   000D1E  CFDB FFE3          	movff	plusw2,plusw1
 10694   000D22  06E8               	decf	wreg,f,c
 10695   000D24  E2FC               	bc	u2511
 10696   000D26                     
 10697                           ;menu.c: 22:     unsigned char key = read_switches(1);
 10698   000D26  0E01               	movlw	1
 10699   000D28  EC21  F00C         	call	_read_switches
 10700   000D2C  6E10               	movwf	display_main_menu@key^0,c
 10701   000D2E                     
 10702                           ;menu.c: 24:     if ( key == 1 && selected < 3 ) {
 10703   000D2E  0410               	decf	display_main_menu@key^0,w,c
 10704   000D30  A4D8               	btfss	status,2,c
 10705   000D32  EF9D  F006         	goto	u2521
 10706   000D36  EF9F  F006         	goto	u2520
 10707   000D3A                     u2521:
 10708   000D3A  EFBD  F006         	goto	l3316
 10709   000D3E                     u2520:
 10710   000D3E  0E03               	movlw	3
 10711   000D40  6047               	cpfslt	display_main_menu@selected^0,c
 10712   000D42  EFA5  F006         	goto	u2531
 10713   000D46  EFA7  F006         	goto	u2530
 10714   000D4A                     u2531:
 10715   000D4A  EFBD  F006         	goto	l3316
 10716   000D4E                     u2530:
 10717   000D4E                     
 10718                           ;menu.c: 25:         selected+=1;
 10719   000D4E  2A47               	incf	display_main_menu@selected^0,f,c
 10720   000D50                     
 10721                           ;menu.c: 26:         if ( cursor == 0 ) {
 10722   000D50  5048               	movf	display_main_menu@cursor^0,w,c
 10723   000D52  A4D8               	btfss	status,2,c
 10724   000D54  EFAE  F006         	goto	u2541
 10725   000D58  EFB0  F006         	goto	u2540
 10726   000D5C                     u2541:
 10727   000D5C  EFB4  F006         	goto	l240
 10728   000D60                     u2540:
 10729   000D60                     
 10730                           ;menu.c: 27:             cursor = 1;
 10731   000D60  0E01               	movlw	1
 10732   000D62  6E48               	movwf	display_main_menu@cursor^0,c
 10733                           
 10734                           ;menu.c: 28:         } else {
 10735   000D64  EFB6  F006         	goto	l3314
 10736   000D68                     l240:
 10737                           
 10738                           ;menu.c: 29:             cursor = 0;
 10739   000D68  6A48               	clrf	display_main_menu@cursor^0,c
 10740   000D6A                     
 10741                           ;menu.c: 30:             menu_index+=1;
 10742   000D6A  2A49               	incf	display_main_menu@menu_index^0,f,c
 10743   000D6C                     l3314:
 10744                           
 10745                           ;menu.c: 32:         clcd_write(0x01, 0);
 10746   000D6C  0E00               	movlw	0
 10747   000D6E  6E02               	movwf	clcd_write@control_bit^0,c
 10748   000D70  0E01               	movlw	1
 10749   000D72  EC6C  F00E         	call	_clcd_write
 10750                           
 10751                           ;menu.c: 33:     } else if ( key == 2 && selected > 0 ) {
 10752   000D76  EF2B  F007         	goto	l3356
 10753   000D7A                     l3316:
 10754   000D7A  0E02               	movlw	2
 10755   000D7C  1810               	xorwf	display_main_menu@key^0,w,c
 10756   000D7E  A4D8               	btfss	status,2,c
 10757   000D80  EFC4  F006         	goto	u2551
 10758   000D84  EFC6  F006         	goto	u2550
 10759   000D88                     u2551:
 10760   000D88  EFE4  F006         	goto	l3332
 10761   000D8C                     u2550:
 10762   000D8C  5047               	movf	display_main_menu@selected^0,w,c
 10763   000D8E  B4D8               	btfsc	status,2,c
 10764   000D90  EFCC  F006         	goto	u2561
 10765   000D94  EFCE  F006         	goto	u2560
 10766   000D98                     u2561:
 10767   000D98  EFE4  F006         	goto	l3332
 10768   000D9C                     u2560:
 10769   000D9C                     
 10770                           ;menu.c: 34:         selected--;
 10771   000D9C  0647               	decf	display_main_menu@selected^0,f,c
 10772   000D9E                     
 10773                           ;menu.c: 35:         if ( cursor == 1 ) {
 10774   000D9E  0448               	decf	display_main_menu@cursor^0,w,c
 10775   000DA0  A4D8               	btfss	status,2,c
 10776   000DA2  EFD5  F006         	goto	u2571
 10777   000DA6  EFD7  F006         	goto	u2570
 10778   000DAA                     u2571:
 10779   000DAA  EFDA  F006         	goto	l3326
 10780   000DAE                     u2570:
 10781   000DAE                     
 10782                           ;menu.c: 36:             cursor = 0;
 10783   000DAE  6A48               	clrf	display_main_menu@cursor^0,c
 10784                           
 10785                           ;menu.c: 37:         } else {
 10786   000DB0  EFDD  F006         	goto	l3330
 10787   000DB4                     l3326:
 10788                           
 10789                           ;menu.c: 38:             cursor = 1;
 10790   000DB4  0E01               	movlw	1
 10791   000DB6  6E48               	movwf	display_main_menu@cursor^0,c
 10792   000DB8                     
 10793                           ;menu.c: 39:             menu_index-=1;
 10794   000DB8  0649               	decf	display_main_menu@menu_index^0,f,c
 10795   000DBA                     l3330:
 10796                           
 10797                           ;menu.c: 41:         clcd_write(0x01, 0);
 10798   000DBA  0E00               	movlw	0
 10799   000DBC  6E02               	movwf	clcd_write@control_bit^0,c
 10800   000DBE  0E01               	movlw	1
 10801   000DC0  EC6C  F00E         	call	_clcd_write
 10802                           
 10803                           ;menu.c: 42:     } else if (key == 11) {
 10804   000DC4  EF2B  F007         	goto	l3356
 10805   000DC8                     l3332:
 10806   000DC8  0E0B               	movlw	11
 10807   000DCA  1810               	xorwf	display_main_menu@key^0,w,c
 10808   000DCC  A4D8               	btfss	status,2,c
 10809   000DCE  EFEB  F006         	goto	u2581
 10810   000DD2  EFED  F006         	goto	u2580
 10811   000DD6                     u2581:
 10812   000DD6  EF19  F007         	goto	l3350
 10813   000DDA                     u2580:
 10814   000DDA                     
 10815                           ;menu.c: 43:         if ( selected == 0 ) state = e_view_log;
 10816   000DDA  5047               	movf	display_main_menu@selected^0,w,c
 10817   000DDC  A4D8               	btfss	status,2,c
 10818   000DDE  EFF3  F006         	goto	u2591
 10819   000DE2  EFF5  F006         	goto	u2590
 10820   000DE6                     u2591:
 10821   000DE6  EFF7  F006         	goto	l3338
 10822   000DEA                     u2590:
 10823   000DEA  0E02               	movlw	2
 10824   000DEC  6E51               	movwf	_state^0,c
 10825   000DEE                     l3338:
 10826                           
 10827                           ;menu.c: 44:         if ( selected == 1 ) state = e_download_log;
 10828   000DEE  0447               	decf	display_main_menu@selected^0,w,c
 10829   000DF0  A4D8               	btfss	status,2,c
 10830   000DF2  EFFD  F006         	goto	u2601
 10831   000DF6  EFFF  F006         	goto	u2600
 10832   000DFA                     u2601:
 10833   000DFA  EF01  F007         	goto	l3342
 10834   000DFE                     u2600:
 10835   000DFE  0E04               	movlw	4
 10836   000E00  6E51               	movwf	_state^0,c
 10837   000E02                     l3342:
 10838                           
 10839                           ;menu.c: 45:         if ( selected == 2 ) state = e_set_time;
 10840   000E02  0E02               	movlw	2
 10841   000E04  1847               	xorwf	display_main_menu@selected^0,w,c
 10842   000E06  A4D8               	btfss	status,2,c
 10843   000E08  EF08  F007         	goto	u2611
 10844   000E0C  EF0A  F007         	goto	u2610
 10845   000E10                     u2611:
 10846   000E10  EF0C  F007         	goto	l3346
 10847   000E14                     u2610:
 10848   000E14  0E03               	movlw	3
 10849   000E16  6E51               	movwf	_state^0,c
 10850   000E18                     l3346:
 10851                           
 10852                           ;menu.c: 46:         if ( selected == 3 ) state = e_clear_log;
 10853   000E18  0E03               	movlw	3
 10854   000E1A  1847               	xorwf	display_main_menu@selected^0,w,c
 10855   000E1C  A4D8               	btfss	status,2,c
 10856   000E1E  EF13  F007         	goto	u2621
 10857   000E22  EF15  F007         	goto	u2620
 10858   000E26                     u2621:
 10859   000E26  EF2B  F007         	goto	l3356
 10860   000E2A                     u2620:
 10861   000E2A  0E05               	movlw	5
 10862   000E2C  6E51               	movwf	_state^0,c
 10863   000E2E  EF2B  F007         	goto	l3356
 10864   000E32                     l3350:
 10865   000E32  0E0C               	movlw	12
 10866   000E34  1810               	xorwf	display_main_menu@key^0,w,c
 10867   000E36  A4D8               	btfss	status,2,c
 10868   000E38  EF20  F007         	goto	u2631
 10869   000E3C  EF22  F007         	goto	u2630
 10870   000E40                     u2631:
 10871   000E40  EF2B  F007         	goto	l3356
 10872   000E44                     u2630:
 10873   000E44                     
 10874                           ;menu.c: 49:         menu_index = 0;
 10875   000E44  6A49               	clrf	display_main_menu@menu_index^0,c
 10876                           
 10877                           ;menu.c: 50:         cursor = 0;
 10878   000E46  6A48               	clrf	display_main_menu@cursor^0,c
 10879                           
 10880                           ;menu.c: 51:         selected = 0;
 10881   000E48  6A47               	clrf	display_main_menu@selected^0,c
 10882                           
 10883                           ;menu.c: 52:         state = e_dashboard;
 10884   000E4A  6A51               	clrf	_state^0,c
 10885   000E4C                     
 10886                           ;menu.c: 53:         clcd_write(0x01, 0);
 10887   000E4C  0E00               	movlw	0
 10888   000E4E  6E02               	movwf	clcd_write@control_bit^0,c
 10889   000E50  0E01               	movlw	1
 10890   000E52  EC6C  F00E         	call	_clcd_write
 10891   000E56                     l3356:
 10892                           
 10893                           ;menu.c: 58:     if ( cursor == 0 ) {
 10894   000E56  5048               	movf	display_main_menu@cursor^0,w,c
 10895   000E58  A4D8               	btfss	status,2,c
 10896   000E5A  EF31  F007         	goto	u2641
 10897   000E5E  EF33  F007         	goto	u2640
 10898   000E62                     u2641:
 10899   000E62  EF45  F007         	goto	l3360
 10900   000E66                     u2640:
 10901   000E66                     
 10902                           ;menu.c: 59:         clcd_print((unsigned char*)"->",(0x80 + (0)));
 10903   000E66  0EFA               	movlw	low STR_14
 10904   000E68  6E04               	movwf	clcd_print@data^0,c
 10905   000E6A  0E2F               	movlw	high STR_14
 10906   000E6C  6E05               	movwf	(clcd_print@data+1)^0,c
 10907   000E6E  0E80               	movlw	128
 10908   000E70  6E06               	movwf	clcd_print@addr^0,c
 10909   000E72  EC62  F00C         	call	_clcd_print	;wreg free
 10910                           
 10911                           ;menu.c: 60:         clcd_print((unsigned char*)"  ",(0xC0 + (0)));
 10912   000E76  0ED9               	movlw	low (STR_50+3)
 10913   000E78  6E04               	movwf	clcd_print@data^0,c
 10914   000E7A  0E2F               	movlw	high (STR_50+3)
 10915   000E7C  6E05               	movwf	(clcd_print@data+1)^0,c
 10916   000E7E  0EC0               	movlw	192
 10917   000E80  6E06               	movwf	clcd_print@addr^0,c
 10918   000E82  EC62  F00C         	call	_clcd_print	;wreg free
 10919                           
 10920                           ;menu.c: 61:     } else {
 10921   000E86  EF55  F007         	goto	l3362
 10922   000E8A                     l3360:
 10923                           
 10924                           ;menu.c: 62:         clcd_print((unsigned char*)"  ",(0x80 + (0)));
 10925   000E8A  0ED9               	movlw	low (STR_50+3)
 10926   000E8C  6E04               	movwf	clcd_print@data^0,c
 10927   000E8E  0E2F               	movlw	high (STR_50+3)
 10928   000E90  6E05               	movwf	(clcd_print@data+1)^0,c
 10929   000E92  0E80               	movlw	128
 10930   000E94  6E06               	movwf	clcd_print@addr^0,c
 10931   000E96  EC62  F00C         	call	_clcd_print	;wreg free
 10932                           
 10933                           ;menu.c: 63:         clcd_print((unsigned char*)"->",(0xC0 + (0)));
 10934   000E9A  0EFA               	movlw	low STR_14
 10935   000E9C  6E04               	movwf	clcd_print@data^0,c
 10936   000E9E  0E2F               	movlw	high STR_14
 10937   000EA0  6E05               	movwf	(clcd_print@data+1)^0,c
 10938   000EA2  0EC0               	movlw	192
 10939   000EA4  6E06               	movwf	clcd_print@addr^0,c
 10940   000EA6  EC62  F00C         	call	_clcd_print	;wreg free
 10941   000EAA                     l3362:
 10942                           
 10943                           ;menu.c: 66:     clcd_print((unsigned char*)menu[menu_index],(0x80 + (3)));
 10944   000EAA  5049               	movf	display_main_menu@menu_index^0,w,c
 10945   000EAC  0D02               	mullw	2
 10946   000EAE  50F3               	movf	243,w,c
 10947   000EB0  0F08               	addlw	low display_main_menu@menu
 10948   000EB2  6ED9               	movwf	fsr2l,c
 10949   000EB4  6ADA               	clrf	fsr2h,c
 10950   000EB6  CFDE F004          	movff	postinc2,clcd_print@data
 10951   000EBA  CFDD F005          	movff	postdec2,clcd_print@data+1
 10952   000EBE  0E83               	movlw	131
 10953   000EC0  6E06               	movwf	clcd_print@addr^0,c
 10954   000EC2  EC62  F00C         	call	_clcd_print	;wreg free
 10955   000EC6                     
 10956                           ;menu.c: 67:     clcd_print((unsigned char*)menu[menu_index+1],(0xC0 + (3)));
 10957   000EC6  5049               	movf	display_main_menu@menu_index^0,w,c
 10958   000EC8  0D02               	mullw	2
 10959   000ECA  CFF3 F007          	movff	prodl,??_display_main_menu
 10960   000ECE  0E02               	movlw	2
 10961   000ED0  2607               	addwf	??_display_main_menu^0,f,c
 10962   000ED2  5007               	movf	??_display_main_menu^0,w,c
 10963   000ED4  0F08               	addlw	low display_main_menu@menu
 10964   000ED6  6ED9               	movwf	fsr2l,c
 10965   000ED8  6ADA               	clrf	fsr2h,c
 10966   000EDA  CFDE F004          	movff	postinc2,clcd_print@data
 10967   000EDE  CFDD F005          	movff	postdec2,clcd_print@data+1
 10968   000EE2  0EC3               	movlw	195
 10969   000EE4  6E06               	movwf	clcd_print@addr^0,c
 10970   000EE6  EC62  F00C         	call	_clcd_print	;wreg free
 10971   000EEA  0012               	return		;funcret
 10972   000EEC                     __end_of_display_main_menu:
 10973                           	callstack 0
 10974                           
 10975 ;; *************** function _read_switches *****************
 10976 ;; Defined at:
 10977 ;;		line 79 in file "matrix_keypad.c"
 10978 ;; Parameters:    Size  Location     Type
 10979 ;;  detection_ty    1    wreg     unsigned char 
 10980 ;; Auto vars:     Size  Location     Type
 10981 ;;  detection_ty    1    1[COMRAM] unsigned char 
 10982 ;; Return value:  Size  Location     Type
 10983 ;;                  1    wreg      unsigned char 
 10984 ;; Registers used:
 10985 ;;		wreg, status,2, status,0, cstack
 10986 ;; Tracked objects:
 10987 ;;		On entry : 0/0
 10988 ;;		On exit  : 0/0
 10989 ;;		Unchanged: 0/0
 10990 ;; Data sizes:     COMRAM   BANK0   BANK1   BANK2   BANK3   BANK4   BANK5
 10991 ;;      Params:         0       0       0       0       0       0       0
 10992 ;;      Locals:         1       0       0       0       0       0       0
 10993 ;;      Temps:          1       0       0       0       0       0       0
 10994 ;;      Totals:         2       0       0       0       0       0       0
 10995 ;;Total ram usage:        2 bytes
 10996 ;; Hardware stack levels used: 1
 10997 ;; Hardware stack levels required when called: 1
 10998 ;; This function calls:
 10999 ;;		_scan_key
 11000 ;; This function is called by:
 11001 ;;		_show_collision
 11002 ;;		_view_dashboard
 11003 ;;		_display_main_menu
 11004 ;;		_view_log
 11005 ;;		_set_time
 11006 ;; This function uses a non-reentrant model
 11007 ;;
 11008                           
 11009                           	psect	text37
 11010   001842                     __ptext37:
 11011                           	callstack 0
 11012   001842                     _read_switches:
 11013                           	callstack 27
 11014                           
 11015                           ;incstack = 0
 11016                           ;read_switches@detection_type stored from wreg
 11017   001842  6E03               	movwf	read_switches@detection_type^0,c
 11018   001844                     
 11019                           ;matrix_keypad.c: 80:     static unsigned char once = 1;;matrix_keypad.c: 81:     static
      +                           unsigned char key;;matrix_keypad.c: 83:     if ( detection_type == 1 ) {
 11020   001844  0403               	decf	read_switches@detection_type^0,w,c
 11021   001846  A4D8               	btfss	status,2,c
 11022   001848  EF28  F00C         	goto	u1941
 11023   00184C  EF2A  F00C         	goto	u1940
 11024   001850                     u1941:
 11025   001850  EF54  F00C         	goto	l2866
 11026   001854                     u1940:
 11027   001854                     
 11028                           ;matrix_keypad.c: 84:         key = scan_key();
 11029   001854  EC50  F008         	call	_scan_key	;wreg free
 11030   001858  6E44               	movwf	read_switches@key^0,c
 11031   00185A                     
 11032                           ;matrix_keypad.c: 85:         if ( key != 0xFF && once ) {
 11033   00185A  2844               	incf	read_switches@key^0,w,c
 11034   00185C  B4D8               	btfsc	status,2,c
 11035   00185E  EF33  F00C         	goto	u1951
 11036   001862  EF35  F00C         	goto	u1950
 11037   001866                     u1951:
 11038   001866  EF48  F00C         	goto	l2862
 11039   00186A                     u1950:
 11040   00186A  5055               	movf	read_switches@once^0,w,c
 11041   00186C  B4D8               	btfsc	status,2,c
 11042   00186E  EF3B  F00C         	goto	u1961
 11043   001872  EF3D  F00C         	goto	u1960
 11044   001876                     u1961:
 11045   001876  EF48  F00C         	goto	l2862
 11046   00187A                     u1960:
 11047   00187A                     
 11048                           ;matrix_keypad.c: 86:             once = 0;
 11049   00187A  6A55               	clrf	read_switches@once^0,c
 11050   00187C                     
 11051                           ;matrix_keypad.c: 87:             _delay((unsigned long)((20)*(20000000/4000.0)));
 11052   00187C  0E82               	movlw	130
 11053   00187E  6E02               	movwf	??_read_switches^0,c
 11054   001880  0EDE               	movlw	222
 11055   001882                     u3277:
 11056   001882  2EE8               	decfsz	wreg,f,c
 11057   001884  D7FE               	bra	u3277
 11058   001886  2E02               	decfsz	??_read_switches^0,f,c
 11059   001888  D7FC               	bra	u3277
 11060   00188A                     
 11061                           ;matrix_keypad.c: 88:             return key;
 11062   00188A  5044               	movf	read_switches@key^0,w,c
 11063   00188C  EF61  F00C         	goto	l388
 11064   001890                     l2862:
 11065   001890  2844               	incf	read_switches@key^0,w,c
 11066   001892  A4D8               	btfss	status,2,c
 11067   001894  EF4E  F00C         	goto	u1971
 11068   001898  EF50  F00C         	goto	u1970
 11069   00189C                     u1971:
 11070   00189C  EF60  F00C         	goto	l2872
 11071   0018A0                     u1970:
 11072   0018A0                     
 11073                           ;matrix_keypad.c: 90:             once = 1;
 11074   0018A0  0E01               	movlw	1
 11075   0018A2  6E55               	movwf	read_switches@once^0,c
 11076   0018A4  EF60  F00C         	goto	l2872
 11077   0018A8                     l2866:
 11078   0018A8  5003               	movf	read_switches@detection_type^0,w,c
 11079   0018AA  A4D8               	btfss	status,2,c
 11080   0018AC  EF5A  F00C         	goto	u1981
 11081   0018B0  EF5C  F00C         	goto	u1980
 11082   0018B4                     u1981:
 11083   0018B4  EF60  F00C         	goto	l2872
 11084   0018B8                     u1980:
 11085   0018B8                     
 11086                           ;matrix_keypad.c: 93:         return scan_key();
 11087   0018B8  EC50  F008         	call	_scan_key	;wreg free
 11088   0018BC  EF61  F00C         	goto	l388
 11089   0018C0                     l2872:
 11090                           
 11091                           ;matrix_keypad.c: 95:     return 0xFF;
 11092   0018C0  0EFF               	movlw	255
 11093   0018C2                     l388:
 11094   0018C2  0012               	return		;funcret
 11095   0018C4                     __end_of_read_switches:
 11096                           	callstack 0
 11097                           
 11098 ;; *************** function _scan_key *****************
 11099 ;; Defined at:
 11100 ;;		line 28 in file "matrix_keypad.c"
 11101 ;; Parameters:    Size  Location     Type
 11102 ;;		None
 11103 ;; Auto vars:     Size  Location     Type
 11104 ;;		None
 11105 ;; Return value:  Size  Location     Type
 11106 ;;                  1    wreg      unsigned char 
 11107 ;; Registers used:
 11108 ;;		wreg
 11109 ;; Tracked objects:
 11110 ;;		On entry : 0/0
 11111 ;;		On exit  : 0/0
 11112 ;;		Unchanged: 0/0
 11113 ;; Data sizes:     COMRAM   BANK0   BANK1   BANK2   BANK3   BANK4   BANK5
 11114 ;;      Params:         0       0       0       0       0       0       0
 11115 ;;      Locals:         0       0       0       0       0       0       0
 11116 ;;      Temps:          0       0       0       0       0       0       0
 11117 ;;      Totals:         0       0       0       0       0       0       0
 11118 ;;Total ram usage:        0 bytes
 11119 ;; Hardware stack levels used: 1
 11120 ;; Hardware stack levels required when called: 1
 11121 ;; This function calls:
 11122 ;;		Nothing
 11123 ;; This function is called by:
 11124 ;;		_read_switches
 11125 ;; This function uses a non-reentrant model
 11126 ;;
 11127                           
 11128                           	psect	text38
 11129   0010A0                     __ptext38:
 11130                           	callstack 0
 11131   0010A0                     _scan_key:
 11132                           	callstack 26
 11133   0010A0                     
 11134                           ;matrix_keypad.c: 30:     PORTBbits.RB5 = 0;
 11135   0010A0  9A81               	bcf	129,5,c	;volatile
 11136                           
 11137                           ;matrix_keypad.c: 31:     PORTBbits.RB6 = 1;
 11138   0010A2  8C81               	bsf	129,6,c	;volatile
 11139                           
 11140                           ;matrix_keypad.c: 32:     PORTBbits.RB7 = 1;
 11141   0010A4  8E81               	bsf	129,7,c	;volatile
 11142                           
 11143                           ;matrix_keypad.c: 34:     if ( PORTBbits.RB1 == 0 ) {
 11144   0010A6  B281               	btfsc	129,1,c	;volatile
 11145   0010A8  EF58  F008         	goto	u1651
 11146   0010AC  EF5A  F008         	goto	u1650
 11147   0010B0                     u1651:
 11148   0010B0  EF5D  F008         	goto	l358
 11149   0010B4                     u1650:
 11150   0010B4                     
 11151                           ;matrix_keypad.c: 35:         return 1;
 11152   0010B4  0E01               	movlw	1
 11153   0010B6  EFD5  F008         	goto	l359
 11154   0010BA                     l358:
 11155   0010BA  B481               	btfsc	129,2,c	;volatile
 11156   0010BC  EF62  F008         	goto	u1661
 11157   0010C0  EF64  F008         	goto	u1660
 11158   0010C4                     u1661:
 11159   0010C4  EF67  F008         	goto	l361
 11160   0010C8                     u1660:
 11161   0010C8                     
 11162                           ;matrix_keypad.c: 37:         return 4;
 11163   0010C8  0E04               	movlw	4
 11164   0010CA  EFD5  F008         	goto	l359
 11165   0010CE                     l361:
 11166   0010CE  B681               	btfsc	129,3,c	;volatile
 11167   0010D0  EF6C  F008         	goto	u1671
 11168   0010D4  EF6E  F008         	goto	u1670
 11169   0010D8                     u1671:
 11170   0010D8  EF71  F008         	goto	l363
 11171   0010DC                     u1670:
 11172   0010DC                     
 11173                           ;matrix_keypad.c: 39:         return 7;
 11174   0010DC  0E07               	movlw	7
 11175   0010DE  EFD5  F008         	goto	l359
 11176   0010E2                     l363:
 11177   0010E2  B881               	btfsc	129,4,c	;volatile
 11178   0010E4  EF76  F008         	goto	u1681
 11179   0010E8  EF78  F008         	goto	u1680
 11180   0010EC                     u1681:
 11181   0010EC  EF7B  F008         	goto	l360
 11182   0010F0                     u1680:
 11183   0010F0                     
 11184                           ;matrix_keypad.c: 41:         return 10;
 11185   0010F0  0E0A               	movlw	10
 11186   0010F2  EFD5  F008         	goto	l359
 11187   0010F6                     l360:
 11188                           
 11189                           ;matrix_keypad.c: 44:     PORTBbits.RB5 = 1;
 11190   0010F6  8A81               	bsf	129,5,c	;volatile
 11191                           
 11192                           ;matrix_keypad.c: 45:     PORTBbits.RB6 = 0;
 11193   0010F8  9C81               	bcf	129,6,c	;volatile
 11194                           
 11195                           ;matrix_keypad.c: 46:     PORTBbits.RB7 = 1;
 11196   0010FA  8E81               	bsf	129,7,c	;volatile
 11197                           
 11198                           ;matrix_keypad.c: 48:     if ( PORTBbits.RB1 == 0 ) {
 11199   0010FC  B281               	btfsc	129,1,c	;volatile
 11200   0010FE  EF83  F008         	goto	u1691
 11201   001102  EF85  F008         	goto	u1690
 11202   001106                     u1691:
 11203   001106  EF88  F008         	goto	l366
 11204   00110A                     u1690:
 11205   00110A                     
 11206                           ;matrix_keypad.c: 49:         return 2;
 11207   00110A  0E02               	movlw	2
 11208   00110C  EFD5  F008         	goto	l359
 11209   001110                     l366:
 11210   001110  B481               	btfsc	129,2,c	;volatile
 11211   001112  EF8D  F008         	goto	u1701
 11212   001116  EF8F  F008         	goto	u1700
 11213   00111A                     u1701:
 11214   00111A  EF92  F008         	goto	l368
 11215   00111E                     u1700:
 11216   00111E                     
 11217                           ;matrix_keypad.c: 51:         return 5;
 11218   00111E  0E05               	movlw	5
 11219   001120  EFD5  F008         	goto	l359
 11220   001124                     l368:
 11221   001124  B681               	btfsc	129,3,c	;volatile
 11222   001126  EF97  F008         	goto	u1711
 11223   00112A  EF99  F008         	goto	u1710
 11224   00112E                     u1711:
 11225   00112E  EF9C  F008         	goto	l370
 11226   001132                     u1710:
 11227   001132                     
 11228                           ;matrix_keypad.c: 53:         return 8;
 11229   001132  0E08               	movlw	8
 11230   001134  EFD5  F008         	goto	l359
 11231   001138                     l370:
 11232   001138  B881               	btfsc	129,4,c	;volatile
 11233   00113A  EFA1  F008         	goto	u1721
 11234   00113E  EFA3  F008         	goto	u1720
 11235   001142                     u1721:
 11236   001142  EFA6  F008         	goto	l367
 11237   001146                     u1720:
 11238   001146                     
 11239                           ;matrix_keypad.c: 55:         return 11;
 11240   001146  0E0B               	movlw	11
 11241   001148  EFD5  F008         	goto	l359
 11242   00114C                     l367:
 11243                           
 11244                           ;matrix_keypad.c: 58:     PORTBbits.RB5 = 1;
 11245   00114C  8A81               	bsf	129,5,c	;volatile
 11246                           
 11247                           ;matrix_keypad.c: 59:     PORTBbits.RB6 = 1;
 11248   00114E  8C81               	bsf	129,6,c	;volatile
 11249                           
 11250                           ;matrix_keypad.c: 60:     PORTBbits.RB7 = 0;
 11251   001150  9E81               	bcf	129,7,c	;volatile
 11252                           
 11253                           ;matrix_keypad.c: 62:     if ( PORTBbits.RB1 == 0 ) {
 11254   001152  B281               	btfsc	129,1,c	;volatile
 11255   001154  EFAE  F008         	goto	u1731
 11256   001158  EFB0  F008         	goto	u1730
 11257   00115C                     u1731:
 11258   00115C  EFB3  F008         	goto	l373
 11259   001160                     u1730:
 11260   001160                     
 11261                           ;matrix_keypad.c: 63:         return 3;
 11262   001160  0E03               	movlw	3
 11263   001162  EFD5  F008         	goto	l359
 11264   001166                     l373:
 11265   001166  B481               	btfsc	129,2,c	;volatile
 11266   001168  EFB8  F008         	goto	u1741
 11267   00116C  EFBA  F008         	goto	u1740
 11268   001170                     u1741:
 11269   001170  EFBD  F008         	goto	l375
 11270   001174                     u1740:
 11271   001174                     
 11272                           ;matrix_keypad.c: 65:         return 6;
 11273   001174  0E06               	movlw	6
 11274   001176  EFD5  F008         	goto	l359
 11275   00117A                     l375:
 11276   00117A  B681               	btfsc	129,3,c	;volatile
 11277   00117C  EFC2  F008         	goto	u1751
 11278   001180  EFC4  F008         	goto	u1750
 11279   001184                     u1751:
 11280   001184  EFC7  F008         	goto	l377
 11281   001188                     u1750:
 11282   001188                     
 11283                           ;matrix_keypad.c: 67:         return 9;
 11284   001188  0E09               	movlw	9
 11285   00118A  EFD5  F008         	goto	l359
 11286   00118E                     l377:
 11287   00118E  B881               	btfsc	129,4,c	;volatile
 11288   001190  EFCC  F008         	goto	u1761
 11289   001194  EFCE  F008         	goto	u1760
 11290   001198                     u1761:
 11291   001198  EFD1  F008         	goto	l374
 11292   00119C                     u1760:
 11293   00119C                     
 11294                           ;matrix_keypad.c: 69:         return 12;
 11295   00119C  0E0C               	movlw	12
 11296   00119E  EFD5  F008         	goto	l359
 11297   0011A2                     l374:
 11298                           
 11299                           ;matrix_keypad.c: 72:     PORTBbits.RB5 = 1;
 11300   0011A2  8A81               	bsf	129,5,c	;volatile
 11301                           
 11302                           ;matrix_keypad.c: 73:     PORTBbits.RB6 = 1;
 11303   0011A4  8C81               	bsf	129,6,c	;volatile
 11304                           
 11305                           ;matrix_keypad.c: 74:     PORTBbits.RB7 = 1;
 11306   0011A6  8E81               	bsf	129,7,c	;volatile
 11307   0011A8                     
 11308                           ;matrix_keypad.c: 76:     return 0xFF;
 11309   0011A8  0EFF               	movlw	255
 11310   0011AA                     l359:
 11311   0011AA  0012               	return		;funcret
 11312   0011AC                     __end_of_scan_key:
 11313                           	callstack 0
 11314                           
 11315 ;; *************** function _clear_log *****************
 11316 ;; Defined at:
 11317 ;;		line 357 in file "menu.c"
 11318 ;; Parameters:    Size  Location     Type
 11319 ;;		None
 11320 ;; Auto vars:     Size  Location     Type
 11321 ;;		None
 11322 ;; Return value:  Size  Location     Type
 11323 ;;                  1    wreg      void 
 11324 ;; Registers used:
 11325 ;;		wreg, fsr0l, fsr0h, status,2, status,0, tblptrl, tblptrh, tblptru, cstack
 11326 ;; Tracked objects:
 11327 ;;		On entry : 0/0
 11328 ;;		On exit  : 0/0
 11329 ;;		Unchanged: 0/0
 11330 ;; Data sizes:     COMRAM   BANK0   BANK1   BANK2   BANK3   BANK4   BANK5
 11331 ;;      Params:         0       0       0       0       0       0       0
 11332 ;;      Locals:         0       0       0       0       0       0       0
 11333 ;;      Temps:          2       0       0       0       0       0       0
 11334 ;;      Totals:         2       0       0       0       0       0       0
 11335 ;;Total ram usage:        2 bytes
 11336 ;; Hardware stack levels used: 1
 11337 ;; Hardware stack levels required when called: 4
 11338 ;; This function calls:
 11339 ;;		_clcd_print
 11340 ;;		_clcd_write
 11341 ;;		_write_external_eeprom
 11342 ;; This function is called by:
 11343 ;;		_main
 11344 ;; This function uses a non-reentrant model
 11345 ;;
 11346                           
 11347                           	psect	text39
 11348   001998                     __ptext39:
 11349                           	callstack 0
 11350   001998                     _clear_log:
 11351                           	callstack 26
 11352   001998                     
 11353                           ;menu.c: 358:     clcd_write(0x01, 0);
 11354   001998  0E00               	movlw	0
 11355   00199A  6E02               	movwf	clcd_write@control_bit^0,c
 11356   00199C  0E01               	movlw	1
 11357   00199E  EC6C  F00E         	call	_clcd_write
 11358   0019A2                     
 11359                           ;menu.c: 359:     clcd_print((const unsigned char*)"CLEARING",(0x80 + (4)));
 11360   0019A2  0EA3               	movlw	low STR_52
 11361   0019A4  6E04               	movwf	clcd_print@data^0,c
 11362   0019A6  0E2F               	movlw	high STR_52
 11363   0019A8  6E05               	movwf	(clcd_print@data+1)^0,c
 11364   0019AA  0E84               	movlw	132
 11365   0019AC  6E06               	movwf	clcd_print@addr^0,c
 11366   0019AE  EC62  F00C         	call	_clcd_print	;wreg free
 11367   0019B2                     
 11368                           ;menu.c: 360:     clcd_print((const unsigned char*)"THE LOGS",(0xC0 + (4)));
 11369   0019B2  0EB5               	movlw	low STR_53
 11370   0019B4  6E04               	movwf	clcd_print@data^0,c
 11371   0019B6  0E2F               	movlw	high STR_53
 11372   0019B8  6E05               	movwf	(clcd_print@data+1)^0,c
 11373   0019BA  0EC4               	movlw	196
 11374   0019BC  6E06               	movwf	clcd_print@addr^0,c
 11375   0019BE  EC62  F00C         	call	_clcd_print	;wreg free
 11376   0019C2                     
 11377                           ;menu.c: 363:     write_index = 0;
 11378   0019C2  6A50               	clrf	_write_index^0,c
 11379   0019C4                     
 11380                           ;menu.c: 364:     write_flag = 0;
 11381   0019C4  6A4F               	clrf	_write_flag^0,c
 11382   0019C6                     
 11383                           ;menu.c: 367:     write_external_eeprom(100,write_index);
 11384   0019C6  C050  F003         	movff	_write_index,write_external_eeprom@data
 11385   0019CA  0E64               	movlw	100
 11386   0019CC  EC4C  F00E         	call	_write_external_eeprom
 11387   0019D0                     
 11388                           ;menu.c: 368:     write_external_eeprom(101,write_flag);
 11389   0019D0  C04F  F003         	movff	_write_flag,write_external_eeprom@data
 11390   0019D4  0E65               	movlw	101
 11391   0019D6  EC4C  F00E         	call	_write_external_eeprom
 11392   0019DA                     
 11393                           ;menu.c: 370:     _delay((unsigned long)((2000)*(20000000/4000.0)));
 11394   0019DA  0E33               	movlw	51
 11395   0019DC  6E08               	movwf	(??_clear_log+1)^0,c
 11396   0019DE  0EBB               	movlw	187
 11397   0019E0  6E07               	movwf	??_clear_log^0,c
 11398   0019E2  0EE0               	movlw	224
 11399   0019E4                     u3287:
 11400   0019E4  2EE8               	decfsz	wreg,f,c
 11401   0019E6  D7FE               	bra	u3287
 11402   0019E8  2E07               	decfsz	??_clear_log^0,f,c
 11403   0019EA  D7FC               	bra	u3287
 11404   0019EC  2E08               	decfsz	(??_clear_log+1)^0,f,c
 11405   0019EE  D7FA               	bra	u3287
 11406   0019F0                     
 11407                           ;menu.c: 372:     state = e_main_menu;
 11408   0019F0  0E01               	movlw	1
 11409   0019F2  6E51               	movwf	_state^0,c
 11410   0019F4                     
 11411                           ;menu.c: 373:     clcd_write(0x01, 0);
 11412   0019F4  0E00               	movlw	0
 11413   0019F6  6E02               	movwf	clcd_write@control_bit^0,c
 11414   0019F8  0E01               	movlw	1
 11415   0019FA  EC6C  F00E         	call	_clcd_write
 11416   0019FE  0012               	return		;funcret
 11417   001A00                     __end_of_clear_log:
 11418                           	callstack 0
 11419                           
 11420 ;; *************** function _write_external_eeprom *****************
 11421 ;; Defined at:
 11422 ;;		line 16 in file "external_eeprom.c"
 11423 ;; Parameters:    Size  Location     Type
 11424 ;;  address         1    wreg     unsigned char 
 11425 ;;  data            1    1[COMRAM] unsigned char 
 11426 ;; Auto vars:     Size  Location     Type
 11427 ;;  address         1    4[COMRAM] unsigned char 
 11428 ;;  wait            2    2[COMRAM] unsigned int 
 11429 ;; Return value:  Size  Location     Type
 11430 ;;                  1    wreg      void 
 11431 ;; Registers used:
 11432 ;;		wreg, status,2, status,0, cstack
 11433 ;; Tracked objects:
 11434 ;;		On entry : 0/0
 11435 ;;		On exit  : 0/0
 11436 ;;		Unchanged: 0/0
 11437 ;; Data sizes:     COMRAM   BANK0   BANK1   BANK2   BANK3   BANK4   BANK5
 11438 ;;      Params:         1       0       0       0       0       0       0
 11439 ;;      Locals:         3       0       0       0       0       0       0
 11440 ;;      Temps:          0       0       0       0       0       0       0
 11441 ;;      Totals:         4       0       0       0       0       0       0
 11442 ;;Total ram usage:        4 bytes
 11443 ;; Hardware stack levels used: 1
 11444 ;; Hardware stack levels required when called: 1
 11445 ;; This function calls:
 11446 ;;		_i2c_start
 11447 ;;		_i2c_stop
 11448 ;;		_i2c_write
 11449 ;; This function is called by:
 11450 ;;		_main
 11451 ;;		_save_log
 11452 ;;		_clear_log
 11453 ;; This function uses a non-reentrant model
 11454 ;;
 11455                           
 11456                           	psect	text40
 11457   001C98                     __ptext40:
 11458                           	callstack 0
 11459   001C98                     _write_external_eeprom:
 11460                           	callstack 27
 11461                           
 11462                           ;incstack = 0
 11463                           ;write_external_eeprom@address stored from wreg
 11464   001C98  6E06               	movwf	write_external_eeprom@address^0,c
 11465   001C9A                     
 11466                           ;external_eeprom.c: 17:     i2c_start();
 11467   001C9A  EC54  F00F         	call	_i2c_start	;wreg free
 11468   001C9E                     
 11469                           ;external_eeprom.c: 18:     i2c_write(0xA0);
 11470   001C9E  0EA0               	movlw	160
 11471   001CA0  EC39  F00F         	call	_i2c_write
 11472   001CA4                     
 11473                           ;external_eeprom.c: 19:     i2c_write(address);
 11474   001CA4  5006               	movf	write_external_eeprom@address^0,w,c
 11475   001CA6  EC39  F00F         	call	_i2c_write
 11476   001CAA                     
 11477                           ;external_eeprom.c: 20:     i2c_write(data);
 11478   001CAA  5003               	movf	write_external_eeprom@data^0,w,c
 11479   001CAC  EC39  F00F         	call	_i2c_write
 11480   001CB0                     
 11481                           ;external_eeprom.c: 21:     i2c_stop();
 11482   001CB0  EC50  F00F         	call	_i2c_stop	;wreg free
 11483   001CB4                     
 11484                           ;external_eeprom.c: 29:     for ( unsigned int wait = 3000; wait--; );
 11485   001CB4  0E0B               	movlw	11
 11486   001CB6  6E05               	movwf	(write_external_eeprom@wait+1)^0,c
 11487   001CB8  0EB8               	movlw	184
 11488   001CBA  6E04               	movwf	write_external_eeprom@wait^0,c
 11489   001CBC                     l2806:
 11490   001CBC  0604               	decf	write_external_eeprom@wait^0,f,c
 11491   001CBE  A0D8               	btfss	status,0,c
 11492   001CC0  0605               	decf	(write_external_eeprom@wait+1)^0,f,c
 11493   001CC2  2804               	incf	write_external_eeprom@wait^0,w,c
 11494   001CC4  E106               	bnz	u1891
 11495   001CC6  2805               	incf	(write_external_eeprom@wait+1)^0,w,c
 11496   001CC8  A4D8               	btfss	status,2,c
 11497   001CCA  EF69  F00E         	goto	u1891
 11498   001CCE  EF6B  F00E         	goto	u1890
 11499   001CD2                     u1891:
 11500   001CD2  EF5E  F00E         	goto	l2806
 11501   001CD6                     u1890:
 11502   001CD6  0012               	return		;funcret
 11503   001CD8                     __end_of_write_external_eeprom:
 11504                           	callstack 0
 11505                           
 11506 ;; *************** function _i2c_write *****************
 11507 ;; Defined at:
 11508 ;;		line 134 in file "i2c.c"
 11509 ;; Parameters:    Size  Location     Type
 11510 ;;  data            1    wreg     unsigned char 
 11511 ;; Auto vars:     Size  Location     Type
 11512 ;;  data            1    0[COMRAM] unsigned char 
 11513 ;; Return value:  Size  Location     Type
 11514 ;;                  1    wreg      void 
 11515 ;; Registers used:
 11516 ;;		wreg, cstack
 11517 ;; Tracked objects:
 11518 ;;		On entry : 0/0
 11519 ;;		On exit  : 0/0
 11520 ;;		Unchanged: 0/0
 11521 ;; Data sizes:     COMRAM   BANK0   BANK1   BANK2   BANK3   BANK4   BANK5
 11522 ;;      Params:         0       0       0       0       0       0       0
 11523 ;;      Locals:         1       0       0       0       0       0       0
 11524 ;;      Temps:          0       0       0       0       0       0       0
 11525 ;;      Totals:         1       0       0       0       0       0       0
 11526 ;;Total ram usage:        1 bytes
 11527 ;; Hardware stack levels used: 1
 11528 ;; Hardware stack levels required when called: 1
 11529 ;; This function calls:
 11530 ;;		_i2c_idle
 11531 ;; This function is called by:
 11532 ;;		_write_ds1307
 11533 ;;		_read_ds1307
 11534 ;;		_write_external_eeprom
 11535 ;;		_read_external_eeprom
 11536 ;; This function uses a non-reentrant model
 11537 ;;
 11538                           
 11539                           	psect	text41
 11540   001E72                     __ptext41:
 11541                           	callstack 0
 11542   001E72                     _i2c_write:
 11543                           	callstack 26
 11544                           
 11545                           ;incstack = 0
 11546                           ;i2c_write@data stored from wreg
 11547   001E72  6E02               	movwf	i2c_write@data^0,c
 11548   001E74                     
 11549                           ;i2c.c: 135:  SSPBUF = data;
 11550   001E74  C002  FFC9         	movff	i2c_write@data,4041	;volatile
 11551   001E78                     
 11552                           ;i2c.c: 136:  i2c_idle();
 11553   001E78  EC22  F00F         	call	_i2c_idle	;wreg free
 11554   001E7C  0012               	return		;funcret
 11555   001E7E                     __end_of_i2c_write:
 11556                           	callstack 0
 11557                           
 11558 ;; *************** function _i2c_stop *****************
 11559 ;; Defined at:
 11560 ;;		line 97 in file "i2c.c"
 11561 ;; Parameters:    Size  Location     Type
 11562 ;;		None
 11563 ;; Auto vars:     Size  Location     Type
 11564 ;;		None
 11565 ;; Return value:  Size  Location     Type
 11566 ;;                  1    wreg      void 
 11567 ;; Registers used:
 11568 ;;		cstack
 11569 ;; Tracked objects:
 11570 ;;		On entry : 0/0
 11571 ;;		On exit  : 0/0
 11572 ;;		Unchanged: 0/0
 11573 ;; Data sizes:     COMRAM   BANK0   BANK1   BANK2   BANK3   BANK4   BANK5
 11574 ;;      Params:         0       0       0       0       0       0       0
 11575 ;;      Locals:         0       0       0       0       0       0       0
 11576 ;;      Temps:          0       0       0       0       0       0       0
 11577 ;;      Totals:         0       0       0       0       0       0       0
 11578 ;;Total ram usage:        0 bytes
 11579 ;; Hardware stack levels used: 1
 11580 ;; Hardware stack levels required when called: 1
 11581 ;; This function calls:
 11582 ;;		_i2c_idle
 11583 ;; This function is called by:
 11584 ;;		_write_ds1307
 11585 ;;		_read_ds1307
 11586 ;;		_write_external_eeprom
 11587 ;;		_read_external_eeprom
 11588 ;; This function uses a non-reentrant model
 11589 ;;
 11590                           
 11591                           	psect	text42
 11592   001EA0                     __ptext42:
 11593                           	callstack 0
 11594   001EA0                     _i2c_stop:
 11595                           	callstack 26
 11596   001EA0                     
 11597                           ;i2c.c: 98:     PEN = 1;
 11598   001EA0  84C5               	bsf	4037,2,c	;volatile
 11599   001EA2                     
 11600                           ;i2c.c: 99:     i2c_idle();
 11601   001EA2  EC22  F00F         	call	_i2c_idle	;wreg free
 11602   001EA6  0012               	return		;funcret
 11603   001EA8                     __end_of_i2c_stop:
 11604                           	callstack 0
 11605                           
 11606 ;; *************** function _i2c_start *****************
 11607 ;; Defined at:
 11608 ;;		line 81 in file "i2c.c"
 11609 ;; Parameters:    Size  Location     Type
 11610 ;;		None
 11611 ;; Auto vars:     Size  Location     Type
 11612 ;;		None
 11613 ;; Return value:  Size  Location     Type
 11614 ;;                  1    wreg      void 
 11615 ;; Registers used:
 11616 ;;		cstack
 11617 ;; Tracked objects:
 11618 ;;		On entry : 0/0
 11619 ;;		On exit  : 0/0
 11620 ;;		Unchanged: 0/0
 11621 ;; Data sizes:     COMRAM   BANK0   BANK1   BANK2   BANK3   BANK4   BANK5
 11622 ;;      Params:         0       0       0       0       0       0       0
 11623 ;;      Locals:         0       0       0       0       0       0       0
 11624 ;;      Temps:          0       0       0       0       0       0       0
 11625 ;;      Totals:         0       0       0       0       0       0       0
 11626 ;;Total ram usage:        0 bytes
 11627 ;; Hardware stack levels used: 1
 11628 ;; Hardware stack levels required when called: 1
 11629 ;; This function calls:
 11630 ;;		_i2c_idle
 11631 ;; This function is called by:
 11632 ;;		_write_ds1307
 11633 ;;		_read_ds1307
 11634 ;;		_write_external_eeprom
 11635 ;;		_read_external_eeprom
 11636 ;; This function uses a non-reentrant model
 11637 ;;
 11638                           
 11639                           	psect	text43
 11640   001EA8                     __ptext43:
 11641                           	callstack 0
 11642   001EA8                     _i2c_start:
 11643                           	callstack 26
 11644   001EA8                     
 11645                           ;i2c.c: 82:     SEN = 1;
 11646   001EA8  80C5               	bsf	4037,0,c	;volatile
 11647   001EAA                     
 11648                           ;i2c.c: 83:     i2c_idle();
 11649   001EAA  EC22  F00F         	call	_i2c_idle	;wreg free
 11650   001EAE  0012               	return		;funcret
 11651   001EB0                     __end_of_i2c_start:
 11652                           	callstack 0
 11653                           
 11654 ;; *************** function _i2c_idle *****************
 11655 ;; Defined at:
 11656 ;;		line 61 in file "i2c.c"
 11657 ;; Parameters:    Size  Location     Type
 11658 ;;		None
 11659 ;; Auto vars:     Size  Location     Type
 11660 ;;		None
 11661 ;; Return value:  Size  Location     Type
 11662 ;;                  1    wreg      void 
 11663 ;; Registers used:
 11664 ;;		None
 11665 ;; Tracked objects:
 11666 ;;		On entry : 0/0
 11667 ;;		On exit  : 0/0
 11668 ;;		Unchanged: 0/0
 11669 ;; Data sizes:     COMRAM   BANK0   BANK1   BANK2   BANK3   BANK4   BANK5
 11670 ;;      Params:         0       0       0       0       0       0       0
 11671 ;;      Locals:         0       0       0       0       0       0       0
 11672 ;;      Temps:          0       0       0       0       0       0       0
 11673 ;;      Totals:         0       0       0       0       0       0       0
 11674 ;;Total ram usage:        0 bytes
 11675 ;; Hardware stack levels used: 1
 11676 ;; Hardware stack levels required when called: 1
 11677 ;; This function calls:
 11678 ;;		Nothing
 11679 ;; This function is called by:
 11680 ;;		_i2c_start
 11681 ;;		_i2c_stop
 11682 ;;		_i2c_rep_start
 11683 ;;		_i2c_write
 11684 ;;		_i2c_rx_mode
 11685 ;;		_i2c_no_ack
 11686 ;; This function uses a non-reentrant model
 11687 ;;
 11688                           
 11689                           	psect	text44
 11690   001E44                     __ptext44:
 11691                           	callstack 0
 11692   001E44                     _i2c_idle:
 11693                           	callstack 24
 11694   001E44                     l467:
 11695   001E44  A69E               	btfss	3998,3,c	;volatile
 11696   001E46  EF27  F00F         	goto	u1611
 11697   001E4A  EF29  F00F         	goto	u1610
 11698   001E4E                     u1611:
 11699   001E4E  EF22  F00F         	goto	l467
 11700   001E52                     u1610:
 11701   001E52                     
 11702                           ;i2c.c: 66:     SSPIF = 0;
 11703   001E52  969E               	bcf	3998,3,c	;volatile
 11704   001E54  0012               	return		;funcret
 11705   001E56                     __end_of_i2c_idle:
 11706                           	callstack 0
 11707                           
 11708 ;; *************** function _clcd_print *****************
 11709 ;; Defined at:
 11710 ;;		line 53 in file "clcd.c"
 11711 ;; Parameters:    Size  Location     Type
 11712 ;;  data            2    2[COMRAM] PTR const unsigned char 
 11713 ;;		 -> STR_53(9), STR_52(9), STR_35(3), STR_34(3), 
 11714 ;;		 -> STR_33(3), STR_32(12), STR_31(9), STR_30(15), 
 11715 ;;		 -> STR_29(3), STR_28(3), STR_27(3), STR_26(3), 
 11716 ;;		 -> STR_25(3), STR_24(3), STR_23(3), STR_22(3), 
 11717 ;;		 -> STR_21(3), STR_20(3), view_log@time_str(9), view_log@spd_str(4), 
 11718 ;;		 -> STR_19(8), STR_18(12), STR_17(3), STR_16(3), 
 11719 ;;		 -> STR_15(3), STR_14(3), STR_13(10), STR_12(9), 
 11720 ;;		 -> STR_11(9), STR_10(9), STR_9(7), STR_8(10), 
 11721 ;;		 -> time(9), speed(4), line1(17), STR_7(2), 
 11722 ;;		 -> STR_6(2), STR_5(2), STR_4(2), STR_3(2), 
 11723 ;;		 -> STR_2(2), STR_1(2), 
 11724 ;;  addr            1    4[COMRAM] unsigned char 
 11725 ;; Auto vars:     Size  Location     Type
 11726 ;;		None
 11727 ;; Return value:  Size  Location     Type
 11728 ;;                  1    wreg      void 
 11729 ;; Registers used:
 11730 ;;		wreg, fsr0l, fsr0h, status,2, status,0, tblptrl, tblptrh, tblptru, cstack
 11731 ;; Tracked objects:
 11732 ;;		On entry : 0/0
 11733 ;;		On exit  : 0/0
 11734 ;;		Unchanged: 0/0
 11735 ;; Data sizes:     COMRAM   BANK0   BANK1   BANK2   BANK3   BANK4   BANK5
 11736 ;;      Params:         3       0       0       0       0       0       0
 11737 ;;      Locals:         0       0       0       0       0       0       0
 11738 ;;      Temps:          0       0       0       0       0       0       0
 11739 ;;      Totals:         3       0       0       0       0       0       0
 11740 ;;Total ram usage:        3 bytes
 11741 ;; Hardware stack levels used: 1
 11742 ;; Hardware stack levels required when called: 1
 11743 ;; This function calls:
 11744 ;;		_clcd_write
 11745 ;; This function is called by:
 11746 ;;		_display_labels
 11747 ;;		_show_collision
 11748 ;;		_view_dashboard
 11749 ;;		_display_main_menu
 11750 ;;		_view_log
 11751 ;;		_set_time
 11752 ;;		_clear_log
 11753 ;; This function uses a non-reentrant model
 11754 ;;
 11755                           
 11756                           	psect	text45
 11757   0018C4                     __ptext45:
 11758                           	callstack 0
 11759   0018C4                     _clcd_print:
 11760                           	callstack 27
 11761   0018C4                     
 11762                           ;clcd.c: 54:  clcd_write(addr, 0);
 11763   0018C4  0E00               	movlw	0
 11764   0018C6  6E02               	movwf	clcd_write@control_bit^0,c
 11765   0018C8  5006               	movf	clcd_print@addr^0,w,c
 11766   0018CA  EC6C  F00E         	call	_clcd_write
 11767                           
 11768                           ;clcd.c: 55:  while (*data != '\0') {
 11769   0018CE  EF7F  F00C         	goto	l2814
 11770   0018D2                     l2810:
 11771                           
 11772                           ;clcd.c: 56:   clcd_write(*data++, 1);
 11773   0018D2  0E01               	movlw	1
 11774   0018D4  6E02               	movwf	clcd_write@control_bit^0,c
 11775   0018D6  C004  FFF6         	movff	clcd_print@data,tblptrl
 11776   0018DA  C005  FFF7         	movff	clcd_print@data+1,tblptrh
 11777   0018DE  6AF8               	clrf	tblptru,c
 11778   0018E0  0E05               	movlw	(high __ramtop+-1)
 11779   0018E2  64F7               	cpfsgt	tblptrh,c
 11780   0018E4  D003               	bra	u1907
 11781   0018E6  0008               	tblrd		*
 11782   0018E8  50F5               	movf	tablat,w,c
 11783   0018EA  D005               	bra	u1900
 11784   0018EC                     u1907:
 11785   0018EC  CFF6 FFE9          	movff	tblptrl,fsr0l
 11786   0018F0  CFF7 FFEA          	movff	tblptrh,fsr0h
 11787   0018F4  50EF               	movf	indf0,w,c
 11788   0018F6                     u1900:
 11789   0018F6  EC6C  F00E         	call	_clcd_write
 11790   0018FA  4A04               	infsnz	clcd_print@data^0,f,c
 11791   0018FC  2A05               	incf	(clcd_print@data+1)^0,f,c
 11792   0018FE                     l2814:
 11793                           
 11794                           ;clcd.c: 55:  while (*data != '\0') {
 11795   0018FE  C004  FFF6         	movff	clcd_print@data,tblptrl
 11796   001902  C005  FFF7         	movff	clcd_print@data+1,tblptrh
 11797   001906  6AF8               	clrf	tblptru,c
 11798   001908  0E05               	movlw	(high __ramtop+-1)
 11799   00190A  64F7               	cpfsgt	tblptrh,c
 11800   00190C  D003               	bra	u1917
 11801   00190E  0008               	tblrd		*
 11802   001910  50F5               	movf	tablat,w,c
 11803   001912  D005               	bra	u1910
 11804   001914                     u1917:
 11805   001914  CFF6 FFE9          	movff	tblptrl,fsr0l
 11806   001918  CFF7 FFEA          	movff	tblptrh,fsr0h
 11807   00191C  50EF               	movf	indf0,w,c
 11808   00191E                     u1910:
 11809   00191E  0900               	iorlw	0
 11810   001920  A4D8               	btfss	status,2,c
 11811   001922  EF95  F00C         	goto	u1921
 11812   001926  EF97  F00C         	goto	u1920
 11813   00192A                     u1921:
 11814   00192A  EF69  F00C         	goto	l2810
 11815   00192E                     u1920:
 11816   00192E  0012               	return		;funcret
 11817   001930                     __end_of_clcd_print:
 11818                           	callstack 0
 11819                           
 11820 ;; *************** function _clcd_write *****************
 11821 ;; Defined at:
 11822 ;;		line 4 in file "clcd.c"
 11823 ;; Parameters:    Size  Location     Type
 11824 ;;  bit_values      1    wreg     unsigned char 
 11825 ;;  control_bit     1    0[COMRAM] unsigned char 
 11826 ;; Auto vars:     Size  Location     Type
 11827 ;;  bit_values      1    1[COMRAM] unsigned char 
 11828 ;; Return value:  Size  Location     Type
 11829 ;;                  1    wreg      void 
 11830 ;; Registers used:
 11831 ;;		wreg
 11832 ;; Tracked objects:
 11833 ;;		On entry : 0/0
 11834 ;;		On exit  : 0/0
 11835 ;;		Unchanged: 0/0
 11836 ;; Data sizes:     COMRAM   BANK0   BANK1   BANK2   BANK3   BANK4   BANK5
 11837 ;;      Params:         1       0       0       0       0       0       0
 11838 ;;      Locals:         1       0       0       0       0       0       0
 11839 ;;      Temps:          0       0       0       0       0       0       0
 11840 ;;      Totals:         2       0       0       0       0       0       0
 11841 ;;Total ram usage:        2 bytes
 11842 ;; Hardware stack levels used: 1
 11843 ;; Hardware stack levels required when called: 1
 11844 ;; This function calls:
 11845 ;;		Nothing
 11846 ;; This function is called by:
 11847 ;;		_show_collision
 11848 ;;		_view_dashboard
 11849 ;;		_init_clcd
 11850 ;;		_clcd_print
 11851 ;;		_clcd_putch
 11852 ;;		_display_main_menu
 11853 ;;		_view_log
 11854 ;;		_set_time
 11855 ;;		_clear_log
 11856 ;; This function uses a non-reentrant model
 11857 ;;
 11858                           
 11859                           	psect	text46
 11860   001CD8                     __ptext46:
 11861                           	callstack 0
 11862   001CD8                     _clcd_write:
 11863                           	callstack 26
 11864                           
 11865                           ;incstack = 0
 11866                           ;clcd_write@bit_values stored from wreg
 11867   001CD8  6E03               	movwf	clcd_write@bit_values^0,c
 11868   001CDA                     
 11869                           ;clcd.c: 6:     RC1 = control_bit;
 11870   001CDA  B002               	btfsc	clcd_write@control_bit^0,0,c
 11871   001CDC  EF72  F00E         	goto	u1621
 11872   001CE0  EF75  F00E         	goto	u1620
 11873   001CE4                     u1621:
 11874   001CE4  8282               	bsf	3970,1,c	;volatile
 11875   001CE6  EF76  F00E         	goto	u1635
 11876   001CEA                     u1620:
 11877   001CEA  9282               	bcf	3970,1,c	;volatile
 11878   001CEC                     u1635:
 11879   001CEC                     
 11880                           ;clcd.c: 7:     PORTD = bit_values;
 11881   001CEC  C003  FF83         	movff	clcd_write@bit_values,3971	;volatile
 11882   001CF0                     
 11883                           ;clcd.c: 9:     RC2 = 1;
 11884   001CF0  8482               	bsf	3970,2,c	;volatile
 11885   001CF2                     
 11886                           ;clcd.c: 10:     RC2 = 0;
 11887   001CF2  9482               	bcf	3970,2,c	;volatile
 11888   001CF4                     
 11889                           ;clcd.c: 12:     TRISD = 0xFF;
 11890   001CF4  6895               	setf	149,c	;volatile
 11891   001CF6                     
 11892                           ;clcd.c: 13:     RC0 = 1;
 11893   001CF6  8082               	bsf	3970,0,c	;volatile
 11894   001CF8                     
 11895                           ;clcd.c: 14:     RC1 = 0;
 11896   001CF8  9282               	bcf	3970,1,c	;volatile
 11897   001CFA                     l2614:
 11898                           
 11899                           ;clcd.c: 17:         RC2 = 1;
 11900   001CFA  8482               	bsf	3970,2,c	;volatile
 11901   001CFC                     
 11902                           ;clcd.c: 18:         RC2 = 0;
 11903   001CFC  9482               	bcf	3970,2,c	;volatile
 11904   001CFE                     
 11905                           ;clcd.c: 19:     } while (RD7);
 11906   001CFE  BE83               	btfsc	3971,7,c	;volatile
 11907   001D00  EF84  F00E         	goto	u1641
 11908   001D04  EF86  F00E         	goto	u1640
 11909   001D08                     u1641:
 11910   001D08  EF7D  F00E         	goto	l2614
 11911   001D0C                     u1640:
 11912   001D0C                     
 11913                           ;clcd.c: 21:     RC0 = 0;
 11914   001D0C  9082               	bcf	3970,0,c	;volatile
 11915                           
 11916                           ;clcd.c: 22:     TRISD = 0x00;
 11917   001D0E  6A95               	clrf	149,c	;volatile
 11918   001D10  0012               	return		;funcret
 11919   001D12                     __end_of_clcd_write:
 11920                           	callstack 0
 11921                           
 11922 ;; *************** function _isr *****************
 11923 ;; Defined at:
 11924 ;;		line 12 in file "timer.c"
 11925 ;; Parameters:    Size  Location     Type
 11926 ;;		None
 11927 ;; Auto vars:     Size  Location     Type
 11928 ;;		None
 11929 ;; Return value:  Size  Location     Type
 11930 ;;                  1    wreg      void 
 11931 ;; Registers used:
 11932 ;;		wreg, status,2, status,0
 11933 ;; Tracked objects:
 11934 ;;		On entry : 0/0
 11935 ;;		On exit  : 0/0
 11936 ;;		Unchanged: 0/0
 11937 ;; Data sizes:     COMRAM   BANK0   BANK1   BANK2   BANK3   BANK4   BANK5
 11938 ;;      Params:         0       0       0       0       0       0       0
 11939 ;;      Locals:         0       0       0       0       0       0       0
 11940 ;;      Temps:          0       0       0       0       0       0       0
 11941 ;;      Totals:         0       0       0       0       0       0       0
 11942 ;;Total ram usage:        0 bytes
 11943 ;; Hardware stack levels used: 1
 11944 ;; This function calls:
 11945 ;;		Nothing
 11946 ;; This function is called by:
 11947 ;;		Interrupt level 2
 11948 ;; This function uses a non-reentrant model
 11949 ;;
 11950                           
 11951                           	psect	intcode
 11952   000008                     __pintcode:
 11953                           	callstack 0
 11954   000008                     _isr:
 11955                           	callstack 24
 11956                           
 11957                           ;incstack = 0
 11958   000008  8201               	bsf	int$flags,1,c	;set compiler interrupt flag (level 2)
 11959   00000A  ED8A  F00D         	call	int_func,f	;refresh shadow registers
 11960                           
 11961                           	psect	intcode_body
 11962   001B14                     __pintcode_body:
 11963                           	callstack 24
 11964   001B14                     int_func:
 11965                           	callstack 24
 11966   001B14  0006               	pop		; remove dummy address from shadow register refresh
 11967   001B16                     
 11968                           ;timer.c: 13:     if ( TMR0IF ) {
 11969   001B16  A4F2               	btfss	4082,2,c	;volatile
 11970   001B18  EF90  F00D         	goto	i2u158_41
 11971   001B1C  EF92  F00D         	goto	i2u158_40
 11972   001B20                     i2u158_41:
 11973   001B20  EFB5  F00D         	goto	i2l197
 11974   001B24                     i2u158_40:
 11975   001B24                     
 11976                           ;timer.c: 14:         TMR0 = TMR0 + 9;
 11977   001B24  0E09               	movlw	9
 11978   001B26  24D6               	addwf	214,w,c	;volatile
 11979   001B28  6ED6               	movwf	214,c	;volatile
 11980   001B2A  0E00               	movlw	0
 11981   001B2C  20D7               	addwfc	215,w,c	;volatile
 11982   001B2E  6ED7               	movwf	215,c	;volatile
 11983                           
 11984                           ;timer.c: 16:         if (timer_count++ == 20000) timer_count = 0;
 11985   001B30  0E01               	movlw	1
 11986   001B32  2640               	addwf	_timer_count^0,f,c
 11987   001B34  0E00               	movlw	0
 11988   001B36  2241               	addwfc	(_timer_count+1)^0,f,c
 11989   001B38  2242               	addwfc	(_timer_count+2)^0,f,c
 11990   001B3A  2243               	addwfc	(_timer_count+3)^0,f,c
 11991   001B3C  0E21               	movlw	33
 11992   001B3E  1840               	xorwf	_timer_count^0,w,c
 11993   001B40  E109               	bnz	i2u159_41
 11994   001B42  0E4E               	movlw	78
 11995   001B44  1841               	xorwf	(_timer_count+1)^0,w,c
 11996   001B46  1042               	iorwf	(_timer_count+2)^0,w,c
 11997   001B48  1043               	iorwf	(_timer_count+3)^0,w,c
 11998   001B4A  A4D8               	btfss	status,2,c
 11999   001B4C  EFAA  F00D         	goto	i2u159_41
 12000   001B50  EFAC  F00D         	goto	i2u159_40
 12001   001B54                     i2u159_41:
 12002   001B54  EFB4  F00D         	goto	i2l2578
 12003   001B58                     i2u159_40:
 12004   001B58  0E00               	movlw	0
 12005   001B5A  6E40               	movwf	_timer_count^0,c
 12006   001B5C  0E00               	movlw	0
 12007   001B5E  6E41               	movwf	(_timer_count+1)^0,c
 12008   001B60  0E00               	movlw	0
 12009   001B62  6E42               	movwf	(_timer_count+2)^0,c
 12010   001B64  0E00               	movlw	0
 12011   001B66  6E43               	movwf	(_timer_count+3)^0,c
 12012   001B68                     i2l2578:
 12013                           
 12014                           ;timer.c: 17:         TMR0IF = 0;
 12015   001B68  94F2               	bcf	4082,2,c	;volatile
 12016   001B6A                     i2l197:
 12017   001B6A  9201               	bcf	int$flags,1,c	;clear compiler interrupt flag (level 2)
 12018   001B6C  0011               	retfie		f
 12019   001B6E                     __end_of_isr:
 12020                           	callstack 0
 12021                           
 12022                           	psect	rparam
 12023   000001                     ___rparam_used  equ	1
 12024   000000                     ___param_bank   equ	0
 12025   000000                     __Lparam        equ	__Lrparam
 12026   000000                     __Hparam        equ	__Hrparam
 12027   000001                     btemp           set	1	;btemp
 12028   000001                     int$flags       set	1
 12029   000001                     btemp0          set	1
 12030   000002                     btemp1          set	2
 12031                           tosu	equ	0xFFF
 12032                           tosh	equ	0xFFE
 12033                           tosl	equ	0xFFD
 12034                           stkptr	equ	0xFFC
 12035                           pclatu	equ	0xFFB
 12036                           pclath	equ	0xFFA
 12037                           pcl	equ	0xFF9
 12038                           tblptru	equ	0xFF8
 12039                           tblptrh	equ	0xFF7
 12040                           tblptrl	equ	0xFF6
 12041                           tablat	equ	0xFF5
 12042                           prodh	equ	0xFF4
 12043                           prodl	equ	0xFF3
 12044                           indf0	equ	0xFEF
 12045                           postinc0	equ	0xFEE
 12046                           postdec0	equ	0xFED
 12047                           preinc0	equ	0xFEC
 12048                           plusw0	equ	0xFEB
 12049                           fsr0h	equ	0xFEA
 12050                           fsr0l	equ	0xFE9
 12051                           wreg	equ	0xFE8
 12052                           indf1	equ	0xFE7
 12053                           postinc1	equ	0xFE6
 12054                           postdec1	equ	0xFE5
 12055                           preinc1	equ	0xFE4
 12056                           plusw1	equ	0xFE3
 12057                           fsr1h	equ	0xFE2
 12058                           fsr1l	equ	0xFE1
 12059                           bsr	equ	0xFE0
 12060                           indf2	equ	0xFDF
 12061                           postinc2	equ	0xFDE
 12062                           postdec2	equ	0xFDD
 12063                           preinc2	equ	0xFDC
 12064                           plusw2	equ	0xFDB
 12065                           fsr2h	equ	0xFDA
 12066                           fsr2l	equ	0xFD9
 12067                           status	equ	0xFD8

Data Sizes:
    Strings     210
    Constant    0
    Data        96
    BSS         18
    Persistent  0
    Stack       0

Auto Spaces:
    Space          Size  Autos    Used
    COMRAM           94     62      88
    BANK0           160      0      88
    BANK1           256      0       0
    BANK2           256      0       0
    BANK3           256      0       0
    BANK4           256      0       0
    BANK5           256      0       0

Pointer List with Targets:

    clcd_print@data	PTR const unsigned char  size(2) Largest target is 17
		 -> line1(BANK0[17]), speed(COMRAM[4]), STR_1(CODE[2]), STR_10(CODE[9]), 
		 -> STR_11(CODE[9]), STR_12(CODE[9]), STR_13(CODE[10]), STR_14(CODE[3]), 
		 -> STR_15(CODE[3]), STR_16(CODE[3]), STR_17(CODE[3]), STR_18(CODE[12]), 
		 -> STR_19(CODE[8]), STR_2(CODE[2]), STR_20(CODE[3]), STR_21(CODE[3]), 
		 -> STR_22(CODE[3]), STR_23(CODE[3]), STR_24(CODE[3]), STR_25(CODE[3]), 
		 -> STR_26(CODE[3]), STR_27(CODE[3]), STR_28(CODE[3]), STR_29(CODE[3]), 
		 -> STR_3(CODE[2]), STR_30(CODE[15]), STR_31(CODE[9]), STR_32(CODE[12]), 
		 -> STR_33(CODE[3]), STR_34(CODE[3]), STR_35(CODE[3]), STR_4(CODE[2]), 
		 -> STR_5(CODE[2]), STR_52(CODE[9]), STR_53(CODE[9]), STR_6(CODE[2]), 
		 -> STR_7(CODE[2]), STR_8(CODE[10]), STR_9(CODE[7]), time(BANK0[9]), 
		 -> view_log@spd_str(COMRAM[4]), view_log@time_str(COMRAM[9]), 

    convert_speed_to_string@speed	PTR unsigned char  size(1) Largest target is 4
		 -> download_log@spd_str(COMRAM[4]), speed(COMRAM[4]), view_log@spd_str(COMRAM[4]), 

    display_main_menu@F10667	PTR const unsigned char [4] size(2) Largest target is 10
		 -> STR_10(CODE[9]), STR_11(CODE[9]), STR_12(CODE[9]), STR_13(CODE[10]), 

    display_main_menu@menu	PTR const unsigned char [4] size(2) Largest target is 10
		 -> STR_10(CODE[9]), STR_11(CODE[9]), STR_12(CODE[9]), STR_13(CODE[10]), 

    download_log@F10697	PTR const unsigned char [10] size(2) Largest target is 3
		 -> STR_38(CODE[3]), STR_39(CODE[3]), STR_40(CODE[3]), STR_41(CODE[3]), 
		 -> STR_42(CODE[3]), STR_43(CODE[3]), STR_44(CODE[3]), STR_45(CODE[3]), 
		 -> STR_46(CODE[3]), STR_47(CODE[3]), 

    download_log@serial_no	PTR const unsigned char [10] size(2) Largest target is 3
		 -> STR_38(CODE[3]), STR_39(CODE[3]), STR_40(CODE[3]), STR_41(CODE[3]), 
		 -> STR_42(CODE[3]), STR_43(CODE[3]), STR_44(CODE[3]), STR_45(CODE[3]), 
		 -> STR_46(CODE[3]), STR_47(CODE[3]), 

    gear_display	PTR const unsigned char [7] size(2) Largest target is 2
		 -> STR_1(CODE[2]), STR_2(CODE[2]), STR_3(CODE[2]), STR_4(CODE[2]), 
		 -> STR_5(CODE[2]), STR_6(CODE[2]), STR_7(CODE[2]), 

    put_str@data	PTR unsigned char  size(2) Largest target is 22
		 -> download_log@spd_str(COMRAM[4]), download_log@time_str(COMRAM[9]), STR_36(CODE[19]), STR_37(CODE[22]), 
		 -> STR_38(CODE[3]), STR_39(CODE[3]), STR_40(CODE[3]), STR_41(CODE[3]), 
		 -> STR_42(CODE[3]), STR_43(CODE[3]), STR_44(CODE[3]), STR_45(CODE[3]), 
		 -> STR_46(CODE[3]), STR_47(CODE[3]), STR_48(CODE[2]), STR_49(CODE[2]), 
		 -> STR_50(CODE[6]), STR_51(CODE[3]), 

    view_log@F10681	PTR const unsigned char [10] size(2) Largest target is 3
		 -> STR_20(CODE[3]), STR_21(CODE[3]), STR_22(CODE[3]), STR_23(CODE[3]), 
		 -> STR_24(CODE[3]), STR_25(CODE[3]), STR_26(CODE[3]), STR_27(CODE[3]), 
		 -> STR_28(CODE[3]), STR_29(CODE[3]), 

    view_log@serial_no	PTR const unsigned char [10] size(2) Largest target is 3
		 -> STR_20(CODE[3]), STR_21(CODE[3]), STR_22(CODE[3]), STR_23(CODE[3]), 
		 -> STR_24(CODE[3]), STR_25(CODE[3]), STR_26(CODE[3]), STR_27(CODE[3]), 
		 -> STR_28(CODE[3]), STR_29(CODE[3]), 


Critical Paths under _main in COMRAM

    _main->_view_log
    _view_log->_clcd_putch
    _view_log->_convert_speed_to_string
    _view_dashboard->_read_speed_adc
    _update_time->___awmod
    _show_collision->_clcd_print
    _save_log->_write_external_eeprom
    _read_speed_adc->___fltol
    ___fltol->___fldiv
    ___fldiv->___xxtofl
    _read_real_time_clock->_read_ds1307
    _display_labels->_clcd_print
    _set_time->_clcd_putch
    _clcd_putch->___awmod
    _init_config->_init_ds1307
    _init_ds1307->_read_ds1307
    _init_ds1307->_write_ds1307
    _write_ds1307->_i2c_write
    _read_ds1307->_i2c_write
    _init_clcd->_clcd_write
    _download_log->_convert_speed_to_string
    _read_external_eeprom->_i2c_write
    _put_str->_put_char
    _convert_speed_to_string->___awmod
    ___awmod->___awdiv
    _display_main_menu->_clcd_print
    _clear_log->_clcd_print
    _clear_log->_write_external_eeprom
    _write_external_eeprom->_i2c_write
    _clcd_print->_clcd_write

Critical Paths under _isr in COMRAM

    None.

Critical Paths under _main in BANK0

    None.

Critical Paths under _isr in BANK0

    None.

Critical Paths under _main in BANK1

    None.

Critical Paths under _isr in BANK1

    None.

Critical Paths under _main in BANK2

    None.

Critical Paths under _isr in BANK2

    None.

Critical Paths under _main in BANK3

    None.

Critical Paths under _isr in BANK3

    None.

Critical Paths under _main in BANK4

    None.

Critical Paths under _isr in BANK4

    None.

Critical Paths under _main in BANK5

    None.

Critical Paths under _isr in BANK5

    None.

Call Graph Tables:

 ---------------------------------------------------------------------------------
 (Depth) Function   	        Calls       Base Space   Used Autos Params    Refs
 ---------------------------------------------------------------------------------
 (0) _main                                                 2     2      0   13125
                                             60 COMRAM     2     2      0
                          _clear_log
                  _display_main_menu
                       _download_log
                        _init_config
               _read_external_eeprom
                           _set_time
                     _view_dashboard
                           _view_log
              _write_external_eeprom
 ---------------------------------------------------------------------------------
 (1) _view_log                                            44    44      0    2638
                                             16 COMRAM    44    44      0
                            ___awdiv
                            ___awmod
                         _clcd_print
                         _clcd_putch
                         _clcd_write
            _convert_speed_to_string
               _read_external_eeprom
                      _read_switches
 ---------------------------------------------------------------------------------
 (1) _view_dashboard                                       1     1      0    4579
                                             52 COMRAM     1     1      0
                         _clcd_print
                         _clcd_write
                     _display_labels
               _read_real_time_clock
                     _read_speed_adc
                      _read_switches
                           _save_log
                     _show_collision
                        _update_time
 ---------------------------------------------------------------------------------
 (2) _update_time                                          0     0      0     666
                            ___awdiv
                            ___awmod
 ---------------------------------------------------------------------------------
 (2) _show_collision                                       1     1      0     344
                                              5 COMRAM     1     1      0
                         _clcd_print
                         _clcd_write
                      _read_switches
 ---------------------------------------------------------------------------------
 (2) _save_log                                             0     0      0     113
              _write_external_eeprom
 ---------------------------------------------------------------------------------
 (2) _read_speed_adc                                       3     3      0    2640
                                             49 COMRAM     3     3      0
                            ___fldiv
                            ___fltol
                           ___xxtofl
            _convert_speed_to_string
                           _read_adc
 ---------------------------------------------------------------------------------
 (3) _read_adc                                             7     5      2      52
                                              0 COMRAM     7     5      2
 ---------------------------------------------------------------------------------
 (3) ___xxtofl                                            14    10      4     338
                                              0 COMRAM    14    10      4
 ---------------------------------------------------------------------------------
 (3) ___fltol                                             10     6      4     231
                                             39 COMRAM    10     6      4
                            ___fldiv (ARG)
                           ___xxtofl (ARG)
 ---------------------------------------------------------------------------------
 (3) ___fldiv                                             25    17      8    1125
                                             14 COMRAM    25    17      8
                           ___xxtofl (ARG)
 ---------------------------------------------------------------------------------
 (2) _read_real_time_clock                                 4     4      0     216
                                              3 COMRAM     4     4      0
                        _read_ds1307
 ---------------------------------------------------------------------------------
 (2) _display_labels                                       0     0      0     190
                         _clcd_print
 ---------------------------------------------------------------------------------
 (1) _set_time                                            17    17      0    2115
                                             16 COMRAM    17    17      0
                            ___awdiv
                            ___awmod
                         _clcd_print
                         _clcd_putch
                         _clcd_write
                      _read_switches
                       _write_ds1307
 ---------------------------------------------------------------------------------
 (2) _clcd_putch                                           2     1      1     135
                                             14 COMRAM     2     1      1
                            ___awdiv (ARG)
                            ___awmod (ARG)
                         _clcd_write
 ---------------------------------------------------------------------------------
 (1) _init_config                                          0     0      0     310
                           _init_adc
                          _init_clcd
                        _init_ds1307
                           _init_i2c
                 _init_matrix_keypad
                        _init_timer0
                          _init_uart
 ---------------------------------------------------------------------------------
 (2) _init_uart                                            0     0      0       0
 ---------------------------------------------------------------------------------
 (2) _init_timer0                                          0     0      0       0
 ---------------------------------------------------------------------------------
 (2) _init_matrix_keypad                                   0     0      0       0
 ---------------------------------------------------------------------------------
 (2) _init_i2c                                             0     0      0       0
 ---------------------------------------------------------------------------------
 (2) _init_ds1307                                          1     1      0     237
                                              3 COMRAM     1     1      0
                        _read_ds1307
                       _write_ds1307
 ---------------------------------------------------------------------------------
 (3) _write_ds1307                                         2     1      1      87
                                              1 COMRAM     2     1      1
                          _i2c_start
                           _i2c_stop
                          _i2c_write
 ---------------------------------------------------------------------------------
 (3) _read_ds1307                                          2     2      0      81
                                              1 COMRAM     2     2      0
                           _i2c_read
                      _i2c_rep_start
                          _i2c_start
                           _i2c_stop
                          _i2c_write
 ---------------------------------------------------------------------------------
 (2) _init_clcd                                            1     1      0      73
                                              2 COMRAM     1     1      0
                         _clcd_write
 ---------------------------------------------------------------------------------
 (2) _init_adc                                             0     0      0       0
 ---------------------------------------------------------------------------------
 (1) _download_log                                        42    42      0    2456
                                             16 COMRAM    42    42      0
                            ___awdiv
                            ___awmod
            _convert_speed_to_string
                           _put_char
                            _put_str
               _read_external_eeprom
 ---------------------------------------------------------------------------------
 (2) _read_external_eeprom                                 2     2      0      81
                                              1 COMRAM     2     2      0
                           _i2c_read
                      _i2c_rep_start
                          _i2c_start
                           _i2c_stop
                          _i2c_write
 ---------------------------------------------------------------------------------
 (4) _i2c_rep_start                                        0     0      0       0
                           _i2c_idle
 ---------------------------------------------------------------------------------
 (4) _i2c_read                                             0     0      0       0
                         _i2c_no_ack
                        _i2c_rx_mode
 ---------------------------------------------------------------------------------
 (5) _i2c_rx_mode                                          0     0      0       0
                           _i2c_idle
 ---------------------------------------------------------------------------------
 (5) _i2c_no_ack                                           0     0      0       0
                           _i2c_idle
 ---------------------------------------------------------------------------------
 (2) _put_str                                              2     0      2      83
                                              1 COMRAM     2     0      2
                           _put_char
 ---------------------------------------------------------------------------------
 (3) _put_char                                             1     1      0      29
                                              0 COMRAM     1     1      0
 ---------------------------------------------------------------------------------
 (3) _convert_speed_to_string                              2     0      2     826
                                             14 COMRAM     2     0      2
                            ___awdiv
                            ___awmod
 ---------------------------------------------------------------------------------
 (4) ___awmod                                              6     2      4     332
                                              8 COMRAM     6     2      4
                            ___awdiv (ARG)
 ---------------------------------------------------------------------------------
 (4) ___awdiv                                              8     4      4     334
                                              0 COMRAM     8     4      4
 ---------------------------------------------------------------------------------
 (1) _display_main_menu                                   10    10      0     457
                                              5 COMRAM    10    10      0
                         _clcd_print
                         _clcd_write
                      _read_switches
 ---------------------------------------------------------------------------------
 (3) _read_switches                                        2     2      0      58
                                              0 COMRAM     2     2      0
                           _scan_key
 ---------------------------------------------------------------------------------
 (4) _scan_key                                             0     0      0       0
 ---------------------------------------------------------------------------------
 (1) _clear_log                                            2     2      0     376
                                              5 COMRAM     2     2      0
                         _clcd_print
                         _clcd_write
              _write_external_eeprom
 ---------------------------------------------------------------------------------
 (3) _write_external_eeprom                                4     3      1     113
                                              1 COMRAM     4     3      1
                          _i2c_start
                           _i2c_stop
                          _i2c_write
 ---------------------------------------------------------------------------------
 (4) _i2c_write                                            1     1      0      29
                                              0 COMRAM     1     1      0
                           _i2c_idle
 ---------------------------------------------------------------------------------
 (4) _i2c_stop                                             0     0      0       0
                           _i2c_idle
 ---------------------------------------------------------------------------------
 (4) _i2c_start                                            0     0      0       0
                           _i2c_idle
 ---------------------------------------------------------------------------------
 (6) _i2c_idle                                             0     0      0       0
 ---------------------------------------------------------------------------------
 (3) _clcd_print                                           3     0      3     190
                                              2 COMRAM     3     0      3
                         _clcd_write
 ---------------------------------------------------------------------------------
 (4) _clcd_write                                           2     1      1      73
                                              0 COMRAM     2     1      1
 ---------------------------------------------------------------------------------
 Estimated maximum stack depth 6
 ---------------------------------------------------------------------------------
 (Depth) Function   	        Calls       Base Space   Used Autos Params    Refs
 ---------------------------------------------------------------------------------
 (7) _isr                                                  0     0      0       0
 ---------------------------------------------------------------------------------
 Estimated maximum stack depth 7
 ---------------------------------------------------------------------------------

 Call Graph Graphs:

 _main (ROOT)
   _clear_log
     _clcd_print
       _clcd_write
     _clcd_write
     _write_external_eeprom
       _i2c_start
         _i2c_idle
       _i2c_stop
         _i2c_idle
       _i2c_write
         _i2c_idle
   _display_main_menu
     _clcd_print
     _clcd_write
     _read_switches
       _scan_key
   _download_log
     ___awdiv
     ___awmod
       ___awdiv (ARG)
     _convert_speed_to_string
       ___awdiv
       ___awmod
     _put_char
     _put_str
       _put_char
     _read_external_eeprom
       _i2c_read
         _i2c_no_ack
           _i2c_idle
         _i2c_rx_mode
           _i2c_idle
       _i2c_rep_start
         _i2c_idle
       _i2c_start
       _i2c_stop
       _i2c_write
   _init_config
     _init_adc
     _init_clcd
       _clcd_write
     _init_ds1307
       _read_ds1307
         _i2c_read
         _i2c_rep_start
         _i2c_start
         _i2c_stop
         _i2c_write
       _write_ds1307
         _i2c_start
         _i2c_stop
         _i2c_write
     _init_i2c
     _init_matrix_keypad
     _init_timer0
     _init_uart
   _read_external_eeprom
   _set_time
     ___awdiv
     ___awmod
     _clcd_print
     _clcd_putch
       ___awdiv (ARG)
       ___awmod (ARG)
       _clcd_write (ARG)
     _clcd_write
     _read_switches
     _write_ds1307
   _view_dashboard
     _clcd_print
     _clcd_write
     _display_labels
       _clcd_print
     _read_real_time_clock
       _read_ds1307
     _read_speed_adc
       ___fldiv
         ___xxtofl (ARG)
       ___fltol
         ___fldiv (ARG)
         ___xxtofl (ARG)
       ___xxtofl
       _convert_speed_to_string
       _read_adc
     _read_switches
     _save_log
       _write_external_eeprom
     _show_collision
       _clcd_print
       _clcd_write
       _read_switches
     _update_time
       ___awdiv
       ___awmod
   _view_log
     ___awdiv
     ___awmod
     _clcd_print
     _clcd_putch
     _clcd_write
     _convert_speed_to_string
     _read_external_eeprom
     _read_switches
   _write_external_eeprom

 _isr (ROOT)

Address spaces:
Name               Size   Autos  Total    Usage
BIGRAM            1535      0       0      0.0%
BITBIGSFRlll       641      0       0      0.0%
BITBANK5           256      0       0      0.0%
BANK5              256      0       0      0.0%
BITBANK4           256      0       0      0.0%
BANK4              256      0       0      0.0%
BITBANK3           256      0       0      0.0%
BANK3              256      0       0      0.0%
BITBANK2           256      0       0      0.0%
BANK2              256      0       0      0.0%
BITBANK1           256      0       0      0.0%
BANK1              256      0       0      0.0%
BITBANK0           160      0       0      0.0%
BANK0              160      0      88     55.0%
BITCOMRAM           94      0       0      0.0%
COMRAM              94     62      88     93.6%
BITBIGSFRh          82      0       0      0.0%
BITBIGSFRllh        28      0       0      0.0%
BITBIGSFRlh         14      0       0      0.0%
STACK                0      0       0      0.0%
DATA                 0      0     176      0.0%


Microchip Technology PIC18 Macro Assembler V3.10 build 20250813170317 
Symbol Table                                                                                   Thu Apr 23 16:00:45 2026

                    _update_time 1718                     ___fldiv@aexp 0028                     ___fldiv@bexp 0027  
                   ___fldiv@sign 0020            _write_external_eeprom 1C98                   clcd_print@addr 0006  
                 clcd_print@data 0004                               l54 1480                               l49 1D84  
                             _GO 7E11                     ___awdiv@sign 0007               _init_matrix_keypad 1E32  
         __end_of_display_labels 1E66                              l200 1E30                              l112 1996  
                            l121 15C2                              l115 1AB8                              l131 1C96  
                            l108 1E64                              l124 17B2                              l141 1390  
                            l118 1840                              l240 0D68                              l320 0458  
                            l161 1D0C                              l162 1D10                              l171 192E  
                            l340 19FE                              l324 0D12                              l165 1716  
                            l174 1DF0                              l327 0B36                              l511 1DA2  
                            l431 1C52                              l360 10F6                              l256 0EEA  
                            l264 0AC8                              l361 10CE                              l425 1DBE  
                            l370 1138                              l514 1D3A                              l363 10E2  
                            l355 1E42                              l508 1C0C                              l428 1C26  
                            l373 1166                              l470 1E54                              l374 11A2  
                            l366 1110                              l358 10BA                              l550 1E0A  
                            l375 117A                              l367 114C                              l359 11AA  
                            l368 1124                              l464 1E06                              l473 1EAE  
                            l377 118E                              l553 1E1C                              l482 1E7C  
                            l467 1E44                              l491 1E70                              l547 1DD8  
                            l476 1EA6                              l388 18C2                              l469 1E52  
                            l581 1CD6                              l485 1E9E                              l559 1A5C  
                            l479 1E96                              l488 1E86                              l584 1D64  
                            l941 1670                              _CKE 7E3E                              l928 1450  
                            l994 12B0                              _RC0 7C10                              _RC1 7C11  
                            _RC2 7C12                              _RD7 7C1F                              _PEN 7E2A  
                            _SEN 7E28                              _PSA 7EAB                              _SMP 7E3F  
                            _WUE 7DC1                              _isr 0008                   clcd_putch@addr 0010  
                 clcd_putch@data 0011                     ___awmod@sign 000F                              wreg 0FE8  
    display_main_menu@menu_index 0049              ?_init_matrix_keypad 0002                     ___fltol@exp1 0032  
                ?_view_dashboard 0002                             l3000 0760                             l3010 07C2  
                           l3002 077A                             l3012 07C6                             l3004 0790  
                           l3100 1044                             l3014 07D4                             l3006 07AA  
                           l3110 108C                             l3102 1046                             l3120 167A  
                           l3016 07DA                             l3008 07C0                             l3040 1216  
                           l3032 11D6                             l3112 108E                             l3104 104A  
                           l1352 0F42                             l3200 150C                             l1281 064C  
                           l3130 16B0                             l3122 167C                             l3018 07DC  
                           l1290 0692                             l3050 1246                             l3042 1224  
                           l3034 1200                             l3026 11AC                             l3106 106E  
                           l3202 1568                             l3210 174C                             l1291 06B0  
                           l1355 109E                             l3300 0D26                             l3140 16DA  
                           l3132 16B8                             l3124 168C                             l3116 1672  
                           l1292 0708                             l1284 0610                             l3060 1270  
                           l3052 1250                             l3036 1202                             l3028 11C2  
                           l3108 107E                             l3204 1574                             l3220 1C5E  
                           l3212 1764                             l1293 06F6                             l3310 0D60  
                           l3302 0D2E                             l3150 170E                             l3142 16E4  
                           l3134 16C2                             l3126 1696                             l3118 1674  
                           l3230 1DDC                             l3062 1280                             l3038 1212  
                           l1366 1036                             l3070 0EEE                             l3222 1C6E  
                           l3214 177C                             l3206 1718                             l1279 07E6  
                           l1359 0FDA                             l2600 1CDA                             l3320 0D9C  
                           l3312 0D6A                             l3304 0D3E                             l3232 1A00  
                           l3144 16EC                             l3136 16C8                             l3128 16A6  
                           l3160 1BF8                             l3152 1BC6                             l3240 1D66  
                           l3064 1290                             l3048 123C                             l3072 0EFE  
                           l3224 1C7E                             l3216 17B0                             l3208 1748  
                           l3400 08CA                             l2610 1CF6                             l2602 1CEC  
                           l3330 0DBA                             l3322 0D9E                             l3314 0D6C  
                           l3306 0D4E                             l3234 1A04                             l3170 1D52  
                           l3162 1D3E                             l3146 16F6                             l3138 16D2  
                           l3154 1BCE                             l3250 1D78                             l3242 1D68  
                           l3066 12A0                             l3058 1264                             l3090 0FC4  
                           l3082 0F7C                             l3074 0F0C                             l3226 1C86  
                           l3218 1C54                             l3410 0912                             l3402 08DA  
                           l2612 1CF8                             l2604 1CF0                             l2620 10A0  
                           l3340 0DFE                             l3324 0DAE                             l3332 0DC8  
                           l3308 0D50                             l3316 0D7A                             l3236 1A28  
                           l2700 1E90                             l3172 1D5E                             l3164 1D42  
                           l3148 1704                             l3156 1BDA                             l3252 1D7C  
                           l3244 1D6C                             l3092 0FD0                             l3084 0F84  
                           l3076 0F52                             l3180 1968                             l3260 12BA  
                           l3420 093A                             l3412 091A                             l3404 08E0  
                           l2614 1CFA                             l2606 1CF2                             l2622 10B4  
                           l3342 0E02                             l3334 0DDA                             l3350 0E32  
                           l3326 0DB4                             l3318 0D8C                             l3238 1A2C  
                           l2710 1E6E                             l2702 1E92                             l3166 1D48  
                           l3510 0B64                             l3158 1BEE                             l3254 1D80  
                           l3246 1D70                             l3094 100C                             l3086 0F90  
                           l3078 0F68                             l3190 198C                             l3182 196C  
                           l3270 1302                             l3262 12BE                             l3430 095C  
                           l3422 093E                             l3414 091E                             l3406 08F2  
                           l2616 1CFC                             l2608 1CF4                             l2704 1E74  
                           l2800 1CAA                             l2640 10F0                             l3360 0E8A  
                           l3352 0E44                             l3344 0E14                             l3336 0DEA  
                           l3328 0DB8                             l2720 13AA                             l3168 1D4E  
                           l3520 0B92                             l3512 0B6C                             l3504 0B3E  
                           l3248 1D74                             l3600 0012                             l3176 1E56  
                           l3192 1A5E                             l3096 1018                             l3088 0FC2  
                           l3184 197C                             l3280 1346                             l3272 1314  
                           l3264 12C2                             l3256 12B2                             l3440 099C  
                           l3432 0966                             l3408 0902                             l3416 0924  
                           l2618 1CFE                             l2810 18D2                             l2706 1E78  
                           l2802 1CB0                             l2650 111E                             l2634 10DC  
                           l3362 0EAA                             l3354 0E4C                             l3346 0E18  
                           l3338 0DEE                             l2730 13CE                             l2722 13AE  
                           l2714 1392                             l3530 0BE4                             l3522 0B9E  
                           l3514 0B74                             l3506 0B4E                             l3610 0026  
                           l3602 001C                             l3194 1A76                             l3098 1026  
                           l3186 197E                             l3178 1930                             l3282 1348  
                           l3274 131E                             l3266 12D0                             l3258 12B6  
                           l3450 09E6                             l3442 09B2                             l3434 0970  
                           l3418 0936                             l3426 094C                             l3370 0808  
                           l2812 18FA                             l2804 1CB4                             l2644 110A  
                           l2628 10C8                             l3364 0EC6                             l3348 0E2A  
                           l3356 0E56                             l2740 1404                             l2732 13E0  
                           l2724 13BC                             l2716 1394                             l2708 1E66  
                           l3540 0C2C                             l3532 0BFA                             l3524 0BB4  
                           l3516 0B7E                             l2820 1D1E                             l1940 1E32  
                           l1932 1E1E                             l3700 02CE                             l3620 0060  
                           l3612 0028                             l3604 001E                             l3196 1A8C  
                           l2900 0496                             l3188 1982                             l3292 1378  
                           l3284 1350                             l3276 1326                             l3268 12EC  
                           l3460 0A36                             l3452 09FC                             l3444 09B6  
                           l3436 097A                             l3428 0954                             l3372 0812  
                           l2814 18FE                             l2590 1E44                             l2806 1CBC  
                           l2662 1146                             l3358 0E66                             l2742 141A  
                           l2734 13E8                             l2750 1430                             l2726 13C4  
                           l2718 13A2                             l2830 17B4                             l3550 0C76  
                           l3542 0C44                             l3534 0BFE                             l3526 0BCA  
                           l3518 0B88                             l2822 1D24                             l1950 1DF6  
                           l1942 1E3A                             l1934 1E26                             l3710 0362  
                           l3702 02F4                             l3630 009C                             l3622 0070  
                           l3614 0038                             l3606 0020                             l3198 1AA2  
                           l2910 04C4                             l2902 04A6                             l3294 138A  
                           l3286 1362                             l3278 1336                             l3470 0A8E  
                           l3462 0A52                             l3454 0A12                             l3446 09CC  
                           l3438 0986                             l3390 08AA                             l3374 0822  
                           l3382 0850                             l3366 07E8                             l2808 18C4  
                           l2672 1174                             l2656 1132                             l2752 1440  
                           l2744 1422                             l2736 13F0                             l2728 13C8  
                           l2760 15C6                             l2832 1834                             l2592 1E98  
                           l3560 0CB4                             l3552 0C80                             l3544 0C50  
                           l3536 0C14                             l3528 0BCE                             l3480 0ACC  
                           l2824 1D28                             l2816 1D14                             l1952 1DFE  
                           l1944 1E3C                             l1936 1E2C                             l3720 03DA  
                           l3712 036C                             l3704 0306                             l3640 00CA  
                           l3632 009E                             l3624 0072                             l3616 0048  
                           l3608 0022                             l2920 04FA                             l2912 04CA  
                           l2904 04A8                             l2840 1C4A                             l3296 138E  
                           l3288 1372                             l3472 0A9E                             l3464 0A60  
                           l3456 0A14                             l3448 09E2                             l3392 08AE  
                           l3384 0858                             l3376 0832                             l3368 07F8  
                           l2666 1160                             l2850 186A                             l3298 0D14  
                           l2754 1448                             l2746 1424                             l2738 13FE  
                           l2770 15F6                             l2762 15D4                             l2594 1E9A  
                           l3570 0CDC                             l3562 0CC0                             l3554 0C90  
                           l3546 0C5A                             l3538 0C2A                             l3482 0ADC  
                           l3490 0B00                             l1946 1DA4                             l2826 1D34  
                           l2818 1D18                             l1954 1E00                             l1938 1E2E  
                           l1970 1DC0                             l3722 03E4                             l3714 037E  
                           l3706 0316                             l3730 0454                             l3650 0106  
                           l3642 00DC                             l3634 00B0                             l3626 0084  
                           l3618 0050                             l2930 0538                             l2922 050A  
                           l2914 04D8                             l2906 04AE                             l2834 1C10  
                           l3474 0AB0                             l3466 0A70                             l3458 0A26  
                           l3394 08B4                             l3386 0868                             l3378 0848  
                           l2692 1EA8                             l3580 1998                             l2684 119C  
                           l2852 187A                             l2844 1844                             l2748 142A  
                           l2780 163C                             l2772 1608                             l2764 15DC  
                           l2596 1E7E                             l3572 0CEC                             l3564 0CCA  
                           l3556 0C9C                             l3548 0C66                             l3492 0B0C  
                           l3484 0AEC                             l1956 1E02                             l1948 1DF2  
                           l1972 1DD4                             l3724 03F4                             l3716 038E  
                           l3708 032A                             l3660 0142                             l3652 0116  
                           l3636 00B6                             l3628 008A                             l3644 00E2  
                           l2932 0548                             l2940 0568                             l2924 050C  
                           l2916 04DA                             l2908 04BE                             l2836 1C24  
                           l3476 0ABA                             l3468 0A7E                             l3396 08C4  
                           l3388 0878                             l3740 1492                             l3732 1452  
                           l2694 1EAA                             l3590 19C6                             l3582 19A2  
                           l2678 1188                             l2854 187C                             l2862 1890  
                           l2846 1854                             l2790 1668                             l2782 1644  
                           l2774 1610                             l2766 15E0                             l2758 15C4  
                           l2598 1E82                             l3574 0CEE                             l3566 0CD6  
                           l3558 0CAE                             l3494 0B1E                             l3486 0AF8  
                           l3478 0ACA                             l1958 1E04                             l3726 0404  
                           l3718 03A2                             l3662 014A                             l3654 011E  
                           l3646 00F4                             l3670 0176                             l3638 00C8  
                           l2950 05A6                             l2942 0578                             l2934 0550  
                           l2918 04EA                             l2926 0512                             l2838 1C34  
                           l3398 08C8                             l3750 14BA                             l3742 149A  
                           l3734 1456                             l2696 1EA0                             l3592 19D0  
                           l3584 19B2                             l2688 11A8                             l2864 18A0  
                           l2872 18C0                             l2856 188A                             l2848 185A  
                           l2784 164A                             l2776 1618                             l2768 15EE  
                           l3576 0CF2                             l3568 0CD8                             l3496 0B2E  
                           l2880 1D92                             l3728 0418                             l3680 01B6  
                           l3672 0188                             l3664 015C                             l3656 0130  
                           l3648 0104                             l2960 05EC                             l2952 05B6  
                           l2944 0578                             l2936 0554                             l2928 0522  
                           l3744 14A2                             l3736 146C                             l2698 1EA2  
                           l2794 1C9A                             l3594 19DA                             l3586 19C2  
                           l2866 18A8                             l2778 1626                             l2786 1650  
                           l3498 0B38                             l2882 1D98                             l3690 025A  
                           l3682 01C0                             l3674 018A                             l3666 015E  
                           l3658 0132                             l2970 063A                             l2962 0600  
                           l2954 05C6                             l2890 045A                             l3746 14AA  
                           l3754 14BE                             l3738 1484                             l2796 1C9E  
                           l3596 19F0                             l3588 19C4                             l2868 18B8  
                           l2788 1660                             l2884 1D9E                             l2876 1D88  
                           l3692 0264                             l3684 01F0                             l3676 019C  
                           l3668 016E                             l2980 0682                             l2972 064A  
                           l2964 060E                             l2956 05D6                             l2948 058C  
                           l2892 0466                             l3780 14D2                             l3748 14B2  
                           l2798 1CA4                             l3598 19F4                             l2886 1E0A  
                           l2878 1D8C                             l3694 026E                             l3686 0220  
                           l3678 01A4                             l2982 0690                             l2974 065C  
                           l2966 061A                             l2958 05DC                             l2894 0474  
                           l2888 1E18                             l3696 027E                             l3688 0250  
                           l2992 0718                             l2976 0672                             l2984 06A2  
                           l2968 0638                             l2896 0476                             l3698 0298  
                           l2994 0724                             l2986 06C0                             l2978 0678  
                           l2898 0486                             l2996 0732                             l2988 06EE  
                           l2998 075C                             _ADFM 7E07                             ?_isr 0002  
                           _ADON 7E10                             STR_1 2FD4                             STR_2 2FE0  
                           STR_3 2FE3                             STR_4 2FE6                             STR_5 2FE9  
                           STR_6 2FEC                             STR_7 2FFD                             STR_8 2F87  
                           STR_9 2FCF                             _BRGH 7D62                             _CREN 7D5C  
                           _T0CS 7EAD                             u2000 0474                             u2001 0470  
                           u2010 0486                             u2011 0482                             u2100 0638  
                           u2020 0496                             u2101 0634                             u2021 0492  
                           u2110 065C                             u2030 04D8                             u2111 0658  
                           u2031 04D4                             u3000 0116                             u2200 077A  
                           u2120 0672                             u2040 04EA                             u3001 0112  
                           u2201 0776                             u2121 066E                             u2041 04E6  
                           u3010 0130                             u2210 07AA                             u2130 0690  
                           u2050 04FA                             u3011 012C                             u2211 07A6  
                           u2131 068C                             u2051 04F6                             u3100 02F2  
                           u3020 0142                             u2220 07D4                             u2140 06B0  
                           u2060 0538                             u2300 0EFE                             u3021 013E  
                           u2221 07D0                             u2141 06AC                             u2061 0534  
                           u2301 0EFA                             u3110 0306                             u3030 015C  
                           u2150 06C0                             u2070 0578                             u2230 11C2  
                           u2310 0F0C                             u3111 0302                             u3031 0158  
                           u2151 06BC                             u2071 0574                             u2231 11BE  
                           u2311 0F08                             u3120 0316                             u3040 016E  
                           u2160 06EE                             u2080 05EC                             u2240 11F6  
                           u2320 0F68                             u2400 197C                             u3121 0312  
                           u3041 016A                             u2161 06EA                             u2081 05E8  
                           u2321 0F64                             u2401 1978                             u1610 1E52  
                           u3130 037E                             u3050 0188                             u2170 0704  
                           u2090 060E                             u2250 1224                             u2330 0FBE  
                           u2410 1C96                             u1611 1E4E                             u3131 037A  
                           u3051 0184                             u2171 0700                             u2091 060A  
                           u2251 1220                             u2331 0FBA                             u2411 1C92  
                           u1620 1CEA                             u1700 111E                             u2420 1A24  
                           u3140 038E                             u3060 019C                             u2180 0718  
                           u2260 1238                             u2340 1008                             u2500 138A  
                           u1621 1CE4                             u1701 111A                             u3141 038A  
                           u3061 0198                             u2181 0714                             u2261 1234  
                           u2245 11EC                             u2341 1004                             u2501 1386  
                           u1710 1132                             u2430 1A4C                             u3150 03F4  
                           u3070 01B6                             u2190 0732                             u2270 1260  
                           u2350 1026                             u1711 112E                             u2511 0D1E  
                           u3207 1682                             u3151 03F0                             u3071 01B2  
                           u2191 072E                             u2271 125C                             u2351 1022  
                           u1640 1D0C                             u1720 1146                             u2600 0DFE  
                           u2520 0D3E                             u1800 13FE                             u2440 1A5C  
                           u3160 0404                             u3080 02CE                             u2280 1280  
                           u2360 1036                             u1641 1D08                             u1721 1142  
                           u2601 0DFA                             u2521 0D3A                             u1801 13FA  
                           u2441 1A58                             u3217 169C                             u3161 0400  
                           u3081 02CA                             u2281 127C                             u2361 1032  
                           u1730 1160                             u1650 10B4                             u2610 0E14  
                           u2530 0D4E                             u1810 141A                             u3090 02F0  
                           u2290 1290                             u2370 1044                             u2450 1314  
                           u3170 146C                             u1635 1CEC                             u1731 115C  
                           u1651 10B0                             u2611 0E10                             u2531 0D4A  
                           u1811 1416                             u2427 1A1A                             u3227 16B2  
                           u3091 02EA                             u2291 128C                             u2371 1040  
                           u2451 1310                             u3171 1468                             u1900 18F6  
                           u1740 1174                             u1660 10C8                             u2620 0E2A  
                           u2540 0D60                             u1820 1440                             u2380 107E  
                           u2460 1336                             u2700 08C4                             u1741 1170  
                           u1661 10C4                             u2621 0E26                             u2541 0D5C  
                           u1821 143C                             u2437 1A42                             u3237 16D4  
                           u2381 107A                             u2461 1332                             u2701 08C0  
                           u1910 191E                             u1750 1188                             u1670 10DC  
                           u2630 0E44                             u2550 0D8C                             u1830 15D4  
                           u2390 108C                             u2470 1346                             u2710 08DA  
                           u1751 1184                             u1671 10D8                             u2631 0E40  
                           u2551 0D88                             u1831 15D0                             u3247 16E6  
                           u2391 1088                             u2471 1342                             u2711 08D6  
                           u1920 192E                             u1760 119C                             u1680 10F0  
                           u2640 0E66                             u2560 0D9C                             u1840 15EE  
                           u2800 0ADC                             u2480 1362                             u2720 08F2  
                           u1921 192A                             u1761 1198                             u1681 10EC  
                           u2641 0E62                             u2561 0D98                             u1841 15EA  
                           u2801 0AD8                             u3257 16FC                             u2481 135E  
                           u2721 08EE                             u1690 110A                             u2570 0DAE  
                           u1770 13A2                             u1850 1608                             u2810 0AEC  
                           u1930 1C34                             u2490 1372                             u2730 0902  
                           u2650 07F8            ?_read_external_eeprom 0002                             u1907 18EC  
                           u1691 1106                             u2571 0DAA                             u1771 139E  
                           u1851 1604                             u2811 0AE8                             u3267 1710  
                           u1931 1C30                             u2491 136E                             u2731 08FE  
                           u3187 083C                             u2651 07F4                             u1940 1854  
                           u2580 0DDA                             u1780 13BC                             u1860 1626  
                           u2900 0D0E                             u2740 0912                             u2660 0808  
                           u1917 1914                             u3277 1882                             u1941 1850  
                           u2581 0DD6                             u1781 13B8                             u1861 1622  
                           u2901 0D0A                             u2821 0B16                             u3197 0288  
                           u2741 090E                             u2661 0804                             u1950 186A  
                           u2590 0DEA                             u1790 13E0                             u1870 163C  
                           u2830 0B2E                             u2910 0060                             u2750 0936  
                           u2670 0868                             u3287 19E4                             u1951 1866  
                           u2591 0DE6                             u1791 13DC                             u1871 1638  
                           u2831 0B2A                             u2911 005C                             u2751 0932  
                           u2671 0864                             u1960 187A                             u1880 1660  
                           u2840 0B4E                             u2920 0070                             u2680 0878  
                           u1961 1876                             u1881 165C                             u2841 0B4A  
                           u2921 006C                             u2761 0A1E                             u2681 0874  
                           u1890 1CD6                             u1970 18A0                             u2850 0B60  
                           u2930 0084                             u2770 0A70                             u2690 08AA  
                           u1891 1CD2                             u1971 189C                             u2851 0B5C  
                           u2931 0080                             u2771 0A6C                             u2691 08A6  
                           u1980 18B8                             u2860 0C76                             u2940 009C  
                           u2780 0A8E                             u1981 18B4                             u2861 0C72  
                           u2941 0098                             u2781 0A8A                             u1990 1E18  
                           u2870 0C90                             u2950 00B0                             u2790 0AB0  
                           u1991 1E14                             u2871 0C8C                             u2951 00AC  
                           u2791 0AAC                             u2880 0CAE                             u2960 00C8  
                           u2881 0CAA                             u2961 00C4                             u2890 0CEC  
                           u2970 00DC                             u2891 0CE8                             u2971 00D8  
                           u2980 00F4                             _RCEN 7E2B                             _RCIF 7CF5  
                           u2981 00F0                             u2990 0104                             u2991 0100  
                           _RBPU 7F8F                             _TMR0 0FD6                             _SPEN 7D5F  
                           _RSEN 7E29                             _TXEN 7D65                             _TXIF 7CF4  
                           _SYNC 7D64                             _gear 004E                             _main 1452  
                           _time 00AF                             fsr0h 0FEA                             indf0 0FEF  
                           fsr2h 0FDA                             fsr0l 0FE9                             indf2 0FDF  
                           fsr1l 0FE1                             fsr2l 0FD9                             btemp 0001  
                           prodl 0FF3                             start 000E                  ___fldiv@new_exp 0021  
           ??_init_matrix_keypad 0002                     ___param_bank 0000                    _i2c_rep_start 1E90  
                  ??_i2c_rx_mode 0002                            ??_isr 0002                     ?_init_ds1307 0002  
                  ___fltol@sign1 0031                            _ABDEN 7DC0                            _ADCS0 7E00  
                          _ADCS1 7E01                            _ADCS2 7E02                            ?_main 0002  
                   ?_read_ds1307 0002                            _ACKEN 7E2C                            _ACKDT 7E2D  
                          _BCLIF 7D0B                  __end_of___fldiv 07E8                            _ACQT0 7E03  
                          _ACQT1 7E04                            _ACQT2 7E05                  __end_of___awdiv 1452  
                          STR_10 2FAC                            STR_11 2F91                            STR_12 2F9A  
                          STR_20 2FDF                            STR_13 2F7D                            STR_21 2FE2  
                          STR_14 2FFA                            STR_30 2F56                            STR_22 2FE5  
                          STR_15 2FD9                            STR_31 2FBE                            STR_23 2FE8  
                          STR_16 2FD9                            STR_32 2F71                            _BRG16 7DC3  
                          STR_24 2FEB                            STR_40 2FE5                            STR_33 2FD9  
                          STR_17 2FFA                            STR_25 2FEE                            STR_41 2FE8  
                          STR_34 2FD9                            STR_50 2FD6                            STR_18 2F65  
                          STR_26 2FF1                            STR_42 2FEB                  ?_display_labels 0002  
                          STR_51 2F40                            STR_35 2FD9                            STR_19 2FC7  
                          STR_27 2FF4                            STR_43 2FEE                            STR_52 2FA3  
                          STR_36 2F43                            STR_28 2FF7                            STR_44 2FF1  
                __end_of___awmod 1672                            STR_53 2FB5                            STR_37 2F2D  
                          STR_29 2FDC                            STR_45 2FF4                            STR_46 2FF7  
                          STR_38 2FDF                            STR_47 2FDC                            STR_39 2FE2  
                          STR_48 2FDA                            STR_49 2FDA                  __end_of___fltol 12B2  
                ___awdiv@divisor 0004                     ?_init_config 0002                            i2l197 1B6A  
                ___awdiv@counter 0006                            _VCFG0 7E0C                            _VCFG1 7E0D  
                          _RCREG 0FAE                            _SPBRG 0FAF                            _PORTB 0F81  
                          _PORTD 0F83                            _TRISB 0F93                            _TRISC 0F94  
                          _TRISD 0F95                            _SSPIF 7CF3                            _TXREG 0FAD  
                   ?_init_timer0 0002                      _write_index 0050        write_external_eeprom@data 0003  
               ??_read_speed_adc 0033        write_external_eeprom@wait 0004                            _line1 009E  
                          _event 0052                            _hours 004C                            _speed 0056  
                          btemp0 0001                            btemp1 0002                            _state 0051  
                          tablat 0FF5                            plusw1 0FE3                            plusw2 0FDB  
                          status 0FD8                  __end_of_put_str 1A5E                 init_ds1307@dummy 0005  
                     _i2c_no_ack 1E7E                  __initialization 1ABA                   ?_i2c_rep_start 0002  
         ?_write_external_eeprom 0003                     __end_of_main 150C                 __end_of_i2c_idle 1E56  
               __end_of_i2c_read 1E72                 __end_of_i2c_stop 1EA8                    ?_download_log 0002  
                         ??_main 003E                    __activetblptr 0002              __end_of_i2c_rx_mode 1EA0  
                         _ADCON0 0FC2                           _ADCON1 0FC1                 read_switches@key 0044  
         ??_read_external_eeprom 0003                           _ADRESH 0FC4                           _ADRESL 0FC3  
                         _T08BIT 7EAE                 ___awdiv@dividend 0002                show_collision@key 0007  
                         _GODONE 7E11                           i2l2572 1B16                           i2l2574 1B24  
                         i2l2576 1B58                           i2l2578 1B68                 ??_show_collision 0007  
                   _write_ds1307 1D86                           _TMR0IE 7F95                           _TMR0IF 7F92  
                         _TMR0ON 7EAF                           _SSPADD 0FC8                           _TRISC3 7CA3  
                         _TRISC4 7CA4                           _TRISC6 7CA6                           _TRISC7 7CA7  
                         _SSPBUF 0FC9                 __end_of___xxtofl 10A0                  set_time@bcd_min 001B  
                set_time@bcd_sec 001C                        ??___fldiv 0018                        ??___awdiv 0006  
                      ??___awmod 000E                        ??___fltol 002D                 __end_of_init_i2c 1E08  
               __end_of_init_adc 1DC0                 __end_of_read_adc 1C54                           clear_0 1B00  
                 ??_download_log 0012                 ___awdiv@quotient 0008                  ___awmod@divisor 000C  
                         isa$std 0001                 __end_of_scan_key 11AC                  ___awmod@counter 000E  
               __end_of_save_log 1998                     __pdataCOMRAM 0052                 __end_of_set_time 045A  
                   __mediumconst 2F2C                           tblptrh 0FF7                           tblptrl 0FF6  
                         tblptru 0FF8                 __end_of_view_log 0ACA                 __end_of_put_char 1E1E  
          read_speed_adc@adc_val 0034                        ??_put_str 0005                     ___xxtofl@arg 000C  
                   ___xxtofl@exp 000B                     ___xxtofl@val 0002                       __accesstop 0060  
        __end_of__initialization 1B06                    ___rparam_used 0001                       ___fltol@f1 0029  
                ??_i2c_rep_start 0002                      ?_i2c_no_ack 0002                   __pcstackCOMRAM 0002  
                   ?_update_time 0002                     __pidataBANK0 1B6E                      _i2c_rx_mode 1E98  
        _convert_speed_to_string 17B4                __end_of_i2c_start 1EB0                __end_of_i2c_write 1E7E  
               ??_view_dashboard 0036                        ?_i2c_idle 0002                        ?_i2c_read 0002  
                      ?_i2c_stop 0002                       _clcd_print 18C4                       _clcd_putch 1DDA  
                     _clcd_write 1CD8             clcd_write@bit_values 0003     write_external_eeprom@address 0006  
                read_ds1307@data 0004                 ??_display_labels 0007                read_switches@once 0055  
                   _gear_display 0088                        ?___xxtofl 0002                          _SSPCON1 0FC6  
                  _read_switches 1842                       ??_i2c_idle 0002                       ??_i2c_read 0002  
                     ??_i2c_stop 0002                        ?_init_i2c 0002             __end_of_download_log 0D14  
                      ?_init_adc 0002                        ?_read_adc 0002                __end_of_clear_log 1A00  
                 view_log@F10681 0074                        ?_scan_key 0002          ??_write_external_eeprom 0004  
                        __Hparam 0000                        ?_save_log 0002                          __Lparam 0000  
                      ?_set_time 0002        ??_convert_speed_to_string 0012                          ___fldiv 045A  
                        ___awdiv 1392                          ___awmod 15C4                        ?_view_log 0002  
                        ___fltol 11AC                        ?_put_char 0002                          __pcinit 1ABA  
                        __ramtop 0600                          __ptext0 1452                          __ptext1 07E8  
                        __ptext2 12B2                          __ptext3 1718                          __ptext4 1C54  
                        __ptext5 1930                          __ptext6 150C                          __ptext7 1C0E  
                        __ptext8 0EEC                          __ptext9 11AC                __end_of_init_clcd 1718  
                     ??___xxtofl 0006                __end_of_init_uart 1DDA                 ___awmod@dividend 000A  
                        _minutes 004B                          _seconds 004A                   ?_read_switches 0002  
                        _put_str 1A00                   __pintcode_body 1B14             end_of_initialization 1B06  
                    set_time@key 001D                      set_time@min 0020                      set_time@sec 0021  
                     ??_init_i2c 0002                       ??_init_adc 0002                    __Lmediumconst 2F2C  
                     ??_read_adc 0004                          int_func 1B14                       ??_scan_key 0002  
                    ?_clcd_print 0004                      ?_clcd_putch 0010                      ?_clcd_write 0002  
                     ??_save_log 0007                       ??_set_time 0012        display_main_menu@selected 0047  
                        postdec1 0FE5                          postdec2 0FDD                          postinc0 0FEE  
                        postinc2 0FDE                       ??_view_log 0012     __end_of_read_real_time_clock 1ABA  
                     ??_put_char 0002                        _PORTBbits 0F81                  read_adc@channel 0008  
              view_log@log_count 0045                    i2c_write@data 0002                    ___xxtofl@sign 000A  
                 download_log@gr 003A                   download_log@hr 0037                   download_log@mn 0038  
                 download_log@sc 0039                  read_adc@reg_val 0006                      ___fldiv@grs 0023  
                    ___fldiv@rem 001C  __end_of_convert_speed_to_string 1842                view_log@serial_no 0017  
       read_external_eeprom@data 0004                     ??_i2c_no_ack 0002                     ?_i2c_rx_mode 0002  
                     _write_flag 004F                    __pidataCOMRAM 1E88                      view_log@key 003C  
                    view_log@spd 0038              start_initialization 1ABA                  ??_read_switches 0002  
                      _i2c_start 1EA8                      __end_of_isr 1B6E                        _i2c_write 1E72  
             set_time@blink_flag 001E               __end_of_i2c_no_ack 1E88                   set_time@bcd_hr 001A  
          __end_of_i2c_rep_start 1E98                    ??_init_ds1307 0005                      __pdataBANK0 0060  
                  ??_read_ds1307 0003                     _download_log 0ACA      read_switches@detection_type 0003  
                  ??_init_config 0006                        ___fldiv@a 0014                        ___fldiv@b 0010  
                    put_str@data 0003                    ??_init_timer0 0002                      __pbssCOMRAM 0040  
                     ?_i2c_start 0002                       ?_i2c_write 0002             _read_real_time_clock 1A5E  
  __end_of_write_external_eeprom 1CD8                        _clear_log 1998          display_main_menu@F10667 0096  
                      __pintcode 0008                    __pmediumconst 2F2C                         ?___fldiv 0010  
                       ?___awdiv 0002                         ?___awmod 000A                         ?___fltol 0029  
             read_ds1307@address 0003            display_main_menu@menu 0008                      __smallconst 2F2C  
            __end_of_init_ds1307 1C0E              __end_of_read_ds1307 1D3C                _display_main_menu 0D14  
                      _init_clcd 1672                         ?_put_str 0003              __end_of_init_config 1D86  
                      _init_uart 1DC0            ?_read_real_time_clock 0002               ?_display_main_menu 0002  
                  ?_write_ds1307 0003              __end_of_init_timer0 1E32          display_main_menu@cursor 0048  
    read_external_eeprom@address 0003                   _read_speed_adc 150C                       set_time@hr 001F  
                   ??_clcd_print 0007                     ??_clcd_putch 0011       __end_of_init_matrix_keypad 1E44  
                   ??_clcd_write 0003              ??_display_main_menu 0007                         i2u158_40 1B24  
                       i2u158_41 1B20                         i2u159_40 1B58                         i2u159_41 1B54  
                     ?_clear_log 0002                        _speed_val 004D                    download_log@i 0035  
          clcd_write@control_bit 0002                 view_log@time_str 002F        __end_of_display_main_menu 0EEC  
         download_log@read_index 003B                      ??_i2c_start 0002               __end_of_clcd_print 1930  
                    ??_i2c_write 0002               __end_of_clcd_putch 1DF2               __end_of_clcd_write 1D12  
                     ?_init_clcd 0002                       ?_init_uart 0002                        copy_data0 1ACE  
                      copy_data1 1AEE                   ??_write_ds1307 0004                       view_log@gr 003D  
                     view_log@hr 0039                       view_log@mn 003A                       view_log@sc 003B  
         __end_of_read_speed_adc 15C4                         _i2c_idle 1E44                         _i2c_read 1E66  
                       _i2c_stop 1EA0                       put_char@ch 0002         ?_convert_speed_to_string 0010  
                       __Hrparam 0000                    set_time@delay 0016                    set_time@field 0022  
                       __Lrparam 0000                    ??_update_time 0010       convert_speed_to_string@spd 0011  
                 _show_collision 1C54     convert_speed_to_string@speed 0010     __end_of_read_external_eeprom 1D66  
                    _init_ds1307 1BC6                      _read_ds1307 1D12                      _init_config 1D66  
                       ___xxtofl 0EEC              write_ds1307@address 0004                      _init_timer0 1E1E  
                       __ptext10 045A                         __ptext11 1A5E                         __ptext20 1BC6  
                       __ptext12 1E56                         __ptext21 1D86                         __ptext13 0012  
                       __ptext30 1E7E                         __ptext22 1D12                         __ptext14 1DDA  
                       __ptext31 1A00                         __ptext23 1672                         __ptext15 1D66  
                       __ptext40 1C98                         __ptext32 1E08                         __ptext24 1DA4  
                       __ptext16 1DC0                         __ptext41 1E72                         __ptext33 17B4  
                       __ptext25 0ACA                         __ptext17 1E1E                         __ptext42 1EA0  
                       __ptext34 15C4                         __ptext26 1D3C                         __ptext18 1E32  
                       __ptext43 1EA8                         __ptext35 1392                         __ptext27 1E90  
                       __ptext19 1DF2                         __ptext44 1E44                         __ptext36 0D14  
                       __ptext28 1E66                         __ptext45 18C4                         __ptext37 1842  
                       __ptext29 1E98                         __ptext46 1CD8                         __ptext38 10A0  
                       __ptext39 1998           ??_read_real_time_clock 0005             display_main_menu@key 0010  
                ?_read_speed_adc 0002                         _init_i2c 1DF2                         _init_adc 1DA4  
                       _read_adc 1C0E                         _scan_key 10A0           __end_of_show_collision 1C98  
                       _save_log 1930                      ??_clear_log 0007                         _set_time 0012  
                       isa$xinst 0000                         int$flags 0001                         _view_log 07E8  
                       _put_char 1E08                  view_log@spd_str 002B              __end_of_update_time 17B4  
              read_speed_adc@spd 0033                      ??_init_clcd 0004            __end_of_read_switches 18C4  
          download_log@serial_no 0012                      ??_init_uart 0002                         intlevel2 0000  
                 _view_dashboard 12B2                  ?_show_collision 0002               download_log@F10697 0060  
           __end_of_write_ds1307 1DA4             download_log@time_str 002A                   _display_labels 1E56  
                    _timer_count 0040           __end_of_view_dashboard 1392                view_dashboard@key 0036  
            download_log@spd_str 0026                 write_ds1307@data 0003             _read_external_eeprom 1D3C  
             view_log@read_index 0046                download_log@count 0034      read_real_time_clock@raw_min 0007  
    read_real_time_clock@raw_sec 0006       read_real_time_clock@raw_hr 0008                  download_log@spd 0033  
