

Microchip MPLAB XC8 Assembler V3.10 build 20250813170317 
                                                                                               Tue Apr 14 09:02:13 2026

Microchip MPLAB XC8 C Compiler v3.10 (Free license) build 20250813170317 Og1 
     1                           	processor	18F4580
     2                           	fnconf	rparam,??,?,0
     3                           	pagewidth 120
     4                           	opt	flic
     5                           	psect	idataCOMRAM,global,class=CODE,space=0,delta=1,noexec
     6                           	psect	idataBANK0,global,class=CODE,space=0,delta=1,noexec
     7                           	psect	cinit,global,reloc=2,class=CODE,space=0,delta=1
     8                           	psect	bssCOMRAM,global,class=COMRAM,space=1,delta=1,lowdata,noexec
     9                           	psect	dataCOMRAM,global,class=COMRAM,space=1,delta=1,lowdata,noexec
    10                           	psect	dataBANK0,global,class=BANK0,space=1,delta=1,lowdata,noexec
    11                           	psect	cstackCOMRAM,global,class=COMRAM,space=1,delta=1,lowdata,noexec
    12                           	psect	text0,global,reloc=2,class=CODE,space=0,delta=1
    13                           	psect	text1,global,reloc=2,class=CODE,space=0,delta=1
    14                           	psect	text2,global,reloc=2,class=CODE,space=0,delta=1
    15                           	psect	text3,global,reloc=2,class=CODE,space=0,delta=1
    16                           	psect	text4,global,reloc=2,class=CODE,space=0,delta=1
    17                           	psect	text5,global,reloc=2,class=CODE,space=0,delta=1
    18                           	psect	text6,global,reloc=2,class=CODE,space=0,delta=1
    19                           	psect	text7,global,reloc=2,class=CODE,space=0,delta=1,group=1
    20                           	psect	text8,global,reloc=2,class=CODE,space=0,delta=1,group=1
    21                           	psect	text9,global,reloc=2,class=CODE,space=0,delta=1,group=1
    22                           	psect	text10,global,reloc=2,class=CODE,space=0,delta=1,group=1
    23                           	psect	text11,global,reloc=2,class=CODE,space=0,delta=1,group=1
    24                           	psect	text12,global,reloc=2,class=CODE,space=0,delta=1
    25                           	psect	text13,global,reloc=2,class=CODE,space=0,delta=1
    26                           	psect	text14,global,reloc=2,class=CODE,space=0,delta=1
    27                           	psect	text15,global,reloc=2,class=CODE,space=0,delta=1
    28                           	psect	text16,global,reloc=2,class=CODE,space=0,delta=1
    29                           	psect	smallconst,global,reloc=2,class=SMALLCONST,space=0,delta=1,noexec
    30                           	psect	intsave_regs,global,class=BIGRAM,space=1,delta=1,noexec
    31                           	psect	rparam,global,class=COMRAM,space=1,delta=1,noexec
    32   000000                     
    33                           ; Generated 17/01/2025 GMT
    34                           ; 
    35                           ; Copyright © 2025, Microchip Technology Inc. and its subsidiaries ("Microchip")
    36                           ; All rights reserved.
    37                           ; 
    38                           ; This software is developed by Microchip Technology Inc. and its subsidiaries ("Microch
      +                          ip").
    39                           ; 
    40                           ; Redistribution and use in source and binary forms, with or without modification, are
    41                           ; permitted provided that the following conditions are met:
    42                           ; 
    43                           ;     1. Redistributions of source code must retain the above copyright notice, this lis
      +                          t of
    44                           ;        conditions and the following disclaimer.
    45                           ; 
    46                           ;     2. Redistributions in binary form must reproduce the above copyright notice, this 
      +                          list
    47                           ;        of conditions and the following disclaimer in the documentation and/or other
    48                           ;        materials provided with the distribution. Publication is not required when
    49                           ;        this file is used in an embedded application.
    50                           ; 
    51                           ;     3. Microchip's name may not be used to endorse or promote products derived from th
      +                          is
    52                           ;        software without specific prior written permission.
    53                           ; 
    54                           ; THIS SOFTWARE IS PROVIDED BY MICROCHIP "AS IS" AND ANY EXPRESS OR IMPLIED WARRANTIES,
    55                           ; INCLUDING, BUT NOT LIMITED TO, THE IMPLIED WARRANTIES OF MERCHANTABILITY AND FITNESS F
      +                          OR
    56                           ; PURPOSE ARE DISCLAIMED.  IN NO EVENT SHALL MICROCHIP BE LIABLE FOR ANY DIRECT, INDIREC
      +                          T,
    57                           ; INCIDENTAL, SPECIAL, EXEMPLARY, OR CONSEQUENTIAL DAMAGES (INCLUDING BUT NOT LIMITED TO
    58                           ; PROCUREMENT OF SUBSTITUTE GOODS OR SERVICES; LOSS OF USE, DATA OR PROFITS; OR BUSINESS
    59                           ; INTERRUPTION) HOWSOEVER CAUSED AND ON ANY THEORY OF LIABILITY, WHETHER IN CONTRACT, ST
      +                          RICT
    60                           ; LIABILITY, OR TORT (INCLUDING NEGLIGENCE OR OTHERWISE) ARISING IN ANY WAY OUT OF THE U
      +                          SE OF
    61                           ; THIS SOFTWARE, EVEN IF ADVISED OF THE POSSIBILITY OF SUCH DAMAGE.
    62                           ; 
    63                           ; 
    64                           ; Code-generator required, PIC18F4580 Definitions
    65                           ; 
    66                           ; SFR Addresses
    67   000FE0                     bsr             equ	4064
    68   000FE9                     fsr0            equ	4073
    69   000FEA                     fsr0h           equ	4074
    70   000FE9                     fsr0l           equ	4073
    71   000FE1                     fsr1            equ	4065
    72   000FE2                     fsr1h           equ	4066
    73   000FE1                     fsr1l           equ	4065
    74   000FD9                     fsr2            equ	4057
    75   000FDA                     fsr2h           equ	4058
    76   000FD9                     fsr2l           equ	4057
    77   000FEF                     indf0           equ	4079
    78   000FE7                     indf1           equ	4071
    79   000FDF                     indf2           equ	4063
    80   000FF2                     intcon          equ	4082
    81   000000                     nvmcon          equ	0
    82   000FF9                     pcl             equ	4089
    83   000FFA                     pclath          equ	4090
    84   000FFB                     pclatu          equ	4091
    85   000FEB                     plusw0          equ	4075
    86   000FE3                     plusw1          equ	4067
    87   000FDB                     plusw2          equ	4059
    88   000FED                     postdec0        equ	4077
    89   000FE5                     postdec1        equ	4069
    90   000FDD                     postdec2        equ	4061
    91   000FEE                     postinc0        equ	4078
    92   000FE6                     postinc1        equ	4070
    93   000FDE                     postinc2        equ	4062
    94   000FEC                     preinc0         equ	4076
    95   000FE4                     preinc1         equ	4068
    96   000FDC                     preinc2         equ	4060
    97   000FF3                     prod            equ	4083
    98   000FF4                     prodh           equ	4084
    99   000FF3                     prodl           equ	4083
   100   000FD8                     status          equ	4056
   101   000FF5                     tablat          equ	4085
   102   000FF6                     tblptr          equ	4086
   103   000FF7                     tblptrh         equ	4087
   104   000FF6                     tblptrl         equ	4086
   105   000FF8                     tblptru         equ	4088
   106   000FFD                     tosl            equ	4093
   107   000FE8                     wreg            equ	4072
   108   000D60                     RXF6SIDH        equ	3424	;# 
   109   000D61                     RXF6SIDL        equ	3425	;# 
   110   000D62                     RXF6EIDH        equ	3426	;# 
   111   000D63                     RXF6EIDL        equ	3427	;# 
   112   000D64                     RXF7SIDH        equ	3428	;# 
   113   000D65                     RXF7SIDL        equ	3429	;# 
   114   000D66                     RXF7EIDH        equ	3430	;# 
   115   000D67                     RXF7EIDL        equ	3431	;# 
   116   000D68                     RXF8SIDH        equ	3432	;# 
   117   000D69                     RXF8SIDL        equ	3433	;# 
   118   000D6A                     RXF8EIDH        equ	3434	;# 
   119   000D6B                     RXF8EIDL        equ	3435	;# 
   120   000D70                     RXF9SIDH        equ	3440	;# 
   121   000D71                     RXF9SIDL        equ	3441	;# 
   122   000D72                     RXF9EIDH        equ	3442	;# 
   123   000D73                     RXF9EIDL        equ	3443	;# 
   124   000D74                     RXF10SIDH       equ	3444	;# 
   125   000D75                     RXF10SIDL       equ	3445	;# 
   126   000D76                     RXF10EIDH       equ	3446	;# 
   127   000D77                     RXF10EIDL       equ	3447	;# 
   128   000D78                     RXF11SIDH       equ	3448	;# 
   129   000D79                     RXF11SIDL       equ	3449	;# 
   130   000D7A                     RXF11EIDH       equ	3450	;# 
   131   000D7B                     RXF11EIDL       equ	3451	;# 
   132   000D80                     RXF12SIDH       equ	3456	;# 
   133   000D81                     RXF12SIDL       equ	3457	;# 
   134   000D82                     RXF12EIDH       equ	3458	;# 
   135   000D83                     RXF12EIDL       equ	3459	;# 
   136   000D84                     RXF13SIDH       equ	3460	;# 
   137   000D85                     RXF13SIDL       equ	3461	;# 
   138   000D86                     RXF13EIDH       equ	3462	;# 
   139   000D87                     RXF13EIDL       equ	3463	;# 
   140   000D88                     RXF14SIDH       equ	3464	;# 
   141   000D89                     RXF14SIDL       equ	3465	;# 
   142   000D8A                     RXF14EIDH       equ	3466	;# 
   143   000D8B                     RXF14EIDL       equ	3467	;# 
   144   000D90                     RXF15SIDH       equ	3472	;# 
   145   000D91                     RXF15SIDL       equ	3473	;# 
   146   000D92                     RXF15EIDH       equ	3474	;# 
   147   000D93                     RXF15EIDL       equ	3475	;# 
   148   000DD4                     RXFCON0         equ	3540	;# 
   149   000DD5                     RXFCON1         equ	3541	;# 
   150   000DD8                     SDFLC           equ	3544	;# 
   151   000DE0                     RXFBCON0        equ	3552	;# 
   152   000DE1                     RXFBCON1        equ	3553	;# 
   153   000DE2                     RXFBCON2        equ	3554	;# 
   154   000DE3                     RXFBCON3        equ	3555	;# 
   155   000DE4                     RXFBCON4        equ	3556	;# 
   156   000DE5                     RXFBCON5        equ	3557	;# 
   157   000DE6                     RXFBCON6        equ	3558	;# 
   158   000DE7                     RXFBCON7        equ	3559	;# 
   159   000DF0                     MSEL0           equ	3568	;# 
   160   000DF1                     MSEL1           equ	3569	;# 
   161   000DF2                     MSEL2           equ	3570	;# 
   162   000DF3                     MSEL3           equ	3571	;# 
   163   000DF8                     BSEL0           equ	3576	;# 
   164   000DFA                     BIE0            equ	3578	;# 
   165   000DFC                     TXBIE           equ	3580	;# 
   166   000E20                     B0CON           equ	3616	;# 
   167   000E21                     B0SIDH          equ	3617	;# 
   168   000E22                     B0SIDL          equ	3618	;# 
   169   000E23                     B0EIDH          equ	3619	;# 
   170   000E24                     B0EIDL          equ	3620	;# 
   171   000E25                     B0DLC           equ	3621	;# 
   172   000E26                     B0D0            equ	3622	;# 
   173   000E27                     B0D1            equ	3623	;# 
   174   000E28                     B0D2            equ	3624	;# 
   175   000E29                     B0D3            equ	3625	;# 
   176   000E2A                     B0D4            equ	3626	;# 
   177   000E2B                     B0D5            equ	3627	;# 
   178   000E2C                     B0D6            equ	3628	;# 
   179   000E2D                     B0D7            equ	3629	;# 
   180   000E2E                     CANSTAT_RO9     equ	3630	;# 
   181   000E2F                     CANCON_RO9      equ	3631	;# 
   182   000E30                     B1CON           equ	3632	;# 
   183   000E31                     B1SIDH          equ	3633	;# 
   184   000E32                     B1SIDL          equ	3634	;# 
   185   000E33                     B1EIDH          equ	3635	;# 
   186   000E34                     B1EIDL          equ	3636	;# 
   187   000E35                     B1DLC           equ	3637	;# 
   188   000E36                     B1D0            equ	3638	;# 
   189   000E37                     B1D1            equ	3639	;# 
   190   000E38                     B1D2            equ	3640	;# 
   191   000E39                     B1D3            equ	3641	;# 
   192   000E3A                     B1D4            equ	3642	;# 
   193   000E3B                     B1D5            equ	3643	;# 
   194   000E3C                     B1D6            equ	3644	;# 
   195   000E3D                     B1D7            equ	3645	;# 
   196   000E3E                     CANSTAT_RO8     equ	3646	;# 
   197   000E3F                     CANCON_RO8      equ	3647	;# 
   198   000E40                     B2CON           equ	3648	;# 
   199   000E41                     B2SIDH          equ	3649	;# 
   200   000E42                     B2SIDL          equ	3650	;# 
   201   000E43                     B2EIDH          equ	3651	;# 
   202   000E44                     B2EIDL          equ	3652	;# 
   203   000E45                     B2DLC           equ	3653	;# 
   204   000E46                     B2D0            equ	3654	;# 
   205   000E47                     B2D1            equ	3655	;# 
   206   000E48                     B2D2            equ	3656	;# 
   207   000E49                     B2D3            equ	3657	;# 
   208   000E4A                     B2D4            equ	3658	;# 
   209   000E4B                     B2D5            equ	3659	;# 
   210   000E4C                     B2D6            equ	3660	;# 
   211   000E4D                     B2D7            equ	3661	;# 
   212   000E4E                     CANSTAT_RO7     equ	3662	;# 
   213   000E4F                     CANCON_RO7      equ	3663	;# 
   214   000E50                     B3CON           equ	3664	;# 
   215   000E51                     B3SIDH          equ	3665	;# 
   216   000E52                     B3SIDL          equ	3666	;# 
   217   000E53                     B3EIDH          equ	3667	;# 
   218   000E54                     B3EIDL          equ	3668	;# 
   219   000E55                     B3DLC           equ	3669	;# 
   220   000E56                     B3D0            equ	3670	;# 
   221   000E57                     B3D1            equ	3671	;# 
   222   000E58                     B3D2            equ	3672	;# 
   223   000E59                     B3D3            equ	3673	;# 
   224   000E5A                     B3D4            equ	3674	;# 
   225   000E5B                     B3D5            equ	3675	;# 
   226   000E5C                     B3D6            equ	3676	;# 
   227   000E5D                     B3D7            equ	3677	;# 
   228   000E5E                     CANSTAT_RO6     equ	3678	;# 
   229   000E5F                     CANCON_RO6      equ	3679	;# 
   230   000E60                     B4CON           equ	3680	;# 
   231   000E61                     B4SIDH          equ	3681	;# 
   232   000E62                     B4SIDL          equ	3682	;# 
   233   000E63                     B4EIDH          equ	3683	;# 
   234   000E64                     B4EIDL          equ	3684	;# 
   235   000E65                     B4DLC           equ	3685	;# 
   236   000E66                     B4D0            equ	3686	;# 
   237   000E67                     B4D1            equ	3687	;# 
   238   000E68                     B4D2            equ	3688	;# 
   239   000E69                     B4D3            equ	3689	;# 
   240   000E6A                     B4D4            equ	3690	;# 
   241   000E6B                     B4D5            equ	3691	;# 
   242   000E6C                     B4D6            equ	3692	;# 
   243   000E6D                     B4D7            equ	3693	;# 
   244   000E6E                     CANSTAT_RO5     equ	3694	;# 
   245   000E6F                     CANCON_RO5      equ	3695	;# 
   246   000E70                     B5CON           equ	3696	;# 
   247   000E71                     B5SIDH          equ	3697	;# 
   248   000E72                     B5SIDL          equ	3698	;# 
   249   000E73                     B5EIDH          equ	3699	;# 
   250   000E74                     B5EIDL          equ	3700	;# 
   251   000E75                     B5DLC           equ	3701	;# 
   252   000E76                     B5D0            equ	3702	;# 
   253   000E77                     B5D1            equ	3703	;# 
   254   000E78                     B5D2            equ	3704	;# 
   255   000E79                     B5D3            equ	3705	;# 
   256   000E7A                     B5D4            equ	3706	;# 
   257   000E7B                     B5D5            equ	3707	;# 
   258   000E7C                     B5D6            equ	3708	;# 
   259   000E7D                     B5D7            equ	3709	;# 
   260   000E7E                     CANSTAT_RO4     equ	3710	;# 
   261   000E7F                     CANCON_RO4      equ	3711	;# 
   262   000F00                     RXF0SIDH        equ	3840	;# 
   263   000F01                     RXF0SIDL        equ	3841	;# 
   264   000F02                     RXF0EIDH        equ	3842	;# 
   265   000F03                     RXF0EIDL        equ	3843	;# 
   266   000F04                     RXF1SIDH        equ	3844	;# 
   267   000F05                     RXF1SIDL        equ	3845	;# 
   268   000F06                     RXF1EIDH        equ	3846	;# 
   269   000F07                     RXF1EIDL        equ	3847	;# 
   270   000F08                     RXF2SIDH        equ	3848	;# 
   271   000F09                     RXF2SIDL        equ	3849	;# 
   272   000F0A                     RXF2EIDH        equ	3850	;# 
   273   000F0B                     RXF2EIDL        equ	3851	;# 
   274   000F0C                     RXF3SIDH        equ	3852	;# 
   275   000F0D                     RXF3SIDL        equ	3853	;# 
   276   000F0E                     RXF3EIDH        equ	3854	;# 
   277   000F0F                     RXF3EIDL        equ	3855	;# 
   278   000F10                     RXF4SIDH        equ	3856	;# 
   279   000F11                     RXF4SIDL        equ	3857	;# 
   280   000F12                     RXF4EIDH        equ	3858	;# 
   281   000F13                     RXF4EIDL        equ	3859	;# 
   282   000F14                     RXF5SIDH        equ	3860	;# 
   283   000F15                     RXF5SIDL        equ	3861	;# 
   284   000F16                     RXF5EIDH        equ	3862	;# 
   285   000F17                     RXF5EIDL        equ	3863	;# 
   286   000F18                     RXM0SIDH        equ	3864	;# 
   287   000F19                     RXM0SIDL        equ	3865	;# 
   288   000F1A                     RXM0EIDH        equ	3866	;# 
   289   000F1B                     RXM0EIDL        equ	3867	;# 
   290   000F1C                     RXM1SIDH        equ	3868	;# 
   291   000F1D                     RXM1SIDL        equ	3869	;# 
   292   000F1E                     RXM1EIDH        equ	3870	;# 
   293   000F1F                     RXM1EIDL        equ	3871	;# 
   294   000F20                     TXB2CON         equ	3872	;# 
   295   000F21                     TXB2SIDH        equ	3873	;# 
   296   000F22                     TXB2SIDL        equ	3874	;# 
   297   000F23                     TXB2EIDH        equ	3875	;# 
   298   000F24                     TXB2EIDL        equ	3876	;# 
   299   000F25                     TXB2DLC         equ	3877	;# 
   300   000F26                     TXB2D0          equ	3878	;# 
   301   000F27                     TXB2D1          equ	3879	;# 
   302   000F28                     TXB2D2          equ	3880	;# 
   303   000F29                     TXB2D3          equ	3881	;# 
   304   000F2A                     TXB2D4          equ	3882	;# 
   305   000F2B                     TXB2D5          equ	3883	;# 
   306   000F2C                     TXB2D6          equ	3884	;# 
   307   000F2D                     TXB2D7          equ	3885	;# 
   308   000F2E                     CANSTAT_RO3     equ	3886	;# 
   309   000F2F                     CANCON_RO3      equ	3887	;# 
   310   000F30                     TXB1CON         equ	3888	;# 
   311   000F31                     TXB1SIDH        equ	3889	;# 
   312   000F32                     TXB1SIDL        equ	3890	;# 
   313   000F33                     TXB1EIDH        equ	3891	;# 
   314   000F34                     TXB1EIDL        equ	3892	;# 
   315   000F35                     TXB1DLC         equ	3893	;# 
   316   000F36                     TXB1D0          equ	3894	;# 
   317   000F37                     TXB1D1          equ	3895	;# 
   318   000F38                     TXB1D2          equ	3896	;# 
   319   000F39                     TXB1D3          equ	3897	;# 
   320   000F3A                     TXB1D4          equ	3898	;# 
   321   000F3B                     TXB1D5          equ	3899	;# 
   322   000F3C                     TXB1D6          equ	3900	;# 
   323   000F3D                     TXB1D7          equ	3901	;# 
   324   000F3E                     CANSTAT_RO2     equ	3902	;# 
   325   000F3F                     CANCON_RO2      equ	3903	;# 
   326   000F40                     TXB0CON         equ	3904	;# 
   327   000F41                     TXB0SIDH        equ	3905	;# 
   328   000F42                     TXB0SIDL        equ	3906	;# 
   329   000F43                     TXB0EIDH        equ	3907	;# 
   330   000F44                     TXB0EIDL        equ	3908	;# 
   331   000F45                     TXB0DLC         equ	3909	;# 
   332   000F46                     TXB0D0          equ	3910	;# 
   333   000F47                     TXB0D1          equ	3911	;# 
   334   000F48                     TXB0D2          equ	3912	;# 
   335   000F49                     TXB0D3          equ	3913	;# 
   336   000F4A                     TXB0D4          equ	3914	;# 
   337   000F4B                     TXB0D5          equ	3915	;# 
   338   000F4C                     TXB0D6          equ	3916	;# 
   339   000F4D                     TXB0D7          equ	3917	;# 
   340   000F4E                     CANSTAT_RO1     equ	3918	;# 
   341   000F4F                     CANCON_RO1      equ	3919	;# 
   342   000F50                     RXB1CON         equ	3920	;# 
   343   000F51                     RXB1SIDH        equ	3921	;# 
   344   000F52                     RXB1SIDL        equ	3922	;# 
   345   000F53                     RXB1EIDH        equ	3923	;# 
   346   000F54                     RXB1EIDL        equ	3924	;# 
   347   000F55                     RXB1DLC         equ	3925	;# 
   348   000F56                     RXB1D0          equ	3926	;# 
   349   000F57                     RXB1D1          equ	3927	;# 
   350   000F58                     RXB1D2          equ	3928	;# 
   351   000F59                     RXB1D3          equ	3929	;# 
   352   000F5A                     RXB1D4          equ	3930	;# 
   353   000F5B                     RXB1D5          equ	3931	;# 
   354   000F5C                     RXB1D6          equ	3932	;# 
   355   000F5D                     RXB1D7          equ	3933	;# 
   356   000F5E                     CANSTAT_RO0     equ	3934	;# 
   357   000F5F                     CANCON_RO0      equ	3935	;# 
   358   000F60                     RXB0CON         equ	3936	;# 
   359   000F61                     RXB0SIDH        equ	3937	;# 
   360   000F62                     RXB0SIDL        equ	3938	;# 
   361   000F63                     RXB0EIDH        equ	3939	;# 
   362   000F64                     RXB0EIDL        equ	3940	;# 
   363   000F65                     RXB0DLC         equ	3941	;# 
   364   000F66                     RXB0D0          equ	3942	;# 
   365   000F67                     RXB0D1          equ	3943	;# 
   366   000F68                     RXB0D2          equ	3944	;# 
   367   000F69                     RXB0D3          equ	3945	;# 
   368   000F6A                     RXB0D4          equ	3946	;# 
   369   000F6B                     RXB0D5          equ	3947	;# 
   370   000F6C                     RXB0D6          equ	3948	;# 
   371   000F6D                     RXB0D7          equ	3949	;# 
   372   000F6E                     CANSTAT         equ	3950	;# 
   373   000F6F                     CANCON          equ	3951	;# 
   374   000F70                     BRGCON1         equ	3952	;# 
   375   000F71                     BRGCON2         equ	3953	;# 
   376   000F72                     BRGCON3         equ	3954	;# 
   377   000F73                     CIOCON          equ	3955	;# 
   378   000F74                     COMSTAT         equ	3956	;# 
   379   000F75                     RXERRCNT        equ	3957	;# 
   380   000F76                     TXERRCNT        equ	3958	;# 
   381   000F77                     ECANCON         equ	3959	;# 
   382   000F80                     PORTA           equ	3968	;# 
   383   000F81                     PORTB           equ	3969	;# 
   384   000F82                     PORTC           equ	3970	;# 
   385   000F83                     PORTD           equ	3971	;# 
   386   000F84                     PORTE           equ	3972	;# 
   387   000F89                     LATA            equ	3977	;# 
   388   000F8A                     LATB            equ	3978	;# 
   389   000F8B                     LATC            equ	3979	;# 
   390   000F8C                     LATD            equ	3980	;# 
   391   000F8D                     LATE            equ	3981	;# 
   392   000F92                     TRISA           equ	3986	;# 
   393   000F92                     DDRA            equ	3986	;# 
   394   000F93                     TRISB           equ	3987	;# 
   395   000F93                     DDRB            equ	3987	;# 
   396   000F94                     TRISC           equ	3988	;# 
   397   000F94                     DDRC            equ	3988	;# 
   398   000F95                     TRISD           equ	3989	;# 
   399   000F95                     DDRD            equ	3989	;# 
   400   000F96                     TRISE           equ	3990	;# 
   401   000F96                     DDRE            equ	3990	;# 
   402   000F9B                     OSCTUNE         equ	3995	;# 
   403   000F9D                     PIE1            equ	3997	;# 
   404   000F9E                     PIR1            equ	3998	;# 
   405   000F9F                     IPR1            equ	3999	;# 
   406   000FA0                     PIE2            equ	4000	;# 
   407   000FA1                     PIR2            equ	4001	;# 
   408   000FA2                     IPR2            equ	4002	;# 
   409   000FA3                     PIE3            equ	4003	;# 
   410   000FA4                     PIR3            equ	4004	;# 
   411   000FA5                     IPR3            equ	4005	;# 
   412   000FA6                     EECON1          equ	4006	;# 
   413   000FA7                     EECON2          equ	4007	;# 
   414   000FA8                     EEDATA          equ	4008	;# 
   415   000FA9                     EEADR           equ	4009	;# 
   416   000FAB                     RCSTA           equ	4011	;# 
   417   000FAB                     RCSTA1          equ	4011	;# 
   418   000FAC                     TXSTA           equ	4012	;# 
   419   000FAC                     TXSTA1          equ	4012	;# 
   420   000FAD                     TXREG           equ	4013	;# 
   421   000FAD                     TXREG1          equ	4013	;# 
   422   000FAE                     RCREG           equ	4014	;# 
   423   000FAE                     RCREG1          equ	4014	;# 
   424   000FAF                     SPBRG           equ	4015	;# 
   425   000FAF                     SPBRG1          equ	4015	;# 
   426   000FB0                     SPBRGH          equ	4016	;# 
   427   000FB1                     T3CON           equ	4017	;# 
   428   000FB2                     TMR3            equ	4018	;# 
   429   000FB2                     TMR3L           equ	4018	;# 
   430   000FB3                     TMR3H           equ	4019	;# 
   431   000FB4                     CMCON           equ	4020	;# 
   432   000FB5                     CVRCON          equ	4021	;# 
   433   000FB6                     ECCP1AS         equ	4022	;# 
   434   000FB7                     ECCP1DEL        equ	4023	;# 
   435   000FB8                     BAUDCON         equ	4024	;# 
   436   000FB8                     BAUDCTL         equ	4024	;# 
   437   000FBA                     ECCP1CON        equ	4026	;# 
   438   000FBB                     ECCPR1          equ	4027	;# 
   439   000FBB                     ECCPR1L         equ	4027	;# 
   440   000FBC                     ECCPR1H         equ	4028	;# 
   441   000FBD                     CCP1CON         equ	4029	;# 
   442   000FBE                     CCPR1           equ	4030	;# 
   443   000FBE                     CCPR1L          equ	4030	;# 
   444   000FBF                     CCPR1H          equ	4031	;# 
   445   000FC0                     ADCON2          equ	4032	;# 
   446   000FC1                     ADCON1          equ	4033	;# 
   447   000FC2                     ADCON0          equ	4034	;# 
   448   000FC3                     ADRES           equ	4035	;# 
   449   000FC3                     ADRESL          equ	4035	;# 
   450   000FC4                     ADRESH          equ	4036	;# 
   451   000FC5                     SSPCON2         equ	4037	;# 
   452   000FC6                     SSPCON1         equ	4038	;# 
   453   000FC7                     SSPSTAT         equ	4039	;# 
   454   000FC8                     SSPADD          equ	4040	;# 
   455   000FC9                     SSPBUF          equ	4041	;# 
   456   000FCA                     T2CON           equ	4042	;# 
   457   000FCB                     PR2             equ	4043	;# 
   458   000FCB                     MEMCON          equ	4043	;# 
   459   000FCC                     TMR2            equ	4044	;# 
   460   000FCD                     T1CON           equ	4045	;# 
   461   000FCE                     TMR1            equ	4046	;# 
   462   000FCE                     TMR1L           equ	4046	;# 
   463   000FCF                     TMR1H           equ	4047	;# 
   464   000FD0                     RCON            equ	4048	;# 
   465   000FD1                     WDTCON          equ	4049	;# 
   466   000FD2                     HLVDCON         equ	4050	;# 
   467   000FD2                     LVDCON          equ	4050	;# 
   468   000FD3                     OSCCON          equ	4051	;# 
   469   000FD5                     T0CON           equ	4053	;# 
   470   000FD6                     TMR0            equ	4054	;# 
   471   000FD6                     TMR0L           equ	4054	;# 
   472   000FD7                     TMR0H           equ	4055	;# 
   473   000FD8                     STATUS          equ	4056	;# 
   474   000FD9                     FSR2            equ	4057	;# 
   475   000FD9                     FSR2L           equ	4057	;# 
   476   000FDA                     FSR2H           equ	4058	;# 
   477   000FDB                     PLUSW2          equ	4059	;# 
   478   000FDC                     PREINC2         equ	4060	;# 
   479   000FDD                     POSTDEC2        equ	4061	;# 
   480   000FDE                     POSTINC2        equ	4062	;# 
   481   000FDF                     INDF2           equ	4063	;# 
   482   000FE0                     BSR             equ	4064	;# 
   483   000FE1                     FSR1            equ	4065	;# 
   484   000FE1                     FSR1L           equ	4065	;# 
   485   000FE2                     FSR1H           equ	4066	;# 
   486   000FE3                     PLUSW1          equ	4067	;# 
   487   000FE4                     PREINC1         equ	4068	;# 
   488   000FE5                     POSTDEC1        equ	4069	;# 
   489   000FE6                     POSTINC1        equ	4070	;# 
   490   000FE7                     INDF1           equ	4071	;# 
   491   000FE8                     WREG            equ	4072	;# 
   492   000FE9                     FSR0            equ	4073	;# 
   493   000FE9                     FSR0L           equ	4073	;# 
   494   000FEA                     FSR0H           equ	4074	;# 
   495   000FEB                     PLUSW0          equ	4075	;# 
   496   000FEC                     PREINC0         equ	4076	;# 
   497   000FED                     POSTDEC0        equ	4077	;# 
   498   000FEE                     POSTINC0        equ	4078	;# 
   499   000FEF                     INDF0           equ	4079	;# 
   500   000FF0                     INTCON3         equ	4080	;# 
   501   000FF1                     INTCON2         equ	4081	;# 
   502   000FF2                     INTCON          equ	4082	;# 
   503   000FF3                     PROD            equ	4083	;# 
   504   000FF3                     PRODL           equ	4083	;# 
   505   000FF4                     PRODH           equ	4084	;# 
   506   000FF5                     TABLAT          equ	4085	;# 
   507   000FF6                     TBLPTR          equ	4086	;# 
   508   000FF6                     TBLPTRL         equ	4086	;# 
   509   000FF7                     TBLPTRH         equ	4087	;# 
   510   000FF8                     TBLPTRU         equ	4088	;# 
   511   000FF9                     PCLAT           equ	4089	;# 
   512   000FF9                     PC              equ	4089	;# 
   513   000FF9                     PCL             equ	4089	;# 
   514   000FFA                     PCLATH          equ	4090	;# 
   515   000FFB                     PCLATU          equ	4091	;# 
   516   000FFC                     STKPTR          equ	4092	;# 
   517   000FFD                     TOS             equ	4093	;# 
   518   000FFD                     TOSL            equ	4093	;# 
   519   000FFE                     TOSH            equ	4094	;# 
   520   000FFF                     TOSU            equ	4095	;# 
   521   000D60                     RXF6SIDH        equ	3424	;# 
   522   000D61                     RXF6SIDL        equ	3425	;# 
   523   000D62                     RXF6EIDH        equ	3426	;# 
   524   000D63                     RXF6EIDL        equ	3427	;# 
   525   000D64                     RXF7SIDH        equ	3428	;# 
   526   000D65                     RXF7SIDL        equ	3429	;# 
   527   000D66                     RXF7EIDH        equ	3430	;# 
   528   000D67                     RXF7EIDL        equ	3431	;# 
   529   000D68                     RXF8SIDH        equ	3432	;# 
   530   000D69                     RXF8SIDL        equ	3433	;# 
   531   000D6A                     RXF8EIDH        equ	3434	;# 
   532   000D6B                     RXF8EIDL        equ	3435	;# 
   533   000D70                     RXF9SIDH        equ	3440	;# 
   534   000D71                     RXF9SIDL        equ	3441	;# 
   535   000D72                     RXF9EIDH        equ	3442	;# 
   536   000D73                     RXF9EIDL        equ	3443	;# 
   537   000D74                     RXF10SIDH       equ	3444	;# 
   538   000D75                     RXF10SIDL       equ	3445	;# 
   539   000D76                     RXF10EIDH       equ	3446	;# 
   540   000D77                     RXF10EIDL       equ	3447	;# 
   541   000D78                     RXF11SIDH       equ	3448	;# 
   542   000D79                     RXF11SIDL       equ	3449	;# 
   543   000D7A                     RXF11EIDH       equ	3450	;# 
   544   000D7B                     RXF11EIDL       equ	3451	;# 
   545   000D80                     RXF12SIDH       equ	3456	;# 
   546   000D81                     RXF12SIDL       equ	3457	;# 
   547   000D82                     RXF12EIDH       equ	3458	;# 
   548   000D83                     RXF12EIDL       equ	3459	;# 
   549   000D84                     RXF13SIDH       equ	3460	;# 
   550   000D85                     RXF13SIDL       equ	3461	;# 
   551   000D86                     RXF13EIDH       equ	3462	;# 
   552   000D87                     RXF13EIDL       equ	3463	;# 
   553   000D88                     RXF14SIDH       equ	3464	;# 
   554   000D89                     RXF14SIDL       equ	3465	;# 
   555   000D8A                     RXF14EIDH       equ	3466	;# 
   556   000D8B                     RXF14EIDL       equ	3467	;# 
   557   000D90                     RXF15SIDH       equ	3472	;# 
   558   000D91                     RXF15SIDL       equ	3473	;# 
   559   000D92                     RXF15EIDH       equ	3474	;# 
   560   000D93                     RXF15EIDL       equ	3475	;# 
   561   000DD4                     RXFCON0         equ	3540	;# 
   562   000DD5                     RXFCON1         equ	3541	;# 
   563   000DD8                     SDFLC           equ	3544	;# 
   564   000DE0                     RXFBCON0        equ	3552	;# 
   565   000DE1                     RXFBCON1        equ	3553	;# 
   566   000DE2                     RXFBCON2        equ	3554	;# 
   567   000DE3                     RXFBCON3        equ	3555	;# 
   568   000DE4                     RXFBCON4        equ	3556	;# 
   569   000DE5                     RXFBCON5        equ	3557	;# 
   570   000DE6                     RXFBCON6        equ	3558	;# 
   571   000DE7                     RXFBCON7        equ	3559	;# 
   572   000DF0                     MSEL0           equ	3568	;# 
   573   000DF1                     MSEL1           equ	3569	;# 
   574   000DF2                     MSEL2           equ	3570	;# 
   575   000DF3                     MSEL3           equ	3571	;# 
   576   000DF8                     BSEL0           equ	3576	;# 
   577   000DFA                     BIE0            equ	3578	;# 
   578   000DFC                     TXBIE           equ	3580	;# 
   579   000E20                     B0CON           equ	3616	;# 
   580   000E21                     B0SIDH          equ	3617	;# 
   581   000E22                     B0SIDL          equ	3618	;# 
   582   000E23                     B0EIDH          equ	3619	;# 
   583   000E24                     B0EIDL          equ	3620	;# 
   584   000E25                     B0DLC           equ	3621	;# 
   585   000E26                     B0D0            equ	3622	;# 
   586   000E27                     B0D1            equ	3623	;# 
   587   000E28                     B0D2            equ	3624	;# 
   588   000E29                     B0D3            equ	3625	;# 
   589   000E2A                     B0D4            equ	3626	;# 
   590   000E2B                     B0D5            equ	3627	;# 
   591   000E2C                     B0D6            equ	3628	;# 
   592   000E2D                     B0D7            equ	3629	;# 
   593   000E2E                     CANSTAT_RO9     equ	3630	;# 
   594   000E2F                     CANCON_RO9      equ	3631	;# 
   595   000E30                     B1CON           equ	3632	;# 
   596   000E31                     B1SIDH          equ	3633	;# 
   597   000E32                     B1SIDL          equ	3634	;# 
   598   000E33                     B1EIDH          equ	3635	;# 
   599   000E34                     B1EIDL          equ	3636	;# 
   600   000E35                     B1DLC           equ	3637	;# 
   601   000E36                     B1D0            equ	3638	;# 
   602   000E37                     B1D1            equ	3639	;# 
   603   000E38                     B1D2            equ	3640	;# 
   604   000E39                     B1D3            equ	3641	;# 
   605   000E3A                     B1D4            equ	3642	;# 
   606   000E3B                     B1D5            equ	3643	;# 
   607   000E3C                     B1D6            equ	3644	;# 
   608   000E3D                     B1D7            equ	3645	;# 
   609   000E3E                     CANSTAT_RO8     equ	3646	;# 
   610   000E3F                     CANCON_RO8      equ	3647	;# 
   611   000E40                     B2CON           equ	3648	;# 
   612   000E41                     B2SIDH          equ	3649	;# 
   613   000E42                     B2SIDL          equ	3650	;# 
   614   000E43                     B2EIDH          equ	3651	;# 
   615   000E44                     B2EIDL          equ	3652	;# 
   616   000E45                     B2DLC           equ	3653	;# 
   617   000E46                     B2D0            equ	3654	;# 
   618   000E47                     B2D1            equ	3655	;# 
   619   000E48                     B2D2            equ	3656	;# 
   620   000E49                     B2D3            equ	3657	;# 
   621   000E4A                     B2D4            equ	3658	;# 
   622   000E4B                     B2D5            equ	3659	;# 
   623   000E4C                     B2D6            equ	3660	;# 
   624   000E4D                     B2D7            equ	3661	;# 
   625   000E4E                     CANSTAT_RO7     equ	3662	;# 
   626   000E4F                     CANCON_RO7      equ	3663	;# 
   627   000E50                     B3CON           equ	3664	;# 
   628   000E51                     B3SIDH          equ	3665	;# 
   629   000E52                     B3SIDL          equ	3666	;# 
   630   000E53                     B3EIDH          equ	3667	;# 
   631   000E54                     B3EIDL          equ	3668	;# 
   632   000E55                     B3DLC           equ	3669	;# 
   633   000E56                     B3D0            equ	3670	;# 
   634   000E57                     B3D1            equ	3671	;# 
   635   000E58                     B3D2            equ	3672	;# 
   636   000E59                     B3D3            equ	3673	;# 
   637   000E5A                     B3D4            equ	3674	;# 
   638   000E5B                     B3D5            equ	3675	;# 
   639   000E5C                     B3D6            equ	3676	;# 
   640   000E5D                     B3D7            equ	3677	;# 
   641   000E5E                     CANSTAT_RO6     equ	3678	;# 
   642   000E5F                     CANCON_RO6      equ	3679	;# 
   643   000E60                     B4CON           equ	3680	;# 
   644   000E61                     B4SIDH          equ	3681	;# 
   645   000E62                     B4SIDL          equ	3682	;# 
   646   000E63                     B4EIDH          equ	3683	;# 
   647   000E64                     B4EIDL          equ	3684	;# 
   648   000E65                     B4DLC           equ	3685	;# 
   649   000E66                     B4D0            equ	3686	;# 
   650   000E67                     B4D1            equ	3687	;# 
   651   000E68                     B4D2            equ	3688	;# 
   652   000E69                     B4D3            equ	3689	;# 
   653   000E6A                     B4D4            equ	3690	;# 
   654   000E6B                     B4D5            equ	3691	;# 
   655   000E6C                     B4D6            equ	3692	;# 
   656   000E6D                     B4D7            equ	3693	;# 
   657   000E6E                     CANSTAT_RO5     equ	3694	;# 
   658   000E6F                     CANCON_RO5      equ	3695	;# 
   659   000E70                     B5CON           equ	3696	;# 
   660   000E71                     B5SIDH          equ	3697	;# 
   661   000E72                     B5SIDL          equ	3698	;# 
   662   000E73                     B5EIDH          equ	3699	;# 
   663   000E74                     B5EIDL          equ	3700	;# 
   664   000E75                     B5DLC           equ	3701	;# 
   665   000E76                     B5D0            equ	3702	;# 
   666   000E77                     B5D1            equ	3703	;# 
   667   000E78                     B5D2            equ	3704	;# 
   668   000E79                     B5D3            equ	3705	;# 
   669   000E7A                     B5D4            equ	3706	;# 
   670   000E7B                     B5D5            equ	3707	;# 
   671   000E7C                     B5D6            equ	3708	;# 
   672   000E7D                     B5D7            equ	3709	;# 
   673   000E7E                     CANSTAT_RO4     equ	3710	;# 
   674   000E7F                     CANCON_RO4      equ	3711	;# 
   675   000F00                     RXF0SIDH        equ	3840	;# 
   676   000F01                     RXF0SIDL        equ	3841	;# 
   677   000F02                     RXF0EIDH        equ	3842	;# 
   678   000F03                     RXF0EIDL        equ	3843	;# 
   679   000F04                     RXF1SIDH        equ	3844	;# 
   680   000F05                     RXF1SIDL        equ	3845	;# 
   681   000F06                     RXF1EIDH        equ	3846	;# 
   682   000F07                     RXF1EIDL        equ	3847	;# 
   683   000F08                     RXF2SIDH        equ	3848	;# 
   684   000F09                     RXF2SIDL        equ	3849	;# 
   685   000F0A                     RXF2EIDH        equ	3850	;# 
   686   000F0B                     RXF2EIDL        equ	3851	;# 
   687   000F0C                     RXF3SIDH        equ	3852	;# 
   688   000F0D                     RXF3SIDL        equ	3853	;# 
   689   000F0E                     RXF3EIDH        equ	3854	;# 
   690   000F0F                     RXF3EIDL        equ	3855	;# 
   691   000F10                     RXF4SIDH        equ	3856	;# 
   692   000F11                     RXF4SIDL        equ	3857	;# 
   693   000F12                     RXF4EIDH        equ	3858	;# 
   694   000F13                     RXF4EIDL        equ	3859	;# 
   695   000F14                     RXF5SIDH        equ	3860	;# 
   696   000F15                     RXF5SIDL        equ	3861	;# 
   697   000F16                     RXF5EIDH        equ	3862	;# 
   698   000F17                     RXF5EIDL        equ	3863	;# 
   699   000F18                     RXM0SIDH        equ	3864	;# 
   700   000F19                     RXM0SIDL        equ	3865	;# 
   701   000F1A                     RXM0EIDH        equ	3866	;# 
   702   000F1B                     RXM0EIDL        equ	3867	;# 
   703   000F1C                     RXM1SIDH        equ	3868	;# 
   704   000F1D                     RXM1SIDL        equ	3869	;# 
   705   000F1E                     RXM1EIDH        equ	3870	;# 
   706   000F1F                     RXM1EIDL        equ	3871	;# 
   707   000F20                     TXB2CON         equ	3872	;# 
   708   000F21                     TXB2SIDH        equ	3873	;# 
   709   000F22                     TXB2SIDL        equ	3874	;# 
   710   000F23                     TXB2EIDH        equ	3875	;# 
   711   000F24                     TXB2EIDL        equ	3876	;# 
   712   000F25                     TXB2DLC         equ	3877	;# 
   713   000F26                     TXB2D0          equ	3878	;# 
   714   000F27                     TXB2D1          equ	3879	;# 
   715   000F28                     TXB2D2          equ	3880	;# 
   716   000F29                     TXB2D3          equ	3881	;# 
   717   000F2A                     TXB2D4          equ	3882	;# 
   718   000F2B                     TXB2D5          equ	3883	;# 
   719   000F2C                     TXB2D6          equ	3884	;# 
   720   000F2D                     TXB2D7          equ	3885	;# 
   721   000F2E                     CANSTAT_RO3     equ	3886	;# 
   722   000F2F                     CANCON_RO3      equ	3887	;# 
   723   000F30                     TXB1CON         equ	3888	;# 
   724   000F31                     TXB1SIDH        equ	3889	;# 
   725   000F32                     TXB1SIDL        equ	3890	;# 
   726   000F33                     TXB1EIDH        equ	3891	;# 
   727   000F34                     TXB1EIDL        equ	3892	;# 
   728   000F35                     TXB1DLC         equ	3893	;# 
   729   000F36                     TXB1D0          equ	3894	;# 
   730   000F37                     TXB1D1          equ	3895	;# 
   731   000F38                     TXB1D2          equ	3896	;# 
   732   000F39                     TXB1D3          equ	3897	;# 
   733   000F3A                     TXB1D4          equ	3898	;# 
   734   000F3B                     TXB1D5          equ	3899	;# 
   735   000F3C                     TXB1D6          equ	3900	;# 
   736   000F3D                     TXB1D7          equ	3901	;# 
   737   000F3E                     CANSTAT_RO2     equ	3902	;# 
   738   000F3F                     CANCON_RO2      equ	3903	;# 
   739   000F40                     TXB0CON         equ	3904	;# 
   740   000F41                     TXB0SIDH        equ	3905	;# 
   741   000F42                     TXB0SIDL        equ	3906	;# 
   742   000F43                     TXB0EIDH        equ	3907	;# 
   743   000F44                     TXB0EIDL        equ	3908	;# 
   744   000F45                     TXB0DLC         equ	3909	;# 
   745   000F46                     TXB0D0          equ	3910	;# 
   746   000F47                     TXB0D1          equ	3911	;# 
   747   000F48                     TXB0D2          equ	3912	;# 
   748   000F49                     TXB0D3          equ	3913	;# 
   749   000F4A                     TXB0D4          equ	3914	;# 
   750   000F4B                     TXB0D5          equ	3915	;# 
   751   000F4C                     TXB0D6          equ	3916	;# 
   752   000F4D                     TXB0D7          equ	3917	;# 
   753   000F4E                     CANSTAT_RO1     equ	3918	;# 
   754   000F4F                     CANCON_RO1      equ	3919	;# 
   755   000F50                     RXB1CON         equ	3920	;# 
   756   000F51                     RXB1SIDH        equ	3921	;# 
   757   000F52                     RXB1SIDL        equ	3922	;# 
   758   000F53                     RXB1EIDH        equ	3923	;# 
   759   000F54                     RXB1EIDL        equ	3924	;# 
   760   000F55                     RXB1DLC         equ	3925	;# 
   761   000F56                     RXB1D0          equ	3926	;# 
   762   000F57                     RXB1D1          equ	3927	;# 
   763   000F58                     RXB1D2          equ	3928	;# 
   764   000F59                     RXB1D3          equ	3929	;# 
   765   000F5A                     RXB1D4          equ	3930	;# 
   766   000F5B                     RXB1D5          equ	3931	;# 
   767   000F5C                     RXB1D6          equ	3932	;# 
   768   000F5D                     RXB1D7          equ	3933	;# 
   769   000F5E                     CANSTAT_RO0     equ	3934	;# 
   770   000F5F                     CANCON_RO0      equ	3935	;# 
   771   000F60                     RXB0CON         equ	3936	;# 
   772   000F61                     RXB0SIDH        equ	3937	;# 
   773   000F62                     RXB0SIDL        equ	3938	;# 
   774   000F63                     RXB0EIDH        equ	3939	;# 
   775   000F64                     RXB0EIDL        equ	3940	;# 
   776   000F65                     RXB0DLC         equ	3941	;# 
   777   000F66                     RXB0D0          equ	3942	;# 
   778   000F67                     RXB0D1          equ	3943	;# 
   779   000F68                     RXB0D2          equ	3944	;# 
   780   000F69                     RXB0D3          equ	3945	;# 
   781   000F6A                     RXB0D4          equ	3946	;# 
   782   000F6B                     RXB0D5          equ	3947	;# 
   783   000F6C                     RXB0D6          equ	3948	;# 
   784   000F6D                     RXB0D7          equ	3949	;# 
   785   000F6E                     CANSTAT         equ	3950	;# 
   786   000F6F                     CANCON          equ	3951	;# 
   787   000F70                     BRGCON1         equ	3952	;# 
   788   000F71                     BRGCON2         equ	3953	;# 
   789   000F72                     BRGCON3         equ	3954	;# 
   790   000F73                     CIOCON          equ	3955	;# 
   791   000F74                     COMSTAT         equ	3956	;# 
   792   000F75                     RXERRCNT        equ	3957	;# 
   793   000F76                     TXERRCNT        equ	3958	;# 
   794   000F77                     ECANCON         equ	3959	;# 
   795   000F80                     PORTA           equ	3968	;# 
   796   000F81                     PORTB           equ	3969	;# 
   797   000F82                     PORTC           equ	3970	;# 
   798   000F83                     PORTD           equ	3971	;# 
   799   000F84                     PORTE           equ	3972	;# 
   800   000F89                     LATA            equ	3977	;# 
   801   000F8A                     LATB            equ	3978	;# 
   802   000F8B                     LATC            equ	3979	;# 
   803   000F8C                     LATD            equ	3980	;# 
   804   000F8D                     LATE            equ	3981	;# 
   805   000F92                     TRISA           equ	3986	;# 
   806   000F92                     DDRA            equ	3986	;# 
   807   000F93                     TRISB           equ	3987	;# 
   808   000F93                     DDRB            equ	3987	;# 
   809   000F94                     TRISC           equ	3988	;# 
   810   000F94                     DDRC            equ	3988	;# 
   811   000F95                     TRISD           equ	3989	;# 
   812   000F95                     DDRD            equ	3989	;# 
   813   000F96                     TRISE           equ	3990	;# 
   814   000F96                     DDRE            equ	3990	;# 
   815   000F9B                     OSCTUNE         equ	3995	;# 
   816   000F9D                     PIE1            equ	3997	;# 
   817   000F9E                     PIR1            equ	3998	;# 
   818   000F9F                     IPR1            equ	3999	;# 
   819   000FA0                     PIE2            equ	4000	;# 
   820   000FA1                     PIR2            equ	4001	;# 
   821   000FA2                     IPR2            equ	4002	;# 
   822   000FA3                     PIE3            equ	4003	;# 
   823   000FA4                     PIR3            equ	4004	;# 
   824   000FA5                     IPR3            equ	4005	;# 
   825   000FA6                     EECON1          equ	4006	;# 
   826   000FA7                     EECON2          equ	4007	;# 
   827   000FA8                     EEDATA          equ	4008	;# 
   828   000FA9                     EEADR           equ	4009	;# 
   829   000FAB                     RCSTA           equ	4011	;# 
   830   000FAB                     RCSTA1          equ	4011	;# 
   831   000FAC                     TXSTA           equ	4012	;# 
   832   000FAC                     TXSTA1          equ	4012	;# 
   833   000FAD                     TXREG           equ	4013	;# 
   834   000FAD                     TXREG1          equ	4013	;# 
   835   000FAE                     RCREG           equ	4014	;# 
   836   000FAE                     RCREG1          equ	4014	;# 
   837   000FAF                     SPBRG           equ	4015	;# 
   838   000FAF                     SPBRG1          equ	4015	;# 
   839   000FB0                     SPBRGH          equ	4016	;# 
   840   000FB1                     T3CON           equ	4017	;# 
   841   000FB2                     TMR3            equ	4018	;# 
   842   000FB2                     TMR3L           equ	4018	;# 
   843   000FB3                     TMR3H           equ	4019	;# 
   844   000FB4                     CMCON           equ	4020	;# 
   845   000FB5                     CVRCON          equ	4021	;# 
   846   000FB6                     ECCP1AS         equ	4022	;# 
   847   000FB7                     ECCP1DEL        equ	4023	;# 
   848   000FB8                     BAUDCON         equ	4024	;# 
   849   000FB8                     BAUDCTL         equ	4024	;# 
   850   000FBA                     ECCP1CON        equ	4026	;# 
   851   000FBB                     ECCPR1          equ	4027	;# 
   852   000FBB                     ECCPR1L         equ	4027	;# 
   853   000FBC                     ECCPR1H         equ	4028	;# 
   854   000FBD                     CCP1CON         equ	4029	;# 
   855   000FBE                     CCPR1           equ	4030	;# 
   856   000FBE                     CCPR1L          equ	4030	;# 
   857   000FBF                     CCPR1H          equ	4031	;# 
   858   000FC0                     ADCON2          equ	4032	;# 
   859   000FC1                     ADCON1          equ	4033	;# 
   860   000FC2                     ADCON0          equ	4034	;# 
   861   000FC3                     ADRES           equ	4035	;# 
   862   000FC3                     ADRESL          equ	4035	;# 
   863   000FC4                     ADRESH          equ	4036	;# 
   864   000FC5                     SSPCON2         equ	4037	;# 
   865   000FC6                     SSPCON1         equ	4038	;# 
   866   000FC7                     SSPSTAT         equ	4039	;# 
   867   000FC8                     SSPADD          equ	4040	;# 
   868   000FC9                     SSPBUF          equ	4041	;# 
   869   000FCA                     T2CON           equ	4042	;# 
   870   000FCB                     PR2             equ	4043	;# 
   871   000FCB                     MEMCON          equ	4043	;# 
   872   000FCC                     TMR2            equ	4044	;# 
   873   000FCD                     T1CON           equ	4045	;# 
   874   000FCE                     TMR1            equ	4046	;# 
   875   000FCE                     TMR1L           equ	4046	;# 
   876   000FCF                     TMR1H           equ	4047	;# 
   877   000FD0                     RCON            equ	4048	;# 
   878   000FD1                     WDTCON          equ	4049	;# 
   879   000FD2                     HLVDCON         equ	4050	;# 
   880   000FD2                     LVDCON          equ	4050	;# 
   881   000FD3                     OSCCON          equ	4051	;# 
   882   000FD5                     T0CON           equ	4053	;# 
   883   000FD6                     TMR0            equ	4054	;# 
   884   000FD6                     TMR0L           equ	4054	;# 
   885   000FD7                     TMR0H           equ	4055	;# 
   886   000FD8                     STATUS          equ	4056	;# 
   887   000FD9                     FSR2            equ	4057	;# 
   888   000FD9                     FSR2L           equ	4057	;# 
   889   000FDA                     FSR2H           equ	4058	;# 
   890   000FDB                     PLUSW2          equ	4059	;# 
   891   000FDC                     PREINC2         equ	4060	;# 
   892   000FDD                     POSTDEC2        equ	4061	;# 
   893   000FDE                     POSTINC2        equ	4062	;# 
   894   000FDF                     INDF2           equ	4063	;# 
   895   000FE0                     BSR             equ	4064	;# 
   896   000FE1                     FSR1            equ	4065	;# 
   897   000FE1                     FSR1L           equ	4065	;# 
   898   000FE2                     FSR1H           equ	4066	;# 
   899   000FE3                     PLUSW1          equ	4067	;# 
   900   000FE4                     PREINC1         equ	4068	;# 
   901   000FE5                     POSTDEC1        equ	4069	;# 
   902   000FE6                     POSTINC1        equ	4070	;# 
   903   000FE7                     INDF1           equ	4071	;# 
   904   000FE8                     WREG            equ	4072	;# 
   905   000FE9                     FSR0            equ	4073	;# 
   906   000FE9                     FSR0L           equ	4073	;# 
   907   000FEA                     FSR0H           equ	4074	;# 
   908   000FEB                     PLUSW0          equ	4075	;# 
   909   000FEC                     PREINC0         equ	4076	;# 
   910   000FED                     POSTDEC0        equ	4077	;# 
   911   000FEE                     POSTINC0        equ	4078	;# 
   912   000FEF                     INDF0           equ	4079	;# 
   913   000FF0                     INTCON3         equ	4080	;# 
   914   000FF1                     INTCON2         equ	4081	;# 
   915   000FF2                     INTCON          equ	4082	;# 
   916   000FF3                     PROD            equ	4083	;# 
   917   000FF3                     PRODL           equ	4083	;# 
   918   000FF4                     PRODH           equ	4084	;# 
   919   000FF5                     TABLAT          equ	4085	;# 
   920   000FF6                     TBLPTR          equ	4086	;# 
   921   000FF6                     TBLPTRL         equ	4086	;# 
   922   000FF7                     TBLPTRH         equ	4087	;# 
   923   000FF8                     TBLPTRU         equ	4088	;# 
   924   000FF9                     PCLAT           equ	4089	;# 
   925   000FF9                     PC              equ	4089	;# 
   926   000FF9                     PCL             equ	4089	;# 
   927   000FFA                     PCLATH          equ	4090	;# 
   928   000FFB                     PCLATU          equ	4091	;# 
   929   000FFC                     STKPTR          equ	4092	;# 
   930   000FFD                     TOS             equ	4093	;# 
   931   000FFD                     TOSL            equ	4093	;# 
   932   000FFE                     TOSH            equ	4094	;# 
   933   000FFF                     TOSU            equ	4095	;# 
   934   000D60                     RXF6SIDH        equ	3424	;# 
   935   000D61                     RXF6SIDL        equ	3425	;# 
   936   000D62                     RXF6EIDH        equ	3426	;# 
   937   000D63                     RXF6EIDL        equ	3427	;# 
   938   000D64                     RXF7SIDH        equ	3428	;# 
   939   000D65                     RXF7SIDL        equ	3429	;# 
   940   000D66                     RXF7EIDH        equ	3430	;# 
   941   000D67                     RXF7EIDL        equ	3431	;# 
   942   000D68                     RXF8SIDH        equ	3432	;# 
   943   000D69                     RXF8SIDL        equ	3433	;# 
   944   000D6A                     RXF8EIDH        equ	3434	;# 
   945   000D6B                     RXF8EIDL        equ	3435	;# 
   946   000D70                     RXF9SIDH        equ	3440	;# 
   947   000D71                     RXF9SIDL        equ	3441	;# 
   948   000D72                     RXF9EIDH        equ	3442	;# 
   949   000D73                     RXF9EIDL        equ	3443	;# 
   950   000D74                     RXF10SIDH       equ	3444	;# 
   951   000D75                     RXF10SIDL       equ	3445	;# 
   952   000D76                     RXF10EIDH       equ	3446	;# 
   953   000D77                     RXF10EIDL       equ	3447	;# 
   954   000D78                     RXF11SIDH       equ	3448	;# 
   955   000D79                     RXF11SIDL       equ	3449	;# 
   956   000D7A                     RXF11EIDH       equ	3450	;# 
   957   000D7B                     RXF11EIDL       equ	3451	;# 
   958   000D80                     RXF12SIDH       equ	3456	;# 
   959   000D81                     RXF12SIDL       equ	3457	;# 
   960   000D82                     RXF12EIDH       equ	3458	;# 
   961   000D83                     RXF12EIDL       equ	3459	;# 
   962   000D84                     RXF13SIDH       equ	3460	;# 
   963   000D85                     RXF13SIDL       equ	3461	;# 
   964   000D86                     RXF13EIDH       equ	3462	;# 
   965   000D87                     RXF13EIDL       equ	3463	;# 
   966   000D88                     RXF14SIDH       equ	3464	;# 
   967   000D89                     RXF14SIDL       equ	3465	;# 
   968   000D8A                     RXF14EIDH       equ	3466	;# 
   969   000D8B                     RXF14EIDL       equ	3467	;# 
   970   000D90                     RXF15SIDH       equ	3472	;# 
   971   000D91                     RXF15SIDL       equ	3473	;# 
   972   000D92                     RXF15EIDH       equ	3474	;# 
   973   000D93                     RXF15EIDL       equ	3475	;# 
   974   000DD4                     RXFCON0         equ	3540	;# 
   975   000DD5                     RXFCON1         equ	3541	;# 
   976   000DD8                     SDFLC           equ	3544	;# 
   977   000DE0                     RXFBCON0        equ	3552	;# 
   978   000DE1                     RXFBCON1        equ	3553	;# 
   979   000DE2                     RXFBCON2        equ	3554	;# 
   980   000DE3                     RXFBCON3        equ	3555	;# 
   981   000DE4                     RXFBCON4        equ	3556	;# 
   982   000DE5                     RXFBCON5        equ	3557	;# 
   983   000DE6                     RXFBCON6        equ	3558	;# 
   984   000DE7                     RXFBCON7        equ	3559	;# 
   985   000DF0                     MSEL0           equ	3568	;# 
   986   000DF1                     MSEL1           equ	3569	;# 
   987   000DF2                     MSEL2           equ	3570	;# 
   988   000DF3                     MSEL3           equ	3571	;# 
   989   000DF8                     BSEL0           equ	3576	;# 
   990   000DFA                     BIE0            equ	3578	;# 
   991   000DFC                     TXBIE           equ	3580	;# 
   992   000E20                     B0CON           equ	3616	;# 
   993   000E21                     B0SIDH          equ	3617	;# 
   994   000E22                     B0SIDL          equ	3618	;# 
   995   000E23                     B0EIDH          equ	3619	;# 
   996   000E24                     B0EIDL          equ	3620	;# 
   997   000E25                     B0DLC           equ	3621	;# 
   998   000E26                     B0D0            equ	3622	;# 
   999   000E27                     B0D1            equ	3623	;# 
  1000   000E28                     B0D2            equ	3624	;# 
  1001   000E29                     B0D3            equ	3625	;# 
  1002   000E2A                     B0D4            equ	3626	;# 
  1003   000E2B                     B0D5            equ	3627	;# 
  1004   000E2C                     B0D6            equ	3628	;# 
  1005   000E2D                     B0D7            equ	3629	;# 
  1006   000E2E                     CANSTAT_RO9     equ	3630	;# 
  1007   000E2F                     CANCON_RO9      equ	3631	;# 
  1008   000E30                     B1CON           equ	3632	;# 
  1009   000E31                     B1SIDH          equ	3633	;# 
  1010   000E32                     B1SIDL          equ	3634	;# 
  1011   000E33                     B1EIDH          equ	3635	;# 
  1012   000E34                     B1EIDL          equ	3636	;# 
  1013   000E35                     B1DLC           equ	3637	;# 
  1014   000E36                     B1D0            equ	3638	;# 
  1015   000E37                     B1D1            equ	3639	;# 
  1016   000E38                     B1D2            equ	3640	;# 
  1017   000E39                     B1D3            equ	3641	;# 
  1018   000E3A                     B1D4            equ	3642	;# 
  1019   000E3B                     B1D5            equ	3643	;# 
  1020   000E3C                     B1D6            equ	3644	;# 
  1021   000E3D                     B1D7            equ	3645	;# 
  1022   000E3E                     CANSTAT_RO8     equ	3646	;# 
  1023   000E3F                     CANCON_RO8      equ	3647	;# 
  1024   000E40                     B2CON           equ	3648	;# 
  1025   000E41                     B2SIDH          equ	3649	;# 
  1026   000E42                     B2SIDL          equ	3650	;# 
  1027   000E43                     B2EIDH          equ	3651	;# 
  1028   000E44                     B2EIDL          equ	3652	;# 
  1029   000E45                     B2DLC           equ	3653	;# 
  1030   000E46                     B2D0            equ	3654	;# 
  1031   000E47                     B2D1            equ	3655	;# 
  1032   000E48                     B2D2            equ	3656	;# 
  1033   000E49                     B2D3            equ	3657	;# 
  1034   000E4A                     B2D4            equ	3658	;# 
  1035   000E4B                     B2D5            equ	3659	;# 
  1036   000E4C                     B2D6            equ	3660	;# 
  1037   000E4D                     B2D7            equ	3661	;# 
  1038   000E4E                     CANSTAT_RO7     equ	3662	;# 
  1039   000E4F                     CANCON_RO7      equ	3663	;# 
  1040   000E50                     B3CON           equ	3664	;# 
  1041   000E51                     B3SIDH          equ	3665	;# 
  1042   000E52                     B3SIDL          equ	3666	;# 
  1043   000E53                     B3EIDH          equ	3667	;# 
  1044   000E54                     B3EIDL          equ	3668	;# 
  1045   000E55                     B3DLC           equ	3669	;# 
  1046   000E56                     B3D0            equ	3670	;# 
  1047   000E57                     B3D1            equ	3671	;# 
  1048   000E58                     B3D2            equ	3672	;# 
  1049   000E59                     B3D3            equ	3673	;# 
  1050   000E5A                     B3D4            equ	3674	;# 
  1051   000E5B                     B3D5            equ	3675	;# 
  1052   000E5C                     B3D6            equ	3676	;# 
  1053   000E5D                     B3D7            equ	3677	;# 
  1054   000E5E                     CANSTAT_RO6     equ	3678	;# 
  1055   000E5F                     CANCON_RO6      equ	3679	;# 
  1056   000E60                     B4CON           equ	3680	;# 
  1057   000E61                     B4SIDH          equ	3681	;# 
  1058   000E62                     B4SIDL          equ	3682	;# 
  1059   000E63                     B4EIDH          equ	3683	;# 
  1060   000E64                     B4EIDL          equ	3684	;# 
  1061   000E65                     B4DLC           equ	3685	;# 
  1062   000E66                     B4D0            equ	3686	;# 
  1063   000E67                     B4D1            equ	3687	;# 
  1064   000E68                     B4D2            equ	3688	;# 
  1065   000E69                     B4D3            equ	3689	;# 
  1066   000E6A                     B4D4            equ	3690	;# 
  1067   000E6B                     B4D5            equ	3691	;# 
  1068   000E6C                     B4D6            equ	3692	;# 
  1069   000E6D                     B4D7            equ	3693	;# 
  1070   000E6E                     CANSTAT_RO5     equ	3694	;# 
  1071   000E6F                     CANCON_RO5      equ	3695	;# 
  1072   000E70                     B5CON           equ	3696	;# 
  1073   000E71                     B5SIDH          equ	3697	;# 
  1074   000E72                     B5SIDL          equ	3698	;# 
  1075   000E73                     B5EIDH          equ	3699	;# 
  1076   000E74                     B5EIDL          equ	3700	;# 
  1077   000E75                     B5DLC           equ	3701	;# 
  1078   000E76                     B5D0            equ	3702	;# 
  1079   000E77                     B5D1            equ	3703	;# 
  1080   000E78                     B5D2            equ	3704	;# 
  1081   000E79                     B5D3            equ	3705	;# 
  1082   000E7A                     B5D4            equ	3706	;# 
  1083   000E7B                     B5D5            equ	3707	;# 
  1084   000E7C                     B5D6            equ	3708	;# 
  1085   000E7D                     B5D7            equ	3709	;# 
  1086   000E7E                     CANSTAT_RO4     equ	3710	;# 
  1087   000E7F                     CANCON_RO4      equ	3711	;# 
  1088   000F00                     RXF0SIDH        equ	3840	;# 
  1089   000F01                     RXF0SIDL        equ	3841	;# 
  1090   000F02                     RXF0EIDH        equ	3842	;# 
  1091   000F03                     RXF0EIDL        equ	3843	;# 
  1092   000F04                     RXF1SIDH        equ	3844	;# 
  1093   000F05                     RXF1SIDL        equ	3845	;# 
  1094   000F06                     RXF1EIDH        equ	3846	;# 
  1095   000F07                     RXF1EIDL        equ	3847	;# 
  1096   000F08                     RXF2SIDH        equ	3848	;# 
  1097   000F09                     RXF2SIDL        equ	3849	;# 
  1098   000F0A                     RXF2EIDH        equ	3850	;# 
  1099   000F0B                     RXF2EIDL        equ	3851	;# 
  1100   000F0C                     RXF3SIDH        equ	3852	;# 
  1101   000F0D                     RXF3SIDL        equ	3853	;# 
  1102   000F0E                     RXF3EIDH        equ	3854	;# 
  1103   000F0F                     RXF3EIDL        equ	3855	;# 
  1104   000F10                     RXF4SIDH        equ	3856	;# 
  1105   000F11                     RXF4SIDL        equ	3857	;# 
  1106   000F12                     RXF4EIDH        equ	3858	;# 
  1107   000F13                     RXF4EIDL        equ	3859	;# 
  1108   000F14                     RXF5SIDH        equ	3860	;# 
  1109   000F15                     RXF5SIDL        equ	3861	;# 
  1110   000F16                     RXF5EIDH        equ	3862	;# 
  1111   000F17                     RXF5EIDL        equ	3863	;# 
  1112   000F18                     RXM0SIDH        equ	3864	;# 
  1113   000F19                     RXM0SIDL        equ	3865	;# 
  1114   000F1A                     RXM0EIDH        equ	3866	;# 
  1115   000F1B                     RXM0EIDL        equ	3867	;# 
  1116   000F1C                     RXM1SIDH        equ	3868	;# 
  1117   000F1D                     RXM1SIDL        equ	3869	;# 
  1118   000F1E                     RXM1EIDH        equ	3870	;# 
  1119   000F1F                     RXM1EIDL        equ	3871	;# 
  1120   000F20                     TXB2CON         equ	3872	;# 
  1121   000F21                     TXB2SIDH        equ	3873	;# 
  1122   000F22                     TXB2SIDL        equ	3874	;# 
  1123   000F23                     TXB2EIDH        equ	3875	;# 
  1124   000F24                     TXB2EIDL        equ	3876	;# 
  1125   000F25                     TXB2DLC         equ	3877	;# 
  1126   000F26                     TXB2D0          equ	3878	;# 
  1127   000F27                     TXB2D1          equ	3879	;# 
  1128   000F28                     TXB2D2          equ	3880	;# 
  1129   000F29                     TXB2D3          equ	3881	;# 
  1130   000F2A                     TXB2D4          equ	3882	;# 
  1131   000F2B                     TXB2D5          equ	3883	;# 
  1132   000F2C                     TXB2D6          equ	3884	;# 
  1133   000F2D                     TXB2D7          equ	3885	;# 
  1134   000F2E                     CANSTAT_RO3     equ	3886	;# 
  1135   000F2F                     CANCON_RO3      equ	3887	;# 
  1136   000F30                     TXB1CON         equ	3888	;# 
  1137   000F31                     TXB1SIDH        equ	3889	;# 
  1138   000F32                     TXB1SIDL        equ	3890	;# 
  1139   000F33                     TXB1EIDH        equ	3891	;# 
  1140   000F34                     TXB1EIDL        equ	3892	;# 
  1141   000F35                     TXB1DLC         equ	3893	;# 
  1142   000F36                     TXB1D0          equ	3894	;# 
  1143   000F37                     TXB1D1          equ	3895	;# 
  1144   000F38                     TXB1D2          equ	3896	;# 
  1145   000F39                     TXB1D3          equ	3897	;# 
  1146   000F3A                     TXB1D4          equ	3898	;# 
  1147   000F3B                     TXB1D5          equ	3899	;# 
  1148   000F3C                     TXB1D6          equ	3900	;# 
  1149   000F3D                     TXB1D7          equ	3901	;# 
  1150   000F3E                     CANSTAT_RO2     equ	3902	;# 
  1151   000F3F                     CANCON_RO2      equ	3903	;# 
  1152   000F40                     TXB0CON         equ	3904	;# 
  1153   000F41                     TXB0SIDH        equ	3905	;# 
  1154   000F42                     TXB0SIDL        equ	3906	;# 
  1155   000F43                     TXB0EIDH        equ	3907	;# 
  1156   000F44                     TXB0EIDL        equ	3908	;# 
  1157   000F45                     TXB0DLC         equ	3909	;# 
  1158   000F46                     TXB0D0          equ	3910	;# 
  1159   000F47                     TXB0D1          equ	3911	;# 
  1160   000F48                     TXB0D2          equ	3912	;# 
  1161   000F49                     TXB0D3          equ	3913	;# 
  1162   000F4A                     TXB0D4          equ	3914	;# 
  1163   000F4B                     TXB0D5          equ	3915	;# 
  1164   000F4C                     TXB0D6          equ	3916	;# 
  1165   000F4D                     TXB0D7          equ	3917	;# 
  1166   000F4E                     CANSTAT_RO1     equ	3918	;# 
  1167   000F4F                     CANCON_RO1      equ	3919	;# 
  1168   000F50                     RXB1CON         equ	3920	;# 
  1169   000F51                     RXB1SIDH        equ	3921	;# 
  1170   000F52                     RXB1SIDL        equ	3922	;# 
  1171   000F53                     RXB1EIDH        equ	3923	;# 
  1172   000F54                     RXB1EIDL        equ	3924	;# 
  1173   000F55                     RXB1DLC         equ	3925	;# 
  1174   000F56                     RXB1D0          equ	3926	;# 
  1175   000F57                     RXB1D1          equ	3927	;# 
  1176   000F58                     RXB1D2          equ	3928	;# 
  1177   000F59                     RXB1D3          equ	3929	;# 
  1178   000F5A                     RXB1D4          equ	3930	;# 
  1179   000F5B                     RXB1D5          equ	3931	;# 
  1180   000F5C                     RXB1D6          equ	3932	;# 
  1181   000F5D                     RXB1D7          equ	3933	;# 
  1182   000F5E                     CANSTAT_RO0     equ	3934	;# 
  1183   000F5F                     CANCON_RO0      equ	3935	;# 
  1184   000F60                     RXB0CON         equ	3936	;# 
  1185   000F61                     RXB0SIDH        equ	3937	;# 
  1186   000F62                     RXB0SIDL        equ	3938	;# 
  1187   000F63                     RXB0EIDH        equ	3939	;# 
  1188   000F64                     RXB0EIDL        equ	3940	;# 
  1189   000F65                     RXB0DLC         equ	3941	;# 
  1190   000F66                     RXB0D0          equ	3942	;# 
  1191   000F67                     RXB0D1          equ	3943	;# 
  1192   000F68                     RXB0D2          equ	3944	;# 
  1193   000F69                     RXB0D3          equ	3945	;# 
  1194   000F6A                     RXB0D4          equ	3946	;# 
  1195   000F6B                     RXB0D5          equ	3947	;# 
  1196   000F6C                     RXB0D6          equ	3948	;# 
  1197   000F6D                     RXB0D7          equ	3949	;# 
  1198   000F6E                     CANSTAT         equ	3950	;# 
  1199   000F6F                     CANCON          equ	3951	;# 
  1200   000F70                     BRGCON1         equ	3952	;# 
  1201   000F71                     BRGCON2         equ	3953	;# 
  1202   000F72                     BRGCON3         equ	3954	;# 
  1203   000F73                     CIOCON          equ	3955	;# 
  1204   000F74                     COMSTAT         equ	3956	;# 
  1205   000F75                     RXERRCNT        equ	3957	;# 
  1206   000F76                     TXERRCNT        equ	3958	;# 
  1207   000F77                     ECANCON         equ	3959	;# 
  1208   000F80                     PORTA           equ	3968	;# 
  1209   000F81                     PORTB           equ	3969	;# 
  1210   000F82                     PORTC           equ	3970	;# 
  1211   000F83                     PORTD           equ	3971	;# 
  1212   000F84                     PORTE           equ	3972	;# 
  1213   000F89                     LATA            equ	3977	;# 
  1214   000F8A                     LATB            equ	3978	;# 
  1215   000F8B                     LATC            equ	3979	;# 
  1216   000F8C                     LATD            equ	3980	;# 
  1217   000F8D                     LATE            equ	3981	;# 
  1218   000F92                     TRISA           equ	3986	;# 
  1219   000F92                     DDRA            equ	3986	;# 
  1220   000F93                     TRISB           equ	3987	;# 
  1221   000F93                     DDRB            equ	3987	;# 
  1222   000F94                     TRISC           equ	3988	;# 
  1223   000F94                     DDRC            equ	3988	;# 
  1224   000F95                     TRISD           equ	3989	;# 
  1225   000F95                     DDRD            equ	3989	;# 
  1226   000F96                     TRISE           equ	3990	;# 
  1227   000F96                     DDRE            equ	3990	;# 
  1228   000F9B                     OSCTUNE         equ	3995	;# 
  1229   000F9D                     PIE1            equ	3997	;# 
  1230   000F9E                     PIR1            equ	3998	;# 
  1231   000F9F                     IPR1            equ	3999	;# 
  1232   000FA0                     PIE2            equ	4000	;# 
  1233   000FA1                     PIR2            equ	4001	;# 
  1234   000FA2                     IPR2            equ	4002	;# 
  1235   000FA3                     PIE3            equ	4003	;# 
  1236   000FA4                     PIR3            equ	4004	;# 
  1237   000FA5                     IPR3            equ	4005	;# 
  1238   000FA6                     EECON1          equ	4006	;# 
  1239   000FA7                     EECON2          equ	4007	;# 
  1240   000FA8                     EEDATA          equ	4008	;# 
  1241   000FA9                     EEADR           equ	4009	;# 
  1242   000FAB                     RCSTA           equ	4011	;# 
  1243   000FAB                     RCSTA1          equ	4011	;# 
  1244   000FAC                     TXSTA           equ	4012	;# 
  1245   000FAC                     TXSTA1          equ	4012	;# 
  1246   000FAD                     TXREG           equ	4013	;# 
  1247   000FAD                     TXREG1          equ	4013	;# 
  1248   000FAE                     RCREG           equ	4014	;# 
  1249   000FAE                     RCREG1          equ	4014	;# 
  1250   000FAF                     SPBRG           equ	4015	;# 
  1251   000FAF                     SPBRG1          equ	4015	;# 
  1252   000FB0                     SPBRGH          equ	4016	;# 
  1253   000FB1                     T3CON           equ	4017	;# 
  1254   000FB2                     TMR3            equ	4018	;# 
  1255   000FB2                     TMR3L           equ	4018	;# 
  1256   000FB3                     TMR3H           equ	4019	;# 
  1257   000FB4                     CMCON           equ	4020	;# 
  1258   000FB5                     CVRCON          equ	4021	;# 
  1259   000FB6                     ECCP1AS         equ	4022	;# 
  1260   000FB7                     ECCP1DEL        equ	4023	;# 
  1261   000FB8                     BAUDCON         equ	4024	;# 
  1262   000FB8                     BAUDCTL         equ	4024	;# 
  1263   000FBA                     ECCP1CON        equ	4026	;# 
  1264   000FBB                     ECCPR1          equ	4027	;# 
  1265   000FBB                     ECCPR1L         equ	4027	;# 
  1266   000FBC                     ECCPR1H         equ	4028	;# 
  1267   000FBD                     CCP1CON         equ	4029	;# 
  1268   000FBE                     CCPR1           equ	4030	;# 
  1269   000FBE                     CCPR1L          equ	4030	;# 
  1270   000FBF                     CCPR1H          equ	4031	;# 
  1271   000FC0                     ADCON2          equ	4032	;# 
  1272   000FC1                     ADCON1          equ	4033	;# 
  1273   000FC2                     ADCON0          equ	4034	;# 
  1274   000FC3                     ADRES           equ	4035	;# 
  1275   000FC3                     ADRESL          equ	4035	;# 
  1276   000FC4                     ADRESH          equ	4036	;# 
  1277   000FC5                     SSPCON2         equ	4037	;# 
  1278   000FC6                     SSPCON1         equ	4038	;# 
  1279   000FC7                     SSPSTAT         equ	4039	;# 
  1280   000FC8                     SSPADD          equ	4040	;# 
  1281   000FC9                     SSPBUF          equ	4041	;# 
  1282   000FCA                     T2CON           equ	4042	;# 
  1283   000FCB                     PR2             equ	4043	;# 
  1284   000FCB                     MEMCON          equ	4043	;# 
  1285   000FCC                     TMR2            equ	4044	;# 
  1286   000FCD                     T1CON           equ	4045	;# 
  1287   000FCE                     TMR1            equ	4046	;# 
  1288   000FCE                     TMR1L           equ	4046	;# 
  1289   000FCF                     TMR1H           equ	4047	;# 
  1290   000FD0                     RCON            equ	4048	;# 
  1291   000FD1                     WDTCON          equ	4049	;# 
  1292   000FD2                     HLVDCON         equ	4050	;# 
  1293   000FD2                     LVDCON          equ	4050	;# 
  1294   000FD3                     OSCCON          equ	4051	;# 
  1295   000FD5                     T0CON           equ	4053	;# 
  1296   000FD6                     TMR0            equ	4054	;# 
  1297   000FD6                     TMR0L           equ	4054	;# 
  1298   000FD7                     TMR0H           equ	4055	;# 
  1299   000FD8                     STATUS          equ	4056	;# 
  1300   000FD9                     FSR2            equ	4057	;# 
  1301   000FD9                     FSR2L           equ	4057	;# 
  1302   000FDA                     FSR2H           equ	4058	;# 
  1303   000FDB                     PLUSW2          equ	4059	;# 
  1304   000FDC                     PREINC2         equ	4060	;# 
  1305   000FDD                     POSTDEC2        equ	4061	;# 
  1306   000FDE                     POSTINC2        equ	4062	;# 
  1307   000FDF                     INDF2           equ	4063	;# 
  1308   000FE0                     BSR             equ	4064	;# 
  1309   000FE1                     FSR1            equ	4065	;# 
  1310   000FE1                     FSR1L           equ	4065	;# 
  1311   000FE2                     FSR1H           equ	4066	;# 
  1312   000FE3                     PLUSW1          equ	4067	;# 
  1313   000FE4                     PREINC1         equ	4068	;# 
  1314   000FE5                     POSTDEC1        equ	4069	;# 
  1315   000FE6                     POSTINC1        equ	4070	;# 
  1316   000FE7                     INDF1           equ	4071	;# 
  1317   000FE8                     WREG            equ	4072	;# 
  1318   000FE9                     FSR0            equ	4073	;# 
  1319   000FE9                     FSR0L           equ	4073	;# 
  1320   000FEA                     FSR0H           equ	4074	;# 
  1321   000FEB                     PLUSW0          equ	4075	;# 
  1322   000FEC                     PREINC0         equ	4076	;# 
  1323   000FED                     POSTDEC0        equ	4077	;# 
  1324   000FEE                     POSTINC0        equ	4078	;# 
  1325   000FEF                     INDF0           equ	4079	;# 
  1326   000FF0                     INTCON3         equ	4080	;# 
  1327   000FF1                     INTCON2         equ	4081	;# 
  1328   000FF2                     INTCON          equ	4082	;# 
  1329   000FF3                     PROD            equ	4083	;# 
  1330   000FF3                     PRODL           equ	4083	;# 
  1331   000FF4                     PRODH           equ	4084	;# 
  1332   000FF5                     TABLAT          equ	4085	;# 
  1333   000FF6                     TBLPTR          equ	4086	;# 
  1334   000FF6                     TBLPTRL         equ	4086	;# 
  1335   000FF7                     TBLPTRH         equ	4087	;# 
  1336   000FF8                     TBLPTRU         equ	4088	;# 
  1337   000FF9                     PCLAT           equ	4089	;# 
  1338   000FF9                     PC              equ	4089	;# 
  1339   000FF9                     PCL             equ	4089	;# 
  1340   000FFA                     PCLATH          equ	4090	;# 
  1341   000FFB                     PCLATU          equ	4091	;# 
  1342   000FFC                     STKPTR          equ	4092	;# 
  1343   000FFD                     TOS             equ	4093	;# 
  1344   000FFD                     TOSL            equ	4093	;# 
  1345   000FFE                     TOSH            equ	4094	;# 
  1346   000FFF                     TOSU            equ	4095	;# 
  1347   000D60                     RXF6SIDH        equ	3424	;# 
  1348   000D61                     RXF6SIDL        equ	3425	;# 
  1349   000D62                     RXF6EIDH        equ	3426	;# 
  1350   000D63                     RXF6EIDL        equ	3427	;# 
  1351   000D64                     RXF7SIDH        equ	3428	;# 
  1352   000D65                     RXF7SIDL        equ	3429	;# 
  1353   000D66                     RXF7EIDH        equ	3430	;# 
  1354   000D67                     RXF7EIDL        equ	3431	;# 
  1355   000D68                     RXF8SIDH        equ	3432	;# 
  1356   000D69                     RXF8SIDL        equ	3433	;# 
  1357   000D6A                     RXF8EIDH        equ	3434	;# 
  1358   000D6B                     RXF8EIDL        equ	3435	;# 
  1359   000D70                     RXF9SIDH        equ	3440	;# 
  1360   000D71                     RXF9SIDL        equ	3441	;# 
  1361   000D72                     RXF9EIDH        equ	3442	;# 
  1362   000D73                     RXF9EIDL        equ	3443	;# 
  1363   000D74                     RXF10SIDH       equ	3444	;# 
  1364   000D75                     RXF10SIDL       equ	3445	;# 
  1365   000D76                     RXF10EIDH       equ	3446	;# 
  1366   000D77                     RXF10EIDL       equ	3447	;# 
  1367   000D78                     RXF11SIDH       equ	3448	;# 
  1368   000D79                     RXF11SIDL       equ	3449	;# 
  1369   000D7A                     RXF11EIDH       equ	3450	;# 
  1370   000D7B                     RXF11EIDL       equ	3451	;# 
  1371   000D80                     RXF12SIDH       equ	3456	;# 
  1372   000D81                     RXF12SIDL       equ	3457	;# 
  1373   000D82                     RXF12EIDH       equ	3458	;# 
  1374   000D83                     RXF12EIDL       equ	3459	;# 
  1375   000D84                     RXF13SIDH       equ	3460	;# 
  1376   000D85                     RXF13SIDL       equ	3461	;# 
  1377   000D86                     RXF13EIDH       equ	3462	;# 
  1378   000D87                     RXF13EIDL       equ	3463	;# 
  1379   000D88                     RXF14SIDH       equ	3464	;# 
  1380   000D89                     RXF14SIDL       equ	3465	;# 
  1381   000D8A                     RXF14EIDH       equ	3466	;# 
  1382   000D8B                     RXF14EIDL       equ	3467	;# 
  1383   000D90                     RXF15SIDH       equ	3472	;# 
  1384   000D91                     RXF15SIDL       equ	3473	;# 
  1385   000D92                     RXF15EIDH       equ	3474	;# 
  1386   000D93                     RXF15EIDL       equ	3475	;# 
  1387   000DD4                     RXFCON0         equ	3540	;# 
  1388   000DD5                     RXFCON1         equ	3541	;# 
  1389   000DD8                     SDFLC           equ	3544	;# 
  1390   000DE0                     RXFBCON0        equ	3552	;# 
  1391   000DE1                     RXFBCON1        equ	3553	;# 
  1392   000DE2                     RXFBCON2        equ	3554	;# 
  1393   000DE3                     RXFBCON3        equ	3555	;# 
  1394   000DE4                     RXFBCON4        equ	3556	;# 
  1395   000DE5                     RXFBCON5        equ	3557	;# 
  1396   000DE6                     RXFBCON6        equ	3558	;# 
  1397   000DE7                     RXFBCON7        equ	3559	;# 
  1398   000DF0                     MSEL0           equ	3568	;# 
  1399   000DF1                     MSEL1           equ	3569	;# 
  1400   000DF2                     MSEL2           equ	3570	;# 
  1401   000DF3                     MSEL3           equ	3571	;# 
  1402   000DF8                     BSEL0           equ	3576	;# 
  1403   000DFA                     BIE0            equ	3578	;# 
  1404   000DFC                     TXBIE           equ	3580	;# 
  1405   000E20                     B0CON           equ	3616	;# 
  1406   000E21                     B0SIDH          equ	3617	;# 
  1407   000E22                     B0SIDL          equ	3618	;# 
  1408   000E23                     B0EIDH          equ	3619	;# 
  1409   000E24                     B0EIDL          equ	3620	;# 
  1410   000E25                     B0DLC           equ	3621	;# 
  1411   000E26                     B0D0            equ	3622	;# 
  1412   000E27                     B0D1            equ	3623	;# 
  1413   000E28                     B0D2            equ	3624	;# 
  1414   000E29                     B0D3            equ	3625	;# 
  1415   000E2A                     B0D4            equ	3626	;# 
  1416   000E2B                     B0D5            equ	3627	;# 
  1417   000E2C                     B0D6            equ	3628	;# 
  1418   000E2D                     B0D7            equ	3629	;# 
  1419   000E2E                     CANSTAT_RO9     equ	3630	;# 
  1420   000E2F                     CANCON_RO9      equ	3631	;# 
  1421   000E30                     B1CON           equ	3632	;# 
  1422   000E31                     B1SIDH          equ	3633	;# 
  1423   000E32                     B1SIDL          equ	3634	;# 
  1424   000E33                     B1EIDH          equ	3635	;# 
  1425   000E34                     B1EIDL          equ	3636	;# 
  1426   000E35                     B1DLC           equ	3637	;# 
  1427   000E36                     B1D0            equ	3638	;# 
  1428   000E37                     B1D1            equ	3639	;# 
  1429   000E38                     B1D2            equ	3640	;# 
  1430   000E39                     B1D3            equ	3641	;# 
  1431   000E3A                     B1D4            equ	3642	;# 
  1432   000E3B                     B1D5            equ	3643	;# 
  1433   000E3C                     B1D6            equ	3644	;# 
  1434   000E3D                     B1D7            equ	3645	;# 
  1435   000E3E                     CANSTAT_RO8     equ	3646	;# 
  1436   000E3F                     CANCON_RO8      equ	3647	;# 
  1437   000E40                     B2CON           equ	3648	;# 
  1438   000E41                     B2SIDH          equ	3649	;# 
  1439   000E42                     B2SIDL          equ	3650	;# 
  1440   000E43                     B2EIDH          equ	3651	;# 
  1441   000E44                     B2EIDL          equ	3652	;# 
  1442   000E45                     B2DLC           equ	3653	;# 
  1443   000E46                     B2D0            equ	3654	;# 
  1444   000E47                     B2D1            equ	3655	;# 
  1445   000E48                     B2D2            equ	3656	;# 
  1446   000E49                     B2D3            equ	3657	;# 
  1447   000E4A                     B2D4            equ	3658	;# 
  1448   000E4B                     B2D5            equ	3659	;# 
  1449   000E4C                     B2D6            equ	3660	;# 
  1450   000E4D                     B2D7            equ	3661	;# 
  1451   000E4E                     CANSTAT_RO7     equ	3662	;# 
  1452   000E4F                     CANCON_RO7      equ	3663	;# 
  1453   000E50                     B3CON           equ	3664	;# 
  1454   000E51                     B3SIDH          equ	3665	;# 
  1455   000E52                     B3SIDL          equ	3666	;# 
  1456   000E53                     B3EIDH          equ	3667	;# 
  1457   000E54                     B3EIDL          equ	3668	;# 
  1458   000E55                     B3DLC           equ	3669	;# 
  1459   000E56                     B3D0            equ	3670	;# 
  1460   000E57                     B3D1            equ	3671	;# 
  1461   000E58                     B3D2            equ	3672	;# 
  1462   000E59                     B3D3            equ	3673	;# 
  1463   000E5A                     B3D4            equ	3674	;# 
  1464   000E5B                     B3D5            equ	3675	;# 
  1465   000E5C                     B3D6            equ	3676	;# 
  1466   000E5D                     B3D7            equ	3677	;# 
  1467   000E5E                     CANSTAT_RO6     equ	3678	;# 
  1468   000E5F                     CANCON_RO6      equ	3679	;# 
  1469   000E60                     B4CON           equ	3680	;# 
  1470   000E61                     B4SIDH          equ	3681	;# 
  1471   000E62                     B4SIDL          equ	3682	;# 
  1472   000E63                     B4EIDH          equ	3683	;# 
  1473   000E64                     B4EIDL          equ	3684	;# 
  1474   000E65                     B4DLC           equ	3685	;# 
  1475   000E66                     B4D0            equ	3686	;# 
  1476   000E67                     B4D1            equ	3687	;# 
  1477   000E68                     B4D2            equ	3688	;# 
  1478   000E69                     B4D3            equ	3689	;# 
  1479   000E6A                     B4D4            equ	3690	;# 
  1480   000E6B                     B4D5            equ	3691	;# 
  1481   000E6C                     B4D6            equ	3692	;# 
  1482   000E6D                     B4D7            equ	3693	;# 
  1483   000E6E                     CANSTAT_RO5     equ	3694	;# 
  1484   000E6F                     CANCON_RO5      equ	3695	;# 
  1485   000E70                     B5CON           equ	3696	;# 
  1486   000E71                     B5SIDH          equ	3697	;# 
  1487   000E72                     B5SIDL          equ	3698	;# 
  1488   000E73                     B5EIDH          equ	3699	;# 
  1489   000E74                     B5EIDL          equ	3700	;# 
  1490   000E75                     B5DLC           equ	3701	;# 
  1491   000E76                     B5D0            equ	3702	;# 
  1492   000E77                     B5D1            equ	3703	;# 
  1493   000E78                     B5D2            equ	3704	;# 
  1494   000E79                     B5D3            equ	3705	;# 
  1495   000E7A                     B5D4            equ	3706	;# 
  1496   000E7B                     B5D5            equ	3707	;# 
  1497   000E7C                     B5D6            equ	3708	;# 
  1498   000E7D                     B5D7            equ	3709	;# 
  1499   000E7E                     CANSTAT_RO4     equ	3710	;# 
  1500   000E7F                     CANCON_RO4      equ	3711	;# 
  1501   000F00                     RXF0SIDH        equ	3840	;# 
  1502   000F01                     RXF0SIDL        equ	3841	;# 
  1503   000F02                     RXF0EIDH        equ	3842	;# 
  1504   000F03                     RXF0EIDL        equ	3843	;# 
  1505   000F04                     RXF1SIDH        equ	3844	;# 
  1506   000F05                     RXF1SIDL        equ	3845	;# 
  1507   000F06                     RXF1EIDH        equ	3846	;# 
  1508   000F07                     RXF1EIDL        equ	3847	;# 
  1509   000F08                     RXF2SIDH        equ	3848	;# 
  1510   000F09                     RXF2SIDL        equ	3849	;# 
  1511   000F0A                     RXF2EIDH        equ	3850	;# 
  1512   000F0B                     RXF2EIDL        equ	3851	;# 
  1513   000F0C                     RXF3SIDH        equ	3852	;# 
  1514   000F0D                     RXF3SIDL        equ	3853	;# 
  1515   000F0E                     RXF3EIDH        equ	3854	;# 
  1516   000F0F                     RXF3EIDL        equ	3855	;# 
  1517   000F10                     RXF4SIDH        equ	3856	;# 
  1518   000F11                     RXF4SIDL        equ	3857	;# 
  1519   000F12                     RXF4EIDH        equ	3858	;# 
  1520   000F13                     RXF4EIDL        equ	3859	;# 
  1521   000F14                     RXF5SIDH        equ	3860	;# 
  1522   000F15                     RXF5SIDL        equ	3861	;# 
  1523   000F16                     RXF5EIDH        equ	3862	;# 
  1524   000F17                     RXF5EIDL        equ	3863	;# 
  1525   000F18                     RXM0SIDH        equ	3864	;# 
  1526   000F19                     RXM0SIDL        equ	3865	;# 
  1527   000F1A                     RXM0EIDH        equ	3866	;# 
  1528   000F1B                     RXM0EIDL        equ	3867	;# 
  1529   000F1C                     RXM1SIDH        equ	3868	;# 
  1530   000F1D                     RXM1SIDL        equ	3869	;# 
  1531   000F1E                     RXM1EIDH        equ	3870	;# 
  1532   000F1F                     RXM1EIDL        equ	3871	;# 
  1533   000F20                     TXB2CON         equ	3872	;# 
  1534   000F21                     TXB2SIDH        equ	3873	;# 
  1535   000F22                     TXB2SIDL        equ	3874	;# 
  1536   000F23                     TXB2EIDH        equ	3875	;# 
  1537   000F24                     TXB2EIDL        equ	3876	;# 
  1538   000F25                     TXB2DLC         equ	3877	;# 
  1539   000F26                     TXB2D0          equ	3878	;# 
  1540   000F27                     TXB2D1          equ	3879	;# 
  1541   000F28                     TXB2D2          equ	3880	;# 
  1542   000F29                     TXB2D3          equ	3881	;# 
  1543   000F2A                     TXB2D4          equ	3882	;# 
  1544   000F2B                     TXB2D5          equ	3883	;# 
  1545   000F2C                     TXB2D6          equ	3884	;# 
  1546   000F2D                     TXB2D7          equ	3885	;# 
  1547   000F2E                     CANSTAT_RO3     equ	3886	;# 
  1548   000F2F                     CANCON_RO3      equ	3887	;# 
  1549   000F30                     TXB1CON         equ	3888	;# 
  1550   000F31                     TXB1SIDH        equ	3889	;# 
  1551   000F32                     TXB1SIDL        equ	3890	;# 
  1552   000F33                     TXB1EIDH        equ	3891	;# 
  1553   000F34                     TXB1EIDL        equ	3892	;# 
  1554   000F35                     TXB1DLC         equ	3893	;# 
  1555   000F36                     TXB1D0          equ	3894	;# 
  1556   000F37                     TXB1D1          equ	3895	;# 
  1557   000F38                     TXB1D2          equ	3896	;# 
  1558   000F39                     TXB1D3          equ	3897	;# 
  1559   000F3A                     TXB1D4          equ	3898	;# 
  1560   000F3B                     TXB1D5          equ	3899	;# 
  1561   000F3C                     TXB1D6          equ	3900	;# 
  1562   000F3D                     TXB1D7          equ	3901	;# 
  1563   000F3E                     CANSTAT_RO2     equ	3902	;# 
  1564   000F3F                     CANCON_RO2      equ	3903	;# 
  1565   000F40                     TXB0CON         equ	3904	;# 
  1566   000F41                     TXB0SIDH        equ	3905	;# 
  1567   000F42                     TXB0SIDL        equ	3906	;# 
  1568   000F43                     TXB0EIDH        equ	3907	;# 
  1569   000F44                     TXB0EIDL        equ	3908	;# 
  1570   000F45                     TXB0DLC         equ	3909	;# 
  1571   000F46                     TXB0D0          equ	3910	;# 
  1572   000F47                     TXB0D1          equ	3911	;# 
  1573   000F48                     TXB0D2          equ	3912	;# 
  1574   000F49                     TXB0D3          equ	3913	;# 
  1575   000F4A                     TXB0D4          equ	3914	;# 
  1576   000F4B                     TXB0D5          equ	3915	;# 
  1577   000F4C                     TXB0D6          equ	3916	;# 
  1578   000F4D                     TXB0D7          equ	3917	;# 
  1579   000F4E                     CANSTAT_RO1     equ	3918	;# 
  1580   000F4F                     CANCON_RO1      equ	3919	;# 
  1581   000F50                     RXB1CON         equ	3920	;# 
  1582   000F51                     RXB1SIDH        equ	3921	;# 
  1583   000F52                     RXB1SIDL        equ	3922	;# 
  1584   000F53                     RXB1EIDH        equ	3923	;# 
  1585   000F54                     RXB1EIDL        equ	3924	;# 
  1586   000F55                     RXB1DLC         equ	3925	;# 
  1587   000F56                     RXB1D0          equ	3926	;# 
  1588   000F57                     RXB1D1          equ	3927	;# 
  1589   000F58                     RXB1D2          equ	3928	;# 
  1590   000F59                     RXB1D3          equ	3929	;# 
  1591   000F5A                     RXB1D4          equ	3930	;# 
  1592   000F5B                     RXB1D5          equ	3931	;# 
  1593   000F5C                     RXB1D6          equ	3932	;# 
  1594   000F5D                     RXB1D7          equ	3933	;# 
  1595   000F5E                     CANSTAT_RO0     equ	3934	;# 
  1596   000F5F                     CANCON_RO0      equ	3935	;# 
  1597   000F60                     RXB0CON         equ	3936	;# 
  1598   000F61                     RXB0SIDH        equ	3937	;# 
  1599   000F62                     RXB0SIDL        equ	3938	;# 
  1600   000F63                     RXB0EIDH        equ	3939	;# 
  1601   000F64                     RXB0EIDL        equ	3940	;# 
  1602   000F65                     RXB0DLC         equ	3941	;# 
  1603   000F66                     RXB0D0          equ	3942	;# 
  1604   000F67                     RXB0D1          equ	3943	;# 
  1605   000F68                     RXB0D2          equ	3944	;# 
  1606   000F69                     RXB0D3          equ	3945	;# 
  1607   000F6A                     RXB0D4          equ	3946	;# 
  1608   000F6B                     RXB0D5          equ	3947	;# 
  1609   000F6C                     RXB0D6          equ	3948	;# 
  1610   000F6D                     RXB0D7          equ	3949	;# 
  1611   000F6E                     CANSTAT         equ	3950	;# 
  1612   000F6F                     CANCON          equ	3951	;# 
  1613   000F70                     BRGCON1         equ	3952	;# 
  1614   000F71                     BRGCON2         equ	3953	;# 
  1615   000F72                     BRGCON3         equ	3954	;# 
  1616   000F73                     CIOCON          equ	3955	;# 
  1617   000F74                     COMSTAT         equ	3956	;# 
  1618   000F75                     RXERRCNT        equ	3957	;# 
  1619   000F76                     TXERRCNT        equ	3958	;# 
  1620   000F77                     ECANCON         equ	3959	;# 
  1621   000F80                     PORTA           equ	3968	;# 
  1622   000F81                     PORTB           equ	3969	;# 
  1623   000F82                     PORTC           equ	3970	;# 
  1624   000F83                     PORTD           equ	3971	;# 
  1625   000F84                     PORTE           equ	3972	;# 
  1626   000F89                     LATA            equ	3977	;# 
  1627   000F8A                     LATB            equ	3978	;# 
  1628   000F8B                     LATC            equ	3979	;# 
  1629   000F8C                     LATD            equ	3980	;# 
  1630   000F8D                     LATE            equ	3981	;# 
  1631   000F92                     TRISA           equ	3986	;# 
  1632   000F92                     DDRA            equ	3986	;# 
  1633   000F93                     TRISB           equ	3987	;# 
  1634   000F93                     DDRB            equ	3987	;# 
  1635   000F94                     TRISC           equ	3988	;# 
  1636   000F94                     DDRC            equ	3988	;# 
  1637   000F95                     TRISD           equ	3989	;# 
  1638   000F95                     DDRD            equ	3989	;# 
  1639   000F96                     TRISE           equ	3990	;# 
  1640   000F96                     DDRE            equ	3990	;# 
  1641   000F9B                     OSCTUNE         equ	3995	;# 
  1642   000F9D                     PIE1            equ	3997	;# 
  1643   000F9E                     PIR1            equ	3998	;# 
  1644   000F9F                     IPR1            equ	3999	;# 
  1645   000FA0                     PIE2            equ	4000	;# 
  1646   000FA1                     PIR2            equ	4001	;# 
  1647   000FA2                     IPR2            equ	4002	;# 
  1648   000FA3                     PIE3            equ	4003	;# 
  1649   000FA4                     PIR3            equ	4004	;# 
  1650   000FA5                     IPR3            equ	4005	;# 
  1651   000FA6                     EECON1          equ	4006	;# 
  1652   000FA7                     EECON2          equ	4007	;# 
  1653   000FA8                     EEDATA          equ	4008	;# 
  1654   000FA9                     EEADR           equ	4009	;# 
  1655   000FAB                     RCSTA           equ	4011	;# 
  1656   000FAB                     RCSTA1          equ	4011	;# 
  1657   000FAC                     TXSTA           equ	4012	;# 
  1658   000FAC                     TXSTA1          equ	4012	;# 
  1659   000FAD                     TXREG           equ	4013	;# 
  1660   000FAD                     TXREG1          equ	4013	;# 
  1661   000FAE                     RCREG           equ	4014	;# 
  1662   000FAE                     RCREG1          equ	4014	;# 
  1663   000FAF                     SPBRG           equ	4015	;# 
  1664   000FAF                     SPBRG1          equ	4015	;# 
  1665   000FB0                     SPBRGH          equ	4016	;# 
  1666   000FB1                     T3CON           equ	4017	;# 
  1667   000FB2                     TMR3            equ	4018	;# 
  1668   000FB2                     TMR3L           equ	4018	;# 
  1669   000FB3                     TMR3H           equ	4019	;# 
  1670   000FB4                     CMCON           equ	4020	;# 
  1671   000FB5                     CVRCON          equ	4021	;# 
  1672   000FB6                     ECCP1AS         equ	4022	;# 
  1673   000FB7                     ECCP1DEL        equ	4023	;# 
  1674   000FB8                     BAUDCON         equ	4024	;# 
  1675   000FB8                     BAUDCTL         equ	4024	;# 
  1676   000FBA                     ECCP1CON        equ	4026	;# 
  1677   000FBB                     ECCPR1          equ	4027	;# 
  1678   000FBB                     ECCPR1L         equ	4027	;# 
  1679   000FBC                     ECCPR1H         equ	4028	;# 
  1680   000FBD                     CCP1CON         equ	4029	;# 
  1681   000FBE                     CCPR1           equ	4030	;# 
  1682   000FBE                     CCPR1L          equ	4030	;# 
  1683   000FBF                     CCPR1H          equ	4031	;# 
  1684   000FC0                     ADCON2          equ	4032	;# 
  1685   000FC1                     ADCON1          equ	4033	;# 
  1686   000FC2                     ADCON0          equ	4034	;# 
  1687   000FC3                     ADRES           equ	4035	;# 
  1688   000FC3                     ADRESL          equ	4035	;# 
  1689   000FC4                     ADRESH          equ	4036	;# 
  1690   000FC5                     SSPCON2         equ	4037	;# 
  1691   000FC6                     SSPCON1         equ	4038	;# 
  1692   000FC7                     SSPSTAT         equ	4039	;# 
  1693   000FC8                     SSPADD          equ	4040	;# 
  1694   000FC9                     SSPBUF          equ	4041	;# 
  1695   000FCA                     T2CON           equ	4042	;# 
  1696   000FCB                     PR2             equ	4043	;# 
  1697   000FCB                     MEMCON          equ	4043	;# 
  1698   000FCC                     TMR2            equ	4044	;# 
  1699   000FCD                     T1CON           equ	4045	;# 
  1700   000FCE                     TMR1            equ	4046	;# 
  1701   000FCE                     TMR1L           equ	4046	;# 
  1702   000FCF                     TMR1H           equ	4047	;# 
  1703   000FD0                     RCON            equ	4048	;# 
  1704   000FD1                     WDTCON          equ	4049	;# 
  1705   000FD2                     HLVDCON         equ	4050	;# 
  1706   000FD2                     LVDCON          equ	4050	;# 
  1707   000FD3                     OSCCON          equ	4051	;# 
  1708   000FD5                     T0CON           equ	4053	;# 
  1709   000FD6                     TMR0            equ	4054	;# 
  1710   000FD6                     TMR0L           equ	4054	;# 
  1711   000FD7                     TMR0H           equ	4055	;# 
  1712   000FD8                     STATUS          equ	4056	;# 
  1713   000FD9                     FSR2            equ	4057	;# 
  1714   000FD9                     FSR2L           equ	4057	;# 
  1715   000FDA                     FSR2H           equ	4058	;# 
  1716   000FDB                     PLUSW2          equ	4059	;# 
  1717   000FDC                     PREINC2         equ	4060	;# 
  1718   000FDD                     POSTDEC2        equ	4061	;# 
  1719   000FDE                     POSTINC2        equ	4062	;# 
  1720   000FDF                     INDF2           equ	4063	;# 
  1721   000FE0                     BSR             equ	4064	;# 
  1722   000FE1                     FSR1            equ	4065	;# 
  1723   000FE1                     FSR1L           equ	4065	;# 
  1724   000FE2                     FSR1H           equ	4066	;# 
  1725   000FE3                     PLUSW1          equ	4067	;# 
  1726   000FE4                     PREINC1         equ	4068	;# 
  1727   000FE5                     POSTDEC1        equ	4069	;# 
  1728   000FE6                     POSTINC1        equ	4070	;# 
  1729   000FE7                     INDF1           equ	4071	;# 
  1730   000FE8                     WREG            equ	4072	;# 
  1731   000FE9                     FSR0            equ	4073	;# 
  1732   000FE9                     FSR0L           equ	4073	;# 
  1733   000FEA                     FSR0H           equ	4074	;# 
  1734   000FEB                     PLUSW0          equ	4075	;# 
  1735   000FEC                     PREINC0         equ	4076	;# 
  1736   000FED                     POSTDEC0        equ	4077	;# 
  1737   000FEE                     POSTINC0        equ	4078	;# 
  1738   000FEF                     INDF0           equ	4079	;# 
  1739   000FF0                     INTCON3         equ	4080	;# 
  1740   000FF1                     INTCON2         equ	4081	;# 
  1741   000FF2                     INTCON          equ	4082	;# 
  1742   000FF3                     PROD            equ	4083	;# 
  1743   000FF3                     PRODL           equ	4083	;# 
  1744   000FF4                     PRODH           equ	4084	;# 
  1745   000FF5                     TABLAT          equ	4085	;# 
  1746   000FF6                     TBLPTR          equ	4086	;# 
  1747   000FF6                     TBLPTRL         equ	4086	;# 
  1748   000FF7                     TBLPTRH         equ	4087	;# 
  1749   000FF8                     TBLPTRU         equ	4088	;# 
  1750   000FF9                     PCLAT           equ	4089	;# 
  1751   000FF9                     PC              equ	4089	;# 
  1752   000FF9                     PCL             equ	4089	;# 
  1753   000FFA                     PCLATH          equ	4090	;# 
  1754   000FFB                     PCLATU          equ	4091	;# 
  1755   000FFC                     STKPTR          equ	4092	;# 
  1756   000FFD                     TOS             equ	4093	;# 
  1757   000FFD                     TOSL            equ	4093	;# 
  1758   000FFE                     TOSH            equ	4094	;# 
  1759   000FFF                     TOSU            equ	4095	;# 
  1760   000D60                     RXF6SIDH        equ	3424	;# 
  1761   000D61                     RXF6SIDL        equ	3425	;# 
  1762   000D62                     RXF6EIDH        equ	3426	;# 
  1763   000D63                     RXF6EIDL        equ	3427	;# 
  1764   000D64                     RXF7SIDH        equ	3428	;# 
  1765   000D65                     RXF7SIDL        equ	3429	;# 
  1766   000D66                     RXF7EIDH        equ	3430	;# 
  1767   000D67                     RXF7EIDL        equ	3431	;# 
  1768   000D68                     RXF8SIDH        equ	3432	;# 
  1769   000D69                     RXF8SIDL        equ	3433	;# 
  1770   000D6A                     RXF8EIDH        equ	3434	;# 
  1771   000D6B                     RXF8EIDL        equ	3435	;# 
  1772   000D70                     RXF9SIDH        equ	3440	;# 
  1773   000D71                     RXF9SIDL        equ	3441	;# 
  1774   000D72                     RXF9EIDH        equ	3442	;# 
  1775   000D73                     RXF9EIDL        equ	3443	;# 
  1776   000D74                     RXF10SIDH       equ	3444	;# 
  1777   000D75                     RXF10SIDL       equ	3445	;# 
  1778   000D76                     RXF10EIDH       equ	3446	;# 
  1779   000D77                     RXF10EIDL       equ	3447	;# 
  1780   000D78                     RXF11SIDH       equ	3448	;# 
  1781   000D79                     RXF11SIDL       equ	3449	;# 
  1782   000D7A                     RXF11EIDH       equ	3450	;# 
  1783   000D7B                     RXF11EIDL       equ	3451	;# 
  1784   000D80                     RXF12SIDH       equ	3456	;# 
  1785   000D81                     RXF12SIDL       equ	3457	;# 
  1786   000D82                     RXF12EIDH       equ	3458	;# 
  1787   000D83                     RXF12EIDL       equ	3459	;# 
  1788   000D84                     RXF13SIDH       equ	3460	;# 
  1789   000D85                     RXF13SIDL       equ	3461	;# 
  1790   000D86                     RXF13EIDH       equ	3462	;# 
  1791   000D87                     RXF13EIDL       equ	3463	;# 
  1792   000D88                     RXF14SIDH       equ	3464	;# 
  1793   000D89                     RXF14SIDL       equ	3465	;# 
  1794   000D8A                     RXF14EIDH       equ	3466	;# 
  1795   000D8B                     RXF14EIDL       equ	3467	;# 
  1796   000D90                     RXF15SIDH       equ	3472	;# 
  1797   000D91                     RXF15SIDL       equ	3473	;# 
  1798   000D92                     RXF15EIDH       equ	3474	;# 
  1799   000D93                     RXF15EIDL       equ	3475	;# 
  1800   000DD4                     RXFCON0         equ	3540	;# 
  1801   000DD5                     RXFCON1         equ	3541	;# 
  1802   000DD8                     SDFLC           equ	3544	;# 
  1803   000DE0                     RXFBCON0        equ	3552	;# 
  1804   000DE1                     RXFBCON1        equ	3553	;# 
  1805   000DE2                     RXFBCON2        equ	3554	;# 
  1806   000DE3                     RXFBCON3        equ	3555	;# 
  1807   000DE4                     RXFBCON4        equ	3556	;# 
  1808   000DE5                     RXFBCON5        equ	3557	;# 
  1809   000DE6                     RXFBCON6        equ	3558	;# 
  1810   000DE7                     RXFBCON7        equ	3559	;# 
  1811   000DF0                     MSEL0           equ	3568	;# 
  1812   000DF1                     MSEL1           equ	3569	;# 
  1813   000DF2                     MSEL2           equ	3570	;# 
  1814   000DF3                     MSEL3           equ	3571	;# 
  1815   000DF8                     BSEL0           equ	3576	;# 
  1816   000DFA                     BIE0            equ	3578	;# 
  1817   000DFC                     TXBIE           equ	3580	;# 
  1818   000E20                     B0CON           equ	3616	;# 
  1819   000E21                     B0SIDH          equ	3617	;# 
  1820   000E22                     B0SIDL          equ	3618	;# 
  1821   000E23                     B0EIDH          equ	3619	;# 
  1822   000E24                     B0EIDL          equ	3620	;# 
  1823   000E25                     B0DLC           equ	3621	;# 
  1824   000E26                     B0D0            equ	3622	;# 
  1825   000E27                     B0D1            equ	3623	;# 
  1826   000E28                     B0D2            equ	3624	;# 
  1827   000E29                     B0D3            equ	3625	;# 
  1828   000E2A                     B0D4            equ	3626	;# 
  1829   000E2B                     B0D5            equ	3627	;# 
  1830   000E2C                     B0D6            equ	3628	;# 
  1831   000E2D                     B0D7            equ	3629	;# 
  1832   000E2E                     CANSTAT_RO9     equ	3630	;# 
  1833   000E2F                     CANCON_RO9      equ	3631	;# 
  1834   000E30                     B1CON           equ	3632	;# 
  1835   000E31                     B1SIDH          equ	3633	;# 
  1836   000E32                     B1SIDL          equ	3634	;# 
  1837   000E33                     B1EIDH          equ	3635	;# 
  1838   000E34                     B1EIDL          equ	3636	;# 
  1839   000E35                     B1DLC           equ	3637	;# 
  1840   000E36                     B1D0            equ	3638	;# 
  1841   000E37                     B1D1            equ	3639	;# 
  1842   000E38                     B1D2            equ	3640	;# 
  1843   000E39                     B1D3            equ	3641	;# 
  1844   000E3A                     B1D4            equ	3642	;# 
  1845   000E3B                     B1D5            equ	3643	;# 
  1846   000E3C                     B1D6            equ	3644	;# 
  1847   000E3D                     B1D7            equ	3645	;# 
  1848   000E3E                     CANSTAT_RO8     equ	3646	;# 
  1849   000E3F                     CANCON_RO8      equ	3647	;# 
  1850   000E40                     B2CON           equ	3648	;# 
  1851   000E41                     B2SIDH          equ	3649	;# 
  1852   000E42                     B2SIDL          equ	3650	;# 
  1853   000E43                     B2EIDH          equ	3651	;# 
  1854   000E44                     B2EIDL          equ	3652	;# 
  1855   000E45                     B2DLC           equ	3653	;# 
  1856   000E46                     B2D0            equ	3654	;# 
  1857   000E47                     B2D1            equ	3655	;# 
  1858   000E48                     B2D2            equ	3656	;# 
  1859   000E49                     B2D3            equ	3657	;# 
  1860   000E4A                     B2D4            equ	3658	;# 
  1861   000E4B                     B2D5            equ	3659	;# 
  1862   000E4C                     B2D6            equ	3660	;# 
  1863   000E4D                     B2D7            equ	3661	;# 
  1864   000E4E                     CANSTAT_RO7     equ	3662	;# 
  1865   000E4F                     CANCON_RO7      equ	3663	;# 
  1866   000E50                     B3CON           equ	3664	;# 
  1867   000E51                     B3SIDH          equ	3665	;# 
  1868   000E52                     B3SIDL          equ	3666	;# 
  1869   000E53                     B3EIDH          equ	3667	;# 
  1870   000E54                     B3EIDL          equ	3668	;# 
  1871   000E55                     B3DLC           equ	3669	;# 
  1872   000E56                     B3D0            equ	3670	;# 
  1873   000E57                     B3D1            equ	3671	;# 
  1874   000E58                     B3D2            equ	3672	;# 
  1875   000E59                     B3D3            equ	3673	;# 
  1876   000E5A                     B3D4            equ	3674	;# 
  1877   000E5B                     B3D5            equ	3675	;# 
  1878   000E5C                     B3D6            equ	3676	;# 
  1879   000E5D                     B3D7            equ	3677	;# 
  1880   000E5E                     CANSTAT_RO6     equ	3678	;# 
  1881   000E5F                     CANCON_RO6      equ	3679	;# 
  1882   000E60                     B4CON           equ	3680	;# 
  1883   000E61                     B4SIDH          equ	3681	;# 
  1884   000E62                     B4SIDL          equ	3682	;# 
  1885   000E63                     B4EIDH          equ	3683	;# 
  1886   000E64                     B4EIDL          equ	3684	;# 
  1887   000E65                     B4DLC           equ	3685	;# 
  1888   000E66                     B4D0            equ	3686	;# 
  1889   000E67                     B4D1            equ	3687	;# 
  1890   000E68                     B4D2            equ	3688	;# 
  1891   000E69                     B4D3            equ	3689	;# 
  1892   000E6A                     B4D4            equ	3690	;# 
  1893   000E6B                     B4D5            equ	3691	;# 
  1894   000E6C                     B4D6            equ	3692	;# 
  1895   000E6D                     B4D7            equ	3693	;# 
  1896   000E6E                     CANSTAT_RO5     equ	3694	;# 
  1897   000E6F                     CANCON_RO5      equ	3695	;# 
  1898   000E70                     B5CON           equ	3696	;# 
  1899   000E71                     B5SIDH          equ	3697	;# 
  1900   000E72                     B5SIDL          equ	3698	;# 
  1901   000E73                     B5EIDH          equ	3699	;# 
  1902   000E74                     B5EIDL          equ	3700	;# 
  1903   000E75                     B5DLC           equ	3701	;# 
  1904   000E76                     B5D0            equ	3702	;# 
  1905   000E77                     B5D1            equ	3703	;# 
  1906   000E78                     B5D2            equ	3704	;# 
  1907   000E79                     B5D3            equ	3705	;# 
  1908   000E7A                     B5D4            equ	3706	;# 
  1909   000E7B                     B5D5            equ	3707	;# 
  1910   000E7C                     B5D6            equ	3708	;# 
  1911   000E7D                     B5D7            equ	3709	;# 
  1912   000E7E                     CANSTAT_RO4     equ	3710	;# 
  1913   000E7F                     CANCON_RO4      equ	3711	;# 
  1914   000F00                     RXF0SIDH        equ	3840	;# 
  1915   000F01                     RXF0SIDL        equ	3841	;# 
  1916   000F02                     RXF0EIDH        equ	3842	;# 
  1917   000F03                     RXF0EIDL        equ	3843	;# 
  1918   000F04                     RXF1SIDH        equ	3844	;# 
  1919   000F05                     RXF1SIDL        equ	3845	;# 
  1920   000F06                     RXF1EIDH        equ	3846	;# 
  1921   000F07                     RXF1EIDL        equ	3847	;# 
  1922   000F08                     RXF2SIDH        equ	3848	;# 
  1923   000F09                     RXF2SIDL        equ	3849	;# 
  1924   000F0A                     RXF2EIDH        equ	3850	;# 
  1925   000F0B                     RXF2EIDL        equ	3851	;# 
  1926   000F0C                     RXF3SIDH        equ	3852	;# 
  1927   000F0D                     RXF3SIDL        equ	3853	;# 
  1928   000F0E                     RXF3EIDH        equ	3854	;# 
  1929   000F0F                     RXF3EIDL        equ	3855	;# 
  1930   000F10                     RXF4SIDH        equ	3856	;# 
  1931   000F11                     RXF4SIDL        equ	3857	;# 
  1932   000F12                     RXF4EIDH        equ	3858	;# 
  1933   000F13                     RXF4EIDL        equ	3859	;# 
  1934   000F14                     RXF5SIDH        equ	3860	;# 
  1935   000F15                     RXF5SIDL        equ	3861	;# 
  1936   000F16                     RXF5EIDH        equ	3862	;# 
  1937   000F17                     RXF5EIDL        equ	3863	;# 
  1938   000F18                     RXM0SIDH        equ	3864	;# 
  1939   000F19                     RXM0SIDL        equ	3865	;# 
  1940   000F1A                     RXM0EIDH        equ	3866	;# 
  1941   000F1B                     RXM0EIDL        equ	3867	;# 
  1942   000F1C                     RXM1SIDH        equ	3868	;# 
  1943   000F1D                     RXM1SIDL        equ	3869	;# 
  1944   000F1E                     RXM1EIDH        equ	3870	;# 
  1945   000F1F                     RXM1EIDL        equ	3871	;# 
  1946   000F20                     TXB2CON         equ	3872	;# 
  1947   000F21                     TXB2SIDH        equ	3873	;# 
  1948   000F22                     TXB2SIDL        equ	3874	;# 
  1949   000F23                     TXB2EIDH        equ	3875	;# 
  1950   000F24                     TXB2EIDL        equ	3876	;# 
  1951   000F25                     TXB2DLC         equ	3877	;# 
  1952   000F26                     TXB2D0          equ	3878	;# 
  1953   000F27                     TXB2D1          equ	3879	;# 
  1954   000F28                     TXB2D2          equ	3880	;# 
  1955   000F29                     TXB2D3          equ	3881	;# 
  1956   000F2A                     TXB2D4          equ	3882	;# 
  1957   000F2B                     TXB2D5          equ	3883	;# 
  1958   000F2C                     TXB2D6          equ	3884	;# 
  1959   000F2D                     TXB2D7          equ	3885	;# 
  1960   000F2E                     CANSTAT_RO3     equ	3886	;# 
  1961   000F2F                     CANCON_RO3      equ	3887	;# 
  1962   000F30                     TXB1CON         equ	3888	;# 
  1963   000F31                     TXB1SIDH        equ	3889	;# 
  1964   000F32                     TXB1SIDL        equ	3890	;# 
  1965   000F33                     TXB1EIDH        equ	3891	;# 
  1966   000F34                     TXB1EIDL        equ	3892	;# 
  1967   000F35                     TXB1DLC         equ	3893	;# 
  1968   000F36                     TXB1D0          equ	3894	;# 
  1969   000F37                     TXB1D1          equ	3895	;# 
  1970   000F38                     TXB1D2          equ	3896	;# 
  1971   000F39                     TXB1D3          equ	3897	;# 
  1972   000F3A                     TXB1D4          equ	3898	;# 
  1973   000F3B                     TXB1D5          equ	3899	;# 
  1974   000F3C                     TXB1D6          equ	3900	;# 
  1975   000F3D                     TXB1D7          equ	3901	;# 
  1976   000F3E                     CANSTAT_RO2     equ	3902	;# 
  1977   000F3F                     CANCON_RO2      equ	3903	;# 
  1978   000F40                     TXB0CON         equ	3904	;# 
  1979   000F41                     TXB0SIDH        equ	3905	;# 
  1980   000F42                     TXB0SIDL        equ	3906	;# 
  1981   000F43                     TXB0EIDH        equ	3907	;# 
  1982   000F44                     TXB0EIDL        equ	3908	;# 
  1983   000F45                     TXB0DLC         equ	3909	;# 
  1984   000F46                     TXB0D0          equ	3910	;# 
  1985   000F47                     TXB0D1          equ	3911	;# 
  1986   000F48                     TXB0D2          equ	3912	;# 
  1987   000F49                     TXB0D3          equ	3913	;# 
  1988   000F4A                     TXB0D4          equ	3914	;# 
  1989   000F4B                     TXB0D5          equ	3915	;# 
  1990   000F4C                     TXB0D6          equ	3916	;# 
  1991   000F4D                     TXB0D7          equ	3917	;# 
  1992   000F4E                     CANSTAT_RO1     equ	3918	;# 
  1993   000F4F                     CANCON_RO1      equ	3919	;# 
  1994   000F50                     RXB1CON         equ	3920	;# 
  1995   000F51                     RXB1SIDH        equ	3921	;# 
  1996   000F52                     RXB1SIDL        equ	3922	;# 
  1997   000F53                     RXB1EIDH        equ	3923	;# 
  1998   000F54                     RXB1EIDL        equ	3924	;# 
  1999   000F55                     RXB1DLC         equ	3925	;# 
  2000   000F56                     RXB1D0          equ	3926	;# 
  2001   000F57                     RXB1D1          equ	3927	;# 
  2002   000F58                     RXB1D2          equ	3928	;# 
  2003   000F59                     RXB1D3          equ	3929	;# 
  2004   000F5A                     RXB1D4          equ	3930	;# 
  2005   000F5B                     RXB1D5          equ	3931	;# 
  2006   000F5C                     RXB1D6          equ	3932	;# 
  2007   000F5D                     RXB1D7          equ	3933	;# 
  2008   000F5E                     CANSTAT_RO0     equ	3934	;# 
  2009   000F5F                     CANCON_RO0      equ	3935	;# 
  2010   000F60                     RXB0CON         equ	3936	;# 
  2011   000F61                     RXB0SIDH        equ	3937	;# 
  2012   000F62                     RXB0SIDL        equ	3938	;# 
  2013   000F63                     RXB0EIDH        equ	3939	;# 
  2014   000F64                     RXB0EIDL        equ	3940	;# 
  2015   000F65                     RXB0DLC         equ	3941	;# 
  2016   000F66                     RXB0D0          equ	3942	;# 
  2017   000F67                     RXB0D1          equ	3943	;# 
  2018   000F68                     RXB0D2          equ	3944	;# 
  2019   000F69                     RXB0D3          equ	3945	;# 
  2020   000F6A                     RXB0D4          equ	3946	;# 
  2021   000F6B                     RXB0D5          equ	3947	;# 
  2022   000F6C                     RXB0D6          equ	3948	;# 
  2023   000F6D                     RXB0D7          equ	3949	;# 
  2024   000F6E                     CANSTAT         equ	3950	;# 
  2025   000F6F                     CANCON          equ	3951	;# 
  2026   000F70                     BRGCON1         equ	3952	;# 
  2027   000F71                     BRGCON2         equ	3953	;# 
  2028   000F72                     BRGCON3         equ	3954	;# 
  2029   000F73                     CIOCON          equ	3955	;# 
  2030   000F74                     COMSTAT         equ	3956	;# 
  2031   000F75                     RXERRCNT        equ	3957	;# 
  2032   000F76                     TXERRCNT        equ	3958	;# 
  2033   000F77                     ECANCON         equ	3959	;# 
  2034   000F80                     PORTA           equ	3968	;# 
  2035   000F81                     PORTB           equ	3969	;# 
  2036   000F82                     PORTC           equ	3970	;# 
  2037   000F83                     PORTD           equ	3971	;# 
  2038   000F84                     PORTE           equ	3972	;# 
  2039   000F89                     LATA            equ	3977	;# 
  2040   000F8A                     LATB            equ	3978	;# 
  2041   000F8B                     LATC            equ	3979	;# 
  2042   000F8C                     LATD            equ	3980	;# 
  2043   000F8D                     LATE            equ	3981	;# 
  2044   000F92                     TRISA           equ	3986	;# 
  2045   000F92                     DDRA            equ	3986	;# 
  2046   000F93                     TRISB           equ	3987	;# 
  2047   000F93                     DDRB            equ	3987	;# 
  2048   000F94                     TRISC           equ	3988	;# 
  2049   000F94                     DDRC            equ	3988	;# 
  2050   000F95                     TRISD           equ	3989	;# 
  2051   000F95                     DDRD            equ	3989	;# 
  2052   000F96                     TRISE           equ	3990	;# 
  2053   000F96                     DDRE            equ	3990	;# 
  2054   000F9B                     OSCTUNE         equ	3995	;# 
  2055   000F9D                     PIE1            equ	3997	;# 
  2056   000F9E                     PIR1            equ	3998	;# 
  2057   000F9F                     IPR1            equ	3999	;# 
  2058   000FA0                     PIE2            equ	4000	;# 
  2059   000FA1                     PIR2            equ	4001	;# 
  2060   000FA2                     IPR2            equ	4002	;# 
  2061   000FA3                     PIE3            equ	4003	;# 
  2062   000FA4                     PIR3            equ	4004	;# 
  2063   000FA5                     IPR3            equ	4005	;# 
  2064   000FA6                     EECON1          equ	4006	;# 
  2065   000FA7                     EECON2          equ	4007	;# 
  2066   000FA8                     EEDATA          equ	4008	;# 
  2067   000FA9                     EEADR           equ	4009	;# 
  2068   000FAB                     RCSTA           equ	4011	;# 
  2069   000FAB                     RCSTA1          equ	4011	;# 
  2070   000FAC                     TXSTA           equ	4012	;# 
  2071   000FAC                     TXSTA1          equ	4012	;# 
  2072   000FAD                     TXREG           equ	4013	;# 
  2073   000FAD                     TXREG1          equ	4013	;# 
  2074   000FAE                     RCREG           equ	4014	;# 
  2075   000FAE                     RCREG1          equ	4014	;# 
  2076   000FAF                     SPBRG           equ	4015	;# 
  2077   000FAF                     SPBRG1          equ	4015	;# 
  2078   000FB0                     SPBRGH          equ	4016	;# 
  2079   000FB1                     T3CON           equ	4017	;# 
  2080   000FB2                     TMR3            equ	4018	;# 
  2081   000FB2                     TMR3L           equ	4018	;# 
  2082   000FB3                     TMR3H           equ	4019	;# 
  2083   000FB4                     CMCON           equ	4020	;# 
  2084   000FB5                     CVRCON          equ	4021	;# 
  2085   000FB6                     ECCP1AS         equ	4022	;# 
  2086   000FB7                     ECCP1DEL        equ	4023	;# 
  2087   000FB8                     BAUDCON         equ	4024	;# 
  2088   000FB8                     BAUDCTL         equ	4024	;# 
  2089   000FBA                     ECCP1CON        equ	4026	;# 
  2090   000FBB                     ECCPR1          equ	4027	;# 
  2091   000FBB                     ECCPR1L         equ	4027	;# 
  2092   000FBC                     ECCPR1H         equ	4028	;# 
  2093   000FBD                     CCP1CON         equ	4029	;# 
  2094   000FBE                     CCPR1           equ	4030	;# 
  2095   000FBE                     CCPR1L          equ	4030	;# 
  2096   000FBF                     CCPR1H          equ	4031	;# 
  2097   000FC0                     ADCON2          equ	4032	;# 
  2098   000FC1                     ADCON1          equ	4033	;# 
  2099   000FC2                     ADCON0          equ	4034	;# 
  2100   000FC3                     ADRES           equ	4035	;# 
  2101   000FC3                     ADRESL          equ	4035	;# 
  2102   000FC4                     ADRESH          equ	4036	;# 
  2103   000FC5                     SSPCON2         equ	4037	;# 
  2104   000FC6                     SSPCON1         equ	4038	;# 
  2105   000FC7                     SSPSTAT         equ	4039	;# 
  2106   000FC8                     SSPADD          equ	4040	;# 
  2107   000FC9                     SSPBUF          equ	4041	;# 
  2108   000FCA                     T2CON           equ	4042	;# 
  2109   000FCB                     PR2             equ	4043	;# 
  2110   000FCB                     MEMCON          equ	4043	;# 
  2111   000FCC                     TMR2            equ	4044	;# 
  2112   000FCD                     T1CON           equ	4045	;# 
  2113   000FCE                     TMR1            equ	4046	;# 
  2114   000FCE                     TMR1L           equ	4046	;# 
  2115   000FCF                     TMR1H           equ	4047	;# 
  2116   000FD0                     RCON            equ	4048	;# 
  2117   000FD1                     WDTCON          equ	4049	;# 
  2118   000FD2                     HLVDCON         equ	4050	;# 
  2119   000FD2                     LVDCON          equ	4050	;# 
  2120   000FD3                     OSCCON          equ	4051	;# 
  2121   000FD5                     T0CON           equ	4053	;# 
  2122   000FD6                     TMR0            equ	4054	;# 
  2123   000FD6                     TMR0L           equ	4054	;# 
  2124   000FD7                     TMR0H           equ	4055	;# 
  2125   000FD8                     STATUS          equ	4056	;# 
  2126   000FD9                     FSR2            equ	4057	;# 
  2127   000FD9                     FSR2L           equ	4057	;# 
  2128   000FDA                     FSR2H           equ	4058	;# 
  2129   000FDB                     PLUSW2          equ	4059	;# 
  2130   000FDC                     PREINC2         equ	4060	;# 
  2131   000FDD                     POSTDEC2        equ	4061	;# 
  2132   000FDE                     POSTINC2        equ	4062	;# 
  2133   000FDF                     INDF2           equ	4063	;# 
  2134   000FE0                     BSR             equ	4064	;# 
  2135   000FE1                     FSR1            equ	4065	;# 
  2136   000FE1                     FSR1L           equ	4065	;# 
  2137   000FE2                     FSR1H           equ	4066	;# 
  2138   000FE3                     PLUSW1          equ	4067	;# 
  2139   000FE4                     PREINC1         equ	4068	;# 
  2140   000FE5                     POSTDEC1        equ	4069	;# 
  2141   000FE6                     POSTINC1        equ	4070	;# 
  2142   000FE7                     INDF1           equ	4071	;# 
  2143   000FE8                     WREG            equ	4072	;# 
  2144   000FE9                     FSR0            equ	4073	;# 
  2145   000FE9                     FSR0L           equ	4073	;# 
  2146   000FEA                     FSR0H           equ	4074	;# 
  2147   000FEB                     PLUSW0          equ	4075	;# 
  2148   000FEC                     PREINC0         equ	4076	;# 
  2149   000FED                     POSTDEC0        equ	4077	;# 
  2150   000FEE                     POSTINC0        equ	4078	;# 
  2151   000FEF                     INDF0           equ	4079	;# 
  2152   000FF0                     INTCON3         equ	4080	;# 
  2153   000FF1                     INTCON2         equ	4081	;# 
  2154   000FF2                     INTCON          equ	4082	;# 
  2155   000FF3                     PROD            equ	4083	;# 
  2156   000FF3                     PRODL           equ	4083	;# 
  2157   000FF4                     PRODH           equ	4084	;# 
  2158   000FF5                     TABLAT          equ	4085	;# 
  2159   000FF6                     TBLPTR          equ	4086	;# 
  2160   000FF6                     TBLPTRL         equ	4086	;# 
  2161   000FF7                     TBLPTRH         equ	4087	;# 
  2162   000FF8                     TBLPTRU         equ	4088	;# 
  2163   000FF9                     PCLAT           equ	4089	;# 
  2164   000FF9                     PC              equ	4089	;# 
  2165   000FF9                     PCL             equ	4089	;# 
  2166   000FFA                     PCLATH          equ	4090	;# 
  2167   000FFB                     PCLATU          equ	4091	;# 
  2168   000FFC                     STKPTR          equ	4092	;# 
  2169   000FFD                     TOS             equ	4093	;# 
  2170   000FFD                     TOSL            equ	4093	;# 
  2171   000FFE                     TOSH            equ	4094	;# 
  2172   000FFF                     TOSU            equ	4095	;# 
  2173   000D60                     RXF6SIDH        equ	3424	;# 
  2174   000D61                     RXF6SIDL        equ	3425	;# 
  2175   000D62                     RXF6EIDH        equ	3426	;# 
  2176   000D63                     RXF6EIDL        equ	3427	;# 
  2177   000D64                     RXF7SIDH        equ	3428	;# 
  2178   000D65                     RXF7SIDL        equ	3429	;# 
  2179   000D66                     RXF7EIDH        equ	3430	;# 
  2180   000D67                     RXF7EIDL        equ	3431	;# 
  2181   000D68                     RXF8SIDH        equ	3432	;# 
  2182   000D69                     RXF8SIDL        equ	3433	;# 
  2183   000D6A                     RXF8EIDH        equ	3434	;# 
  2184   000D6B                     RXF8EIDL        equ	3435	;# 
  2185   000D70                     RXF9SIDH        equ	3440	;# 
  2186   000D71                     RXF9SIDL        equ	3441	;# 
  2187   000D72                     RXF9EIDH        equ	3442	;# 
  2188   000D73                     RXF9EIDL        equ	3443	;# 
  2189   000D74                     RXF10SIDH       equ	3444	;# 
  2190   000D75                     RXF10SIDL       equ	3445	;# 
  2191   000D76                     RXF10EIDH       equ	3446	;# 
  2192   000D77                     RXF10EIDL       equ	3447	;# 
  2193   000D78                     RXF11SIDH       equ	3448	;# 
  2194   000D79                     RXF11SIDL       equ	3449	;# 
  2195   000D7A                     RXF11EIDH       equ	3450	;# 
  2196   000D7B                     RXF11EIDL       equ	3451	;# 
  2197   000D80                     RXF12SIDH       equ	3456	;# 
  2198   000D81                     RXF12SIDL       equ	3457	;# 
  2199   000D82                     RXF12EIDH       equ	3458	;# 
  2200   000D83                     RXF12EIDL       equ	3459	;# 
  2201   000D84                     RXF13SIDH       equ	3460	;# 
  2202   000D85                     RXF13SIDL       equ	3461	;# 
  2203   000D86                     RXF13EIDH       equ	3462	;# 
  2204   000D87                     RXF13EIDL       equ	3463	;# 
  2205   000D88                     RXF14SIDH       equ	3464	;# 
  2206   000D89                     RXF14SIDL       equ	3465	;# 
  2207   000D8A                     RXF14EIDH       equ	3466	;# 
  2208   000D8B                     RXF14EIDL       equ	3467	;# 
  2209   000D90                     RXF15SIDH       equ	3472	;# 
  2210   000D91                     RXF15SIDL       equ	3473	;# 
  2211   000D92                     RXF15EIDH       equ	3474	;# 
  2212   000D93                     RXF15EIDL       equ	3475	;# 
  2213   000DD4                     RXFCON0         equ	3540	;# 
  2214   000DD5                     RXFCON1         equ	3541	;# 
  2215   000DD8                     SDFLC           equ	3544	;# 
  2216   000DE0                     RXFBCON0        equ	3552	;# 
  2217   000DE1                     RXFBCON1        equ	3553	;# 
  2218   000DE2                     RXFBCON2        equ	3554	;# 
  2219   000DE3                     RXFBCON3        equ	3555	;# 
  2220   000DE4                     RXFBCON4        equ	3556	;# 
  2221   000DE5                     RXFBCON5        equ	3557	;# 
  2222   000DE6                     RXFBCON6        equ	3558	;# 
  2223   000DE7                     RXFBCON7        equ	3559	;# 
  2224   000DF0                     MSEL0           equ	3568	;# 
  2225   000DF1                     MSEL1           equ	3569	;# 
  2226   000DF2                     MSEL2           equ	3570	;# 
  2227   000DF3                     MSEL3           equ	3571	;# 
  2228   000DF8                     BSEL0           equ	3576	;# 
  2229   000DFA                     BIE0            equ	3578	;# 
  2230   000DFC                     TXBIE           equ	3580	;# 
  2231   000E20                     B0CON           equ	3616	;# 
  2232   000E21                     B0SIDH          equ	3617	;# 
  2233   000E22                     B0SIDL          equ	3618	;# 
  2234   000E23                     B0EIDH          equ	3619	;# 
  2235   000E24                     B0EIDL          equ	3620	;# 
  2236   000E25                     B0DLC           equ	3621	;# 
  2237   000E26                     B0D0            equ	3622	;# 
  2238   000E27                     B0D1            equ	3623	;# 
  2239   000E28                     B0D2            equ	3624	;# 
  2240   000E29                     B0D3            equ	3625	;# 
  2241   000E2A                     B0D4            equ	3626	;# 
  2242   000E2B                     B0D5            equ	3627	;# 
  2243   000E2C                     B0D6            equ	3628	;# 
  2244   000E2D                     B0D7            equ	3629	;# 
  2245   000E2E                     CANSTAT_RO9     equ	3630	;# 
  2246   000E2F                     CANCON_RO9      equ	3631	;# 
  2247   000E30                     B1CON           equ	3632	;# 
  2248   000E31                     B1SIDH          equ	3633	;# 
  2249   000E32                     B1SIDL          equ	3634	;# 
  2250   000E33                     B1EIDH          equ	3635	;# 
  2251   000E34                     B1EIDL          equ	3636	;# 
  2252   000E35                     B1DLC           equ	3637	;# 
  2253   000E36                     B1D0            equ	3638	;# 
  2254   000E37                     B1D1            equ	3639	;# 
  2255   000E38                     B1D2            equ	3640	;# 
  2256   000E39                     B1D3            equ	3641	;# 
  2257   000E3A                     B1D4            equ	3642	;# 
  2258   000E3B                     B1D5            equ	3643	;# 
  2259   000E3C                     B1D6            equ	3644	;# 
  2260   000E3D                     B1D7            equ	3645	;# 
  2261   000E3E                     CANSTAT_RO8     equ	3646	;# 
  2262   000E3F                     CANCON_RO8      equ	3647	;# 
  2263   000E40                     B2CON           equ	3648	;# 
  2264   000E41                     B2SIDH          equ	3649	;# 
  2265   000E42                     B2SIDL          equ	3650	;# 
  2266   000E43                     B2EIDH          equ	3651	;# 
  2267   000E44                     B2EIDL          equ	3652	;# 
  2268   000E45                     B2DLC           equ	3653	;# 
  2269   000E46                     B2D0            equ	3654	;# 
  2270   000E47                     B2D1            equ	3655	;# 
  2271   000E48                     B2D2            equ	3656	;# 
  2272   000E49                     B2D3            equ	3657	;# 
  2273   000E4A                     B2D4            equ	3658	;# 
  2274   000E4B                     B2D5            equ	3659	;# 
  2275   000E4C                     B2D6            equ	3660	;# 
  2276   000E4D                     B2D7            equ	3661	;# 
  2277   000E4E                     CANSTAT_RO7     equ	3662	;# 
  2278   000E4F                     CANCON_RO7      equ	3663	;# 
  2279   000E50                     B3CON           equ	3664	;# 
  2280   000E51                     B3SIDH          equ	3665	;# 
  2281   000E52                     B3SIDL          equ	3666	;# 
  2282   000E53                     B3EIDH          equ	3667	;# 
  2283   000E54                     B3EIDL          equ	3668	;# 
  2284   000E55                     B3DLC           equ	3669	;# 
  2285   000E56                     B3D0            equ	3670	;# 
  2286   000E57                     B3D1            equ	3671	;# 
  2287   000E58                     B3D2            equ	3672	;# 
  2288   000E59                     B3D3            equ	3673	;# 
  2289   000E5A                     B3D4            equ	3674	;# 
  2290   000E5B                     B3D5            equ	3675	;# 
  2291   000E5C                     B3D6            equ	3676	;# 
  2292   000E5D                     B3D7            equ	3677	;# 
  2293   000E5E                     CANSTAT_RO6     equ	3678	;# 
  2294   000E5F                     CANCON_RO6      equ	3679	;# 
  2295   000E60                     B4CON           equ	3680	;# 
  2296   000E61                     B4SIDH          equ	3681	;# 
  2297   000E62                     B4SIDL          equ	3682	;# 
  2298   000E63                     B4EIDH          equ	3683	;# 
  2299   000E64                     B4EIDL          equ	3684	;# 
  2300   000E65                     B4DLC           equ	3685	;# 
  2301   000E66                     B4D0            equ	3686	;# 
  2302   000E67                     B4D1            equ	3687	;# 
  2303   000E68                     B4D2            equ	3688	;# 
  2304   000E69                     B4D3            equ	3689	;# 
  2305   000E6A                     B4D4            equ	3690	;# 
  2306   000E6B                     B4D5            equ	3691	;# 
  2307   000E6C                     B4D6            equ	3692	;# 
  2308   000E6D                     B4D7            equ	3693	;# 
  2309   000E6E                     CANSTAT_RO5     equ	3694	;# 
  2310   000E6F                     CANCON_RO5      equ	3695	;# 
  2311   000E70                     B5CON           equ	3696	;# 
  2312   000E71                     B5SIDH          equ	3697	;# 
  2313   000E72                     B5SIDL          equ	3698	;# 
  2314   000E73                     B5EIDH          equ	3699	;# 
  2315   000E74                     B5EIDL          equ	3700	;# 
  2316   000E75                     B5DLC           equ	3701	;# 
  2317   000E76                     B5D0            equ	3702	;# 
  2318   000E77                     B5D1            equ	3703	;# 
  2319   000E78                     B5D2            equ	3704	;# 
  2320   000E79                     B5D3            equ	3705	;# 
  2321   000E7A                     B5D4            equ	3706	;# 
  2322   000E7B                     B5D5            equ	3707	;# 
  2323   000E7C                     B5D6            equ	3708	;# 
  2324   000E7D                     B5D7            equ	3709	;# 
  2325   000E7E                     CANSTAT_RO4     equ	3710	;# 
  2326   000E7F                     CANCON_RO4      equ	3711	;# 
  2327   000F00                     RXF0SIDH        equ	3840	;# 
  2328   000F01                     RXF0SIDL        equ	3841	;# 
  2329   000F02                     RXF0EIDH        equ	3842	;# 
  2330   000F03                     RXF0EIDL        equ	3843	;# 
  2331   000F04                     RXF1SIDH        equ	3844	;# 
  2332   000F05                     RXF1SIDL        equ	3845	;# 
  2333   000F06                     RXF1EIDH        equ	3846	;# 
  2334   000F07                     RXF1EIDL        equ	3847	;# 
  2335   000F08                     RXF2SIDH        equ	3848	;# 
  2336   000F09                     RXF2SIDL        equ	3849	;# 
  2337   000F0A                     RXF2EIDH        equ	3850	;# 
  2338   000F0B                     RXF2EIDL        equ	3851	;# 
  2339   000F0C                     RXF3SIDH        equ	3852	;# 
  2340   000F0D                     RXF3SIDL        equ	3853	;# 
  2341   000F0E                     RXF3EIDH        equ	3854	;# 
  2342   000F0F                     RXF3EIDL        equ	3855	;# 
  2343   000F10                     RXF4SIDH        equ	3856	;# 
  2344   000F11                     RXF4SIDL        equ	3857	;# 
  2345   000F12                     RXF4EIDH        equ	3858	;# 
  2346   000F13                     RXF4EIDL        equ	3859	;# 
  2347   000F14                     RXF5SIDH        equ	3860	;# 
  2348   000F15                     RXF5SIDL        equ	3861	;# 
  2349   000F16                     RXF5EIDH        equ	3862	;# 
  2350   000F17                     RXF5EIDL        equ	3863	;# 
  2351   000F18                     RXM0SIDH        equ	3864	;# 
  2352   000F19                     RXM0SIDL        equ	3865	;# 
  2353   000F1A                     RXM0EIDH        equ	3866	;# 
  2354   000F1B                     RXM0EIDL        equ	3867	;# 
  2355   000F1C                     RXM1SIDH        equ	3868	;# 
  2356   000F1D                     RXM1SIDL        equ	3869	;# 
  2357   000F1E                     RXM1EIDH        equ	3870	;# 
  2358   000F1F                     RXM1EIDL        equ	3871	;# 
  2359   000F20                     TXB2CON         equ	3872	;# 
  2360   000F21                     TXB2SIDH        equ	3873	;# 
  2361   000F22                     TXB2SIDL        equ	3874	;# 
  2362   000F23                     TXB2EIDH        equ	3875	;# 
  2363   000F24                     TXB2EIDL        equ	3876	;# 
  2364   000F25                     TXB2DLC         equ	3877	;# 
  2365   000F26                     TXB2D0          equ	3878	;# 
  2366   000F27                     TXB2D1          equ	3879	;# 
  2367   000F28                     TXB2D2          equ	3880	;# 
  2368   000F29                     TXB2D3          equ	3881	;# 
  2369   000F2A                     TXB2D4          equ	3882	;# 
  2370   000F2B                     TXB2D5          equ	3883	;# 
  2371   000F2C                     TXB2D6          equ	3884	;# 
  2372   000F2D                     TXB2D7          equ	3885	;# 
  2373   000F2E                     CANSTAT_RO3     equ	3886	;# 
  2374   000F2F                     CANCON_RO3      equ	3887	;# 
  2375   000F30                     TXB1CON         equ	3888	;# 
  2376   000F31                     TXB1SIDH        equ	3889	;# 
  2377   000F32                     TXB1SIDL        equ	3890	;# 
  2378   000F33                     TXB1EIDH        equ	3891	;# 
  2379   000F34                     TXB1EIDL        equ	3892	;# 
  2380   000F35                     TXB1DLC         equ	3893	;# 
  2381   000F36                     TXB1D0          equ	3894	;# 
  2382   000F37                     TXB1D1          equ	3895	;# 
  2383   000F38                     TXB1D2          equ	3896	;# 
  2384   000F39                     TXB1D3          equ	3897	;# 
  2385   000F3A                     TXB1D4          equ	3898	;# 
  2386   000F3B                     TXB1D5          equ	3899	;# 
  2387   000F3C                     TXB1D6          equ	3900	;# 
  2388   000F3D                     TXB1D7          equ	3901	;# 
  2389   000F3E                     CANSTAT_RO2     equ	3902	;# 
  2390   000F3F                     CANCON_RO2      equ	3903	;# 
  2391   000F40                     TXB0CON         equ	3904	;# 
  2392   000F41                     TXB0SIDH        equ	3905	;# 
  2393   000F42                     TXB0SIDL        equ	3906	;# 
  2394   000F43                     TXB0EIDH        equ	3907	;# 
  2395   000F44                     TXB0EIDL        equ	3908	;# 
  2396   000F45                     TXB0DLC         equ	3909	;# 
  2397   000F46                     TXB0D0          equ	3910	;# 
  2398   000F47                     TXB0D1          equ	3911	;# 
  2399   000F48                     TXB0D2          equ	3912	;# 
  2400   000F49                     TXB0D3          equ	3913	;# 
  2401   000F4A                     TXB0D4          equ	3914	;# 
  2402   000F4B                     TXB0D5          equ	3915	;# 
  2403   000F4C                     TXB0D6          equ	3916	;# 
  2404   000F4D                     TXB0D7          equ	3917	;# 
  2405   000F4E                     CANSTAT_RO1     equ	3918	;# 
  2406   000F4F                     CANCON_RO1      equ	3919	;# 
  2407   000F50                     RXB1CON         equ	3920	;# 
  2408   000F51                     RXB1SIDH        equ	3921	;# 
  2409   000F52                     RXB1SIDL        equ	3922	;# 
  2410   000F53                     RXB1EIDH        equ	3923	;# 
  2411   000F54                     RXB1EIDL        equ	3924	;# 
  2412   000F55                     RXB1DLC         equ	3925	;# 
  2413   000F56                     RXB1D0          equ	3926	;# 
  2414   000F57                     RXB1D1          equ	3927	;# 
  2415   000F58                     RXB1D2          equ	3928	;# 
  2416   000F59                     RXB1D3          equ	3929	;# 
  2417   000F5A                     RXB1D4          equ	3930	;# 
  2418   000F5B                     RXB1D5          equ	3931	;# 
  2419   000F5C                     RXB1D6          equ	3932	;# 
  2420   000F5D                     RXB1D7          equ	3933	;# 
  2421   000F5E                     CANSTAT_RO0     equ	3934	;# 
  2422   000F5F                     CANCON_RO0      equ	3935	;# 
  2423   000F60                     RXB0CON         equ	3936	;# 
  2424   000F61                     RXB0SIDH        equ	3937	;# 
  2425   000F62                     RXB0SIDL        equ	3938	;# 
  2426   000F63                     RXB0EIDH        equ	3939	;# 
  2427   000F64                     RXB0EIDL        equ	3940	;# 
  2428   000F65                     RXB0DLC         equ	3941	;# 
  2429   000F66                     RXB0D0          equ	3942	;# 
  2430   000F67                     RXB0D1          equ	3943	;# 
  2431   000F68                     RXB0D2          equ	3944	;# 
  2432   000F69                     RXB0D3          equ	3945	;# 
  2433   000F6A                     RXB0D4          equ	3946	;# 
  2434   000F6B                     RXB0D5          equ	3947	;# 
  2435   000F6C                     RXB0D6          equ	3948	;# 
  2436   000F6D                     RXB0D7          equ	3949	;# 
  2437   000F6E                     CANSTAT         equ	3950	;# 
  2438   000F6F                     CANCON          equ	3951	;# 
  2439   000F70                     BRGCON1         equ	3952	;# 
  2440   000F71                     BRGCON2         equ	3953	;# 
  2441   000F72                     BRGCON3         equ	3954	;# 
  2442   000F73                     CIOCON          equ	3955	;# 
  2443   000F74                     COMSTAT         equ	3956	;# 
  2444   000F75                     RXERRCNT        equ	3957	;# 
  2445   000F76                     TXERRCNT        equ	3958	;# 
  2446   000F77                     ECANCON         equ	3959	;# 
  2447   000F80                     PORTA           equ	3968	;# 
  2448   000F81                     PORTB           equ	3969	;# 
  2449   000F82                     PORTC           equ	3970	;# 
  2450   000F83                     PORTD           equ	3971	;# 
  2451   000F84                     PORTE           equ	3972	;# 
  2452   000F89                     LATA            equ	3977	;# 
  2453   000F8A                     LATB            equ	3978	;# 
  2454   000F8B                     LATC            equ	3979	;# 
  2455   000F8C                     LATD            equ	3980	;# 
  2456   000F8D                     LATE            equ	3981	;# 
  2457   000F92                     TRISA           equ	3986	;# 
  2458   000F92                     DDRA            equ	3986	;# 
  2459   000F93                     TRISB           equ	3987	;# 
  2460   000F93                     DDRB            equ	3987	;# 
  2461   000F94                     TRISC           equ	3988	;# 
  2462   000F94                     DDRC            equ	3988	;# 
  2463   000F95                     TRISD           equ	3989	;# 
  2464   000F95                     DDRD            equ	3989	;# 
  2465   000F96                     TRISE           equ	3990	;# 
  2466   000F96                     DDRE            equ	3990	;# 
  2467   000F9B                     OSCTUNE         equ	3995	;# 
  2468   000F9D                     PIE1            equ	3997	;# 
  2469   000F9E                     PIR1            equ	3998	;# 
  2470   000F9F                     IPR1            equ	3999	;# 
  2471   000FA0                     PIE2            equ	4000	;# 
  2472   000FA1                     PIR2            equ	4001	;# 
  2473   000FA2                     IPR2            equ	4002	;# 
  2474   000FA3                     PIE3            equ	4003	;# 
  2475   000FA4                     PIR3            equ	4004	;# 
  2476   000FA5                     IPR3            equ	4005	;# 
  2477   000FA6                     EECON1          equ	4006	;# 
  2478   000FA7                     EECON2          equ	4007	;# 
  2479   000FA8                     EEDATA          equ	4008	;# 
  2480   000FA9                     EEADR           equ	4009	;# 
  2481   000FAB                     RCSTA           equ	4011	;# 
  2482   000FAB                     RCSTA1          equ	4011	;# 
  2483   000FAC                     TXSTA           equ	4012	;# 
  2484   000FAC                     TXSTA1          equ	4012	;# 
  2485   000FAD                     TXREG           equ	4013	;# 
  2486   000FAD                     TXREG1          equ	4013	;# 
  2487   000FAE                     RCREG           equ	4014	;# 
  2488   000FAE                     RCREG1          equ	4014	;# 
  2489   000FAF                     SPBRG           equ	4015	;# 
  2490   000FAF                     SPBRG1          equ	4015	;# 
  2491   000FB0                     SPBRGH          equ	4016	;# 
  2492   000FB1                     T3CON           equ	4017	;# 
  2493   000FB2                     TMR3            equ	4018	;# 
  2494   000FB2                     TMR3L           equ	4018	;# 
  2495   000FB3                     TMR3H           equ	4019	;# 
  2496   000FB4                     CMCON           equ	4020	;# 
  2497   000FB5                     CVRCON          equ	4021	;# 
  2498   000FB6                     ECCP1AS         equ	4022	;# 
  2499   000FB7                     ECCP1DEL        equ	4023	;# 
  2500   000FB8                     BAUDCON         equ	4024	;# 
  2501   000FB8                     BAUDCTL         equ	4024	;# 
  2502   000FBA                     ECCP1CON        equ	4026	;# 
  2503   000FBB                     ECCPR1          equ	4027	;# 
  2504   000FBB                     ECCPR1L         equ	4027	;# 
  2505   000FBC                     ECCPR1H         equ	4028	;# 
  2506   000FBD                     CCP1CON         equ	4029	;# 
  2507   000FBE                     CCPR1           equ	4030	;# 
  2508   000FBE                     CCPR1L          equ	4030	;# 
  2509   000FBF                     CCPR1H          equ	4031	;# 
  2510   000FC0                     ADCON2          equ	4032	;# 
  2511   000FC1                     ADCON1          equ	4033	;# 
  2512   000FC2                     ADCON0          equ	4034	;# 
  2513   000FC3                     ADRES           equ	4035	;# 
  2514   000FC3                     ADRESL          equ	4035	;# 
  2515   000FC4                     ADRESH          equ	4036	;# 
  2516   000FC5                     SSPCON2         equ	4037	;# 
  2517   000FC6                     SSPCON1         equ	4038	;# 
  2518   000FC7                     SSPSTAT         equ	4039	;# 
  2519   000FC8                     SSPADD          equ	4040	;# 
  2520   000FC9                     SSPBUF          equ	4041	;# 
  2521   000FCA                     T2CON           equ	4042	;# 
  2522   000FCB                     PR2             equ	4043	;# 
  2523   000FCB                     MEMCON          equ	4043	;# 
  2524   000FCC                     TMR2            equ	4044	;# 
  2525   000FCD                     T1CON           equ	4045	;# 
  2526   000FCE                     TMR1            equ	4046	;# 
  2527   000FCE                     TMR1L           equ	4046	;# 
  2528   000FCF                     TMR1H           equ	4047	;# 
  2529   000FD0                     RCON            equ	4048	;# 
  2530   000FD1                     WDTCON          equ	4049	;# 
  2531   000FD2                     HLVDCON         equ	4050	;# 
  2532   000FD2                     LVDCON          equ	4050	;# 
  2533   000FD3                     OSCCON          equ	4051	;# 
  2534   000FD5                     T0CON           equ	4053	;# 
  2535   000FD6                     TMR0            equ	4054	;# 
  2536   000FD6                     TMR0L           equ	4054	;# 
  2537   000FD7                     TMR0H           equ	4055	;# 
  2538   000FD8                     STATUS          equ	4056	;# 
  2539   000FD9                     FSR2            equ	4057	;# 
  2540   000FD9                     FSR2L           equ	4057	;# 
  2541   000FDA                     FSR2H           equ	4058	;# 
  2542   000FDB                     PLUSW2          equ	4059	;# 
  2543   000FDC                     PREINC2         equ	4060	;# 
  2544   000FDD                     POSTDEC2        equ	4061	;# 
  2545   000FDE                     POSTINC2        equ	4062	;# 
  2546   000FDF                     INDF2           equ	4063	;# 
  2547   000FE0                     BSR             equ	4064	;# 
  2548   000FE1                     FSR1            equ	4065	;# 
  2549   000FE1                     FSR1L           equ	4065	;# 
  2550   000FE2                     FSR1H           equ	4066	;# 
  2551   000FE3                     PLUSW1          equ	4067	;# 
  2552   000FE4                     PREINC1         equ	4068	;# 
  2553   000FE5                     POSTDEC1        equ	4069	;# 
  2554   000FE6                     POSTINC1        equ	4070	;# 
  2555   000FE7                     INDF1           equ	4071	;# 
  2556   000FE8                     WREG            equ	4072	;# 
  2557   000FE9                     FSR0            equ	4073	;# 
  2558   000FE9                     FSR0L           equ	4073	;# 
  2559   000FEA                     FSR0H           equ	4074	;# 
  2560   000FEB                     PLUSW0          equ	4075	;# 
  2561   000FEC                     PREINC0         equ	4076	;# 
  2562   000FED                     POSTDEC0        equ	4077	;# 
  2563   000FEE                     POSTINC0        equ	4078	;# 
  2564   000FEF                     INDF0           equ	4079	;# 
  2565   000FF0                     INTCON3         equ	4080	;# 
  2566   000FF1                     INTCON2         equ	4081	;# 
  2567   000FF2                     INTCON          equ	4082	;# 
  2568   000FF3                     PROD            equ	4083	;# 
  2569   000FF3                     PRODL           equ	4083	;# 
  2570   000FF4                     PRODH           equ	4084	;# 
  2571   000FF5                     TABLAT          equ	4085	;# 
  2572   000FF6                     TBLPTR          equ	4086	;# 
  2573   000FF6                     TBLPTRL         equ	4086	;# 
  2574   000FF7                     TBLPTRH         equ	4087	;# 
  2575   000FF8                     TBLPTRU         equ	4088	;# 
  2576   000FF9                     PCLAT           equ	4089	;# 
  2577   000FF9                     PC              equ	4089	;# 
  2578   000FF9                     PCL             equ	4089	;# 
  2579   000FFA                     PCLATH          equ	4090	;# 
  2580   000FFB                     PCLATU          equ	4091	;# 
  2581   000FFC                     STKPTR          equ	4092	;# 
  2582   000FFD                     TOS             equ	4093	;# 
  2583   000FFD                     TOSL            equ	4093	;# 
  2584   000FFE                     TOSH            equ	4094	;# 
  2585   000FFF                     TOSU            equ	4095	;# 
  2586                           
  2587                           	psect	idataCOMRAM
  2588   003000                     __pidataCOMRAM:
  2589                           	callstack 0
  2590                           
  2591                           ;initializer for read_switches@once
  2592   003000  01                 	db	1
  2593                           
  2594                           	psect	idataBANK0
  2595   00118C                     __pidataBANK0:
  2596                           	callstack 0
  2597                           
  2598                           ;initializer for _gear
  2599   00118C  4F                 	db	79
  2600   00118D  4E                 	db	78
  2601   00118E  00                 	db	0
  2602   00118F  47                 	db	71
  2603   001190  4E                 	db	78
  2604   001191  00                 	db	0
  2605   001192  47                 	db	71
  2606   001193  31                 	db	49
  2607   001194  00                 	db	0
  2608   001195  47                 	db	71
  2609   001196  32                 	db	50
  2610   001197  00                 	db	0
  2611   001198  47                 	db	71
  2612   001199  33                 	db	51
  2613   00119A  00                 	db	0
  2614   00119B  47                 	db	71
  2615   00119C  34                 	db	52
  2616   00119D  00                 	db	0
  2617   00119E  47                 	db	71
  2618   00119F  35                 	db	53
  2619   0011A0  00                 	db	0
  2620   0011A1  52                 	db	82
  2621   0011A2  72                 	db	114
  2622   0011A3  00                 	db	0
  2623   0011A4  43                 	db	67
  2624   0011A5  6C                 	db	108
  2625   0011A6  00                 	db	0
  2626   000DD4                     _RXFCON0        set	3540
  2627   000F45                     _TXB0DLC        set	3909
  2628   000F44                     _TXB0EIDL       set	3908
  2629   000F43                     _TXB0EIDH       set	3907
  2630   000F41                     _TXB0SIDH       set	3905
  2631   000F42                     _TXB0SIDL       set	3906
  2632   000F46                     _TXB0D0         set	3910
  2633   007A03                     _TXB0REQ        set	31235
  2634   000F81                     _PORTBbits      set	3969
  2635   000F81                     _PORTB          set	3969
  2636   000F93                     _TRISB          set	3987
  2637   000FC1                     _ADCON1         set	4033
  2638   000F94                     _TRISC          set	3988
  2639   000F95                     _TRISD          set	3989
  2640   000F83                     _PORTD          set	3971
  2641   000F65                     _RXB0DLC        set	3941
  2642   000F61                     _RXB0SIDH       set	3937
  2643   000F62                     _RXB0SIDL       set	3938
  2644   000F60                     _RXB0CONbits    set	3936
  2645   000F60                     _RXB0CON        set	3936
  2646   000F72                     _BRGCON3        set	3954
  2647   000F71                     _BRGCON2        set	3953
  2648   000F70                     _BRGCON1        set	3952
  2649   000F77                     _ECANCON        set	3959
  2650   000F6E                     _CANSTAT        set	3950
  2651   000F6F                     _CANCON         set	3951
  2652   000FC2                     _ADCON0         set	4034
  2653   000FC3                     _ADRESL         set	4035
  2654   000FC4                     _ADRESH         set	4036
  2655   000F66                     _RXB0D0         set	3942
  2656   007F8F                     _RBPU           set	32655
  2657   007C1F                     _RD7            set	31775
  2658   007C10                     _RC0            set	31760
  2659   007CAF                     _TRISD7         set	31919
  2660   007C12                     _RC2            set	31762
  2661   007C11                     _RC1            set	31761
  2662   007D20                     _RXB0IF         set	32032
  2663   007B07                     _RXB0FUL        set	31495
  2664   007C9B                     _TRISB3         set	31899
  2665   007C9A                     _TRISB2         set	31898
  2666   007E11                     _GO             set	32273
  2667   007E10                     _ADON           set	32272
  2668   007E0C                     _VCFG0          set	32268
  2669   007E0D                     _VCFG1          set	32269
  2670   007E11                     _GODONE         set	32273
  2671   007E02                     _ADCS2          set	32258
  2672   007E01                     _ADCS1          set	32257
  2673   007E00                     _ADCS0          set	32256
  2674   007E03                     _ACQT0          set	32259
  2675   007E04                     _ACQT1          set	32260
  2676   007E05                     _ACQT2          set	32261
  2677   007E07                     _ADFM           set	32263
  2678                           
  2679                           ; #config settings
  2680                           
  2681                           	psect	cinit
  2682   0010B4                     __pcinit:
  2683                           	callstack 0
  2684   0010B4                     start_initialization:
  2685                           	callstack 0
  2686   0010B4                     __initialization:
  2687                           	callstack 0
  2688                           
  2689                           ; Initialize objects allocated to BANK0 (27 bytes)
  2690                           ; load TBLPTR registers with __pidataBANK0
  2691   0010B4  0E8C               	movlw	low __pidataBANK0
  2692   0010B6  6EF6               	movwf	tblptrl,c
  2693   0010B8  0E11               	movlw	high __pidataBANK0
  2694   0010BA  6EF7               	movwf	tblptrh,c
  2695   0010BC  0E00               	movlw	low (__pidataBANK0 shr (0+16))
  2696   0010BE  6EF8               	movwf	tblptru,c
  2697   0010C0  EE00  F060         	lfsr	0,__pdataBANK0
  2698   0010C4  EE10 F01B          	lfsr	1,27
  2699   0010C8                     copy_data0:
  2700   0010C8  0009               	tblrd		*+
  2701   0010CA  CFF5 FFEE          	movff	tablat,postinc0
  2702   0010CE  50E5               	movf	postdec1,w,c
  2703   0010D0  50E1               	movf	fsr1l,w,c
  2704   0010D2  E1FA               	bnz	copy_data0
  2705                           
  2706                           ; Initialize objects allocated to COMRAM (1 bytes)
  2707                           ; load TBLPTR registers with __pidataCOMRAM
  2708   0010D4  0E00               	movlw	low __pidataCOMRAM
  2709   0010D6  6EF6               	movwf	tblptrl,c
  2710   0010D8  0E30               	movlw	high __pidataCOMRAM
  2711   0010DA  6EF7               	movwf	tblptrh,c
  2712   0010DC  0E00               	movlw	low (__pidataCOMRAM shr (0+16))
  2713   0010DE  6EF8               	movwf	tblptru,c
  2714   0010E0  0009               	tblrd		*+	;fetch initializer
  2715   0010E2  CFF5 F050          	movff	tablat,__pdataCOMRAM
  2716                           
  2717                           ; Clear objects allocated to COMRAM (17 bytes)
  2718   0010E6  EE00  F03F         	lfsr	0,__pbssCOMRAM
  2719   0010EA  0E11               	movlw	17
  2720   0010EC                     clear_0:
  2721   0010EC  6AEE               	clrf	postinc0,c
  2722   0010EE  06E8               	decf	wreg,f,c
  2723   0010F0  E1FD               	bnz	clear_0
  2724   0010F2                     end_of_initialization:
  2725                           	callstack 0
  2726   0010F2                     __end_of__initialization:
  2727                           	callstack 0
  2728   0010F2  0100               	movlb	0
  2729   0010F4  EFD4  F008         	goto	_main	;jump to C main() function
  2730                           
  2731                           	psect	bssCOMRAM
  2732   00003F                     __pbssCOMRAM:
  2733                           	callstack 0
  2734   00003F                     _rx2_data:
  2735                           	callstack 0
  2736   00003F                     	ds	4
  2737   000043                     _rx1_data:
  2738                           	callstack 0
  2739   000043                     	ds	4
  2740   000047                     _gear_id:
  2741                           	callstack 0
  2742   000047                     	ds	2
  2743   000049                     _msg_id:
  2744                           	callstack 0
  2745   000049                     	ds	2
  2746   00004B                     read_switches@key:
  2747                           	callstack 0
  2748   00004B                     	ds	1
  2749   00004C                     _len2:
  2750                           	callstack 0
  2751   00004C                     	ds	1
  2752   00004D                     _len1:
  2753                           	callstack 0
  2754   00004D                     	ds	1
  2755   00004E                     _ind:
  2756                           	callstack 0
  2757   00004E                     	ds	2
  2758                           
  2759                           	psect	dataCOMRAM
  2760   000050                     __pdataCOMRAM:
  2761                           	callstack 0
  2762   000050                     read_switches@once:
  2763                           	callstack 0
  2764   000050                     	ds	1
  2765                           
  2766                           	psect	dataBANK0
  2767   000060                     __pdataBANK0:
  2768                           	callstack 0
  2769   000060                     _gear:
  2770                           	callstack 0
  2771   000060                     	ds	27
  2772                           
  2773                           	psect	cstackCOMRAM
  2774   000001                     __pcstackCOMRAM:
  2775                           	callstack 0
  2776   000001                     ?___lwdiv:
  2777                           	callstack 0
  2778   000001                     ?___lwmod:
  2779                           	callstack 0
  2780   000001                     ?_read_adc:
  2781                           	callstack 0
  2782   000001                     read_switches@detection_type:
  2783                           	callstack 0
  2784   000001                     set_msg_id_std@id:
  2785                           	callstack 0
  2786   000001                     ___lwdiv@dividend:
  2787                           	callstack 0
  2788   000001                     ___lwmod@dividend:
  2789                           	callstack 0
  2790   000001                     
  2791                           ; 1 bytes @ 0x0
  2792   000001                     	ds	2
  2793   000003                     ___lwdiv@divisor:
  2794                           	callstack 0
  2795   000003                     ___lwmod@divisor:
  2796                           	callstack 0
  2797   000003                     ??_read_adc:
  2798   000003                     ??_set_msg_id_std:
  2799                           
  2800                           ; 1 bytes @ 0x2
  2801   000003                     	ds	2
  2802   000005                     ___lwmod@counter:
  2803                           	callstack 0
  2804   000005                     read_adc@reg_val:
  2805                           	callstack 0
  2806   000005                     can_transmit@msg_id:
  2807                           	callstack 0
  2808   000005                     ___lwdiv@quotient:
  2809                           	callstack 0
  2810   000005                     
  2811                           ; 1 bytes @ 0x4
  2812   000005                     	ds	2
  2813   000007                     read_adc@channel:
  2814                           	callstack 0
  2815   000007                     can_transmit@data:
  2816                           	callstack 0
  2817   000007                     ___lwdiv@counter:
  2818                           	callstack 0
  2819                           
  2820                           ; 1 bytes @ 0x6
  2821   000007                     	ds	1
  2822   000008                     ?___xxtofl:
  2823                           	callstack 0
  2824   000008                     can_transmit@len:
  2825                           	callstack 0
  2826   000008                     ___xxtofl@val:
  2827                           	callstack 0
  2828                           
  2829                           ; 4 bytes @ 0x7
  2830   000008                     	ds	1
  2831   000009                     ??_can_transmit:
  2832                           
  2833                           ; 1 bytes @ 0x8
  2834   000009                     	ds	3
  2835   00000C                     can_transmit@ptr:
  2836                           	callstack 0
  2837   00000C                     ??___xxtofl:
  2838                           
  2839                           ; 1 bytes @ 0xB
  2840   00000C                     	ds	2
  2841   00000E                     can_transmit@i:
  2842                           	callstack 0
  2843                           
  2844                           ; 2 bytes @ 0xD
  2845   00000E                     	ds	2
  2846   000010                     ___xxtofl@sign:
  2847                           	callstack 0
  2848   000010                     ??_get_gear_pos:
  2849                           
  2850                           ; 1 bytes @ 0xF
  2851   000010                     	ds	1
  2852   000011                     ___xxtofl@exp:
  2853                           	callstack 0
  2854   000011                     get_gear_pos@key:
  2855                           	callstack 0
  2856                           
  2857                           ; 2 bytes @ 0x10
  2858   000011                     	ds	1
  2859   000012                     ___xxtofl@arg:
  2860                           	callstack 0
  2861                           
  2862                           ; 4 bytes @ 0x11
  2863   000012                     	ds	4
  2864   000016                     ?___fldiv:
  2865                           	callstack 0
  2866   000016                     ___fldiv@b:
  2867                           	callstack 0
  2868                           
  2869                           ; 4 bytes @ 0x15
  2870   000016                     	ds	4
  2871   00001A                     ___fldiv@a:
  2872                           	callstack 0
  2873                           
  2874                           ; 4 bytes @ 0x19
  2875   00001A                     	ds	4
  2876   00001E                     ??___fldiv:
  2877                           
  2878                           ; 1 bytes @ 0x1D
  2879   00001E                     	ds	4
  2880   000022                     ___fldiv@rem:
  2881                           	callstack 0
  2882                           
  2883                           ; 4 bytes @ 0x21
  2884   000022                     	ds	4
  2885   000026                     ___fldiv@sign:
  2886                           	callstack 0
  2887                           
  2888                           ; 1 bytes @ 0x25
  2889   000026                     	ds	1
  2890   000027                     ___fldiv@new_exp:
  2891                           	callstack 0
  2892                           
  2893                           ; 2 bytes @ 0x26
  2894   000027                     	ds	2
  2895   000029                     ___fldiv@grs:
  2896                           	callstack 0
  2897                           
  2898                           ; 4 bytes @ 0x28
  2899   000029                     	ds	4
  2900   00002D                     ___fldiv@bexp:
  2901                           	callstack 0
  2902                           
  2903                           ; 1 bytes @ 0x2C
  2904   00002D                     	ds	1
  2905   00002E                     ___fldiv@aexp:
  2906                           	callstack 0
  2907                           
  2908                           ; 1 bytes @ 0x2D
  2909   00002E                     	ds	1
  2910   00002F                     ?___fltol:
  2911                           	callstack 0
  2912   00002F                     ___fltol@f1:
  2913                           	callstack 0
  2914                           
  2915                           ; 4 bytes @ 0x2E
  2916   00002F                     	ds	4
  2917   000033                     ??___fltol:
  2918                           
  2919                           ; 1 bytes @ 0x32
  2920   000033                     	ds	4
  2921   000037                     ___fltol@sign1:
  2922                           	callstack 0
  2923                           
  2924                           ; 1 bytes @ 0x36
  2925   000037                     	ds	1
  2926   000038                     ___fltol@exp1:
  2927                           	callstack 0
  2928                           
  2929                           ; 1 bytes @ 0x37
  2930   000038                     	ds	1
  2931   000039                     ??_get_speed:
  2932                           
  2933                           ; 1 bytes @ 0x38
  2934   000039                     	ds	1
  2935   00003A                     get_speed@str:
  2936                           	callstack 0
  2937                           
  2938                           ; 3 bytes @ 0x39
  2939   00003A                     	ds	3
  2940   00003D                     get_speed@speed:
  2941                           	callstack 0
  2942                           
  2943                           ; 2 bytes @ 0x3C
  2944   00003D                     	ds	2
  2945   00003F                     
  2946                           ; 1 bytes @ 0x3E
  2947 ;;
  2948 ;;Main: autosize = 0, tempsize = 0, incstack = 0, save=0
  2949 ;;
  2950 ;; *************** function _main *****************
  2951 ;; Defined at:
  2952 ;;		line 10 in file "main.c"
  2953 ;; Parameters:    Size  Location     Type
  2954 ;;		None
  2955 ;; Auto vars:     Size  Location     Type
  2956 ;;		None
  2957 ;; Return value:  Size  Location     Type
  2958 ;;                  2   17[None  ] int 
  2959 ;; Registers used:
  2960 ;;		wreg, fsr1l, fsr1h, fsr2l, fsr2h, status,2, status,0, cstack
  2961 ;; Tracked objects:
  2962 ;;		On entry : 0/0
  2963 ;;		On exit  : 0/0
  2964 ;;		Unchanged: 0/0
  2965 ;; Data sizes:     COMRAM   BANK0   BANK1   BANK2   BANK3   BANK4   BANK5
  2966 ;;      Params:         0       0       0       0       0       0       0
  2967 ;;      Locals:         0       0       0       0       0       0       0
  2968 ;;      Temps:          0       0       0       0       0       0       0
  2969 ;;      Totals:         0       0       0       0       0       0       0
  2970 ;;Total ram usage:        0 bytes
  2971 ;; Hardware stack levels required when called: 3
  2972 ;; This function calls:
  2973 ;;		_get_gear_pos
  2974 ;;		_get_speed
  2975 ;;		_init_config
  2976 ;; This function is called by:
  2977 ;;		Startup code after reset
  2978 ;; This function uses a non-reentrant model
  2979 ;;
  2980                           
  2981                           	psect	text0
  2982   0011A8                     __ptext0:
  2983                           	callstack 0
  2984   0011A8                     _main:
  2985                           	callstack 28
  2986   0011A8                     
  2987                           ;main.c: 11:     init_config();
  2988   0011A8  ECE7  F008         	call	_init_config	;wreg free
  2989   0011AC                     l2033:
  2990                           
  2991                           ;main.c: 13:         get_speed();
  2992   0011AC  EC05  F007         	call	_get_speed	;wreg free
  2993   0011B0                     
  2994                           ;main.c: 14:         get_gear_pos();
  2995   0011B0  ECA9  F006         	call	_get_gear_pos	;wreg free
  2996   0011B4  EFD6  F008         	goto	l2033
  2997   0011B8  EFFE  F017         	goto	start
  2998   0011BC                     __end_of_main:
  2999                           	callstack 0
  3000                           
  3001 ;; *************** function _init_config *****************
  3002 ;; Defined at:
  3003 ;;		line 5 in file "main.c"
  3004 ;; Parameters:    Size  Location     Type
  3005 ;;		None
  3006 ;; Auto vars:     Size  Location     Type
  3007 ;;		None
  3008 ;; Return value:  Size  Location     Type
  3009 ;;                  1    wreg      void 
  3010 ;; Registers used:
  3011 ;;		wreg, status,2, status,0, cstack
  3012 ;; Tracked objects:
  3013 ;;		On entry : 0/0
  3014 ;;		On exit  : 0/0
  3015 ;;		Unchanged: 0/0
  3016 ;; Data sizes:     COMRAM   BANK0   BANK1   BANK2   BANK3   BANK4   BANK5
  3017 ;;      Params:         0       0       0       0       0       0       0
  3018 ;;      Locals:         0       0       0       0       0       0       0
  3019 ;;      Temps:          0       0       0       0       0       0       0
  3020 ;;      Totals:         0       0       0       0       0       0       0
  3021 ;;Total ram usage:        0 bytes
  3022 ;; Hardware stack levels used: 1
  3023 ;; Hardware stack levels required when called: 1
  3024 ;; This function calls:
  3025 ;;		_init_adc
  3026 ;;		_init_can
  3027 ;;		_init_matrix_keypad
  3028 ;; This function is called by:
  3029 ;;		_main
  3030 ;; This function uses a non-reentrant model
  3031 ;;
  3032                           
  3033                           	psect	text1
  3034   0011CE                     __ptext1:
  3035                           	callstack 0
  3036   0011CE                     _init_config:
  3037                           	callstack 29
  3038   0011CE                     
  3039                           ;main.c: 6:     init_adc();
  3040   0011CE  ECB8  F008         	call	_init_adc	;wreg free
  3041   0011D2                     
  3042                           ;main.c: 7:     init_matrix_keypad();
  3043   0011D2  ECDE  F008         	call	_init_matrix_keypad	;wreg free
  3044   0011D6                     
  3045                           ;main.c: 8:     init_can();
  3046   0011D6  EC7C  F008         	call	_init_can	;wreg free
  3047   0011DA  0012               	return		;funcret
  3048   0011DC                     __end_of_init_config:
  3049                           	callstack 0
  3050                           
  3051 ;; *************** function _init_matrix_keypad *****************
  3052 ;; Defined at:
  3053 ;;		line 3 in file "matrix_keypad.c"
  3054 ;; Parameters:    Size  Location     Type
  3055 ;;		None
  3056 ;; Auto vars:     Size  Location     Type
  3057 ;;		None
  3058 ;; Return value:  Size  Location     Type
  3059 ;;                  1    wreg      void 
  3060 ;; Registers used:
  3061 ;;		wreg, status,2, status,0
  3062 ;; Tracked objects:
  3063 ;;		On entry : 0/0
  3064 ;;		On exit  : 0/0
  3065 ;;		Unchanged: 0/0
  3066 ;; Data sizes:     COMRAM   BANK0   BANK1   BANK2   BANK3   BANK4   BANK5
  3067 ;;      Params:         0       0       0       0       0       0       0
  3068 ;;      Locals:         0       0       0       0       0       0       0
  3069 ;;      Temps:          0       0       0       0       0       0       0
  3070 ;;      Totals:         0       0       0       0       0       0       0
  3071 ;;Total ram usage:        0 bytes
  3072 ;; Hardware stack levels used: 1
  3073 ;; This function calls:
  3074 ;;		Nothing
  3075 ;; This function is called by:
  3076 ;;		_init_config
  3077 ;; This function uses a non-reentrant model
  3078 ;;
  3079                           
  3080                           	psect	text2
  3081   0011BC                     __ptext2:
  3082                           	callstack 0
  3083   0011BC                     _init_matrix_keypad:
  3084                           	callstack 29
  3085   0011BC                     
  3086                           ;matrix_keypad.c: 5:     ADCON1 = 0x0F;
  3087   0011BC  0E0F               	movlw	15
  3088   0011BE  6EC1               	movwf	193,c	;volatile
  3089                           
  3090                           ;matrix_keypad.c: 6:     TRISB = 0x1E;
  3091   0011C0  0E1E               	movlw	30
  3092   0011C2  6E93               	movwf	147,c	;volatile
  3093   0011C4                     
  3094                           ;matrix_keypad.c: 7:     RBPU = 0;
  3095   0011C4  9EF1               	bcf	4081,7,c	;volatile
  3096   0011C6                     
  3097                           ;matrix_keypad.c: 8:     PORTB = PORTB | 0xE0;
  3098   0011C6  5081               	movf	129,w,c	;volatile
  3099   0011C8  09E0               	iorlw	224
  3100   0011CA  6E81               	movwf	129,c	;volatile
  3101   0011CC  0012               	return		;funcret
  3102   0011CE                     __end_of_init_matrix_keypad:
  3103                           	callstack 0
  3104                           
  3105 ;; *************** function _init_can *****************
  3106 ;; Defined at:
  3107 ;;		line 9 in file "can.c"
  3108 ;; Parameters:    Size  Location     Type
  3109 ;;		None
  3110 ;; Auto vars:     Size  Location     Type
  3111 ;;		None
  3112 ;; Return value:  Size  Location     Type
  3113 ;;                  1    wreg      void 
  3114 ;; Registers used:
  3115 ;;		wreg, status,2, status,0
  3116 ;; Tracked objects:
  3117 ;;		On entry : 0/0
  3118 ;;		On exit  : 0/0
  3119 ;;		Unchanged: 0/0
  3120 ;; Data sizes:     COMRAM   BANK0   BANK1   BANK2   BANK3   BANK4   BANK5
  3121 ;;      Params:         0       0       0       0       0       0       0
  3122 ;;      Locals:         0       0       0       0       0       0       0
  3123 ;;      Temps:          0       0       0       0       0       0       0
  3124 ;;      Totals:         0       0       0       0       0       0       0
  3125 ;;Total ram usage:        0 bytes
  3126 ;; Hardware stack levels used: 1
  3127 ;; This function calls:
  3128 ;;		Nothing
  3129 ;; This function is called by:
  3130 ;;		_init_config
  3131 ;; This function uses a non-reentrant model
  3132 ;;
  3133                           
  3134                           	psect	text3
  3135   0010F8                     __ptext3:
  3136                           	callstack 0
  3137   0010F8                     _init_can:
  3138                           	callstack 29
  3139   0010F8                     
  3140                           ;can.c: 10:     TRISB2 = 0;
  3141   0010F8  9493               	bcf	3987,2,c	;volatile
  3142                           
  3143                           ;can.c: 11:     TRISB3 = 1;
  3144   0010FA  8693               	bsf	3987,3,c	;volatile
  3145   0010FC                     
  3146                           ;can.c: 12:     { CANCON &= 0x1F; CANCON |= e_can_op_mode_config; };
  3147   0010FC  0E1F               	movlw	31
  3148   0010FE  166F               	andwf	111,f,c	;volatile
  3149   001100  8E6F               	bsf	111,7,c	;volatile
  3150   001102                     l1129:
  3151   001102  0E80               	movlw	128
  3152   001104  186E               	xorwf	110,w,c	;volatile
  3153   001106  A4D8               	btfss	status,2,c
  3154   001108  EF88  F008         	goto	u141
  3155   00110C  EF8A  F008         	goto	u140
  3156   001110                     u141:
  3157   001110  EF81  F008         	goto	l1129
  3158   001114                     u140:
  3159   001114                     
  3160                           ;can.c: 14:     ECANCON = 0x00;
  3161   001114  6A77               	clrf	119,c	;volatile
  3162   001116                     
  3163                           ;can.c: 15:     BRGCON1 = 0xE1;
  3164   001116  0EE1               	movlw	225
  3165   001118  6E70               	movwf	112,c	;volatile
  3166                           
  3167                           ;can.c: 16:     BRGCON2 = 0x1B;
  3168   00111A  0E1B               	movlw	27
  3169   00111C  6E71               	movwf	113,c	;volatile
  3170                           
  3171                           ;can.c: 17:     BRGCON3 = 0x03;
  3172   00111E  0E03               	movlw	3
  3173   001120  6E72               	movwf	114,c	;volatile
  3174   001122                     
  3175                           ;can.c: 19:     RXFCON0 = 0x00;
  3176   001122  010D               	movlb	13	; () banked
  3177   001124  6BD4               	clrf	212,b	;volatile
  3178   001126                     
  3179                           ; BSR set to: 13
  3180                           ;can.c: 20:     { CANCON &= 0x1F; CANCON |= e_can_op_mode_normal; };
  3181   001126  0E1F               	movlw	31
  3182   001128  166F               	andwf	111,f,c	;volatile
  3183   00112A                     
  3184                           ; BSR set to: 13
  3185   00112A  506F               	movf	111,w,c	;volatile
  3186   00112C                     
  3187                           ; BSR set to: 13
  3188                           ;can.c: 21:     RXB0CON = 0x00;
  3189   00112C  6A60               	clrf	96,c	;volatile
  3190   00112E                     
  3191                           ; BSR set to: 13
  3192                           ;can.c: 22:     RXB0CONbits.RXM0 = 1;
  3193   00112E  8A60               	bsf	96,5,c	;volatile
  3194   001130                     
  3195                           ; BSR set to: 13
  3196                           ;can.c: 23:     RXB0CONbits.RXM1 = 1;
  3197   001130  8C60               	bsf	96,6,c	;volatile
  3198   001132                     
  3199                           ; BSR set to: 13
  3200   001132  0012               	return		;funcret
  3201   001134                     __end_of_init_can:
  3202                           	callstack 0
  3203                           
  3204 ;; *************** function _init_adc *****************
  3205 ;; Defined at:
  3206 ;;		line 3 in file "adc.c"
  3207 ;; Parameters:    Size  Location     Type
  3208 ;;		None
  3209 ;; Auto vars:     Size  Location     Type
  3210 ;;		None
  3211 ;; Return value:  Size  Location     Type
  3212 ;;                  1    wreg      void 
  3213 ;; Registers used:
  3214 ;;		None
  3215 ;; Tracked objects:
  3216 ;;		On entry : 0/0
  3217 ;;		On exit  : 0/0
  3218 ;;		Unchanged: 0/0
  3219 ;; Data sizes:     COMRAM   BANK0   BANK1   BANK2   BANK3   BANK4   BANK5
  3220 ;;      Params:         0       0       0       0       0       0       0
  3221 ;;      Locals:         0       0       0       0       0       0       0
  3222 ;;      Temps:          0       0       0       0       0       0       0
  3223 ;;      Totals:         0       0       0       0       0       0       0
  3224 ;;Total ram usage:        0 bytes
  3225 ;; Hardware stack levels used: 1
  3226 ;; This function calls:
  3227 ;;		Nothing
  3228 ;; This function is called by:
  3229 ;;		_init_config
  3230 ;; This function uses a non-reentrant model
  3231 ;;
  3232                           
  3233                           	psect	text4
  3234   001170                     __ptext4:
  3235                           	callstack 0
  3236   001170                     _init_adc:
  3237                           	callstack 29
  3238   001170                     
  3239                           ;adc.c: 4:  ADFM = 1;
  3240   001170  8EC0               	bsf	4032,7,c	;volatile
  3241                           
  3242                           ;adc.c: 6:  ACQT2 = 0;
  3243   001172  9AC0               	bcf	4032,5,c	;volatile
  3244                           
  3245                           ;adc.c: 7:  ACQT1 = 1;
  3246   001174  88C0               	bsf	4032,4,c	;volatile
  3247                           
  3248                           ;adc.c: 8:  ACQT0 = 0;
  3249   001176  96C0               	bcf	4032,3,c	;volatile
  3250                           
  3251                           ;adc.c: 10:  ADCS0 = 0;
  3252   001178  90C0               	bcf	4032,0,c	;volatile
  3253                           
  3254                           ;adc.c: 11:  ADCS1 = 1;
  3255   00117A  82C0               	bsf	4032,1,c	;volatile
  3256                           
  3257                           ;adc.c: 12:  ADCS2 = 0;
  3258   00117C  94C0               	bcf	4032,2,c	;volatile
  3259                           
  3260                           ;adc.c: 13:  GODONE = 0;
  3261   00117E  92C2               	bcf	4034,1,c	;volatile
  3262                           
  3263                           ;adc.c: 14:  VCFG1 = 0;
  3264   001180  9AC1               	bcf	4033,5,c	;volatile
  3265                           
  3266                           ;adc.c: 15:  VCFG0 = 0;
  3267   001182  98C1               	bcf	4033,4,c	;volatile
  3268                           
  3269                           ;adc.c: 16:  ADRESH = 0;
  3270   001184  6AC4               	clrf	196,c	;volatile
  3271                           
  3272                           ;adc.c: 17:  ADRESL = 0;
  3273   001186  6AC3               	clrf	195,c	;volatile
  3274                           
  3275                           ;adc.c: 18:  ADON = 1;
  3276   001188  80C2               	bsf	4034,0,c	;volatile
  3277   00118A  0012               	return		;funcret
  3278   00118C                     __end_of_init_adc:
  3279                           	callstack 0
  3280                           
  3281 ;; *************** function _get_speed *****************
  3282 ;; Defined at:
  3283 ;;		line 17 in file "ecu1.c"
  3284 ;; Parameters:    Size  Location     Type
  3285 ;;		None
  3286 ;; Auto vars:     Size  Location     Type
  3287 ;;  str             3   57[COMRAM] unsigned char [3]
  3288 ;;  speed           2   60[COMRAM] unsigned short 
  3289 ;; Return value:  Size  Location     Type
  3290 ;;                  2    8[None  ] unsigned short 
  3291 ;; Registers used:
  3292 ;;		wreg, fsr1l, fsr1h, fsr2l, fsr2h, status,2, status,0, cstack
  3293 ;; Tracked objects:
  3294 ;;		On entry : 0/0
  3295 ;;		On exit  : 0/0
  3296 ;;		Unchanged: 0/0
  3297 ;; Data sizes:     COMRAM   BANK0   BANK1   BANK2   BANK3   BANK4   BANK5
  3298 ;;      Params:         0       0       0       0       0       0       0
  3299 ;;      Locals:         5       0       0       0       0       0       0
  3300 ;;      Temps:          1       0       0       0       0       0       0
  3301 ;;      Totals:         6       0       0       0       0       0       0
  3302 ;;Total ram usage:        6 bytes
  3303 ;; Hardware stack levels used: 1
  3304 ;; Hardware stack levels required when called: 1
  3305 ;; This function calls:
  3306 ;;		___fldiv
  3307 ;;		___fltol
  3308 ;;		___lwdiv
  3309 ;;		___lwmod
  3310 ;;		___xxtofl
  3311 ;;		_can_transmit
  3312 ;;		_read_adc
  3313 ;; This function is called by:
  3314 ;;		_main
  3315 ;; This function uses a non-reentrant model
  3316 ;;
  3317                           
  3318                           	psect	text5
  3319   000E0A                     __ptext5:
  3320                           	callstack 0
  3321   000E0A                     _get_speed:
  3322                           	callstack 29
  3323   000E0A                     
  3324                           ;ecu1.c: 19:     char str[3];;ecu1.c: 20:    unsigned short speed= read_adc(0x04)/10.33;
  3325   000E0A  0EAE               	movlw	174
  3326   000E0C  6E1A               	movwf	___fldiv@a^0,c
  3327   000E0E  0E47               	movlw	71
  3328   000E10  6E1B               	movwf	(___fldiv@a+1)^0,c
  3329   000E12  0E25               	movlw	37
  3330   000E14  6E1C               	movwf	(___fldiv@a+2)^0,c
  3331   000E16  0E41               	movlw	65
  3332   000E18  6E1D               	movwf	(___fldiv@a+3)^0,c
  3333   000E1A  0E04               	movlw	4
  3334   000E1C  EC37  F008         	call	_read_adc
  3335   000E20  C001  F008         	movff	?_read_adc,___xxtofl@val
  3336   000E24  C002  F009         	movff	?_read_adc+1,___xxtofl@val+1
  3337   000E28  6A0A               	clrf	(___xxtofl@val+2)^0,c
  3338   000E2A  6A0B               	clrf	(___xxtofl@val+3)^0,c
  3339   000E2C  0E00               	movlw	0
  3340   000E2E  ECC8  F004         	call	___xxtofl
  3341   000E32  C008  F016         	movff	?___xxtofl,___fldiv@b
  3342   000E36  C009  F017         	movff	?___xxtofl+1,___fldiv@b+1
  3343   000E3A  C00A  F018         	movff	?___xxtofl+2,___fldiv@b+2
  3344   000E3E  C00B  F019         	movff	?___xxtofl+3,___fldiv@b+3
  3345   000E42  EC01  F003         	call	___fldiv	;wreg free
  3346   000E46  C016  F02F         	movff	?___fldiv,___fltol@f1
  3347   000E4A  C017  F030         	movff	?___fldiv+1,___fltol@f1+1
  3348   000E4E  C018  F031         	movff	?___fldiv+2,___fltol@f1+2
  3349   000E52  C019  F032         	movff	?___fldiv+3,___fltol@f1+3
  3350   000E56  EC26  F006         	call	___fltol	;wreg free
  3351   000E5A  C02F  F03D         	movff	?___fltol,get_speed@speed
  3352   000E5E  C030  F03E         	movff	?___fltol+1,get_speed@speed+1
  3353                           
  3354                           ;ecu1.c: 21:    str[0]=(speed/10)+48;
  3355   000E62  C03D  F001         	movff	get_speed@speed,___lwdiv@dividend
  3356   000E66  C03E  F002         	movff	get_speed@speed+1,___lwdiv@dividend+1
  3357   000E6A  6A04               	clrf	(___lwdiv@divisor+1)^0,c
  3358   000E6C  0E0A               	movlw	10
  3359   000E6E  6E03               	movwf	___lwdiv@divisor^0,c
  3360   000E70  EC95  F007         	call	___lwdiv	;wreg free
  3361   000E74  5001               	movf	?___lwdiv^0,w,c
  3362   000E76  0F30               	addlw	48
  3363   000E78  6E3A               	movwf	get_speed@str^0,c
  3364                           
  3365                           ;ecu1.c: 22:    str[1]=(speed%10)+48;
  3366   000E7A  C03D  F001         	movff	get_speed@speed,___lwmod@dividend
  3367   000E7E  C03E  F002         	movff	get_speed@speed+1,___lwmod@dividend+1
  3368   000E82  6A04               	clrf	(___lwmod@divisor+1)^0,c
  3369   000E84  0E0A               	movlw	10
  3370   000E86  6E03               	movwf	___lwmod@divisor^0,c
  3371   000E88  EC05  F008         	call	___lwmod	;wreg free
  3372   000E8C  5001               	movf	?___lwmod^0,w,c
  3373   000E8E  0F30               	addlw	48
  3374   000E90  6E3B               	movwf	(get_speed@str+1)^0,c
  3375   000E92                     
  3376                           ;ecu1.c: 23:    str[2]='\0';
  3377   000E92  6A3C               	clrf	(get_speed@str+2)^0,c
  3378   000E94                     
  3379                           ;ecu1.c: 24:    can_transmit(0x10 ,(const uint8_t*)str,2);
  3380   000E94  6A06               	clrf	(can_transmit@msg_id+1)^0,c
  3381   000E96  0E10               	movlw	16
  3382   000E98  6E05               	movwf	can_transmit@msg_id^0,c
  3383   000E9A  0E3A               	movlw	low get_speed@str
  3384   000E9C  6E07               	movwf	can_transmit@data^0,c
  3385   000E9E  0E02               	movlw	2
  3386   000EA0  6E08               	movwf	can_transmit@len^0,c
  3387   000EA2  ECCE  F007         	call	_can_transmit	;wreg free
  3388   000EA6                     
  3389                           ;ecu1.c: 25:    _delay((unsigned long)((20)*(8000000/4000.0)));
  3390   000EA6  0E34               	movlw	52
  3391   000EA8  6E39               	movwf	??_get_speed^0,c
  3392   000EAA  0EF2               	movlw	242
  3393   000EAC                     u1507:
  3394   000EAC  2EE8               	decfsz	wreg,f,c
  3395   000EAE  D7FE               	bra	u1507
  3396   000EB0  2E39               	decfsz	??_get_speed^0,f,c
  3397   000EB2  D7FC               	bra	u1507
  3398   000EB4  0012               	return		;funcret
  3399   000EB6                     __end_of_get_speed:
  3400                           	callstack 0
  3401                           
  3402 ;; *************** function _read_adc *****************
  3403 ;; Defined at:
  3404 ;;		line 20 in file "adc.c"
  3405 ;; Parameters:    Size  Location     Type
  3406 ;;  channel         1    wreg     unsigned char 
  3407 ;; Auto vars:     Size  Location     Type
  3408 ;;  channel         1    6[COMRAM] unsigned char 
  3409 ;;  reg_val         2    4[COMRAM] unsigned short 
  3410 ;; Return value:  Size  Location     Type
  3411 ;;                  2    0[COMRAM] unsigned short 
  3412 ;; Registers used:
  3413 ;;		wreg, status,2, status,0
  3414 ;; Tracked objects:
  3415 ;;		On entry : 0/0
  3416 ;;		On exit  : 0/0
  3417 ;;		Unchanged: 0/0
  3418 ;; Data sizes:     COMRAM   BANK0   BANK1   BANK2   BANK3   BANK4   BANK5
  3419 ;;      Params:         2       0       0       0       0       0       0
  3420 ;;      Locals:         3       0       0       0       0       0       0
  3421 ;;      Temps:          2       0       0       0       0       0       0
  3422 ;;      Totals:         7       0       0       0       0       0       0
  3423 ;;Total ram usage:        7 bytes
  3424 ;; Hardware stack levels used: 1
  3425 ;; This function calls:
  3426 ;;		Nothing
  3427 ;; This function is called by:
  3428 ;;		_get_speed
  3429 ;; This function uses a non-reentrant model
  3430 ;;
  3431                           
  3432                           	psect	text6
  3433   00106E                     __ptext6:
  3434                           	callstack 0
  3435   00106E                     _read_adc:
  3436                           	callstack 29
  3437                           
  3438                           ;incstack = 0
  3439                           ;read_adc@channel stored from wreg
  3440   00106E  6E07               	movwf	read_adc@channel^0,c
  3441   001070                     
  3442                           ;adc.c: 21:  unsigned short reg_val;;adc.c: 22:  ADCON0 = (ADCON0 & 0xC3) | (channel << 
      +                          2);
  3443   001070  C007  F003         	movff	read_adc@channel,??_read_adc
  3444   001074  90D8               	bcf	status,0,c
  3445   001076  3603               	rlcf	??_read_adc^0,f,c
  3446   001078  90D8               	bcf	status,0,c
  3447   00107A  3603               	rlcf	??_read_adc^0,f,c
  3448   00107C  50C2               	movf	194,w,c	;volatile
  3449   00107E  0BC3               	andlw	195
  3450   001080  1003               	iorwf	??_read_adc^0,w,c
  3451   001082  6EC2               	movwf	194,c	;volatile
  3452   001084                     
  3453                           ;adc.c: 23:  GO = 1;
  3454   001084  82C2               	bsf	4034,1,c	;volatile
  3455   001086                     l57:
  3456   001086  B2C2               	btfsc	4034,1,c	;volatile
  3457   001088  EF48  F008         	goto	u921
  3458   00108C  EF4A  F008         	goto	u920
  3459   001090                     u921:
  3460   001090  EF43  F008         	goto	l57
  3461   001094                     u920:
  3462   001094                     
  3463                           ;adc.c: 25:  reg_val = (ADRESH << 8) | ADRESL;
  3464   001094  50C3               	movf	195,w,c	;volatile
  3465   001096  CFC4 F003          	movff	4036,??_read_adc	;volatile
  3466   00109A  6A04               	clrf	(??_read_adc+1)^0,c
  3467   00109C  C003  F004         	movff	??_read_adc,??_read_adc+1
  3468   0010A0  6A03               	clrf	??_read_adc^0,c
  3469   0010A2  1003               	iorwf	??_read_adc^0,w,c
  3470   0010A4  6E05               	movwf	read_adc@reg_val^0,c
  3471   0010A6  5004               	movf	(??_read_adc+1)^0,w,c
  3472   0010A8  6E06               	movwf	(read_adc@reg_val+1)^0,c
  3473   0010AA                     
  3474                           ;adc.c: 26:  return reg_val;
  3475   0010AA  C005  F001         	movff	read_adc@reg_val,?_read_adc
  3476   0010AE  C006  F002         	movff	read_adc@reg_val+1,?_read_adc+1
  3477   0010B2  0012               	return		;funcret
  3478   0010B4                     __end_of_read_adc:
  3479                           	callstack 0
  3480                           
  3481 ;; *************** function ___xxtofl *****************
  3482 ;; Defined at:
  3483 ;;		line 10 in file "C:\Program Files\Microchip\xc8\v3.10\pic\sources\c99\common\xxtofl.c"
  3484 ;; Parameters:    Size  Location     Type
  3485 ;;  sign            1    wreg     unsigned char 
  3486 ;;  val             4    7[COMRAM] long 
  3487 ;; Auto vars:     Size  Location     Type
  3488 ;;  sign            1   15[COMRAM] unsigned char 
  3489 ;;  arg             4   17[COMRAM] unsigned long 
  3490 ;;  exp             1   16[COMRAM] unsigned char 
  3491 ;; Return value:  Size  Location     Type
  3492 ;;                  4    7[COMRAM] unsigned char 
  3493 ;; Registers used:
  3494 ;;		wreg, status,2, status,0
  3495 ;; Tracked objects:
  3496 ;;		On entry : 0/0
  3497 ;;		On exit  : 0/0
  3498 ;;		Unchanged: 0/0
  3499 ;; Data sizes:     COMRAM   BANK0   BANK1   BANK2   BANK3   BANK4   BANK5
  3500 ;;      Params:         4       0       0       0       0       0       0
  3501 ;;      Locals:         6       0       0       0       0       0       0
  3502 ;;      Temps:          4       0       0       0       0       0       0
  3503 ;;      Totals:        14       0       0       0       0       0       0
  3504 ;;Total ram usage:       14 bytes
  3505 ;; Hardware stack levels used: 1
  3506 ;; This function calls:
  3507 ;;		Nothing
  3508 ;; This function is called by:
  3509 ;;		_get_speed
  3510 ;; This function uses a non-reentrant model
  3511 ;;
  3512                           
  3513                           	psect	text7
  3514   000990                     __ptext7:
  3515                           	callstack 0
  3516   000990                     ___xxtofl:
  3517                           	callstack 29
  3518                           
  3519                           ;incstack = 0
  3520                           ;___xxtofl@sign stored from wreg
  3521   000990  6E10               	movwf	___xxtofl@sign^0,c
  3522   000992  5010               	movf	___xxtofl@sign^0,w,c
  3523   000994  B4D8               	btfsc	status,2,c
  3524   000996  EFCF  F004         	goto	u1351
  3525   00099A  EFD1  F004         	goto	u1350
  3526   00099E                     u1351:
  3527   00099E  EFF3  F004         	goto	l1023
  3528   0009A2                     u1350:
  3529   0009A2  BE0B               	btfsc	(___xxtofl@val+3)^0,7,c
  3530   0009A4  EFD8  F004         	goto	u1360
  3531   0009A8  EFD6  F004         	goto	u1361
  3532   0009AC                     u1361:
  3533   0009AC  EFF3  F004         	goto	l1023
  3534   0009B0                     u1360:
  3535   0009B0  C008  F00C         	movff	___xxtofl@val,??___xxtofl
  3536   0009B4  C009  F00D         	movff	___xxtofl@val+1,??___xxtofl+1
  3537   0009B8  C00A  F00E         	movff	___xxtofl@val+2,??___xxtofl+2
  3538   0009BC  C00B  F00F         	movff	___xxtofl@val+3,??___xxtofl+3
  3539   0009C0  1E0C               	comf	??___xxtofl^0,f,c
  3540   0009C2  1E0D               	comf	(??___xxtofl+1)^0,f,c
  3541   0009C4  1E0E               	comf	(??___xxtofl+2)^0,f,c
  3542   0009C6  1E0F               	comf	(??___xxtofl+3)^0,f,c
  3543   0009C8  2A0C               	incf	??___xxtofl^0,f,c
  3544   0009CA  0E00               	movlw	0
  3545   0009CC  220D               	addwfc	(??___xxtofl+1)^0,f,c
  3546   0009CE  220E               	addwfc	(??___xxtofl+2)^0,f,c
  3547   0009D0  220F               	addwfc	(??___xxtofl+3)^0,f,c
  3548   0009D2  C00C  F012         	movff	??___xxtofl,___xxtofl@arg
  3549   0009D6  C00D  F013         	movff	??___xxtofl+1,___xxtofl@arg+1
  3550   0009DA  C00E  F014         	movff	??___xxtofl+2,___xxtofl@arg+2
  3551   0009DE  C00F  F015         	movff	??___xxtofl+3,___xxtofl@arg+3
  3552   0009E2  EFFB  F004         	goto	l1957
  3553   0009E6                     l1023:
  3554   0009E6  C008  F012         	movff	___xxtofl@val,___xxtofl@arg
  3555   0009EA  C009  F013         	movff	___xxtofl@val+1,___xxtofl@arg+1
  3556   0009EE  C00A  F014         	movff	___xxtofl@val+2,___xxtofl@arg+2
  3557   0009F2  C00B  F015         	movff	___xxtofl@val+3,___xxtofl@arg+3
  3558   0009F6                     l1957:
  3559   0009F6  5008               	movf	___xxtofl@val^0,w,c
  3560   0009F8  1009               	iorwf	(___xxtofl@val+1)^0,w,c
  3561   0009FA  100A               	iorwf	(___xxtofl@val+2)^0,w,c
  3562   0009FC  100B               	iorwf	(___xxtofl@val+3)^0,w,c
  3563   0009FE  A4D8               	btfss	status,2,c
  3564   000A00  EF04  F005         	goto	u1371
  3565   000A04  EF06  F005         	goto	u1370
  3566   000A08                     u1371:
  3567   000A08  EF10  F005         	goto	l1963
  3568   000A0C                     u1370:
  3569   000A0C  0E00               	movlw	0
  3570   000A0E  6E08               	movwf	?___xxtofl^0,c
  3571   000A10  0E00               	movlw	0
  3572   000A12  6E09               	movwf	(?___xxtofl+1)^0,c
  3573   000A14  0E00               	movlw	0
  3574   000A16  6E0A               	movwf	(?___xxtofl+2)^0,c
  3575   000A18  0E00               	movlw	0
  3576   000A1A  6E0B               	movwf	(?___xxtofl+3)^0,c
  3577   000A1C  EFA1  F005         	goto	l1026
  3578   000A20                     l1963:
  3579   000A20  0E96               	movlw	150
  3580   000A22  6E11               	movwf	___xxtofl@exp^0,c
  3581   000A24  EF1A  F005         	goto	l1967
  3582   000A28                     l1965:
  3583   000A28  2A11               	incf	___xxtofl@exp^0,f,c
  3584   000A2A  90D8               	bcf	status,0,c
  3585   000A2C  3215               	rrcf	(___xxtofl@arg+3)^0,f,c
  3586   000A2E  3214               	rrcf	(___xxtofl@arg+2)^0,f,c
  3587   000A30  3213               	rrcf	(___xxtofl@arg+1)^0,f,c
  3588   000A32  3212               	rrcf	___xxtofl@arg^0,f,c
  3589   000A34                     l1967:
  3590   000A34  0E00               	movlw	0
  3591   000A36  1412               	andwf	___xxtofl@arg^0,w,c
  3592   000A38  6E0C               	movwf	??___xxtofl^0,c
  3593   000A3A  0E00               	movlw	0
  3594   000A3C  1413               	andwf	(___xxtofl@arg+1)^0,w,c
  3595   000A3E  6E0D               	movwf	(??___xxtofl+1)^0,c
  3596   000A40  0E00               	movlw	0
  3597   000A42  1414               	andwf	(___xxtofl@arg+2)^0,w,c
  3598   000A44  6E0E               	movwf	(??___xxtofl+2)^0,c
  3599   000A46  0EFE               	movlw	254
  3600   000A48  1415               	andwf	(___xxtofl@arg+3)^0,w,c
  3601   000A4A  6E0F               	movwf	(??___xxtofl+3)^0,c
  3602   000A4C  500C               	movf	??___xxtofl^0,w,c
  3603   000A4E  100D               	iorwf	(??___xxtofl+1)^0,w,c
  3604   000A50  100E               	iorwf	(??___xxtofl+2)^0,w,c
  3605   000A52  100F               	iorwf	(??___xxtofl+3)^0,w,c
  3606   000A54  A4D8               	btfss	status,2,c
  3607   000A56  EF2F  F005         	goto	u1381
  3608   000A5A  EF31  F005         	goto	u1380
  3609   000A5E                     u1381:
  3610   000A5E  EF14  F005         	goto	l1965
  3611   000A62                     u1380:
  3612   000A62  EF3F  F005         	goto	l1030
  3613   000A66                     l1969:
  3614   000A66  2A11               	incf	___xxtofl@exp^0,f,c
  3615   000A68  0E01               	movlw	1
  3616   000A6A  2612               	addwf	___xxtofl@arg^0,f,c
  3617   000A6C  0E00               	movlw	0
  3618   000A6E  2213               	addwfc	(___xxtofl@arg+1)^0,f,c
  3619   000A70  2214               	addwfc	(___xxtofl@arg+2)^0,f,c
  3620   000A72  2215               	addwfc	(___xxtofl@arg+3)^0,f,c
  3621   000A74  90D8               	bcf	status,0,c
  3622   000A76  3215               	rrcf	(___xxtofl@arg+3)^0,f,c
  3623   000A78  3214               	rrcf	(___xxtofl@arg+2)^0,f,c
  3624   000A7A  3213               	rrcf	(___xxtofl@arg+1)^0,f,c
  3625   000A7C  3212               	rrcf	___xxtofl@arg^0,f,c
  3626   000A7E                     l1030:
  3627   000A7E  0E00               	movlw	0
  3628   000A80  1412               	andwf	___xxtofl@arg^0,w,c
  3629   000A82  6E0C               	movwf	??___xxtofl^0,c
  3630   000A84  0E00               	movlw	0
  3631   000A86  1413               	andwf	(___xxtofl@arg+1)^0,w,c
  3632   000A88  6E0D               	movwf	(??___xxtofl+1)^0,c
  3633   000A8A  0E00               	movlw	0
  3634   000A8C  1414               	andwf	(___xxtofl@arg+2)^0,w,c
  3635   000A8E  6E0E               	movwf	(??___xxtofl+2)^0,c
  3636   000A90  0EFF               	movlw	255
  3637   000A92  1415               	andwf	(___xxtofl@arg+3)^0,w,c
  3638   000A94  6E0F               	movwf	(??___xxtofl+3)^0,c
  3639   000A96  500C               	movf	??___xxtofl^0,w,c
  3640   000A98  100D               	iorwf	(??___xxtofl+1)^0,w,c
  3641   000A9A  100E               	iorwf	(??___xxtofl+2)^0,w,c
  3642   000A9C  100F               	iorwf	(??___xxtofl+3)^0,w,c
  3643   000A9E  A4D8               	btfss	status,2,c
  3644   000AA0  EF54  F005         	goto	u1391
  3645   000AA4  EF56  F005         	goto	u1390
  3646   000AA8                     u1391:
  3647   000AA8  EF33  F005         	goto	l1969
  3648   000AAC                     u1390:
  3649   000AAC  EF5E  F005         	goto	l1977
  3650   000AB0                     l1975:
  3651   000AB0  0611               	decf	___xxtofl@exp^0,f,c
  3652   000AB2  90D8               	bcf	status,0,c
  3653   000AB4  3612               	rlcf	___xxtofl@arg^0,f,c
  3654   000AB6  3613               	rlcf	(___xxtofl@arg+1)^0,f,c
  3655   000AB8  3614               	rlcf	(___xxtofl@arg+2)^0,f,c
  3656   000ABA  3615               	rlcf	(___xxtofl@arg+3)^0,f,c
  3657   000ABC                     l1977:
  3658   000ABC  BE14               	btfsc	(___xxtofl@arg+2)^0,7,c
  3659   000ABE  EF63  F005         	goto	u1401
  3660   000AC2  EF65  F005         	goto	u1400
  3661   000AC6                     u1401:
  3662   000AC6  EF6D  F005         	goto	l1037
  3663   000ACA                     u1400:
  3664   000ACA  0E02               	movlw	2
  3665   000ACC  6011               	cpfslt	___xxtofl@exp^0,c
  3666   000ACE  EF6B  F005         	goto	u1411
  3667   000AD2  EF6D  F005         	goto	u1410
  3668   000AD6                     u1411:
  3669   000AD6  EF58  F005         	goto	l1975
  3670   000ADA                     u1410:
  3671   000ADA                     l1037:
  3672   000ADA  B011               	btfsc	___xxtofl@exp^0,0,c
  3673   000ADC  EF72  F005         	goto	u1421
  3674   000AE0  EF74  F005         	goto	u1420
  3675   000AE4                     u1421:
  3676   000AE4  EF75  F005         	goto	l1983
  3677   000AE8                     u1420:
  3678   000AE8  9E14               	bcf	(___xxtofl@arg+2)^0,7,c
  3679   000AEA                     l1983:
  3680   000AEA  90D8               	bcf	status,0,c
  3681   000AEC  3211               	rrcf	___xxtofl@exp^0,f,c
  3682   000AEE  C011  F00C         	movff	___xxtofl@exp,??___xxtofl
  3683   000AF2  6A0D               	clrf	(??___xxtofl+1)^0,c
  3684   000AF4  6A0E               	clrf	(??___xxtofl+2)^0,c
  3685   000AF6  6A0F               	clrf	(??___xxtofl+3)^0,c
  3686   000AF8  C00C  F00F         	movff	??___xxtofl,??___xxtofl+3
  3687   000AFC  6A0E               	clrf	(??___xxtofl+2)^0,c
  3688   000AFE  6A0D               	clrf	(??___xxtofl+1)^0,c
  3689   000B00  6A0C               	clrf	??___xxtofl^0,c
  3690   000B02  500C               	movf	??___xxtofl^0,w,c
  3691   000B04  1212               	iorwf	___xxtofl@arg^0,f,c
  3692   000B06  500D               	movf	(??___xxtofl+1)^0,w,c
  3693   000B08  1213               	iorwf	(___xxtofl@arg+1)^0,f,c
  3694   000B0A  500E               	movf	(??___xxtofl+2)^0,w,c
  3695   000B0C  1214               	iorwf	(___xxtofl@arg+2)^0,f,c
  3696   000B0E  500F               	movf	(??___xxtofl+3)^0,w,c
  3697   000B10  1215               	iorwf	(___xxtofl@arg+3)^0,f,c
  3698   000B12  5010               	movf	___xxtofl@sign^0,w,c
  3699   000B14  B4D8               	btfsc	status,2,c
  3700   000B16  EF8F  F005         	goto	u1431
  3701   000B1A  EF91  F005         	goto	u1430
  3702   000B1E                     u1431:
  3703   000B1E  EF99  F005         	goto	l1993
  3704   000B22                     u1430:
  3705   000B22  BE0B               	btfsc	(___xxtofl@val+3)^0,7,c
  3706   000B24  EF98  F005         	goto	u1440
  3707   000B28  EF96  F005         	goto	u1441
  3708   000B2C                     u1441:
  3709   000B2C  EF99  F005         	goto	l1993
  3710   000B30                     u1440:
  3711   000B30  8E15               	bsf	(___xxtofl@arg+3)^0,7,c
  3712   000B32                     l1993:
  3713   000B32  C012  F008         	movff	___xxtofl@arg,?___xxtofl
  3714   000B36  C013  F009         	movff	___xxtofl@arg+1,?___xxtofl+1
  3715   000B3A  C014  F00A         	movff	___xxtofl@arg+2,?___xxtofl+2
  3716   000B3E  C015  F00B         	movff	___xxtofl@arg+3,?___xxtofl+3
  3717   000B42                     l1026:
  3718   000B42  0012               	return		;funcret
  3719   000B44                     __end_of___xxtofl:
  3720                           	callstack 0
  3721                           
  3722 ;; *************** function ___lwmod *****************
  3723 ;; Defined at:
  3724 ;;		line 7 in file "C:\Program Files\Microchip\xc8\v3.10\pic\sources\c99\common\lwmod.c"
  3725 ;; Parameters:    Size  Location     Type
  3726 ;;  dividend        2    0[COMRAM] unsigned int 
  3727 ;;  divisor         2    2[COMRAM] unsigned int 
  3728 ;; Auto vars:     Size  Location     Type
  3729 ;;  counter         1    4[COMRAM] unsigned char 
  3730 ;; Return value:  Size  Location     Type
  3731 ;;                  2    0[COMRAM] unsigned int 
  3732 ;; Registers used:
  3733 ;;		wreg, status,2, status,0
  3734 ;; Tracked objects:
  3735 ;;		On entry : 0/0
  3736 ;;		On exit  : 0/0
  3737 ;;		Unchanged: 0/0
  3738 ;; Data sizes:     COMRAM   BANK0   BANK1   BANK2   BANK3   BANK4   BANK5
  3739 ;;      Params:         4       0       0       0       0       0       0
  3740 ;;      Locals:         1       0       0       0       0       0       0
  3741 ;;      Temps:          0       0       0       0       0       0       0
  3742 ;;      Totals:         5       0       0       0       0       0       0
  3743 ;;Total ram usage:        5 bytes
  3744 ;; Hardware stack levels used: 1
  3745 ;; This function calls:
  3746 ;;		Nothing
  3747 ;; This function is called by:
  3748 ;;		_get_speed
  3749 ;; This function uses a non-reentrant model
  3750 ;;
  3751                           
  3752                           	psect	text8
  3753   00100A                     __ptext8:
  3754                           	callstack 0
  3755   00100A                     ___lwmod:
  3756                           	callstack 29
  3757   00100A  5003               	movf	___lwmod@divisor^0,w,c
  3758   00100C  1004               	iorwf	(___lwmod@divisor+1)^0,w,c
  3759   00100E  B4D8               	btfsc	status,2,c
  3760   001010  EF0C  F008         	goto	u1251
  3761   001014  EF0E  F008         	goto	u1250
  3762   001018                     u1251:
  3763   001018  EF32  F008         	goto	l869
  3764   00101C                     u1250:
  3765   00101C  0E01               	movlw	1
  3766   00101E  6E05               	movwf	___lwmod@counter^0,c
  3767   001020  EF16  F008         	goto	l1897
  3768   001024                     l1895:
  3769   001024  90D8               	bcf	status,0,c
  3770   001026  3603               	rlcf	___lwmod@divisor^0,f,c
  3771   001028  3604               	rlcf	(___lwmod@divisor+1)^0,f,c
  3772   00102A  2A05               	incf	___lwmod@counter^0,f,c
  3773   00102C                     l1897:
  3774   00102C  AE04               	btfss	(___lwmod@divisor+1)^0,7,c
  3775   00102E  EF1B  F008         	goto	u1261
  3776   001032  EF1D  F008         	goto	u1260
  3777   001036                     u1261:
  3778   001036  EF12  F008         	goto	l1895
  3779   00103A                     u1260:
  3780   00103A                     l1899:
  3781   00103A  5003               	movf	___lwmod@divisor^0,w,c
  3782   00103C  5C01               	subwf	___lwmod@dividend^0,w,c
  3783   00103E  5004               	movf	(___lwmod@divisor+1)^0,w,c
  3784   001040  5802               	subwfb	(___lwmod@dividend+1)^0,w,c
  3785   001042  A0D8               	btfss	status,0,c
  3786   001044  EF26  F008         	goto	u1271
  3787   001048  EF28  F008         	goto	u1270
  3788   00104C                     u1271:
  3789   00104C  EF2C  F008         	goto	l1903
  3790   001050                     u1270:
  3791   001050  5003               	movf	___lwmod@divisor^0,w,c
  3792   001052  5E01               	subwf	___lwmod@dividend^0,f,c
  3793   001054  5004               	movf	(___lwmod@divisor+1)^0,w,c
  3794   001056  5A02               	subwfb	(___lwmod@dividend+1)^0,f,c
  3795   001058                     l1903:
  3796   001058  90D8               	bcf	status,0,c
  3797   00105A  3204               	rrcf	(___lwmod@divisor+1)^0,f,c
  3798   00105C  3203               	rrcf	___lwmod@divisor^0,f,c
  3799   00105E  2E05               	decfsz	___lwmod@counter^0,f,c
  3800   001060  EF1D  F008         	goto	l1899
  3801   001064                     l869:
  3802   001064  C001  F001         	movff	___lwmod@dividend,?___lwmod
  3803   001068  C002  F002         	movff	___lwmod@dividend+1,?___lwmod+1
  3804   00106C  0012               	return		;funcret
  3805   00106E                     __end_of___lwmod:
  3806                           	callstack 0
  3807                           
  3808 ;; *************** function ___lwdiv *****************
  3809 ;; Defined at:
  3810 ;;		line 7 in file "C:\Program Files\Microchip\xc8\v3.10\pic\sources\c99\common\lwdiv.c"
  3811 ;; Parameters:    Size  Location     Type
  3812 ;;  dividend        2    0[COMRAM] unsigned int 
  3813 ;;  divisor         2    2[COMRAM] unsigned int 
  3814 ;; Auto vars:     Size  Location     Type
  3815 ;;  quotient        2    4[COMRAM] unsigned int 
  3816 ;;  counter         1    6[COMRAM] unsigned char 
  3817 ;; Return value:  Size  Location     Type
  3818 ;;                  2    0[COMRAM] unsigned int 
  3819 ;; Registers used:
  3820 ;;		wreg, status,2, status,0
  3821 ;; Tracked objects:
  3822 ;;		On entry : 0/0
  3823 ;;		On exit  : 0/0
  3824 ;;		Unchanged: 0/0
  3825 ;; Data sizes:     COMRAM   BANK0   BANK1   BANK2   BANK3   BANK4   BANK5
  3826 ;;      Params:         4       0       0       0       0       0       0
  3827 ;;      Locals:         3       0       0       0       0       0       0
  3828 ;;      Temps:          0       0       0       0       0       0       0
  3829 ;;      Totals:         7       0       0       0       0       0       0
  3830 ;;Total ram usage:        7 bytes
  3831 ;; Hardware stack levels used: 1
  3832 ;; This function calls:
  3833 ;;		Nothing
  3834 ;; This function is called by:
  3835 ;;		_get_speed
  3836 ;; This function uses a non-reentrant model
  3837 ;;
  3838                           
  3839                           	psect	text9
  3840   000F2A                     __ptext9:
  3841                           	callstack 0
  3842   000F2A                     ___lwdiv:
  3843                           	callstack 29
  3844   000F2A  6A06               	clrf	(___lwdiv@quotient+1)^0,c
  3845   000F2C  0E00               	movlw	0
  3846   000F2E  6E05               	movwf	___lwdiv@quotient^0,c
  3847   000F30  5003               	movf	___lwdiv@divisor^0,w,c
  3848   000F32  1004               	iorwf	(___lwdiv@divisor+1)^0,w,c
  3849   000F34  B4D8               	btfsc	status,2,c
  3850   000F36  EF9F  F007         	goto	u1221
  3851   000F3A  EFA1  F007         	goto	u1220
  3852   000F3E                     u1221:
  3853   000F3E  EFC9  F007         	goto	l859
  3854   000F42                     u1220:
  3855   000F42  0E01               	movlw	1
  3856   000F44  6E07               	movwf	___lwdiv@counter^0,c
  3857   000F46  EFA9  F007         	goto	l1877
  3858   000F4A                     l1875:
  3859   000F4A  90D8               	bcf	status,0,c
  3860   000F4C  3603               	rlcf	___lwdiv@divisor^0,f,c
  3861   000F4E  3604               	rlcf	(___lwdiv@divisor+1)^0,f,c
  3862   000F50  2A07               	incf	___lwdiv@counter^0,f,c
  3863   000F52                     l1877:
  3864   000F52  AE04               	btfss	(___lwdiv@divisor+1)^0,7,c
  3865   000F54  EFAE  F007         	goto	u1231
  3866   000F58  EFB0  F007         	goto	u1230
  3867   000F5C                     u1231:
  3868   000F5C  EFA5  F007         	goto	l1875
  3869   000F60                     u1230:
  3870   000F60                     l1879:
  3871   000F60  90D8               	bcf	status,0,c
  3872   000F62  3605               	rlcf	___lwdiv@quotient^0,f,c
  3873   000F64  3606               	rlcf	(___lwdiv@quotient+1)^0,f,c
  3874   000F66  5003               	movf	___lwdiv@divisor^0,w,c
  3875   000F68  5C01               	subwf	___lwdiv@dividend^0,w,c
  3876   000F6A  5004               	movf	(___lwdiv@divisor+1)^0,w,c
  3877   000F6C  5802               	subwfb	(___lwdiv@dividend+1)^0,w,c
  3878   000F6E  A0D8               	btfss	status,0,c
  3879   000F70  EFBC  F007         	goto	u1241
  3880   000F74  EFBE  F007         	goto	u1240
  3881   000F78                     u1241:
  3882   000F78  EFC3  F007         	goto	l1887
  3883   000F7C                     u1240:
  3884   000F7C  5003               	movf	___lwdiv@divisor^0,w,c
  3885   000F7E  5E01               	subwf	___lwdiv@dividend^0,f,c
  3886   000F80  5004               	movf	(___lwdiv@divisor+1)^0,w,c
  3887   000F82  5A02               	subwfb	(___lwdiv@dividend+1)^0,f,c
  3888   000F84  8005               	bsf	___lwdiv@quotient^0,0,c
  3889   000F86                     l1887:
  3890   000F86  90D8               	bcf	status,0,c
  3891   000F88  3204               	rrcf	(___lwdiv@divisor+1)^0,f,c
  3892   000F8A  3203               	rrcf	___lwdiv@divisor^0,f,c
  3893   000F8C  2E07               	decfsz	___lwdiv@counter^0,f,c
  3894   000F8E  EFB0  F007         	goto	l1879
  3895   000F92                     l859:
  3896   000F92  C005  F001         	movff	___lwdiv@quotient,?___lwdiv
  3897   000F96  C006  F002         	movff	___lwdiv@quotient+1,?___lwdiv+1
  3898   000F9A  0012               	return		;funcret
  3899   000F9C                     __end_of___lwdiv:
  3900                           	callstack 0
  3901                           
  3902 ;; *************** function ___fltol *****************
  3903 ;; Defined at:
  3904 ;;		line 43 in file "C:\Program Files\Microchip\xc8\v3.10\pic\sources\c99\common\fltol.c"
  3905 ;; Parameters:    Size  Location     Type
  3906 ;;  f1              4   46[COMRAM] unsigned int 
  3907 ;; Auto vars:     Size  Location     Type
  3908 ;;  exp1            1   55[COMRAM] unsigned char 
  3909 ;;  sign1           1   54[COMRAM] unsigned char 
  3910 ;; Return value:  Size  Location     Type
  3911 ;;                  4   46[COMRAM] long 
  3912 ;; Registers used:
  3913 ;;		wreg, status,2, status,0
  3914 ;; Tracked objects:
  3915 ;;		On entry : 0/0
  3916 ;;		On exit  : 0/0
  3917 ;;		Unchanged: 0/0
  3918 ;; Data sizes:     COMRAM   BANK0   BANK1   BANK2   BANK3   BANK4   BANK5
  3919 ;;      Params:         4       0       0       0       0       0       0
  3920 ;;      Locals:         2       0       0       0       0       0       0
  3921 ;;      Temps:          4       0       0       0       0       0       0
  3922 ;;      Totals:        10       0       0       0       0       0       0
  3923 ;;Total ram usage:       10 bytes
  3924 ;; Hardware stack levels used: 1
  3925 ;; This function calls:
  3926 ;;		Nothing
  3927 ;; This function is called by:
  3928 ;;		_get_speed
  3929 ;; This function uses a non-reentrant model
  3930 ;;
  3931                           
  3932                           	psect	text10
  3933   000C4C                     __ptext10:
  3934                           	callstack 0
  3935   000C4C                     ___fltol:
  3936                           	callstack 29
  3937   000C4C  3431               	rlcf	(___fltol@f1+2)^0,w,c
  3938   000C4E  3432               	rlcf	(___fltol@f1+3)^0,w,c
  3939   000C50  6E38               	movwf	___fltol@exp1^0,c
  3940   000C52  5038               	movf	___fltol@exp1^0,w,c
  3941   000C54  A4D8               	btfss	status,2,c
  3942   000C56  EF2F  F006         	goto	u1281
  3943   000C5A  EF31  F006         	goto	u1280
  3944   000C5E                     u1281:
  3945   000C5E  EF3B  F006         	goto	l1913
  3946   000C62                     u1280:
  3947   000C62                     l1909:
  3948   000C62  0E00               	movlw	0
  3949   000C64  6E2F               	movwf	?___fltol^0,c
  3950   000C66  0E00               	movlw	0
  3951   000C68  6E30               	movwf	(?___fltol+1)^0,c
  3952   000C6A  0E00               	movlw	0
  3953   000C6C  6E31               	movwf	(?___fltol+2)^0,c
  3954   000C6E  0E00               	movlw	0
  3955   000C70  6E32               	movwf	(?___fltol+3)^0,c
  3956   000C72  EFA8  F006         	goto	l665
  3957   000C76                     l1913:
  3958   000C76  C02F  F033         	movff	___fltol@f1,??___fltol
  3959   000C7A  C030  F034         	movff	___fltol@f1+1,??___fltol+1
  3960   000C7E  C031  F035         	movff	___fltol@f1+2,??___fltol+2
  3961   000C82  C032  F036         	movff	___fltol@f1+3,??___fltol+3
  3962   000C86  0E20               	movlw	32
  3963   000C88  EF4B  F006         	goto	u1290
  3964   000C8C                     u1295:
  3965   000C8C  90D8               	bcf	status,0,c
  3966   000C8E  3236               	rrcf	(??___fltol+3)^0,f,c
  3967   000C90  3235               	rrcf	(??___fltol+2)^0,f,c
  3968   000C92  3234               	rrcf	(??___fltol+1)^0,f,c
  3969   000C94  3233               	rrcf	??___fltol^0,f,c
  3970   000C96                     u1290:
  3971   000C96  2EE8               	decfsz	wreg,f,c
  3972   000C98  EF46  F006         	goto	u1295
  3973   000C9C  5033               	movf	??___fltol^0,w,c
  3974   000C9E  6E37               	movwf	___fltol@sign1^0,c
  3975   000CA0  8E31               	bsf	(___fltol@f1+2)^0,7,c
  3976   000CA2  0EFF               	movlw	255
  3977   000CA4  162F               	andwf	___fltol@f1^0,f,c
  3978   000CA6  0EFF               	movlw	255
  3979   000CA8  1630               	andwf	(___fltol@f1+1)^0,f,c
  3980   000CAA  0EFF               	movlw	255
  3981   000CAC  1631               	andwf	(___fltol@f1+2)^0,f,c
  3982   000CAE  0E00               	movlw	0
  3983   000CB0  1632               	andwf	(___fltol@f1+3)^0,f,c
  3984   000CB2  0E96               	movlw	150
  3985   000CB4  5E38               	subwf	___fltol@exp1^0,f,c
  3986   000CB6  BE38               	btfsc	___fltol@exp1^0,7,c
  3987   000CB8  EF62  F006         	goto	u1300
  3988   000CBC  EF60  F006         	goto	u1301
  3989   000CC0                     u1301:
  3990   000CC0  EF78  F006         	goto	l1933
  3991   000CC4                     u1300:
  3992   000CC4  5038               	movf	___fltol@exp1^0,w,c
  3993   000CC6  0A80               	xorlw	128
  3994   000CC8  0F97               	addlw	151
  3995   000CCA  B0D8               	btfsc	status,0,c
  3996   000CCC  EF6A  F006         	goto	u1311
  3997   000CD0  EF6C  F006         	goto	u1310
  3998   000CD4                     u1311:
  3999   000CD4  EF6E  F006         	goto	l1929
  4000   000CD8                     u1310:
  4001   000CD8  EF31  F006         	goto	l1909
  4002   000CDC                     l1929:
  4003   000CDC  90D8               	bcf	status,0,c
  4004   000CDE  3232               	rrcf	(___fltol@f1+3)^0,f,c
  4005   000CE0  3231               	rrcf	(___fltol@f1+2)^0,f,c
  4006   000CE2  3230               	rrcf	(___fltol@f1+1)^0,f,c
  4007   000CE4  322F               	rrcf	___fltol@f1^0,f,c
  4008   000CE6  3E38               	incfsz	___fltol@exp1^0,f,c
  4009   000CE8  EF6E  F006         	goto	l1929
  4010   000CEC  EF90  F006         	goto	l1943
  4011   000CF0                     l1933:
  4012   000CF0  0E1F               	movlw	31
  4013   000CF2  6438               	cpfsgt	___fltol@exp1^0,c
  4014   000CF4  EF7E  F006         	goto	u1321
  4015   000CF8  EF80  F006         	goto	u1320
  4016   000CFC                     u1321:
  4017   000CFC  EF88  F006         	goto	l1941
  4018   000D00                     u1320:
  4019   000D00  EF31  F006         	goto	l1909
  4020   000D04                     l1939:
  4021   000D04  90D8               	bcf	status,0,c
  4022   000D06  362F               	rlcf	___fltol@f1^0,f,c
  4023   000D08  3630               	rlcf	(___fltol@f1+1)^0,f,c
  4024   000D0A  3631               	rlcf	(___fltol@f1+2)^0,f,c
  4025   000D0C  3632               	rlcf	(___fltol@f1+3)^0,f,c
  4026   000D0E  0638               	decf	___fltol@exp1^0,f,c
  4027   000D10                     l1941:
  4028   000D10  5038               	movf	___fltol@exp1^0,w,c
  4029   000D12  A4D8               	btfss	status,2,c
  4030   000D14  EF8E  F006         	goto	u1331
  4031   000D18  EF90  F006         	goto	u1330
  4032   000D1C                     u1331:
  4033   000D1C  EF82  F006         	goto	l1939
  4034   000D20                     u1330:
  4035   000D20                     l1943:
  4036   000D20  5037               	movf	___fltol@sign1^0,w,c
  4037   000D22  B4D8               	btfsc	status,2,c
  4038   000D24  EF96  F006         	goto	u1341
  4039   000D28  EF98  F006         	goto	u1340
  4040   000D2C                     u1341:
  4041   000D2C  EFA0  F006         	goto	l1947
  4042   000D30                     u1340:
  4043   000D30  1E32               	comf	(___fltol@f1+3)^0,f,c
  4044   000D32  1E31               	comf	(___fltol@f1+2)^0,f,c
  4045   000D34  1E30               	comf	(___fltol@f1+1)^0,f,c
  4046   000D36  6C2F               	negf	___fltol@f1^0,c
  4047   000D38  0E00               	movlw	0
  4048   000D3A  2230               	addwfc	(___fltol@f1+1)^0,f,c
  4049   000D3C  2231               	addwfc	(___fltol@f1+2)^0,f,c
  4050   000D3E  2232               	addwfc	(___fltol@f1+3)^0,f,c
  4051   000D40                     l1947:
  4052   000D40  C02F  F02F         	movff	___fltol@f1,?___fltol
  4053   000D44  C030  F030         	movff	___fltol@f1+1,?___fltol+1
  4054   000D48  C031  F031         	movff	___fltol@f1+2,?___fltol+2
  4055   000D4C  C032  F032         	movff	___fltol@f1+3,?___fltol+3
  4056   000D50                     l665:
  4057   000D50  0012               	return		;funcret
  4058   000D52                     __end_of___fltol:
  4059                           	callstack 0
  4060                           
  4061 ;; *************** function ___fldiv *****************
  4062 ;; Defined at:
  4063 ;;		line 11 in file "C:\Program Files\Microchip\xc8\v3.10\pic\sources\c99\common\sprcdiv.c"
  4064 ;; Parameters:    Size  Location     Type
  4065 ;;  b               4   21[COMRAM] long 
  4066 ;;  a               4   25[COMRAM] long 
  4067 ;; Auto vars:     Size  Location     Type
  4068 ;;  grs             4   40[COMRAM] unsigned long 
  4069 ;;  rem             4   33[COMRAM] unsigned long 
  4070 ;;  new_exp         2   38[COMRAM] short 
  4071 ;;  aexp            1   45[COMRAM] unsigned char 
  4072 ;;  bexp            1   44[COMRAM] unsigned char 
  4073 ;;  sign            1   37[COMRAM] unsigned char 
  4074 ;; Return value:  Size  Location     Type
  4075 ;;                  4   21[COMRAM] unsigned char 
  4076 ;; Registers used:
  4077 ;;		wreg, status,2, status,0
  4078 ;; Tracked objects:
  4079 ;;		On entry : 0/0
  4080 ;;		On exit  : 0/0
  4081 ;;		Unchanged: 0/0
  4082 ;; Data sizes:     COMRAM   BANK0   BANK1   BANK2   BANK3   BANK4   BANK5
  4083 ;;      Params:         8       0       0       0       0       0       0
  4084 ;;      Locals:        13       0       0       0       0       0       0
  4085 ;;      Temps:          4       0       0       0       0       0       0
  4086 ;;      Totals:        25       0       0       0       0       0       0
  4087 ;;Total ram usage:       25 bytes
  4088 ;; Hardware stack levels used: 1
  4089 ;; This function calls:
  4090 ;;		Nothing
  4091 ;; This function is called by:
  4092 ;;		_get_speed
  4093 ;; This function uses a non-reentrant model
  4094 ;;
  4095                           
  4096                           	psect	text11
  4097   000602                     __ptext11:
  4098                           	callstack 0
  4099   000602                     ___fldiv:
  4100                           	callstack 29
  4101   000602  5019               	movf	(___fldiv@b+3)^0,w,c
  4102   000604  0B80               	andlw	128
  4103   000606  6E26               	movwf	___fldiv@sign^0,c
  4104   000608  5019               	movf	(___fldiv@b+3)^0,w,c
  4105   00060A  2419               	addwf	(___fldiv@b+3)^0,w,c
  4106   00060C  6E2D               	movwf	___fldiv@bexp^0,c
  4107   00060E  AE18               	btfss	(___fldiv@b+2)^0,7,c
  4108   000610  EF0C  F003         	goto	u991
  4109   000614  EF0E  F003         	goto	u990
  4110   000618                     u991:
  4111   000618  EF0F  F003         	goto	l1739
  4112   00061C                     u990:
  4113   00061C  802D               	bsf	___fldiv@bexp^0,0,c
  4114   00061E                     l1739:
  4115   00061E  502D               	movf	___fldiv@bexp^0,w,c
  4116   000620  B4D8               	btfsc	status,2,c
  4117   000622  EF15  F003         	goto	u1001
  4118   000626  EF17  F003         	goto	u1000
  4119   00062A                     u1001:
  4120   00062A  EF2B  F003         	goto	l1749
  4121   00062E                     u1000:
  4122   00062E  282D               	incf	___fldiv@bexp^0,w,c
  4123   000630  A4D8               	btfss	status,2,c
  4124   000632  EF1D  F003         	goto	u1011
  4125   000636  EF1F  F003         	goto	u1010
  4126   00063A                     u1011:
  4127   00063A  EF27  F003         	goto	l1745
  4128   00063E                     u1010:
  4129   00063E  0E00               	movlw	0
  4130   000640  6E16               	movwf	___fldiv@b^0,c
  4131   000642  0E00               	movlw	0
  4132   000644  6E17               	movwf	(___fldiv@b+1)^0,c
  4133   000646  0E00               	movlw	0
  4134   000648  6E18               	movwf	(___fldiv@b+2)^0,c
  4135   00064A  0E00               	movlw	0
  4136   00064C  6E19               	movwf	(___fldiv@b+3)^0,c
  4137   00064E                     l1745:
  4138   00064E  8E18               	bsf	(___fldiv@b+2)^0,7,c
  4139   000650  6A19               	clrf	(___fldiv@b+3)^0,c
  4140   000652  EF33  F003         	goto	l1751
  4141   000656                     l1749:
  4142   000656  0E00               	movlw	0
  4143   000658  6E16               	movwf	___fldiv@b^0,c
  4144   00065A  0E00               	movlw	0
  4145   00065C  6E17               	movwf	(___fldiv@b+1)^0,c
  4146   00065E  0E00               	movlw	0
  4147   000660  6E18               	movwf	(___fldiv@b+2)^0,c
  4148   000662  0E00               	movlw	0
  4149   000664  6E19               	movwf	(___fldiv@b+3)^0,c
  4150   000666                     l1751:
  4151   000666  501D               	movf	(___fldiv@a+3)^0,w,c
  4152   000668  0B80               	andlw	128
  4153   00066A  1A26               	xorwf	___fldiv@sign^0,f,c
  4154   00066C  501D               	movf	(___fldiv@a+3)^0,w,c
  4155   00066E  241D               	addwf	(___fldiv@a+3)^0,w,c
  4156   000670  6E2E               	movwf	___fldiv@aexp^0,c
  4157   000672  AE1C               	btfss	(___fldiv@a+2)^0,7,c
  4158   000674  EF3E  F003         	goto	u1021
  4159   000678  EF40  F003         	goto	u1020
  4160   00067C                     u1021:
  4161   00067C  EF41  F003         	goto	l1759
  4162   000680                     u1020:
  4163   000680  802E               	bsf	___fldiv@aexp^0,0,c
  4164   000682                     l1759:
  4165   000682  502E               	movf	___fldiv@aexp^0,w,c
  4166   000684  B4D8               	btfsc	status,2,c
  4167   000686  EF47  F003         	goto	u1031
  4168   00068A  EF49  F003         	goto	u1030
  4169   00068E                     u1031:
  4170   00068E  EF5D  F003         	goto	l1769
  4171   000692                     u1030:
  4172   000692  282E               	incf	___fldiv@aexp^0,w,c
  4173   000694  A4D8               	btfss	status,2,c
  4174   000696  EF4F  F003         	goto	u1041
  4175   00069A  EF51  F003         	goto	u1040
  4176   00069E                     u1041:
  4177   00069E  EF59  F003         	goto	l1765
  4178   0006A2                     u1040:
  4179   0006A2  0E00               	movlw	0
  4180   0006A4  6E1A               	movwf	___fldiv@a^0,c
  4181   0006A6  0E00               	movlw	0
  4182   0006A8  6E1B               	movwf	(___fldiv@a+1)^0,c
  4183   0006AA  0E00               	movlw	0
  4184   0006AC  6E1C               	movwf	(___fldiv@a+2)^0,c
  4185   0006AE  0E00               	movlw	0
  4186   0006B0  6E1D               	movwf	(___fldiv@a+3)^0,c
  4187   0006B2                     l1765:
  4188   0006B2  8E1C               	bsf	(___fldiv@a+2)^0,7,c
  4189   0006B4  6A1D               	clrf	(___fldiv@a+3)^0,c
  4190   0006B6  EF65  F003         	goto	l1771
  4191   0006BA                     l1769:
  4192   0006BA  0E00               	movlw	0
  4193   0006BC  6E1A               	movwf	___fldiv@a^0,c
  4194   0006BE  0E00               	movlw	0
  4195   0006C0  6E1B               	movwf	(___fldiv@a+1)^0,c
  4196   0006C2  0E00               	movlw	0
  4197   0006C4  6E1C               	movwf	(___fldiv@a+2)^0,c
  4198   0006C6  0E00               	movlw	0
  4199   0006C8  6E1D               	movwf	(___fldiv@a+3)^0,c
  4200   0006CA                     l1771:
  4201   0006CA  501A               	movf	___fldiv@a^0,w,c
  4202   0006CC  101B               	iorwf	(___fldiv@a+1)^0,w,c
  4203   0006CE  101C               	iorwf	(___fldiv@a+2)^0,w,c
  4204   0006D0  101D               	iorwf	(___fldiv@a+3)^0,w,c
  4205   0006D2  A4D8               	btfss	status,2,c
  4206   0006D4  EF6E  F003         	goto	u1051
  4207   0006D8  EF70  F003         	goto	u1050
  4208   0006DC                     u1051:
  4209   0006DC  EF88  F003         	goto	l1783
  4210   0006E0                     u1050:
  4211   0006E0  0E00               	movlw	0
  4212   0006E2  6E16               	movwf	___fldiv@b^0,c
  4213   0006E4  0E00               	movlw	0
  4214   0006E6  6E17               	movwf	(___fldiv@b+1)^0,c
  4215   0006E8  0E00               	movlw	0
  4216   0006EA  6E18               	movwf	(___fldiv@b+2)^0,c
  4217   0006EC  0E00               	movlw	0
  4218   0006EE  6E19               	movwf	(___fldiv@b+3)^0,c
  4219   0006F0  0E80               	movlw	128
  4220   0006F2  1218               	iorwf	(___fldiv@b+2)^0,f,c
  4221   0006F4  0E7F               	movlw	127
  4222   0006F6  1219               	iorwf	(___fldiv@b+3)^0,f,c
  4223   0006F8                     l1777:
  4224   0006F8  5026               	movf	___fldiv@sign^0,w,c
  4225   0006FA  1219               	iorwf	(___fldiv@b+3)^0,f,c
  4226   0006FC  C016  F016         	movff	___fldiv@b,?___fldiv
  4227   000700  C017  F017         	movff	___fldiv@b+1,?___fldiv+1
  4228   000704  C018  F018         	movff	___fldiv@b+2,?___fldiv+2
  4229   000708  C019  F019         	movff	___fldiv@b+3,?___fldiv+3
  4230   00070C  EFC7  F004         	goto	l950
  4231   000710                     l1783:
  4232   000710  502D               	movf	___fldiv@bexp^0,w,c
  4233   000712  A4D8               	btfss	status,2,c
  4234   000714  EF8E  F003         	goto	u1061
  4235   000718  EF90  F003         	goto	u1060
  4236   00071C                     u1061:
  4237   00071C  EF9A  F003         	goto	l1791
  4238   000720                     u1060:
  4239   000720  0E00               	movlw	0
  4240   000722  6E16               	movwf	?___fldiv^0,c
  4241   000724  0E00               	movlw	0
  4242   000726  6E17               	movwf	(?___fldiv+1)^0,c
  4243   000728  0E00               	movlw	0
  4244   00072A  6E18               	movwf	(?___fldiv+2)^0,c
  4245   00072C  0E00               	movlw	0
  4246   00072E  6E19               	movwf	(?___fldiv+3)^0,c
  4247   000730  EFC7  F004         	goto	l950
  4248   000734                     l1791:
  4249   000734  502E               	movf	___fldiv@aexp^0,w,c
  4250   000736  C02D  F01E         	movff	___fldiv@bexp,??___fldiv
  4251   00073A  6A1F               	clrf	(??___fldiv+1)^0,c
  4252   00073C  5E1E               	subwf	??___fldiv^0,f,c
  4253   00073E  0E00               	movlw	0
  4254   000740  5A1F               	subwfb	(??___fldiv+1)^0,f,c
  4255   000742  0E7F               	movlw	127
  4256   000744  241E               	addwf	??___fldiv^0,w,c
  4257   000746  6E27               	movwf	___fldiv@new_exp^0,c
  4258   000748  0E00               	movlw	0
  4259   00074A  201F               	addwfc	(??___fldiv+1)^0,w,c
  4260   00074C  6E28               	movwf	(___fldiv@new_exp+1)^0,c
  4261   00074E  C016  F022         	movff	___fldiv@b,___fldiv@rem
  4262   000752  C017  F023         	movff	___fldiv@b+1,___fldiv@rem+1
  4263   000756  C018  F024         	movff	___fldiv@b+2,___fldiv@rem+2
  4264   00075A  C019  F025         	movff	___fldiv@b+3,___fldiv@rem+3
  4265   00075E  0E00               	movlw	0
  4266   000760  6E16               	movwf	___fldiv@b^0,c
  4267   000762  0E00               	movlw	0
  4268   000764  6E17               	movwf	(___fldiv@b+1)^0,c
  4269   000766  0E00               	movlw	0
  4270   000768  6E18               	movwf	(___fldiv@b+2)^0,c
  4271   00076A  0E00               	movlw	0
  4272   00076C  6E19               	movwf	(___fldiv@b+3)^0,c
  4273   00076E  0E00               	movlw	0
  4274   000770  6E29               	movwf	___fldiv@grs^0,c
  4275   000772  0E00               	movlw	0
  4276   000774  6E2A               	movwf	(___fldiv@grs+1)^0,c
  4277   000776  0E00               	movlw	0
  4278   000778  6E2B               	movwf	(___fldiv@grs+2)^0,c
  4279   00077A  0E00               	movlw	0
  4280   00077C  6E2C               	movwf	(___fldiv@grs+3)^0,c
  4281   00077E  6A2E               	clrf	___fldiv@aexp^0,c
  4282   000780  EFFA  F003         	goto	l952
  4283   000784                     l1801:
  4284   000784  502E               	movf	___fldiv@aexp^0,w,c
  4285   000786  B4D8               	btfsc	status,2,c
  4286   000788  EFC8  F003         	goto	u1071
  4287   00078C  EFCA  F003         	goto	u1070
  4288   000790                     u1071:
  4289   000790  EFE1  F003         	goto	l1809
  4290   000794                     u1070:
  4291   000794  90D8               	bcf	status,0,c
  4292   000796  3622               	rlcf	___fldiv@rem^0,f,c
  4293   000798  3623               	rlcf	(___fldiv@rem+1)^0,f,c
  4294   00079A  3624               	rlcf	(___fldiv@rem+2)^0,f,c
  4295   00079C  3625               	rlcf	(___fldiv@rem+3)^0,f,c
  4296   00079E  90D8               	bcf	status,0,c
  4297   0007A0  3616               	rlcf	___fldiv@b^0,f,c
  4298   0007A2  3617               	rlcf	(___fldiv@b+1)^0,f,c
  4299   0007A4  3618               	rlcf	(___fldiv@b+2)^0,f,c
  4300   0007A6  3619               	rlcf	(___fldiv@b+3)^0,f,c
  4301   0007A8  AE2C               	btfss	(___fldiv@grs+3)^0,7,c
  4302   0007AA  EFD9  F003         	goto	u1081
  4303   0007AE  EFDB  F003         	goto	u1080
  4304   0007B2                     u1081:
  4305   0007B2  EFDC  F003         	goto	l955
  4306   0007B6                     u1080:
  4307   0007B6  8016               	bsf	___fldiv@b^0,0,c
  4308   0007B8                     l955:
  4309   0007B8  90D8               	bcf	status,0,c
  4310   0007BA  3629               	rlcf	___fldiv@grs^0,f,c
  4311   0007BC  362A               	rlcf	(___fldiv@grs+1)^0,f,c
  4312   0007BE  362B               	rlcf	(___fldiv@grs+2)^0,f,c
  4313   0007C0  362C               	rlcf	(___fldiv@grs+3)^0,f,c
  4314   0007C2                     l1809:
  4315   0007C2  501A               	movf	___fldiv@a^0,w,c
  4316   0007C4  5C22               	subwf	___fldiv@rem^0,w,c
  4317   0007C6  501B               	movf	(___fldiv@a+1)^0,w,c
  4318   0007C8  5823               	subwfb	(___fldiv@rem+1)^0,w,c
  4319   0007CA  501C               	movf	(___fldiv@a+2)^0,w,c
  4320   0007CC  5824               	subwfb	(___fldiv@rem+2)^0,w,c
  4321   0007CE  501D               	movf	(___fldiv@a+3)^0,w,c
  4322   0007D0  5825               	subwfb	(___fldiv@rem+3)^0,w,c
  4323   0007D2  A0D8               	btfss	status,0,c
  4324   0007D4  EFEE  F003         	goto	u1091
  4325   0007D8  EFF0  F003         	goto	u1090
  4326   0007DC                     u1091:
  4327   0007DC  EFF9  F003         	goto	l1815
  4328   0007E0                     u1090:
  4329   0007E0  8C2C               	bsf	(___fldiv@grs+3)^0,6,c
  4330   0007E2  501A               	movf	___fldiv@a^0,w,c
  4331   0007E4  5E22               	subwf	___fldiv@rem^0,f,c
  4332   0007E6  501B               	movf	(___fldiv@a+1)^0,w,c
  4333   0007E8  5A23               	subwfb	(___fldiv@rem+1)^0,f,c
  4334   0007EA  501C               	movf	(___fldiv@a+2)^0,w,c
  4335   0007EC  5A24               	subwfb	(___fldiv@rem+2)^0,f,c
  4336   0007EE  501D               	movf	(___fldiv@a+3)^0,w,c
  4337   0007F0  5A25               	subwfb	(___fldiv@rem+3)^0,f,c
  4338   0007F2                     l1815:
  4339   0007F2  2A2E               	incf	___fldiv@aexp^0,f,c
  4340   0007F4                     l952:
  4341   0007F4  0E19               	movlw	25
  4342   0007F6  642E               	cpfsgt	___fldiv@aexp^0,c
  4343   0007F8  EF00  F004         	goto	u1101
  4344   0007FC  EF02  F004         	goto	u1100
  4345   000800                     u1101:
  4346   000800  EFC2  F003         	goto	l1801
  4347   000804                     u1100:
  4348   000804  5022               	movf	___fldiv@rem^0,w,c
  4349   000806  1023               	iorwf	(___fldiv@rem+1)^0,w,c
  4350   000808  1024               	iorwf	(___fldiv@rem+2)^0,w,c
  4351   00080A  1025               	iorwf	(___fldiv@rem+3)^0,w,c
  4352   00080C  B4D8               	btfsc	status,2,c
  4353   00080E  EF0B  F004         	goto	u1111
  4354   000812  EF0D  F004         	goto	u1110
  4355   000816                     u1111:
  4356   000816  EF25  F004         	goto	l1827
  4357   00081A                     u1110:
  4358   00081A  8029               	bsf	___fldiv@grs^0,0,c
  4359   00081C  EF25  F004         	goto	l1827
  4360   000820                     l1821:
  4361   000820  90D8               	bcf	status,0,c
  4362   000822  3616               	rlcf	___fldiv@b^0,f,c
  4363   000824  3617               	rlcf	(___fldiv@b+1)^0,f,c
  4364   000826  3618               	rlcf	(___fldiv@b+2)^0,f,c
  4365   000828  3619               	rlcf	(___fldiv@b+3)^0,f,c
  4366   00082A  AE2C               	btfss	(___fldiv@grs+3)^0,7,c
  4367   00082C  EF1A  F004         	goto	u1121
  4368   000830  EF1C  F004         	goto	u1120
  4369   000834                     u1121:
  4370   000834  EF1D  F004         	goto	l961
  4371   000838                     u1120:
  4372   000838  8016               	bsf	___fldiv@b^0,0,c
  4373   00083A                     l961:
  4374   00083A  90D8               	bcf	status,0,c
  4375   00083C  3629               	rlcf	___fldiv@grs^0,f,c
  4376   00083E  362A               	rlcf	(___fldiv@grs+1)^0,f,c
  4377   000840  362B               	rlcf	(___fldiv@grs+2)^0,f,c
  4378   000842  362C               	rlcf	(___fldiv@grs+3)^0,f,c
  4379   000844  0627               	decf	___fldiv@new_exp^0,f,c
  4380   000846  A0D8               	btfss	status,0,c
  4381   000848  0628               	decf	(___fldiv@new_exp+1)^0,f,c
  4382   00084A                     l1827:
  4383   00084A  AE18               	btfss	(___fldiv@b+2)^0,7,c
  4384   00084C  EF2A  F004         	goto	u1131
  4385   000850  EF2C  F004         	goto	u1130
  4386   000854                     u1131:
  4387   000854  EF10  F004         	goto	l1821
  4388   000858                     u1130:
  4389   000858  6A2E               	clrf	___fldiv@aexp^0,c
  4390   00085A  AE2C               	btfss	(___fldiv@grs+3)^0,7,c
  4391   00085C  EF32  F004         	goto	u1141
  4392   000860  EF34  F004         	goto	u1140
  4393   000864                     u1141:
  4394   000864  EF58  F004         	goto	l963
  4395   000868                     u1140:
  4396   000868  0EFF               	movlw	255
  4397   00086A  1429               	andwf	___fldiv@grs^0,w,c
  4398   00086C  6E1E               	movwf	??___fldiv^0,c
  4399   00086E  0EFF               	movlw	255
  4400   000870  142A               	andwf	(___fldiv@grs+1)^0,w,c
  4401   000872  6E1F               	movwf	(??___fldiv+1)^0,c
  4402   000874  0EFF               	movlw	255
  4403   000876  142B               	andwf	(___fldiv@grs+2)^0,w,c
  4404   000878  6E20               	movwf	(??___fldiv+2)^0,c
  4405   00087A  0E7F               	movlw	127
  4406   00087C  142C               	andwf	(___fldiv@grs+3)^0,w,c
  4407   00087E  6E21               	movwf	(??___fldiv+3)^0,c
  4408   000880  501E               	movf	??___fldiv^0,w,c
  4409   000882  101F               	iorwf	(??___fldiv+1)^0,w,c
  4410   000884  1020               	iorwf	(??___fldiv+2)^0,w,c
  4411   000886  1021               	iorwf	(??___fldiv+3)^0,w,c
  4412   000888  B4D8               	btfsc	status,2,c
  4413   00088A  EF49  F004         	goto	u1151
  4414   00088E  EF4B  F004         	goto	u1150
  4415   000892                     u1151:
  4416   000892  EF4F  F004         	goto	l964
  4417   000896                     u1150:
  4418   000896                     l1831:
  4419   000896  0E01               	movlw	1
  4420   000898  6E2E               	movwf	___fldiv@aexp^0,c
  4421   00089A  EF58  F004         	goto	l963
  4422   00089E                     l964:
  4423   00089E  A016               	btfss	___fldiv@b^0,0,c
  4424   0008A0  EF54  F004         	goto	u1161
  4425   0008A4  EF56  F004         	goto	u1160
  4426   0008A8                     u1161:
  4427   0008A8  EF58  F004         	goto	l963
  4428   0008AC                     u1160:
  4429   0008AC  EF4B  F004         	goto	l1831
  4430   0008B0                     l963:
  4431   0008B0  502E               	movf	___fldiv@aexp^0,w,c
  4432   0008B2  B4D8               	btfsc	status,2,c
  4433   0008B4  EF5E  F004         	goto	u1171
  4434   0008B8  EF60  F004         	goto	u1170
  4435   0008BC                     u1171:
  4436   0008BC  EF84  F004         	goto	l1843
  4437   0008C0                     u1170:
  4438   0008C0  0E01               	movlw	1
  4439   0008C2  2616               	addwf	___fldiv@b^0,f,c
  4440   0008C4  0E00               	movlw	0
  4441   0008C6  2217               	addwfc	(___fldiv@b+1)^0,f,c
  4442   0008C8  2218               	addwfc	(___fldiv@b+2)^0,f,c
  4443   0008CA  2219               	addwfc	(___fldiv@b+3)^0,f,c
  4444   0008CC  A019               	btfss	(___fldiv@b+3)^0,0,c
  4445   0008CE  EF6B  F004         	goto	u1181
  4446   0008D2  EF6D  F004         	goto	u1180
  4447   0008D6                     u1181:
  4448   0008D6  EF84  F004         	goto	l1843
  4449   0008DA                     u1180:
  4450   0008DA  C016  F01E         	movff	___fldiv@b,??___fldiv
  4451   0008DE  C017  F01F         	movff	___fldiv@b+1,??___fldiv+1
  4452   0008E2  C018  F020         	movff	___fldiv@b+2,??___fldiv+2
  4453   0008E6  C019  F021         	movff	___fldiv@b+3,??___fldiv+3
  4454   0008EA  3421               	rlcf	(??___fldiv+3)^0,w,c
  4455   0008EC  3221               	rrcf	(??___fldiv+3)^0,f,c
  4456   0008EE  3220               	rrcf	(??___fldiv+2)^0,f,c
  4457   0008F0  321F               	rrcf	(??___fldiv+1)^0,f,c
  4458   0008F2  321E               	rrcf	??___fldiv^0,f,c
  4459   0008F4  C01E  F016         	movff	??___fldiv,___fldiv@b
  4460   0008F8  C01F  F017         	movff	??___fldiv+1,___fldiv@b+1
  4461   0008FC  C020  F018         	movff	??___fldiv+2,___fldiv@b+2
  4462   000900  C021  F019         	movff	??___fldiv+3,___fldiv@b+3
  4463   000904  4A27               	infsnz	___fldiv@new_exp^0,f,c
  4464   000906  2A28               	incf	(___fldiv@new_exp+1)^0,f,c
  4465   000908                     l1843:
  4466   000908  BE28               	btfsc	(___fldiv@new_exp+1)^0,7,c
  4467   00090A  EF8F  F004         	goto	u1191
  4468   00090E  5028               	movf	(___fldiv@new_exp+1)^0,w,c
  4469   000910  E108               	bnz	u1190
  4470   000912  2827               	incf	___fldiv@new_exp^0,w,c
  4471   000914  A0D8               	btfss	status,0,c
  4472   000916  EF8F  F004         	goto	u1191
  4473   00091A  EF91  F004         	goto	u1190
  4474   00091E                     u1191:
  4475   00091E  EF9C  F004         	goto	l1847
  4476   000922                     u1190:
  4477   000922  0E00               	movlw	0
  4478   000924  6E28               	movwf	(___fldiv@new_exp+1)^0,c
  4479   000926  6827               	setf	___fldiv@new_exp^0,c
  4480   000928  0E00               	movlw	0
  4481   00092A  6E16               	movwf	___fldiv@b^0,c
  4482   00092C  0E00               	movlw	0
  4483   00092E  6E17               	movwf	(___fldiv@b+1)^0,c
  4484   000930  0E00               	movlw	0
  4485   000932  6E18               	movwf	(___fldiv@b+2)^0,c
  4486   000934  0E00               	movlw	0
  4487   000936  6E19               	movwf	(___fldiv@b+3)^0,c
  4488   000938                     l1847:
  4489   000938  BE28               	btfsc	(___fldiv@new_exp+1)^0,7,c
  4490   00093A  EFA9  F004         	goto	u1200
  4491   00093E  5028               	movf	(___fldiv@new_exp+1)^0,w,c
  4492   000940  E106               	bnz	u1201
  4493   000942  0427               	decf	___fldiv@new_exp^0,w,c
  4494   000944  B0D8               	btfsc	status,0,c
  4495   000946  EFA7  F004         	goto	u1201
  4496   00094A  EFA9  F004         	goto	u1200
  4497   00094E                     u1201:
  4498   00094E  EFB5  F004         	goto	l1853
  4499   000952                     u1200:
  4500   000952  6A28               	clrf	(___fldiv@new_exp+1)^0,c
  4501   000954  0E00               	movlw	0
  4502   000956  6E27               	movwf	___fldiv@new_exp^0,c
  4503   000958  0E00               	movlw	0
  4504   00095A  6E16               	movwf	___fldiv@b^0,c
  4505   00095C  0E00               	movlw	0
  4506   00095E  6E17               	movwf	(___fldiv@b+1)^0,c
  4507   000960  0E00               	movlw	0
  4508   000962  6E18               	movwf	(___fldiv@b+2)^0,c
  4509   000964  0E00               	movlw	0
  4510   000966  6E19               	movwf	(___fldiv@b+3)^0,c
  4511   000968  6A26               	clrf	___fldiv@sign^0,c
  4512   00096A                     l1853:
  4513   00096A  C027  F02D         	movff	___fldiv@new_exp,___fldiv@bexp
  4514   00096E  A02D               	btfss	___fldiv@bexp^0,0,c
  4515   000970  EFBC  F004         	goto	u1211
  4516   000974  EFBE  F004         	goto	u1210
  4517   000978                     u1211:
  4518   000978  EFC1  F004         	goto	l1859
  4519   00097C                     u1210:
  4520   00097C  8E18               	bsf	(___fldiv@b+2)^0,7,c
  4521   00097E  EFC2  F004         	goto	l1861
  4522   000982                     l1859:
  4523   000982  9E18               	bcf	(___fldiv@b+2)^0,7,c
  4524   000984                     l1861:
  4525   000984  90D8               	bcf	status,0,c
  4526   000986  302D               	rrcf	___fldiv@bexp^0,w,c
  4527   000988  6E19               	movwf	(___fldiv@b+3)^0,c
  4528   00098A  EF7C  F003         	goto	l1777
  4529   00098E                     l950:
  4530   00098E  0012               	return		;funcret
  4531   000990                     __end_of___fldiv:
  4532                           	callstack 0
  4533                           
  4534 ;; *************** function _get_gear_pos *****************
  4535 ;; Defined at:
  4536 ;;		line 28 in file "ecu1.c"
  4537 ;; Parameters:    Size  Location     Type
  4538 ;;		None
  4539 ;; Auto vars:     Size  Location     Type
  4540 ;;  key             2   16[COMRAM] int 
  4541 ;; Return value:  Size  Location     Type
  4542 ;;                  1    wreg      unsigned char 
  4543 ;; Registers used:
  4544 ;;		wreg, fsr1l, fsr1h, fsr2l, fsr2h, status,2, status,0, cstack
  4545 ;; Tracked objects:
  4546 ;;		On entry : 0/0
  4547 ;;		On exit  : 0/0
  4548 ;;		Unchanged: 0/0
  4549 ;; Data sizes:     COMRAM   BANK0   BANK1   BANK2   BANK3   BANK4   BANK5
  4550 ;;      Params:         0       0       0       0       0       0       0
  4551 ;;      Locals:         2       0       0       0       0       0       0
  4552 ;;      Temps:          1       0       0       0       0       0       0
  4553 ;;      Totals:         3       0       0       0       0       0       0
  4554 ;;Total ram usage:        3 bytes
  4555 ;; Hardware stack levels used: 1
  4556 ;; Hardware stack levels required when called: 2
  4557 ;; This function calls:
  4558 ;;		_can_transmit
  4559 ;;		_read_switches
  4560 ;; This function is called by:
  4561 ;;		_main
  4562 ;; This function uses a non-reentrant model
  4563 ;;
  4564                           
  4565                           	psect	text12
  4566   000D52                     __ptext12:
  4567                           	callstack 0
  4568   000D52                     _get_gear_pos:
  4569                           	callstack 28
  4570   000D52                     
  4571                           ;ecu1.c: 29:     int key=read_switches(1);
  4572   000D52  0E01               	movlw	1
  4573   000D54  EC5B  F007         	call	_read_switches
  4574   000D58  6E10               	movwf	??_get_gear_pos^0,c
  4575   000D5A  5010               	movf	??_get_gear_pos^0,w,c
  4576   000D5C  6E11               	movwf	get_gear_pos@key^0,c
  4577   000D5E  6A12               	clrf	(get_gear_pos@key+1)^0,c
  4578   000D60                     
  4579                           ;ecu1.c: 30:     if(key== 1) {
  4580   000D60  0411               	decf	get_gear_pos@key^0,w,c
  4581   000D62  1012               	iorwf	(get_gear_pos@key+1)^0,w,c
  4582   000D64  A4D8               	btfss	status,2,c
  4583   000D66  EFB7  F006         	goto	u1451
  4584   000D6A  EFB9  F006         	goto	u1450
  4585   000D6E                     u1451:
  4586   000D6E  EFCB  F006         	goto	l2015
  4587   000D72                     u1450:
  4588   000D72                     
  4589                           ;ecu1.c: 31:         if(ind<7) {
  4590   000D72  BE4F               	btfsc	(_ind+1)^0,7,c
  4591   000D74  EFC7  F006         	goto	u1460
  4592   000D78  504F               	movf	(_ind+1)^0,w,c
  4593   000D7A  E107               	bnz	u1461
  4594   000D7C  0E07               	movlw	7
  4595   000D7E  5C4E               	subwf	_ind^0,w,c
  4596   000D80  B0D8               	btfsc	status,0,c
  4597   000D82  EFC5  F006         	goto	u1461
  4598   000D86  EFC7  F006         	goto	u1460
  4599   000D8A                     u1461:
  4600   000D8A  EFF4  F006         	goto	l2025
  4601   000D8E                     u1460:
  4602   000D8E                     
  4603                           ;ecu1.c: 32:             ind++;
  4604   000D8E  4A4E               	infsnz	_ind^0,f,c
  4605   000D90  2A4F               	incf	(_ind+1)^0,f,c
  4606   000D92  EFF4  F006         	goto	l2025
  4607   000D96                     l2015:
  4608   000D96  0E02               	movlw	2
  4609   000D98  1811               	xorwf	get_gear_pos@key^0,w,c
  4610   000D9A  1012               	iorwf	(get_gear_pos@key+1)^0,w,c
  4611   000D9C  A4D8               	btfss	status,2,c
  4612   000D9E  EFD3  F006         	goto	u1471
  4613   000DA2  EFD5  F006         	goto	u1470
  4614   000DA6                     u1471:
  4615   000DA6  EFE7  F006         	goto	l2021
  4616   000DAA                     u1470:
  4617   000DAA                     
  4618                           ;ecu1.c: 35:         if(ind>0) {
  4619   000DAA  BE4F               	btfsc	(_ind+1)^0,7,c
  4620   000DAC  EFE0  F006         	goto	u1481
  4621   000DB0  504F               	movf	(_ind+1)^0,w,c
  4622   000DB2  E108               	bnz	u1480
  4623   000DB4  044E               	decf	_ind^0,w,c
  4624   000DB6  A0D8               	btfss	status,0,c
  4625   000DB8  EFE0  F006         	goto	u1481
  4626   000DBC  EFE2  F006         	goto	u1480
  4627   000DC0                     u1481:
  4628   000DC0  EFF4  F006         	goto	l2025
  4629   000DC4                     u1480:
  4630   000DC4                     
  4631                           ;ecu1.c: 36:             ind--;
  4632   000DC4  064E               	decf	_ind^0,f,c
  4633   000DC6  A0D8               	btfss	status,0,c
  4634   000DC8  064F               	decf	(_ind+1)^0,f,c
  4635   000DCA  EFF4  F006         	goto	l2025
  4636   000DCE                     l2021:
  4637   000DCE  0E03               	movlw	3
  4638   000DD0  1811               	xorwf	get_gear_pos@key^0,w,c
  4639   000DD2  1012               	iorwf	(get_gear_pos@key+1)^0,w,c
  4640   000DD4  A4D8               	btfss	status,2,c
  4641   000DD6  EFEF  F006         	goto	u1491
  4642   000DDA  EFF1  F006         	goto	u1490
  4643   000DDE                     u1491:
  4644   000DDE  EFF4  F006         	goto	l2025
  4645   000DE2                     u1490:
  4646   000DE2                     
  4647                           ;ecu1.c: 39:         ind=8;
  4648   000DE2  6A4F               	clrf	(_ind+1)^0,c
  4649   000DE4  0E08               	movlw	8
  4650   000DE6  6E4E               	movwf	_ind^0,c
  4651   000DE8                     l2025:
  4652                           
  4653                           ;ecu1.c: 41:     can_transmit(0x20,(const uint8_t*)&ind,1);
  4654   000DE8  6A06               	clrf	(can_transmit@msg_id+1)^0,c
  4655   000DEA  0E20               	movlw	32
  4656   000DEC  6E05               	movwf	can_transmit@msg_id^0,c
  4657   000DEE  0E4E               	movlw	low _ind
  4658   000DF0  6E07               	movwf	can_transmit@data^0,c
  4659   000DF2  0E01               	movlw	1
  4660   000DF4  6E08               	movwf	can_transmit@len^0,c
  4661   000DF6  ECCE  F007         	call	_can_transmit	;wreg free
  4662   000DFA                     
  4663                           ;ecu1.c: 42:     _delay((unsigned long)((80)*(8000000/4000.0)));
  4664   000DFA  0ED0               	movlw	208
  4665   000DFC  6E10               	movwf	??_get_gear_pos^0,c
  4666   000DFE  0ECA               	movlw	202
  4667   000E00                     u1517:
  4668   000E00  2EE8               	decfsz	wreg,f,c
  4669   000E02  D7FE               	bra	u1517
  4670   000E04  2E10               	decfsz	??_get_gear_pos^0,f,c
  4671   000E06  D7FC               	bra	u1517
  4672   000E08  0012               	return		;funcret
  4673   000E0A                     __end_of_get_gear_pos:
  4674                           	callstack 0
  4675                           
  4676 ;; *************** function _read_switches *****************
  4677 ;; Defined at:
  4678 ;;		line 72 in file "matrix_keypad.c"
  4679 ;; Parameters:    Size  Location     Type
  4680 ;;  detection_ty    1    wreg     unsigned char 
  4681 ;; Auto vars:     Size  Location     Type
  4682 ;;  detection_ty    1    0[COMRAM] unsigned char 
  4683 ;; Return value:  Size  Location     Type
  4684 ;;                  1    wreg      unsigned char 
  4685 ;; Registers used:
  4686 ;;		wreg, status,2, status,0, cstack
  4687 ;; Tracked objects:
  4688 ;;		On entry : 0/0
  4689 ;;		On exit  : 0/0
  4690 ;;		Unchanged: 0/0
  4691 ;; Data sizes:     COMRAM   BANK0   BANK1   BANK2   BANK3   BANK4   BANK5
  4692 ;;      Params:         0       0       0       0       0       0       0
  4693 ;;      Locals:         1       0       0       0       0       0       0
  4694 ;;      Temps:          0       0       0       0       0       0       0
  4695 ;;      Totals:         1       0       0       0       0       0       0
  4696 ;;Total ram usage:        1 bytes
  4697 ;; Hardware stack levels used: 1
  4698 ;; Hardware stack levels required when called: 1
  4699 ;; This function calls:
  4700 ;;		_scan_key
  4701 ;; This function is called by:
  4702 ;;		_get_gear_pos
  4703 ;; This function uses a non-reentrant model
  4704 ;;
  4705                           
  4706                           	psect	text13
  4707   000EB6                     __ptext13:
  4708                           	callstack 0
  4709   000EB6                     _read_switches:
  4710                           	callstack 28
  4711                           
  4712                           ;incstack = 0
  4713                           ;read_switches@detection_type stored from wreg
  4714   000EB6  6E01               	movwf	read_switches@detection_type^0,c
  4715   000EB8                     
  4716                           ;matrix_keypad.c: 72: unsigned char read_switches(unsigned char detection_type);matrix_k
      +                          eypad.c: 73: {;matrix_keypad.c: 74:     static unsigned char once = 1, key;;matrix_keypa
      +                          d.c: 75:     if (detection_type == 1)
  4717   000EB8  0401               	decf	read_switches@detection_type^0,w,c
  4718   000EBA  A4D8               	btfss	status,2,c
  4719   000EBC  EF62  F007         	goto	u941
  4720   000EC0  EF64  F007         	goto	u940
  4721   000EC4                     u941:
  4722   000EC4  EF87  F007         	goto	l1723
  4723   000EC8                     u940:
  4724   000EC8                     
  4725                           ;matrix_keypad.c: 76:     {;matrix_keypad.c: 77:         key = scan_key();
  4726   000EC8  ECA2  F005         	call	_scan_key	;wreg free
  4727   000ECC  6E4B               	movwf	read_switches@key^0,c
  4728   000ECE                     
  4729                           ;matrix_keypad.c: 78:         if(key != 0xFF && once )
  4730   000ECE  284B               	incf	read_switches@key^0,w,c
  4731   000ED0  B4D8               	btfsc	status,2,c
  4732   000ED2  EF6D  F007         	goto	u951
  4733   000ED6  EF6F  F007         	goto	u950
  4734   000EDA                     u951:
  4735   000EDA  EF7B  F007         	goto	l1719
  4736   000EDE                     u950:
  4737   000EDE  5050               	movf	read_switches@once^0,w,c
  4738   000EE0  B4D8               	btfsc	status,2,c
  4739   000EE2  EF75  F007         	goto	u961
  4740   000EE6  EF77  F007         	goto	u960
  4741   000EEA                     u961:
  4742   000EEA  EF7B  F007         	goto	l1719
  4743   000EEE                     u960:
  4744   000EEE                     
  4745                           ;matrix_keypad.c: 79:         {;matrix_keypad.c: 80:             once = 0;
  4746   000EEE  6A50               	clrf	read_switches@once^0,c
  4747   000EF0                     
  4748                           ;matrix_keypad.c: 81:             return key;
  4749   000EF0  504B               	movf	read_switches@key^0,w,c
  4750   000EF2  EF94  F007         	goto	l251
  4751   000EF6                     l1719:
  4752   000EF6  284B               	incf	read_switches@key^0,w,c
  4753   000EF8  A4D8               	btfss	status,2,c
  4754   000EFA  EF81  F007         	goto	u971
  4755   000EFE  EF83  F007         	goto	u970
  4756   000F02                     u971:
  4757   000F02  EF93  F007         	goto	l1729
  4758   000F06                     u970:
  4759   000F06                     
  4760                           ;matrix_keypad.c: 84:   {;matrix_keypad.c: 85:    once = 1;
  4761   000F06  0E01               	movlw	1
  4762   000F08  6E50               	movwf	read_switches@once^0,c
  4763   000F0A  EF93  F007         	goto	l1729
  4764   000F0E                     l1723:
  4765   000F0E  5001               	movf	read_switches@detection_type^0,w,c
  4766   000F10  A4D8               	btfss	status,2,c
  4767   000F12  EF8D  F007         	goto	u981
  4768   000F16  EF8F  F007         	goto	u980
  4769   000F1A                     u981:
  4770   000F1A  EF93  F007         	goto	l1729
  4771   000F1E                     u980:
  4772   000F1E                     
  4773                           ;matrix_keypad.c: 89:  {;matrix_keypad.c: 90:   return scan_key();
  4774   000F1E  ECA2  F005         	call	_scan_key	;wreg free
  4775   000F22  EF94  F007         	goto	l251
  4776   000F26                     l1729:
  4777                           
  4778                           ;matrix_keypad.c: 92:  return 0xFF;
  4779   000F26  0EFF               	movlw	255
  4780   000F28                     l251:
  4781   000F28  0012               	return		;funcret
  4782   000F2A                     __end_of_read_switches:
  4783                           	callstack 0
  4784                           
  4785 ;; *************** function _scan_key *****************
  4786 ;; Defined at:
  4787 ;;		line 10 in file "matrix_keypad.c"
  4788 ;; Parameters:    Size  Location     Type
  4789 ;;		None
  4790 ;; Auto vars:     Size  Location     Type
  4791 ;;		None
  4792 ;; Return value:  Size  Location     Type
  4793 ;;                  1    wreg      unsigned char 
  4794 ;; Registers used:
  4795 ;;		wreg
  4796 ;; Tracked objects:
  4797 ;;		On entry : 0/0
  4798 ;;		On exit  : 0/0
  4799 ;;		Unchanged: 0/0
  4800 ;; Data sizes:     COMRAM   BANK0   BANK1   BANK2   BANK3   BANK4   BANK5
  4801 ;;      Params:         0       0       0       0       0       0       0
  4802 ;;      Locals:         0       0       0       0       0       0       0
  4803 ;;      Temps:          0       0       0       0       0       0       0
  4804 ;;      Totals:         0       0       0       0       0       0       0
  4805 ;;Total ram usage:        0 bytes
  4806 ;; Hardware stack levels used: 1
  4807 ;; This function calls:
  4808 ;;		Nothing
  4809 ;; This function is called by:
  4810 ;;		_read_switches
  4811 ;; This function uses a non-reentrant model
  4812 ;;
  4813                           
  4814                           	psect	text14
  4815   000B44                     __ptext14:
  4816                           	callstack 0
  4817   000B44                     _scan_key:
  4818                           	callstack 28
  4819   000B44                     
  4820                           ;matrix_keypad.c: 12:     PORTBbits.RB5 = 0;
  4821   000B44  9A81               	bcf	129,5,c	;volatile
  4822                           
  4823                           ;matrix_keypad.c: 13:     PORTBbits.RB6 = 1;
  4824   000B46  8C81               	bsf	129,6,c	;volatile
  4825                           
  4826                           ;matrix_keypad.c: 14:     PORTBbits.RB7 = 1;
  4827   000B48  8E81               	bsf	129,7,c	;volatile
  4828                           
  4829                           ;matrix_keypad.c: 15:     if (PORTBbits.RB1 == 0)
  4830   000B4A  B281               	btfsc	129,1,c	;volatile
  4831   000B4C  EFAA  F005         	goto	u801
  4832   000B50  EFAC  F005         	goto	u800
  4833   000B54                     u801:
  4834   000B54  EFAF  F005         	goto	l221
  4835   000B58                     u800:
  4836   000B58                     
  4837                           ;matrix_keypad.c: 16:     {;matrix_keypad.c: 17:         return 1;
  4838   000B58  0E01               	movlw	1
  4839   000B5A  EF25  F006         	goto	l222
  4840   000B5E                     l221:
  4841   000B5E  B481               	btfsc	129,2,c	;volatile
  4842   000B60  EFB4  F005         	goto	u811
  4843   000B64  EFB6  F005         	goto	u810
  4844   000B68                     u811:
  4845   000B68  EFB9  F005         	goto	l224
  4846   000B6C                     u810:
  4847   000B6C                     
  4848                           ;matrix_keypad.c: 20:     {;matrix_keypad.c: 21:         return 4;
  4849   000B6C  0E04               	movlw	4
  4850   000B6E  EF25  F006         	goto	l222
  4851   000B72                     l224:
  4852   000B72  B681               	btfsc	129,3,c	;volatile
  4853   000B74  EFBE  F005         	goto	u821
  4854   000B78  EFC0  F005         	goto	u820
  4855   000B7C                     u821:
  4856   000B7C  EFC3  F005         	goto	l226
  4857   000B80                     u820:
  4858   000B80                     
  4859                           ;matrix_keypad.c: 24:     {;matrix_keypad.c: 25:         return 7;
  4860   000B80  0E07               	movlw	7
  4861   000B82  EF25  F006         	goto	l222
  4862   000B86                     l226:
  4863   000B86  B881               	btfsc	129,4,c	;volatile
  4864   000B88  EFC8  F005         	goto	u831
  4865   000B8C  EFCA  F005         	goto	u830
  4866   000B90                     u831:
  4867   000B90  EFCD  F005         	goto	l223
  4868   000B94                     u830:
  4869   000B94                     
  4870                           ;matrix_keypad.c: 28:     {;matrix_keypad.c: 29:         return 10;
  4871   000B94  0E0A               	movlw	10
  4872   000B96  EF25  F006         	goto	l222
  4873   000B9A                     l223:
  4874                           
  4875                           ;matrix_keypad.c: 31:     PORTBbits.RB5 = 1;
  4876   000B9A  8A81               	bsf	129,5,c	;volatile
  4877                           
  4878                           ;matrix_keypad.c: 32:     PORTBbits.RB6 = 0;
  4879   000B9C  9C81               	bcf	129,6,c	;volatile
  4880                           
  4881                           ;matrix_keypad.c: 33:     PORTBbits.RB7 = 1;
  4882   000B9E  8E81               	bsf	129,7,c	;volatile
  4883                           
  4884                           ;matrix_keypad.c: 34:     if (PORTBbits.RB1 == 0)
  4885   000BA0  B281               	btfsc	129,1,c	;volatile
  4886   000BA2  EFD5  F005         	goto	u841
  4887   000BA6  EFD7  F005         	goto	u840
  4888   000BAA                     u841:
  4889   000BAA  EFDA  F005         	goto	l229
  4890   000BAE                     u840:
  4891   000BAE                     
  4892                           ;matrix_keypad.c: 35:     {;matrix_keypad.c: 36:         return 2;
  4893   000BAE  0E02               	movlw	2
  4894   000BB0  EF25  F006         	goto	l222
  4895   000BB4                     l229:
  4896   000BB4  B481               	btfsc	129,2,c	;volatile
  4897   000BB6  EFDF  F005         	goto	u851
  4898   000BBA  EFE1  F005         	goto	u850
  4899   000BBE                     u851:
  4900   000BBE  EFE4  F005         	goto	l231
  4901   000BC2                     u850:
  4902   000BC2                     
  4903                           ;matrix_keypad.c: 39:     {;matrix_keypad.c: 40:         return 5;
  4904   000BC2  0E05               	movlw	5
  4905   000BC4  EF25  F006         	goto	l222
  4906   000BC8                     l231:
  4907   000BC8  B681               	btfsc	129,3,c	;volatile
  4908   000BCA  EFE9  F005         	goto	u861
  4909   000BCE  EFEB  F005         	goto	u860
  4910   000BD2                     u861:
  4911   000BD2  EFEE  F005         	goto	l233
  4912   000BD6                     u860:
  4913   000BD6                     
  4914                           ;matrix_keypad.c: 43:     {;matrix_keypad.c: 44:         return 8;
  4915   000BD6  0E08               	movlw	8
  4916   000BD8  EF25  F006         	goto	l222
  4917   000BDC                     l233:
  4918   000BDC  B881               	btfsc	129,4,c	;volatile
  4919   000BDE  EFF3  F005         	goto	u871
  4920   000BE2  EFF5  F005         	goto	u870
  4921   000BE6                     u871:
  4922   000BE6  EFF8  F005         	goto	l230
  4923   000BEA                     u870:
  4924   000BEA                     
  4925                           ;matrix_keypad.c: 47:     {;matrix_keypad.c: 48:         return 11;
  4926   000BEA  0E0B               	movlw	11
  4927   000BEC  EF25  F006         	goto	l222
  4928   000BF0                     l230:
  4929                           
  4930                           ;matrix_keypad.c: 50:     PORTBbits.RB5 = 1;
  4931   000BF0  8A81               	bsf	129,5,c	;volatile
  4932                           
  4933                           ;matrix_keypad.c: 51:     PORTBbits.RB6 = 1;
  4934   000BF2  8C81               	bsf	129,6,c	;volatile
  4935                           
  4936                           ;matrix_keypad.c: 52:     PORTBbits.RB7 = 0;
  4937   000BF4  9E81               	bcf	129,7,c	;volatile
  4938                           
  4939                           ;matrix_keypad.c: 53:     PORTBbits.RB7 = 0;
  4940   000BF6  9E81               	bcf	129,7,c	;volatile
  4941                           
  4942                           ;matrix_keypad.c: 54:     if (PORTBbits.RB1 == 0)
  4943   000BF8  B281               	btfsc	129,1,c	;volatile
  4944   000BFA  EF01  F006         	goto	u881
  4945   000BFE  EF03  F006         	goto	u880
  4946   000C02                     u881:
  4947   000C02  EF06  F006         	goto	l236
  4948   000C06                     u880:
  4949   000C06                     
  4950                           ;matrix_keypad.c: 55:     {;matrix_keypad.c: 56:         return 3;
  4951   000C06  0E03               	movlw	3
  4952   000C08  EF25  F006         	goto	l222
  4953   000C0C                     l236:
  4954   000C0C  B481               	btfsc	129,2,c	;volatile
  4955   000C0E  EF0B  F006         	goto	u891
  4956   000C12  EF0D  F006         	goto	u890
  4957   000C16                     u891:
  4958   000C16  EF10  F006         	goto	l238
  4959   000C1A                     u890:
  4960   000C1A                     
  4961                           ;matrix_keypad.c: 59:     {;matrix_keypad.c: 60:         return 6;
  4962   000C1A  0E06               	movlw	6
  4963   000C1C  EF25  F006         	goto	l222
  4964   000C20                     l238:
  4965   000C20  B681               	btfsc	129,3,c	;volatile
  4966   000C22  EF15  F006         	goto	u901
  4967   000C26  EF17  F006         	goto	u900
  4968   000C2A                     u901:
  4969   000C2A  EF1A  F006         	goto	l240
  4970   000C2E                     u900:
  4971   000C2E                     
  4972                           ;matrix_keypad.c: 63:     {;matrix_keypad.c: 64:         return 9;
  4973   000C2E  0E09               	movlw	9
  4974   000C30  EF25  F006         	goto	l222
  4975   000C34                     l240:
  4976   000C34  B881               	btfsc	129,4,c	;volatile
  4977   000C36  EF1F  F006         	goto	u911
  4978   000C3A  EF21  F006         	goto	u910
  4979   000C3E                     u911:
  4980   000C3E  EF24  F006         	goto	l1673
  4981   000C42                     u910:
  4982   000C42                     
  4983                           ;matrix_keypad.c: 67:     {;matrix_keypad.c: 68:         return 12;
  4984   000C42  0E0C               	movlw	12
  4985   000C44  EF25  F006         	goto	l222
  4986   000C48                     l1673:
  4987                           
  4988                           ;matrix_keypad.c: 70:     return 0xFF;
  4989   000C48  0EFF               	movlw	255
  4990   000C4A                     l222:
  4991   000C4A  0012               	return		;funcret
  4992   000C4C                     __end_of_scan_key:
  4993                           	callstack 0
  4994                           
  4995 ;; *************** function _can_transmit *****************
  4996 ;; Defined at:
  4997 ;;		line 34 in file "can.c"
  4998 ;; Parameters:    Size  Location     Type
  4999 ;;  msg_id          2    4[COMRAM] unsigned short 
  5000 ;;  data            1    6[COMRAM] PTR const unsigned char 
  5001 ;;		 -> ind(2), get_speed@str(3), 
  5002 ;;  len             1    7[COMRAM] unsigned char 
  5003 ;; Auto vars:     Size  Location     Type
  5004 ;;  i               2   13[COMRAM] int 
  5005 ;;  ptr             2   11[COMRAM] PTR unsigned char 
  5006 ;;		 -> TXB0D0(1), 
  5007 ;; Return value:  Size  Location     Type
  5008 ;;                  1    wreg      void 
  5009 ;; Registers used:
  5010 ;;		wreg, fsr1l, fsr1h, fsr2l, fsr2h, status,2, status,0, cstack
  5011 ;; Tracked objects:
  5012 ;;		On entry : 0/0
  5013 ;;		On exit  : 0/0
  5014 ;;		Unchanged: 0/0
  5015 ;; Data sizes:     COMRAM   BANK0   BANK1   BANK2   BANK3   BANK4   BANK5
  5016 ;;      Params:         4       0       0       0       0       0       0
  5017 ;;      Locals:         4       0       0       0       0       0       0
  5018 ;;      Temps:          3       0       0       0       0       0       0
  5019 ;;      Totals:        11       0       0       0       0       0       0
  5020 ;;Total ram usage:       11 bytes
  5021 ;; Hardware stack levels used: 1
  5022 ;; This function calls:
  5023 ;;		_set_msg_id_std
  5024 ;; This function is called by:
  5025 ;;		_get_speed
  5026 ;;		_get_gear_pos
  5027 ;; This function uses a non-reentrant model
  5028 ;;
  5029                           
  5030                           	psect	text15
  5031   000F9C                     __ptext15:
  5032                           	callstack 0
  5033   000F9C                     _can_transmit:
  5034                           	callstack 29
  5035   000F9C                     
  5036                           ;can.c: 35:     uint8_t *ptr;;can.c: 36:     TXB0EIDH = 0x00;
  5037   000F9C  010F               	movlb	15	; () banked
  5038   000F9E  6B43               	clrf	67,b	;volatile
  5039                           
  5040                           ;can.c: 37:     TXB0EIDL = 0x00;
  5041   000FA0  6B44               	clrf	68,b	;volatile
  5042   000FA2                     
  5043                           ; BSR set to: 15
  5044                           ;can.c: 38:     set_msg_id_std(msg_id);
  5045   000FA2  C005  F001         	movff	can_transmit@msg_id,set_msg_id_std@id
  5046   000FA6  C006  F002         	movff	can_transmit@msg_id+1,set_msg_id_std@id+1
  5047   000FAA  EC9A  F008         	call	_set_msg_id_std	;wreg free
  5048   000FAE                     
  5049                           ;can.c: 39:     TXB0DLC = len;
  5050   000FAE  C008  FF45         	movff	can_transmit@len,3909	;volatile
  5051   000FB2                     
  5052                           ;can.c: 41:     ptr = (uint8_t *) & TXB0D0;
  5053   000FB2  0E46               	movlw	70
  5054   000FB4  6E0C               	movwf	can_transmit@ptr^0,c
  5055   000FB6  0E0F               	movlw	15
  5056   000FB8  6E0D               	movwf	(can_transmit@ptr+1)^0,c
  5057   000FBA                     
  5058                           ;can.c: 42:     for (int i = 0; i < len; i++) {
  5059   000FBA  6A0F               	clrf	(can_transmit@i+1)^0,c
  5060   000FBC  0E00               	movlw	0
  5061   000FBE  6E0E               	movwf	can_transmit@i^0,c
  5062   000FC0  EFF0  F007         	goto	l1701
  5063   000FC4                     l1697:
  5064                           
  5065                           ;can.c: 43:         ptr[i] = data[i];
  5066   000FC4  5007               	movf	can_transmit@data^0,w,c
  5067   000FC6  240E               	addwf	can_transmit@i^0,w,c
  5068   000FC8  6ED9               	movwf	fsr2l,c
  5069   000FCA  6ADA               	clrf	fsr2h,c
  5070   000FCC  500E               	movf	can_transmit@i^0,w,c
  5071   000FCE  240C               	addwf	can_transmit@ptr^0,w,c
  5072   000FD0  6EE1               	movwf	fsr1l,c
  5073   000FD2  500F               	movf	(can_transmit@i+1)^0,w,c
  5074   000FD4  200D               	addwfc	(can_transmit@ptr+1)^0,w,c
  5075   000FD6  6EE2               	movwf	fsr1h,c
  5076   000FD8  CFDF FFE7          	movff	indf2,indf1
  5077   000FDC                     
  5078                           ;can.c: 44:     }
  5079   000FDC  4A0E               	infsnz	can_transmit@i^0,f,c
  5080   000FDE  2A0F               	incf	(can_transmit@i+1)^0,f,c
  5081   000FE0                     l1701:
  5082   000FE0  5008               	movf	can_transmit@len^0,w,c
  5083   000FE2  6E09               	movwf	??_can_transmit^0,c
  5084   000FE4  6A0A               	clrf	(??_can_transmit+1)^0,c
  5085   000FE6  5009               	movf	??_can_transmit^0,w,c
  5086   000FE8  5C0E               	subwf	can_transmit@i^0,w,c
  5087   000FEA  500F               	movf	(can_transmit@i+1)^0,w,c
  5088   000FEC  0A80               	xorlw	128
  5089   000FEE  6E0B               	movwf	(??_can_transmit+2)^0,c
  5090   000FF0  500A               	movf	(??_can_transmit+1)^0,w,c
  5091   000FF2  0A80               	xorlw	128
  5092   000FF4  580B               	subwfb	(??_can_transmit+2)^0,w,c
  5093   000FF6  A0D8               	btfss	status,0,c
  5094   000FF8  EF00  F008         	goto	u931
  5095   000FFC  EF02  F008         	goto	u930
  5096   001000                     u931:
  5097   001000  EFE2  F007         	goto	l1697
  5098   001004                     u930:
  5099   001004                     
  5100                           ;can.c: 45:     TXB0REQ = 1;
  5101   001004  010F               	movlb	15	; () banked
  5102   001006  8740               	bsf	64,3,b	;volatile
  5103   001008                     
  5104                           ; BSR set to: 15
  5105   001008  0012               	return		;funcret
  5106   00100A                     __end_of_can_transmit:
  5107                           	callstack 0
  5108                           
  5109 ;; *************** function _set_msg_id_std *****************
  5110 ;; Defined at:
  5111 ;;		line 30 in file "can.c"
  5112 ;; Parameters:    Size  Location     Type
  5113 ;;  id              2    0[COMRAM] unsigned int 
  5114 ;; Auto vars:     Size  Location     Type
  5115 ;;		None
  5116 ;; Return value:  Size  Location     Type
  5117 ;;                  1    wreg      void 
  5118 ;; Registers used:
  5119 ;;		wreg, status,2, status,0
  5120 ;; Tracked objects:
  5121 ;;		On entry : 0/0
  5122 ;;		On exit  : 0/0
  5123 ;;		Unchanged: 0/0
  5124 ;; Data sizes:     COMRAM   BANK0   BANK1   BANK2   BANK3   BANK4   BANK5
  5125 ;;      Params:         2       0       0       0       0       0       0
  5126 ;;      Locals:         0       0       0       0       0       0       0
  5127 ;;      Temps:          2       0       0       0       0       0       0
  5128 ;;      Totals:         4       0       0       0       0       0       0
  5129 ;;Total ram usage:        4 bytes
  5130 ;; Hardware stack levels used: 1
  5131 ;; This function calls:
  5132 ;;		Nothing
  5133 ;; This function is called by:
  5134 ;;		_can_transmit
  5135 ;; This function uses a non-reentrant model
  5136 ;;
  5137                           
  5138                           	psect	text16
  5139   001134                     __ptext16:
  5140                           	callstack 0
  5141   001134                     _set_msg_id_std:
  5142                           	callstack 28
  5143   001134                     
  5144                           ;can.c: 31:     TXB0SIDL = (id & 0x7) << 5;
  5145   001134  C001  F003         	movff	set_msg_id_std@id,??_set_msg_id_std
  5146   001138  0E07               	movlw	7
  5147   00113A  1603               	andwf	??_set_msg_id_std^0,f,c
  5148   00113C  0E05               	movlw	5
  5149   00113E  6E04               	movwf	(??_set_msg_id_std+1)^0,c
  5150   001140                     u795:
  5151   001140  90D8               	bcf	status,0,c
  5152   001142  3603               	rlcf	??_set_msg_id_std^0,f,c
  5153   001144  2E04               	decfsz	(??_set_msg_id_std+1)^0,f,c
  5154   001146  EFA0  F008         	goto	u795
  5155   00114A  5003               	movf	??_set_msg_id_std^0,w,c
  5156   00114C  010F               	movlb	15	; () banked
  5157   00114E  6F42               	movwf	66,b	;volatile
  5158                           
  5159                           ;can.c: 32:     TXB0SIDH = (id >> 3);
  5160   001150  C001  F003         	movff	set_msg_id_std@id,??_set_msg_id_std
  5161   001154  C002  F004         	movff	set_msg_id_std@id+1,??_set_msg_id_std+1
  5162   001158  90D8               	bcf	status,0,c
  5163   00115A  3204               	rrcf	(??_set_msg_id_std+1)^0,f,c
  5164   00115C  3203               	rrcf	??_set_msg_id_std^0,f,c
  5165   00115E  90D8               	bcf	status,0,c
  5166   001160  3204               	rrcf	(??_set_msg_id_std+1)^0,f,c
  5167   001162  3203               	rrcf	??_set_msg_id_std^0,f,c
  5168   001164  90D8               	bcf	status,0,c
  5169   001166  3204               	rrcf	(??_set_msg_id_std+1)^0,f,c
  5170   001168  3203               	rrcf	??_set_msg_id_std^0,f,c
  5171   00116A  5003               	movf	??_set_msg_id_std^0,w,c
  5172   00116C  6F41               	movwf	65,b	;volatile
  5173   00116E                     
  5174                           ; BSR set to: 15
  5175   00116E  0012               	return		;funcret
  5176   001170                     __end_of_set_msg_id_std:
  5177                           	callstack 0
  5178                           
  5179                           	psect	smallconst
  5180   000600                     __psmallconst:
  5181                           	callstack 0
  5182   000600  00                 	db	0
  5183   000601  00                 	db	0	; dummy byte at the end
  5184   000600                     __smallconst    set	__psmallconst
  5185   000600                     __mediumconst   set	__psmallconst
  5186   000000                     __activetblptr  equ	0
  5187                           
  5188                           	psect	rparam
  5189   000001                     ___rparam_used  equ	1
  5190   000000                     ___param_bank   equ	0
  5191   000000                     __Lparam        equ	__Lrparam
  5192   000000                     __Hparam        equ	__Hrparam
  5193                           tosu	equ	0xFFF
  5194                           tosh	equ	0xFFE
  5195                           tosl	equ	0xFFD
  5196                           stkptr	equ	0xFFC
  5197                           pclatu	equ	0xFFB
  5198                           pclath	equ	0xFFA
  5199                           pcl	equ	0xFF9
  5200                           tblptru	equ	0xFF8
  5201                           tblptrh	equ	0xFF7
  5202                           tblptrl	equ	0xFF6
  5203                           tablat	equ	0xFF5
  5204                           prodh	equ	0xFF4
  5205                           prodl	equ	0xFF3
  5206                           indf0	equ	0xFEF
  5207                           postinc0	equ	0xFEE
  5208                           postdec0	equ	0xFED
  5209                           preinc0	equ	0xFEC
  5210                           plusw0	equ	0xFEB
  5211                           fsr0h	equ	0xFEA
  5212                           fsr0l	equ	0xFE9
  5213                           wreg	equ	0xFE8
  5214                           indf1	equ	0xFE7
  5215                           postinc1	equ	0xFE6
  5216                           postdec1	equ	0xFE5
  5217                           preinc1	equ	0xFE4
  5218                           plusw1	equ	0xFE3
  5219                           fsr1h	equ	0xFE2
  5220                           fsr1l	equ	0xFE1
  5221                           bsr	equ	0xFE0
  5222                           indf2	equ	0xFDF
  5223                           postinc2	equ	0xFDE
  5224                           postdec2	equ	0xFDD
  5225                           preinc2	equ	0xFDC
  5226                           plusw2	equ	0xFDB
  5227                           fsr2h	equ	0xFDA
  5228                           fsr2l	equ	0xFD9
  5229                           status	equ	0xFD8

Data Sizes:
    Strings     0
    Constant    0
    Data        28
    BSS         17
    Persistent  0
    Stack       0

Auto Spaces:
    Space          Size  Autos    Used
    COMRAM           95     62      80
    BANK0           160      0      27
    BANK1           256      0       0
    BANK2           256      0       0
    BANK3           256      0       0
    BANK4           256      0       0
    BANK5           256      0       0

Pointer List with Targets:

    can_transmit@data	PTR const unsigned char  size(1) Largest target is 3
		 -> get_speed@str(COMRAM[3]), ind(COMRAM[2]), 

    can_transmit@ptr	PTR unsigned char  size(2) Largest target is 1
		 -> TXB0D0(SFR_2[1]), 


Critical Paths under _main in COMRAM

    _main->_get_speed
    _get_speed->___fltol
    ___xxtofl->_read_adc
    ___fltol->___fldiv
    ___fldiv->___xxtofl
    _get_gear_pos->_can_transmit
    _can_transmit->_set_msg_id_std

Critical Paths under _main in BANK0

    None.

Critical Paths under _main in BANK1

    None.

Critical Paths under _main in BANK2

    None.

Critical Paths under _main in BANK3

    None.

Critical Paths under _main in BANK4

    None.

Critical Paths under _main in BANK5

    None.

Call Graph Tables:

 ---------------------------------------------------------------------------------
 (Depth) Function   	        Calls       Base Space   Used Autos Params    Refs
 ---------------------------------------------------------------------------------
 (0) _main                                                 0     0      0    2775
                       _get_gear_pos
                          _get_speed
                        _init_config
 ---------------------------------------------------------------------------------
 (1) _init_config                                          0     0      0       0
                           _init_adc
                           _init_can
                 _init_matrix_keypad
 ---------------------------------------------------------------------------------
 (2) _init_matrix_keypad                                   0     0      0       0
 ---------------------------------------------------------------------------------
 (2) _init_can                                             0     0      0       0
 ---------------------------------------------------------------------------------
 (2) _init_adc                                             0     0      0       0
 ---------------------------------------------------------------------------------
 (1) _get_speed                                            6     6      0    2420
                                             56 COMRAM     6     6      0
                            ___fldiv
                            ___fltol
                            ___lwdiv
                            ___lwmod
                           ___xxtofl
                       _can_transmit
                           _read_adc
 ---------------------------------------------------------------------------------
 (2) _read_adc                                             7     5      2      52
                                              0 COMRAM     7     5      2
 ---------------------------------------------------------------------------------
 (2) ___xxtofl                                            14    10      4     337
                                              7 COMRAM    14    10      4
                           _read_adc (ARG)
 ---------------------------------------------------------------------------------
 (2) ___lwmod                                              5     1      4     161
                                              0 COMRAM     5     1      4
 ---------------------------------------------------------------------------------
 (2) ___lwdiv                                              7     3      4     164
                                              0 COMRAM     7     3      4
 ---------------------------------------------------------------------------------
 (2) ___fltol                                             10     6      4     230
                                             46 COMRAM    10     6      4
                            ___fldiv (ARG)
                           ___xxtofl (ARG)
                           _read_adc (ARG)
 ---------------------------------------------------------------------------------
 (2) ___fldiv                                             25    17      8    1123
                                             21 COMRAM    25    17      8
                           ___xxtofl (ARG)
                           _read_adc (ARG)
 ---------------------------------------------------------------------------------
 (1) _get_gear_pos                                         3     3      0     355
                                             15 COMRAM     3     3      0
                       _can_transmit
                      _read_switches
 ---------------------------------------------------------------------------------
 (2) _read_switches                                        1     1      0      58
                                              0 COMRAM     1     1      0
                           _scan_key
 ---------------------------------------------------------------------------------
 (3) _scan_key                                             0     0      0       0
 ---------------------------------------------------------------------------------
 (2) _can_transmit                                        11     7      4     230
                                              4 COMRAM    11     7      4
                     _set_msg_id_std
 ---------------------------------------------------------------------------------
 (3) _set_msg_id_std                                       4     2      2      45
                                              0 COMRAM     4     2      2
 ---------------------------------------------------------------------------------
 Estimated maximum stack depth 3
 ---------------------------------------------------------------------------------

 Call Graph Graphs:

 _main (ROOT)
   _get_gear_pos
     _can_transmit
       _set_msg_id_std
     _read_switches
       _scan_key
   _get_speed
     ___fldiv
       ___xxtofl (ARG)
         _read_adc (ARG)
       _read_adc (ARG)
     ___fltol
       ___fldiv (ARG)
       ___xxtofl (ARG)
       _read_adc (ARG)
     ___lwdiv
     ___lwmod
     ___xxtofl
     _can_transmit
     _read_adc
   _init_config
     _init_adc
     _init_can
     _init_matrix_keypad

Address spaces:
Name               Size   Autos  Total    Usage
BIGRAM            1535      0       0      0.0%
BITBIGSFRlh        410      0       0      0.0%
BITBANK5           256      0       0      0.0%
BANK5              256      0       0      0.0%
BITBANK4           256      0       0      0.0%
BANK4              256      0       0      0.0%
BITBANK3           256      0       0      0.0%
BANK3              256      0       0      0.0%
BITBANK2           256      0       0      0.0%
BANK2              256      0       0      0.0%
BITBANK1           256      0       0      0.0%
BANK1              256      0       0      0.0%
BITBIGSFRll        212      0       0      0.0%
BITBANK0           160      0       0      0.0%
BANK0              160      0      27     16.9%
BITBIGSFRh         144      0       0      0.0%
BITCOMRAM           95      0       0      0.0%
COMRAM              95     62      80     84.2%
STACK                0      0       0      0.0%
DATA                 0      0     107      0.0%


Microchip Technology PIC18 Macro Assembler V3.10 build 20250813170317 
Symbol Table                                                                                   Tue Apr 14 09:02:13 2026

               ___fldiv@aexp 002E                 ___fldiv@bexp 002D                 ___fldiv@sign 0026  
                         l13 11DA                           l60 10B2                           l54 118A  
                         l57 1086                           _GO 7E11           _init_matrix_keypad 11BC  
                        l120 116E                          l113 1114                          l114 1132  
                        l125 1004                          l221 0B5E                          l205 0E08  
                        l126 1008                          l230 0BF0                          l222 0C4A  
                        l231 0BC8                          l223 0B9A                          l240 0C34  
                        l224 0B72                          l233 0BDC                          l226 0B86  
                        l218 11CC                          l251 0F28                          l236 0C0C  
                        l229 0BB4                          l238 0C20                          l195 0EB4  
                        l665 0D50                          l950 098E                          l952 07F4  
                        l961 083A                          l962 0858                          l866 0F9A  
                        l963 08B0                          l955 07B8                          l859 0F92  
                        l964 089E                          l876 106C                          l869 1064  
                        _RC0 7C10                          _RC1 7C11                          _RC2 7C12  
                        _RD7 7C1F                          u140 1114                          u141 1110  
                        u800 0B58                          u801 0B54                          u810 0B6C  
                        u811 0B68                          u900 0C2E                          u820 0B80  
                        u901 0C2A                          u821 0B7C                          u910 0C42  
                        u830 0B94                          u911 0C3E                          u831 0B90  
                        u840 0BAE                          u920 1094                          u841 0BAA  
                        u921 1090                          u930 1004                          u850 0BC2  
                        u931 1000                          u851 0BBE                          u860 0BD6  
                        u940 0EC8                          u861 0BD2                          u941 0EC4  
                        u870 0BEA                          u950 0EDE                          u871 0BE6  
                        u951 0EDA                          u880 0C06                          u960 0EEE  
                        u881 0C02                          u961 0EEA                          u890 0C1A  
                        u970 0F06                          u795 1140                          u891 0C16  
                        u971 0F02                          u980 0F1E                          u981 0F1A  
                        u990 061C                          u991 0618                          _ind 004E  
                        wreg 0FE8          ?_init_matrix_keypad 0001               ??_get_gear_pos 0010  
               ___fltol@exp1 0038                         l1030 0A7E                         l1023 09E6  
                       l2001 0E94                         l1121 11C6                         l1026 0B42  
                       l2011 0D72                         l2003 0EA6                         l1115 1170  
                       l1131 1116                         l1123 10F8                         l2021 0DCE  
                       l2013 0D8E                         l1037 0ADA                         l1141 112E  
                       l1133 1122                         l1125 10FC                         l1117 11BC  
                       l2023 0DE2                         l2015 0D96                         l2007 0D52  
                       l1143 1130                         l1135 1126                         l1127 1100  
                       l1119 11C4                         l2031 11A8                         l2017 0DAA  
                       l2025 0DE8                         l2009 0D60                         l1137 112A  
                       l1129 1102                         l2033 11AC                         l2027 0DFA  
                       l2019 0DC4                         l1139 112C                         l2035 11B0  
                       l1603 1134                         l1701 0FE0                         l1613 0B6C  
                       l1605 0B44                         l1607 0B58                         l1711 0EEE  
                       l1703 0EB8                         l1641 0BD6                         l1625 0B94  
                       l1721 0F06                         l1713 0EF0                         l1705 0EC8  
                       l1801 0784                         l1465 11CE                         l1651 0C06  
                       l1635 0BC2                         l1619 0B80                         l1707 0ECE  
                       l1723 0F0E                         l1811 07E0                         l1803 0794  
                       l1467 11D2                         l1629 0BAE                         l1725 0F1E  
                       l1709 0EDE                         l1821 0820                         l1813 07E2  
                       l1805 07A8                         l1741 062E                         l1733 0602  
                       l1901 1050                         l1469 11D6                         l1663 0C2E  
                       l1647 0BEA                         l1719 0EF6                         l1831 0896  
                       l1823 082A                         l1815 07F2                         l1807 07B6  
                       l1751 0666                         l1743 063E                         l1735 060E  
                       l1903 1058                         l1673 0C48                         l1657 0C1A  
                       l1729 0F26                         l1841 0904                         l1825 0838  
                       l1817 0804                         l1809 07C2                         l1761 0692  
                       l1753 066C                         l1745 064E                         l1737 061C  
                       l1921 0CB6                         l1913 0C76                         l1905 105E  
                       l1681 1094                         l1691 0FAE                         l1851 0968  
                       l1835 08C0                         l1843 0908                         l1819 081A  
                       l1827 084A                         l1771 06CA                         l1763 06A2  
                       l1755 0672                         l1747 0650                         l1739 061E  
                       l1931 0CE6                         l1923 0CC4                         l1915 0CA0  
                       l1907 0C4C                         l1683 10AA                         l1693 0FB2  
                       l1669 0C42                         l1861 0984                         l1853 096A  
                       l1845 0922                         l1837 08CC                         l1829 0868  
                       l1773 06E0                         l1765 06B2                         l1757 0680  
                       l1749 0656                         l1941 0D10                         l1933 0CF0  
                       l1917 0CA2                         l1909 0C62                         l1677 1070  
                       l1695 0FBA                         l1687 0F9C                         l1855 096E  
                       l1847 0938                         l1839 08DA                         l1791 0734  
                       l1775 06F0                         l1783 0710                         l1767 06B4  
                       l1759 0682                         l1943 0D20                         l1919 0CB2  
                       l1871 0F30                         l1951 0992                         l1679 1084  
                       l1697 0FC4                         l1689 0FA2                         l1857 097C  
                       l1849 0952                         l1793 074E                         l1785 0720  
                       l1777 06F8                         l1769 06BA                         l1945 0D30  
                       l1929 0CDC                         l1881 0F66                         l1873 0F42  
                       l1953 09A2                         l1699 0FDC                         l1859 0982  
                       l1795 075E                         l1787 0720                         l1779 06FC  
                       l1947 0D40                         l1939 0D04                         l1883 0F7C  
                       l1875 0F4A                         l1891 100A                         l1971 0A68  
                       l1963 0A20                         l1955 09B0                         l1797 076E  
                       l1885 0F84                         l1877 0F52                         l1869 0F2A  
                       l1893 101C                         l1981 0AE8                         l1973 0A74  
                       l1965 0A28                         l1957 09F6                         l1799 077E  
                       l1887 0F86                         l1879 0F60                         l1895 1024  
                       l1991 0B30                         l1983 0AEA                         l1975 0AB0  
                       l1967 0A34                         l1959 0A0C                         l1889 0F8C  
                       l1897 102C                         l1993 0B32                         l1985 0AEE  
                       l1977 0ABC                         l1969 0A66                         l1899 103A  
                       l1987 0B12                         l1979 0ACA                         l1989 0B22  
                       l1997 0E0A                         l1999 0E92                         _ADFM 7E07  
                       _ADON 7E10                         u1000 062E                         u1001 062A  
                       u1010 063E                         u1011 063A                         u1100 0804  
                       u1020 0680                         u1101 0800                         u1021 067C  
                       u1110 081A                         u1030 0692                         u1111 0816  
                       u1031 068E                         u1200 0952                         u1120 0838  
                       u1040 06A2                         u1201 094E                         u1121 0834  
                       u1041 069E                         u1210 097C                         u1130 0858  
                       u1050 06E0                         u1211 0978                         u1131 0854  
                       u1051 06DC                         u1140 0868                         u1060 0720  
                       u1300 0CC4                         u1220 0F42                         u1141 0864  
                       u1061 071C                         u1301 0CC0                         u1221 0F3E  
                       u1150 0896                         u1070 0794                         u1310 0CD8  
                       u1230 0F60                         u1151 0892                         u1071 0790  
                       u1311 0CD4                         u1231 0F5C                         u1160 08AC  
                       u1080 07B6                         u1320 0D00                         u1240 0F7C  
                       u1400 0ACA                         u1161 08A8                         u1081 07B2  
                       u1321 0CFC                         u1241 0F78                         u1401 0AC6  
                       u1170 08C0                         u1090 07E0                         u1330 0D20  
                       u1250 101C                         u1410 0ADA                         u1171 08BC  
                       u1091 07DC                         u1331 0D1C                         u1251 1018  
                       u1411 0AD6                         u1180 08DA                         u1340 0D30  
                       u1260 103A                         u1420 0AE8                         u1181 08D6  
                       u1341 0D2C                         u1261 1036                         u1421 0AE4  
                       u1190 0922                         u1270 1050                         u1430 0B22  
                       u1350 09A2                         u1191 091E                         u1271 104C  
                       u1431 0B1E                         u1351 099E                         u1280 0C62  
                       u1440 0B30                         u1360 09B0                         u1281 0C5E  
                       u1441 0B2C                         u1361 09AC                         u1450 0D72  
                       u1290 0C96                         u1370 0A0C                         u1451 0D6E  
                       u1371 0A08                         u1507 0EAC                         u1460 0D8E  
                       u1380 0A62                         u1517 0E00                         u1461 0D8A  
                       u1381 0A5E                         u1470 0DAA                         u1390 0AAC  
                       u1471 0DA6                         u1295 0C8C                         u1391 0AA8  
                       u1480 0DC4                         u1481 0DC0                         u1490 0DE2  
                       u1491 0DDE                         _RBPU 7F8F                         _gear 0060  
                       _len1 004D                         _len2 004C                         _main 11A8  
                       fsr2h 0FDA                         indf1 0FE7                         indf2 0FDF  
                       fsr1l 0FE1                         fsr2l 0FD9                         start 2FFC  
            ___fldiv@new_exp 0027         ??_init_matrix_keypad 0001                 ___param_bank 0000  
              ___fltol@sign1 0037                        _ADCS0 7E00                        _ADCS1 7E01  
                      _ADCS2 7E02                        ?_main 0001              __end_of___fldiv 0990  
                      _ACQT0 7E03                        _ACQT1 7E04                        _ACQT2 7E05  
            __end_of___fltol 0D52              __end_of___lwdiv 0F9C              __end_of___lwmod 106E  
               ?_init_config 0001                        _VCFG0 7E0C                        _VCFG1 7E0D  
                      _PORTB 0F81                        _PORTD 0F83                        _TRISB 0F93  
                      _TRISC 0F94                        _TRISD 0F95                 get_speed@str 003A  
                      tablat 0FF5                        status 0FD8              __initialization 10B4  
               __end_of_main 11BC                       ??_main 003F                __activetblptr 0000  
                     _ADCON0 0FC2                       _ADCON1 0FC1             read_switches@key 004B  
                     _CANCON 0F6F                       _ADRESH 0FC4                       _ADRESL 0FC3  
                     _GODONE 7E11                       _RXB0D0 0F66                       _RXB0IF 7D20  
                     _TXB0D0 0F46                       _TRISB2 7C9A                       _TRISB3 7C9B  
                     _TRISD7 7CAF             __end_of___xxtofl 0B44                    ??___fldiv 001E  
                  ??___fltol 0033                can_transmit@i 000E                    ??___lwdiv 0005  
                  ??___lwmod 0005         __end_of_get_gear_pos 0E0A             __end_of_init_adc 118C  
           __end_of_init_can 1134             __end_of_read_adc 10B4                       clear_0 10EC  
                     _msg_id 0049                       isa$std 0001             __end_of_scan_key 0C4C  
            get_gear_pos@key 0011                 __pdataCOMRAM 0050                 __mediumconst 0600  
                     tblptrh 0FF7                       tblptrl 0FF6                       tblptru 0FF8  
               _can_transmit 0F9C                 ___xxtofl@arg 0012                 ___xxtofl@exp 0011  
               ___xxtofl@val 0008                   __accesstop 0060      __end_of__initialization 10F2  
              ___rparam_used 0001                   ___fltol@f1 002F               __pcstackCOMRAM 0001  
               __pidataBANK0 118C             set_msg_id_std@id 0001            read_switches@once 0050  
                    _ECANCON 0F77                      _CANSTAT 0F6E                      _BRGCON1 0F70  
                    _BRGCON2 0F71                      _BRGCON3 0F72                    ?___xxtofl 0008  
                    _RXB0DLC 0F65                      _RXB0CON 0F60                      _RXB0FUL 7B07  
                    _TXB0DLC 0F45                      _TXB0REQ 7A03                      _RXFCON0 0DD4  
              _read_switches 0EB6               get_speed@speed 003D                    ?_init_adc 0001  
                  ?_init_can 0001                    ?_read_adc 0001                    ?_scan_key 0001  
                    __Hparam 0000                      __Lparam 0000            __end_of_get_speed 0EB6  
                    ___fldiv 0602                      ___fltol 0C4C                      ___lwdiv 0F2A  
                    ___lwmod 100A                 __psmallconst 0600                      __pcinit 10B4  
                    __ramtop 0600                      _gear_id 0047                      __ptext0 11A8  
                    __ptext1 11CE                      __ptext2 11BC                      __ptext3 10F8  
                    __ptext4 1170                      __ptext5 0E0A                      __ptext6 106E  
                    __ptext7 0990                      __ptext8 100A                      __ptext9 0F2A  
                 ??___xxtofl 000C               ?_read_switches 0001         end_of_initialization 10F2  
               _get_gear_pos 0D52                   ??_init_adc 0001                   ??_init_can 0001  
                 ??_read_adc 0003                   ??_scan_key 0001                      postdec1 0FE5  
                    postinc0 0FEE                    _PORTBbits 0F81              read_adc@channel 0007  
              ___xxtofl@sign 0010              read_adc@reg_val 0005                  ___fldiv@grs 0029  
                ___fldiv@rem 0022               _set_msg_id_std 1134                __pidataCOMRAM 3000  
        start_initialization 10B4              ??_read_switches 0001       __end_of_set_msg_id_std 1170  
                __pdataBANK0 0060  read_switches@detection_type 0001                ??_init_config 0001  
                  ___fldiv@a 001A                    ___fldiv@b 0016                  __pbssCOMRAM 003F  
            ?_set_msg_id_std 0001             ___lwdiv@dividend 0001                     ?___fldiv 0016  
           can_transmit@data 0007                     ?___fltol 002F                     ?___lwdiv 0001  
                   ?___lwmod 0001                    _get_speed 0E0A                  __smallconst 0600  
         can_transmit@msg_id 0005             ___lwdiv@quotient 0005          __end_of_init_config 11DC  
 __end_of_init_matrix_keypad 11CE                     _RXB0SIDH 0F61                     _RXB0SIDL 0F62  
                   _TXB0EIDH 0F43                     _TXB0EIDL 0F44                     _TXB0SIDH 0F41  
                   _TXB0SIDL 0F42                   ?_get_speed 0001                ?_can_transmit 0005  
                  copy_data0 10C8                     __Hrparam 0000                     __Lrparam 0000  
                _init_config 11CE                     ___xxtofl 0990               ??_can_transmit 0009  
            ___lwdiv@divisor 0003              ___lwdiv@counter 0007                     __ptext10 0C4C  
                   __ptext11 0602                     __ptext12 0D52                     __ptext13 0EB6  
                   __ptext14 0B44                     __ptext15 0F9C                     __ptext16 1134  
            can_transmit@len 0008              can_transmit@ptr 000C                     _rx1_data 0043  
                   _rx2_data 003F                     _init_adc 1170                     _init_can 10F8  
                   _read_adc 106E                     _scan_key 0B44                     isa$xinst 0000  
                ??_get_speed 0039                  _RXB0CONbits 0F60             ??_set_msg_id_std 0003  
      __end_of_read_switches 0F2A             ___lwmod@dividend 0001              ___lwmod@divisor 0003  
            ___lwmod@counter 0005                ?_get_gear_pos 0001         __end_of_can_transmit 100A  
