

Microchip MPLAB XC8 Assembler V3.10 build 20250813170317 
                                                                                               Fri Apr  3 14:28:41 2026

Microchip MPLAB XC8 C Compiler v3.10 (Free license) build 20250813170317 Og1 
     1                           	processor	18F4580
     2                           	fnconf	rparam,??,?,0
     3                           	pagewidth 120
     4                           	opt	flic
     5                           	psect	mediumconst,global,reloc=2,class=MEDIUMCONST,space=0,delta=1,noexec
     6                           	psect	cinit,global,reloc=2,class=CODE,space=0,delta=1
     7                           	psect	cstackCOMRAM,global,class=COMRAM,space=1,delta=1,lowdata,noexec
     8                           	psect	text0,global,reloc=2,class=CODE,space=0,delta=1
     9                           	psect	text1,global,reloc=2,class=CODE,space=0,delta=1
    10                           	psect	text2,global,reloc=2,class=CODE,space=0,delta=1
    11                           	psect	text3,global,reloc=2,class=CODE,space=0,delta=1
    12                           	psect	text4,global,reloc=2,class=CODE,space=0,delta=1
    13                           	psect	text5,global,reloc=2,class=CODE,space=0,delta=1
    14                           	psect	text6,global,reloc=2,class=CODE,space=0,delta=1
    15                           	psect	intsave_regs,global,class=BIGRAM,space=1,delta=1,noexec
    16                           	psect	rparam,global,class=COMRAM,space=1,delta=1,noexec
    17                           	psect	idloc,global,abs,ovrld,class=IDLOC,space=5,delta=1,noexec
    18                           	psect	config,global,abs,ovrld,class=CONFIG,space=4,delta=1,noexec
    19   000000                     
    20                           ; Generated 17/01/2025 GMT
    21                           ; 
    22                           ; Copyright © 2025, Microchip Technology Inc. and its subsidiaries ("Microchip")
    23                           ; All rights reserved.
    24                           ; 
    25                           ; This software is developed by Microchip Technology Inc. and its subsidiaries ("Microch
      +                          ip").
    26                           ; 
    27                           ; Redistribution and use in source and binary forms, with or without modification, are
    28                           ; permitted provided that the following conditions are met:
    29                           ; 
    30                           ;     1. Redistributions of source code must retain the above copyright notice, this lis
      +                          t of
    31                           ;        conditions and the following disclaimer.
    32                           ; 
    33                           ;     2. Redistributions in binary form must reproduce the above copyright notice, this 
      +                          list
    34                           ;        of conditions and the following disclaimer in the documentation and/or other
    35                           ;        materials provided with the distribution. Publication is not required when
    36                           ;        this file is used in an embedded application.
    37                           ; 
    38                           ;     3. Microchip's name may not be used to endorse or promote products derived from th
      +                          is
    39                           ;        software without specific prior written permission.
    40                           ; 
    41                           ; THIS SOFTWARE IS PROVIDED BY MICROCHIP "AS IS" AND ANY EXPRESS OR IMPLIED WARRANTIES,
    42                           ; INCLUDING, BUT NOT LIMITED TO, THE IMPLIED WARRANTIES OF MERCHANTABILITY AND FITNESS F
      +                          OR
    43                           ; PURPOSE ARE DISCLAIMED.  IN NO EVENT SHALL MICROCHIP BE LIABLE FOR ANY DIRECT, INDIREC
      +                          T,
    44                           ; INCIDENTAL, SPECIAL, EXEMPLARY, OR CONSEQUENTIAL DAMAGES (INCLUDING BUT NOT LIMITED TO
    45                           ; PROCUREMENT OF SUBSTITUTE GOODS OR SERVICES; LOSS OF USE, DATA OR PROFITS; OR BUSINESS
    46                           ; INTERRUPTION) HOWSOEVER CAUSED AND ON ANY THEORY OF LIABILITY, WHETHER IN CONTRACT, ST
      +                          RICT
    47                           ; LIABILITY, OR TORT (INCLUDING NEGLIGENCE OR OTHERWISE) ARISING IN ANY WAY OUT OF THE U
      +                          SE OF
    48                           ; THIS SOFTWARE, EVEN IF ADVISED OF THE POSSIBILITY OF SUCH DAMAGE.
    49                           ; 
    50                           ; 
    51                           ; Code-generator required, PIC18F4580 Definitions
    52                           ; 
    53                           ; SFR Addresses
    54   000FE0                     bsr             equ	4064
    55   000FE9                     fsr0            equ	4073
    56   000FEA                     fsr0h           equ	4074
    57   000FE9                     fsr0l           equ	4073
    58   000FE1                     fsr1            equ	4065
    59   000FE2                     fsr1h           equ	4066
    60   000FE1                     fsr1l           equ	4065
    61   000FD9                     fsr2            equ	4057
    62   000FDA                     fsr2h           equ	4058
    63   000FD9                     fsr2l           equ	4057
    64   000FEF                     indf0           equ	4079
    65   000FE7                     indf1           equ	4071
    66   000FDF                     indf2           equ	4063
    67   000FF2                     intcon          equ	4082
    68   000000                     nvmcon          equ	0
    69   000FF9                     pcl             equ	4089
    70   000FFA                     pclath          equ	4090
    71   000FFB                     pclatu          equ	4091
    72   000FEB                     plusw0          equ	4075
    73   000FE3                     plusw1          equ	4067
    74   000FDB                     plusw2          equ	4059
    75   000FED                     postdec0        equ	4077
    76   000FE5                     postdec1        equ	4069
    77   000FDD                     postdec2        equ	4061
    78   000FEE                     postinc0        equ	4078
    79   000FE6                     postinc1        equ	4070
    80   000FDE                     postinc2        equ	4062
    81   000FEC                     preinc0         equ	4076
    82   000FE4                     preinc1         equ	4068
    83   000FDC                     preinc2         equ	4060
    84   000FF3                     prod            equ	4083
    85   000FF4                     prodh           equ	4084
    86   000FF3                     prodl           equ	4083
    87   000FD8                     status          equ	4056
    88   000FF5                     tablat          equ	4085
    89   000FF6                     tblptr          equ	4086
    90   000FF7                     tblptrh         equ	4087
    91   000FF6                     tblptrl         equ	4086
    92   000FF8                     tblptru         equ	4088
    93   000FFD                     tosl            equ	4093
    94   000FE8                     wreg            equ	4072
    95   000D60                     RXF6SIDH        equ	3424	;# 
    96   000D61                     RXF6SIDL        equ	3425	;# 
    97   000D62                     RXF6EIDH        equ	3426	;# 
    98   000D63                     RXF6EIDL        equ	3427	;# 
    99   000D64                     RXF7SIDH        equ	3428	;# 
   100   000D65                     RXF7SIDL        equ	3429	;# 
   101   000D66                     RXF7EIDH        equ	3430	;# 
   102   000D67                     RXF7EIDL        equ	3431	;# 
   103   000D68                     RXF8SIDH        equ	3432	;# 
   104   000D69                     RXF8SIDL        equ	3433	;# 
   105   000D6A                     RXF8EIDH        equ	3434	;# 
   106   000D6B                     RXF8EIDL        equ	3435	;# 
   107   000D70                     RXF9SIDH        equ	3440	;# 
   108   000D71                     RXF9SIDL        equ	3441	;# 
   109   000D72                     RXF9EIDH        equ	3442	;# 
   110   000D73                     RXF9EIDL        equ	3443	;# 
   111   000D74                     RXF10SIDH       equ	3444	;# 
   112   000D75                     RXF10SIDL       equ	3445	;# 
   113   000D76                     RXF10EIDH       equ	3446	;# 
   114   000D77                     RXF10EIDL       equ	3447	;# 
   115   000D78                     RXF11SIDH       equ	3448	;# 
   116   000D79                     RXF11SIDL       equ	3449	;# 
   117   000D7A                     RXF11EIDH       equ	3450	;# 
   118   000D7B                     RXF11EIDL       equ	3451	;# 
   119   000D80                     RXF12SIDH       equ	3456	;# 
   120   000D81                     RXF12SIDL       equ	3457	;# 
   121   000D82                     RXF12EIDH       equ	3458	;# 
   122   000D83                     RXF12EIDL       equ	3459	;# 
   123   000D84                     RXF13SIDH       equ	3460	;# 
   124   000D85                     RXF13SIDL       equ	3461	;# 
   125   000D86                     RXF13EIDH       equ	3462	;# 
   126   000D87                     RXF13EIDL       equ	3463	;# 
   127   000D88                     RXF14SIDH       equ	3464	;# 
   128   000D89                     RXF14SIDL       equ	3465	;# 
   129   000D8A                     RXF14EIDH       equ	3466	;# 
   130   000D8B                     RXF14EIDL       equ	3467	;# 
   131   000D90                     RXF15SIDH       equ	3472	;# 
   132   000D91                     RXF15SIDL       equ	3473	;# 
   133   000D92                     RXF15EIDH       equ	3474	;# 
   134   000D93                     RXF15EIDL       equ	3475	;# 
   135   000DD4                     RXFCON0         equ	3540	;# 
   136   000DD5                     RXFCON1         equ	3541	;# 
   137   000DD8                     SDFLC           equ	3544	;# 
   138   000DE0                     RXFBCON0        equ	3552	;# 
   139   000DE1                     RXFBCON1        equ	3553	;# 
   140   000DE2                     RXFBCON2        equ	3554	;# 
   141   000DE3                     RXFBCON3        equ	3555	;# 
   142   000DE4                     RXFBCON4        equ	3556	;# 
   143   000DE5                     RXFBCON5        equ	3557	;# 
   144   000DE6                     RXFBCON6        equ	3558	;# 
   145   000DE7                     RXFBCON7        equ	3559	;# 
   146   000DF0                     MSEL0           equ	3568	;# 
   147   000DF1                     MSEL1           equ	3569	;# 
   148   000DF2                     MSEL2           equ	3570	;# 
   149   000DF3                     MSEL3           equ	3571	;# 
   150   000DF8                     BSEL0           equ	3576	;# 
   151   000DFA                     BIE0            equ	3578	;# 
   152   000DFC                     TXBIE           equ	3580	;# 
   153   000E20                     B0CON           equ	3616	;# 
   154   000E21                     B0SIDH          equ	3617	;# 
   155   000E22                     B0SIDL          equ	3618	;# 
   156   000E23                     B0EIDH          equ	3619	;# 
   157   000E24                     B0EIDL          equ	3620	;# 
   158   000E25                     B0DLC           equ	3621	;# 
   159   000E26                     B0D0            equ	3622	;# 
   160   000E27                     B0D1            equ	3623	;# 
   161   000E28                     B0D2            equ	3624	;# 
   162   000E29                     B0D3            equ	3625	;# 
   163   000E2A                     B0D4            equ	3626	;# 
   164   000E2B                     B0D5            equ	3627	;# 
   165   000E2C                     B0D6            equ	3628	;# 
   166   000E2D                     B0D7            equ	3629	;# 
   167   000E2E                     CANSTAT_RO9     equ	3630	;# 
   168   000E2F                     CANCON_RO9      equ	3631	;# 
   169   000E30                     B1CON           equ	3632	;# 
   170   000E31                     B1SIDH          equ	3633	;# 
   171   000E32                     B1SIDL          equ	3634	;# 
   172   000E33                     B1EIDH          equ	3635	;# 
   173   000E34                     B1EIDL          equ	3636	;# 
   174   000E35                     B1DLC           equ	3637	;# 
   175   000E36                     B1D0            equ	3638	;# 
   176   000E37                     B1D1            equ	3639	;# 
   177   000E38                     B1D2            equ	3640	;# 
   178   000E39                     B1D3            equ	3641	;# 
   179   000E3A                     B1D4            equ	3642	;# 
   180   000E3B                     B1D5            equ	3643	;# 
   181   000E3C                     B1D6            equ	3644	;# 
   182   000E3D                     B1D7            equ	3645	;# 
   183   000E3E                     CANSTAT_RO8     equ	3646	;# 
   184   000E3F                     CANCON_RO8      equ	3647	;# 
   185   000E40                     B2CON           equ	3648	;# 
   186   000E41                     B2SIDH          equ	3649	;# 
   187   000E42                     B2SIDL          equ	3650	;# 
   188   000E43                     B2EIDH          equ	3651	;# 
   189   000E44                     B2EIDL          equ	3652	;# 
   190   000E45                     B2DLC           equ	3653	;# 
   191   000E46                     B2D0            equ	3654	;# 
   192   000E47                     B2D1            equ	3655	;# 
   193   000E48                     B2D2            equ	3656	;# 
   194   000E49                     B2D3            equ	3657	;# 
   195   000E4A                     B2D4            equ	3658	;# 
   196   000E4B                     B2D5            equ	3659	;# 
   197   000E4C                     B2D6            equ	3660	;# 
   198   000E4D                     B2D7            equ	3661	;# 
   199   000E4E                     CANSTAT_RO7     equ	3662	;# 
   200   000E4F                     CANCON_RO7      equ	3663	;# 
   201   000E50                     B3CON           equ	3664	;# 
   202   000E51                     B3SIDH          equ	3665	;# 
   203   000E52                     B3SIDL          equ	3666	;# 
   204   000E53                     B3EIDH          equ	3667	;# 
   205   000E54                     B3EIDL          equ	3668	;# 
   206   000E55                     B3DLC           equ	3669	;# 
   207   000E56                     B3D0            equ	3670	;# 
   208   000E57                     B3D1            equ	3671	;# 
   209   000E58                     B3D2            equ	3672	;# 
   210   000E59                     B3D3            equ	3673	;# 
   211   000E5A                     B3D4            equ	3674	;# 
   212   000E5B                     B3D5            equ	3675	;# 
   213   000E5C                     B3D6            equ	3676	;# 
   214   000E5D                     B3D7            equ	3677	;# 
   215   000E5E                     CANSTAT_RO6     equ	3678	;# 
   216   000E5F                     CANCON_RO6      equ	3679	;# 
   217   000E60                     B4CON           equ	3680	;# 
   218   000E61                     B4SIDH          equ	3681	;# 
   219   000E62                     B4SIDL          equ	3682	;# 
   220   000E63                     B4EIDH          equ	3683	;# 
   221   000E64                     B4EIDL          equ	3684	;# 
   222   000E65                     B4DLC           equ	3685	;# 
   223   000E66                     B4D0            equ	3686	;# 
   224   000E67                     B4D1            equ	3687	;# 
   225   000E68                     B4D2            equ	3688	;# 
   226   000E69                     B4D3            equ	3689	;# 
   227   000E6A                     B4D4            equ	3690	;# 
   228   000E6B                     B4D5            equ	3691	;# 
   229   000E6C                     B4D6            equ	3692	;# 
   230   000E6D                     B4D7            equ	3693	;# 
   231   000E6E                     CANSTAT_RO5     equ	3694	;# 
   232   000E6F                     CANCON_RO5      equ	3695	;# 
   233   000E70                     B5CON           equ	3696	;# 
   234   000E71                     B5SIDH          equ	3697	;# 
   235   000E72                     B5SIDL          equ	3698	;# 
   236   000E73                     B5EIDH          equ	3699	;# 
   237   000E74                     B5EIDL          equ	3700	;# 
   238   000E75                     B5DLC           equ	3701	;# 
   239   000E76                     B5D0            equ	3702	;# 
   240   000E77                     B5D1            equ	3703	;# 
   241   000E78                     B5D2            equ	3704	;# 
   242   000E79                     B5D3            equ	3705	;# 
   243   000E7A                     B5D4            equ	3706	;# 
   244   000E7B                     B5D5            equ	3707	;# 
   245   000E7C                     B5D6            equ	3708	;# 
   246   000E7D                     B5D7            equ	3709	;# 
   247   000E7E                     CANSTAT_RO4     equ	3710	;# 
   248   000E7F                     CANCON_RO4      equ	3711	;# 
   249   000F00                     RXF0SIDH        equ	3840	;# 
   250   000F01                     RXF0SIDL        equ	3841	;# 
   251   000F02                     RXF0EIDH        equ	3842	;# 
   252   000F03                     RXF0EIDL        equ	3843	;# 
   253   000F04                     RXF1SIDH        equ	3844	;# 
   254   000F05                     RXF1SIDL        equ	3845	;# 
   255   000F06                     RXF1EIDH        equ	3846	;# 
   256   000F07                     RXF1EIDL        equ	3847	;# 
   257   000F08                     RXF2SIDH        equ	3848	;# 
   258   000F09                     RXF2SIDL        equ	3849	;# 
   259   000F0A                     RXF2EIDH        equ	3850	;# 
   260   000F0B                     RXF2EIDL        equ	3851	;# 
   261   000F0C                     RXF3SIDH        equ	3852	;# 
   262   000F0D                     RXF3SIDL        equ	3853	;# 
   263   000F0E                     RXF3EIDH        equ	3854	;# 
   264   000F0F                     RXF3EIDL        equ	3855	;# 
   265   000F10                     RXF4SIDH        equ	3856	;# 
   266   000F11                     RXF4SIDL        equ	3857	;# 
   267   000F12                     RXF4EIDH        equ	3858	;# 
   268   000F13                     RXF4EIDL        equ	3859	;# 
   269   000F14                     RXF5SIDH        equ	3860	;# 
   270   000F15                     RXF5SIDL        equ	3861	;# 
   271   000F16                     RXF5EIDH        equ	3862	;# 
   272   000F17                     RXF5EIDL        equ	3863	;# 
   273   000F18                     RXM0SIDH        equ	3864	;# 
   274   000F19                     RXM0SIDL        equ	3865	;# 
   275   000F1A                     RXM0EIDH        equ	3866	;# 
   276   000F1B                     RXM0EIDL        equ	3867	;# 
   277   000F1C                     RXM1SIDH        equ	3868	;# 
   278   000F1D                     RXM1SIDL        equ	3869	;# 
   279   000F1E                     RXM1EIDH        equ	3870	;# 
   280   000F1F                     RXM1EIDL        equ	3871	;# 
   281   000F20                     TXB2CON         equ	3872	;# 
   282   000F21                     TXB2SIDH        equ	3873	;# 
   283   000F22                     TXB2SIDL        equ	3874	;# 
   284   000F23                     TXB2EIDH        equ	3875	;# 
   285   000F24                     TXB2EIDL        equ	3876	;# 
   286   000F25                     TXB2DLC         equ	3877	;# 
   287   000F26                     TXB2D0          equ	3878	;# 
   288   000F27                     TXB2D1          equ	3879	;# 
   289   000F28                     TXB2D2          equ	3880	;# 
   290   000F29                     TXB2D3          equ	3881	;# 
   291   000F2A                     TXB2D4          equ	3882	;# 
   292   000F2B                     TXB2D5          equ	3883	;# 
   293   000F2C                     TXB2D6          equ	3884	;# 
   294   000F2D                     TXB2D7          equ	3885	;# 
   295   000F2E                     CANSTAT_RO3     equ	3886	;# 
   296   000F2F                     CANCON_RO3      equ	3887	;# 
   297   000F30                     TXB1CON         equ	3888	;# 
   298   000F31                     TXB1SIDH        equ	3889	;# 
   299   000F32                     TXB1SIDL        equ	3890	;# 
   300   000F33                     TXB1EIDH        equ	3891	;# 
   301   000F34                     TXB1EIDL        equ	3892	;# 
   302   000F35                     TXB1DLC         equ	3893	;# 
   303   000F36                     TXB1D0          equ	3894	;# 
   304   000F37                     TXB1D1          equ	3895	;# 
   305   000F38                     TXB1D2          equ	3896	;# 
   306   000F39                     TXB1D3          equ	3897	;# 
   307   000F3A                     TXB1D4          equ	3898	;# 
   308   000F3B                     TXB1D5          equ	3899	;# 
   309   000F3C                     TXB1D6          equ	3900	;# 
   310   000F3D                     TXB1D7          equ	3901	;# 
   311   000F3E                     CANSTAT_RO2     equ	3902	;# 
   312   000F3F                     CANCON_RO2      equ	3903	;# 
   313   000F40                     TXB0CON         equ	3904	;# 
   314   000F41                     TXB0SIDH        equ	3905	;# 
   315   000F42                     TXB0SIDL        equ	3906	;# 
   316   000F43                     TXB0EIDH        equ	3907	;# 
   317   000F44                     TXB0EIDL        equ	3908	;# 
   318   000F45                     TXB0DLC         equ	3909	;# 
   319   000F46                     TXB0D0          equ	3910	;# 
   320   000F47                     TXB0D1          equ	3911	;# 
   321   000F48                     TXB0D2          equ	3912	;# 
   322   000F49                     TXB0D3          equ	3913	;# 
   323   000F4A                     TXB0D4          equ	3914	;# 
   324   000F4B                     TXB0D5          equ	3915	;# 
   325   000F4C                     TXB0D6          equ	3916	;# 
   326   000F4D                     TXB0D7          equ	3917	;# 
   327   000F4E                     CANSTAT_RO1     equ	3918	;# 
   328   000F4F                     CANCON_RO1      equ	3919	;# 
   329   000F50                     RXB1CON         equ	3920	;# 
   330   000F51                     RXB1SIDH        equ	3921	;# 
   331   000F52                     RXB1SIDL        equ	3922	;# 
   332   000F53                     RXB1EIDH        equ	3923	;# 
   333   000F54                     RXB1EIDL        equ	3924	;# 
   334   000F55                     RXB1DLC         equ	3925	;# 
   335   000F56                     RXB1D0          equ	3926	;# 
   336   000F57                     RXB1D1          equ	3927	;# 
   337   000F58                     RXB1D2          equ	3928	;# 
   338   000F59                     RXB1D3          equ	3929	;# 
   339   000F5A                     RXB1D4          equ	3930	;# 
   340   000F5B                     RXB1D5          equ	3931	;# 
   341   000F5C                     RXB1D6          equ	3932	;# 
   342   000F5D                     RXB1D7          equ	3933	;# 
   343   000F5E                     CANSTAT_RO0     equ	3934	;# 
   344   000F5F                     CANCON_RO0      equ	3935	;# 
   345   000F60                     RXB0CON         equ	3936	;# 
   346   000F61                     RXB0SIDH        equ	3937	;# 
   347   000F62                     RXB0SIDL        equ	3938	;# 
   348   000F63                     RXB0EIDH        equ	3939	;# 
   349   000F64                     RXB0EIDL        equ	3940	;# 
   350   000F65                     RXB0DLC         equ	3941	;# 
   351   000F66                     RXB0D0          equ	3942	;# 
   352   000F67                     RXB0D1          equ	3943	;# 
   353   000F68                     RXB0D2          equ	3944	;# 
   354   000F69                     RXB0D3          equ	3945	;# 
   355   000F6A                     RXB0D4          equ	3946	;# 
   356   000F6B                     RXB0D5          equ	3947	;# 
   357   000F6C                     RXB0D6          equ	3948	;# 
   358   000F6D                     RXB0D7          equ	3949	;# 
   359   000F6E                     CANSTAT         equ	3950	;# 
   360   000F6F                     CANCON          equ	3951	;# 
   361   000F70                     BRGCON1         equ	3952	;# 
   362   000F71                     BRGCON2         equ	3953	;# 
   363   000F72                     BRGCON3         equ	3954	;# 
   364   000F73                     CIOCON          equ	3955	;# 
   365   000F74                     COMSTAT         equ	3956	;# 
   366   000F75                     RXERRCNT        equ	3957	;# 
   367   000F76                     TXERRCNT        equ	3958	;# 
   368   000F77                     ECANCON         equ	3959	;# 
   369   000F80                     PORTA           equ	3968	;# 
   370   000F81                     PORTB           equ	3969	;# 
   371   000F82                     PORTC           equ	3970	;# 
   372   000F83                     PORTD           equ	3971	;# 
   373   000F84                     PORTE           equ	3972	;# 
   374   000F89                     LATA            equ	3977	;# 
   375   000F8A                     LATB            equ	3978	;# 
   376   000F8B                     LATC            equ	3979	;# 
   377   000F8C                     LATD            equ	3980	;# 
   378   000F8D                     LATE            equ	3981	;# 
   379   000F92                     TRISA           equ	3986	;# 
   380   000F92                     DDRA            equ	3986	;# 
   381   000F93                     TRISB           equ	3987	;# 
   382   000F93                     DDRB            equ	3987	;# 
   383   000F94                     TRISC           equ	3988	;# 
   384   000F94                     DDRC            equ	3988	;# 
   385   000F95                     TRISD           equ	3989	;# 
   386   000F95                     DDRD            equ	3989	;# 
   387   000F96                     TRISE           equ	3990	;# 
   388   000F96                     DDRE            equ	3990	;# 
   389   000F9B                     OSCTUNE         equ	3995	;# 
   390   000F9D                     PIE1            equ	3997	;# 
   391   000F9E                     PIR1            equ	3998	;# 
   392   000F9F                     IPR1            equ	3999	;# 
   393   000FA0                     PIE2            equ	4000	;# 
   394   000FA1                     PIR2            equ	4001	;# 
   395   000FA2                     IPR2            equ	4002	;# 
   396   000FA3                     PIE3            equ	4003	;# 
   397   000FA4                     PIR3            equ	4004	;# 
   398   000FA5                     IPR3            equ	4005	;# 
   399   000FA6                     EECON1          equ	4006	;# 
   400   000FA7                     EECON2          equ	4007	;# 
   401   000FA8                     EEDATA          equ	4008	;# 
   402   000FA9                     EEADR           equ	4009	;# 
   403   000FAB                     RCSTA           equ	4011	;# 
   404   000FAB                     RCSTA1          equ	4011	;# 
   405   000FAC                     TXSTA           equ	4012	;# 
   406   000FAC                     TXSTA1          equ	4012	;# 
   407   000FAD                     TXREG           equ	4013	;# 
   408   000FAD                     TXREG1          equ	4013	;# 
   409   000FAE                     RCREG           equ	4014	;# 
   410   000FAE                     RCREG1          equ	4014	;# 
   411   000FAF                     SPBRG           equ	4015	;# 
   412   000FAF                     SPBRG1          equ	4015	;# 
   413   000FB0                     SPBRGH          equ	4016	;# 
   414   000FB1                     T3CON           equ	4017	;# 
   415   000FB2                     TMR3            equ	4018	;# 
   416   000FB2                     TMR3L           equ	4018	;# 
   417   000FB3                     TMR3H           equ	4019	;# 
   418   000FB4                     CMCON           equ	4020	;# 
   419   000FB5                     CVRCON          equ	4021	;# 
   420   000FB6                     ECCP1AS         equ	4022	;# 
   421   000FB7                     ECCP1DEL        equ	4023	;# 
   422   000FB8                     BAUDCON         equ	4024	;# 
   423   000FB8                     BAUDCTL         equ	4024	;# 
   424   000FBA                     ECCP1CON        equ	4026	;# 
   425   000FBB                     ECCPR1          equ	4027	;# 
   426   000FBB                     ECCPR1L         equ	4027	;# 
   427   000FBC                     ECCPR1H         equ	4028	;# 
   428   000FBD                     CCP1CON         equ	4029	;# 
   429   000FBE                     CCPR1           equ	4030	;# 
   430   000FBE                     CCPR1L          equ	4030	;# 
   431   000FBF                     CCPR1H          equ	4031	;# 
   432   000FC0                     ADCON2          equ	4032	;# 
   433   000FC1                     ADCON1          equ	4033	;# 
   434   000FC2                     ADCON0          equ	4034	;# 
   435   000FC3                     ADRES           equ	4035	;# 
   436   000FC3                     ADRESL          equ	4035	;# 
   437   000FC4                     ADRESH          equ	4036	;# 
   438   000FC5                     SSPCON2         equ	4037	;# 
   439   000FC6                     SSPCON1         equ	4038	;# 
   440   000FC7                     SSPSTAT         equ	4039	;# 
   441   000FC8                     SSPADD          equ	4040	;# 
   442   000FC9                     SSPBUF          equ	4041	;# 
   443   000FCA                     T2CON           equ	4042	;# 
   444   000FCB                     PR2             equ	4043	;# 
   445   000FCB                     MEMCON          equ	4043	;# 
   446   000FCC                     TMR2            equ	4044	;# 
   447   000FCD                     T1CON           equ	4045	;# 
   448   000FCE                     TMR1            equ	4046	;# 
   449   000FCE                     TMR1L           equ	4046	;# 
   450   000FCF                     TMR1H           equ	4047	;# 
   451   000FD0                     RCON            equ	4048	;# 
   452   000FD1                     WDTCON          equ	4049	;# 
   453   000FD2                     HLVDCON         equ	4050	;# 
   454   000FD2                     LVDCON          equ	4050	;# 
   455   000FD3                     OSCCON          equ	4051	;# 
   456   000FD5                     T0CON           equ	4053	;# 
   457   000FD6                     TMR0            equ	4054	;# 
   458   000FD6                     TMR0L           equ	4054	;# 
   459   000FD7                     TMR0H           equ	4055	;# 
   460   000FD8                     STATUS          equ	4056	;# 
   461   000FD9                     FSR2            equ	4057	;# 
   462   000FD9                     FSR2L           equ	4057	;# 
   463   000FDA                     FSR2H           equ	4058	;# 
   464   000FDB                     PLUSW2          equ	4059	;# 
   465   000FDC                     PREINC2         equ	4060	;# 
   466   000FDD                     POSTDEC2        equ	4061	;# 
   467   000FDE                     POSTINC2        equ	4062	;# 
   468   000FDF                     INDF2           equ	4063	;# 
   469   000FE0                     BSR             equ	4064	;# 
   470   000FE1                     FSR1            equ	4065	;# 
   471   000FE1                     FSR1L           equ	4065	;# 
   472   000FE2                     FSR1H           equ	4066	;# 
   473   000FE3                     PLUSW1          equ	4067	;# 
   474   000FE4                     PREINC1         equ	4068	;# 
   475   000FE5                     POSTDEC1        equ	4069	;# 
   476   000FE6                     POSTINC1        equ	4070	;# 
   477   000FE7                     INDF1           equ	4071	;# 
   478   000FE8                     WREG            equ	4072	;# 
   479   000FE9                     FSR0            equ	4073	;# 
   480   000FE9                     FSR0L           equ	4073	;# 
   481   000FEA                     FSR0H           equ	4074	;# 
   482   000FEB                     PLUSW0          equ	4075	;# 
   483   000FEC                     PREINC0         equ	4076	;# 
   484   000FED                     POSTDEC0        equ	4077	;# 
   485   000FEE                     POSTINC0        equ	4078	;# 
   486   000FEF                     INDF0           equ	4079	;# 
   487   000FF0                     INTCON3         equ	4080	;# 
   488   000FF1                     INTCON2         equ	4081	;# 
   489   000FF2                     INTCON          equ	4082	;# 
   490   000FF3                     PROD            equ	4083	;# 
   491   000FF3                     PRODL           equ	4083	;# 
   492   000FF4                     PRODH           equ	4084	;# 
   493   000FF5                     TABLAT          equ	4085	;# 
   494   000FF6                     TBLPTR          equ	4086	;# 
   495   000FF6                     TBLPTRL         equ	4086	;# 
   496   000FF7                     TBLPTRH         equ	4087	;# 
   497   000FF8                     TBLPTRU         equ	4088	;# 
   498   000FF9                     PCLAT           equ	4089	;# 
   499   000FF9                     PC              equ	4089	;# 
   500   000FF9                     PCL             equ	4089	;# 
   501   000FFA                     PCLATH          equ	4090	;# 
   502   000FFB                     PCLATU          equ	4091	;# 
   503   000FFC                     STKPTR          equ	4092	;# 
   504   000FFD                     TOS             equ	4093	;# 
   505   000FFD                     TOSL            equ	4093	;# 
   506   000FFE                     TOSH            equ	4094	;# 
   507   000FFF                     TOSU            equ	4095	;# 
   508   000D60                     RXF6SIDH        equ	3424	;# 
   509   000D61                     RXF6SIDL        equ	3425	;# 
   510   000D62                     RXF6EIDH        equ	3426	;# 
   511   000D63                     RXF6EIDL        equ	3427	;# 
   512   000D64                     RXF7SIDH        equ	3428	;# 
   513   000D65                     RXF7SIDL        equ	3429	;# 
   514   000D66                     RXF7EIDH        equ	3430	;# 
   515   000D67                     RXF7EIDL        equ	3431	;# 
   516   000D68                     RXF8SIDH        equ	3432	;# 
   517   000D69                     RXF8SIDL        equ	3433	;# 
   518   000D6A                     RXF8EIDH        equ	3434	;# 
   519   000D6B                     RXF8EIDL        equ	3435	;# 
   520   000D70                     RXF9SIDH        equ	3440	;# 
   521   000D71                     RXF9SIDL        equ	3441	;# 
   522   000D72                     RXF9EIDH        equ	3442	;# 
   523   000D73                     RXF9EIDL        equ	3443	;# 
   524   000D74                     RXF10SIDH       equ	3444	;# 
   525   000D75                     RXF10SIDL       equ	3445	;# 
   526   000D76                     RXF10EIDH       equ	3446	;# 
   527   000D77                     RXF10EIDL       equ	3447	;# 
   528   000D78                     RXF11SIDH       equ	3448	;# 
   529   000D79                     RXF11SIDL       equ	3449	;# 
   530   000D7A                     RXF11EIDH       equ	3450	;# 
   531   000D7B                     RXF11EIDL       equ	3451	;# 
   532   000D80                     RXF12SIDH       equ	3456	;# 
   533   000D81                     RXF12SIDL       equ	3457	;# 
   534   000D82                     RXF12EIDH       equ	3458	;# 
   535   000D83                     RXF12EIDL       equ	3459	;# 
   536   000D84                     RXF13SIDH       equ	3460	;# 
   537   000D85                     RXF13SIDL       equ	3461	;# 
   538   000D86                     RXF13EIDH       equ	3462	;# 
   539   000D87                     RXF13EIDL       equ	3463	;# 
   540   000D88                     RXF14SIDH       equ	3464	;# 
   541   000D89                     RXF14SIDL       equ	3465	;# 
   542   000D8A                     RXF14EIDH       equ	3466	;# 
   543   000D8B                     RXF14EIDL       equ	3467	;# 
   544   000D90                     RXF15SIDH       equ	3472	;# 
   545   000D91                     RXF15SIDL       equ	3473	;# 
   546   000D92                     RXF15EIDH       equ	3474	;# 
   547   000D93                     RXF15EIDL       equ	3475	;# 
   548   000DD4                     RXFCON0         equ	3540	;# 
   549   000DD5                     RXFCON1         equ	3541	;# 
   550   000DD8                     SDFLC           equ	3544	;# 
   551   000DE0                     RXFBCON0        equ	3552	;# 
   552   000DE1                     RXFBCON1        equ	3553	;# 
   553   000DE2                     RXFBCON2        equ	3554	;# 
   554   000DE3                     RXFBCON3        equ	3555	;# 
   555   000DE4                     RXFBCON4        equ	3556	;# 
   556   000DE5                     RXFBCON5        equ	3557	;# 
   557   000DE6                     RXFBCON6        equ	3558	;# 
   558   000DE7                     RXFBCON7        equ	3559	;# 
   559   000DF0                     MSEL0           equ	3568	;# 
   560   000DF1                     MSEL1           equ	3569	;# 
   561   000DF2                     MSEL2           equ	3570	;# 
   562   000DF3                     MSEL3           equ	3571	;# 
   563   000DF8                     BSEL0           equ	3576	;# 
   564   000DFA                     BIE0            equ	3578	;# 
   565   000DFC                     TXBIE           equ	3580	;# 
   566   000E20                     B0CON           equ	3616	;# 
   567   000E21                     B0SIDH          equ	3617	;# 
   568   000E22                     B0SIDL          equ	3618	;# 
   569   000E23                     B0EIDH          equ	3619	;# 
   570   000E24                     B0EIDL          equ	3620	;# 
   571   000E25                     B0DLC           equ	3621	;# 
   572   000E26                     B0D0            equ	3622	;# 
   573   000E27                     B0D1            equ	3623	;# 
   574   000E28                     B0D2            equ	3624	;# 
   575   000E29                     B0D3            equ	3625	;# 
   576   000E2A                     B0D4            equ	3626	;# 
   577   000E2B                     B0D5            equ	3627	;# 
   578   000E2C                     B0D6            equ	3628	;# 
   579   000E2D                     B0D7            equ	3629	;# 
   580   000E2E                     CANSTAT_RO9     equ	3630	;# 
   581   000E2F                     CANCON_RO9      equ	3631	;# 
   582   000E30                     B1CON           equ	3632	;# 
   583   000E31                     B1SIDH          equ	3633	;# 
   584   000E32                     B1SIDL          equ	3634	;# 
   585   000E33                     B1EIDH          equ	3635	;# 
   586   000E34                     B1EIDL          equ	3636	;# 
   587   000E35                     B1DLC           equ	3637	;# 
   588   000E36                     B1D0            equ	3638	;# 
   589   000E37                     B1D1            equ	3639	;# 
   590   000E38                     B1D2            equ	3640	;# 
   591   000E39                     B1D3            equ	3641	;# 
   592   000E3A                     B1D4            equ	3642	;# 
   593   000E3B                     B1D5            equ	3643	;# 
   594   000E3C                     B1D6            equ	3644	;# 
   595   000E3D                     B1D7            equ	3645	;# 
   596   000E3E                     CANSTAT_RO8     equ	3646	;# 
   597   000E3F                     CANCON_RO8      equ	3647	;# 
   598   000E40                     B2CON           equ	3648	;# 
   599   000E41                     B2SIDH          equ	3649	;# 
   600   000E42                     B2SIDL          equ	3650	;# 
   601   000E43                     B2EIDH          equ	3651	;# 
   602   000E44                     B2EIDL          equ	3652	;# 
   603   000E45                     B2DLC           equ	3653	;# 
   604   000E46                     B2D0            equ	3654	;# 
   605   000E47                     B2D1            equ	3655	;# 
   606   000E48                     B2D2            equ	3656	;# 
   607   000E49                     B2D3            equ	3657	;# 
   608   000E4A                     B2D4            equ	3658	;# 
   609   000E4B                     B2D5            equ	3659	;# 
   610   000E4C                     B2D6            equ	3660	;# 
   611   000E4D                     B2D7            equ	3661	;# 
   612   000E4E                     CANSTAT_RO7     equ	3662	;# 
   613   000E4F                     CANCON_RO7      equ	3663	;# 
   614   000E50                     B3CON           equ	3664	;# 
   615   000E51                     B3SIDH          equ	3665	;# 
   616   000E52                     B3SIDL          equ	3666	;# 
   617   000E53                     B3EIDH          equ	3667	;# 
   618   000E54                     B3EIDL          equ	3668	;# 
   619   000E55                     B3DLC           equ	3669	;# 
   620   000E56                     B3D0            equ	3670	;# 
   621   000E57                     B3D1            equ	3671	;# 
   622   000E58                     B3D2            equ	3672	;# 
   623   000E59                     B3D3            equ	3673	;# 
   624   000E5A                     B3D4            equ	3674	;# 
   625   000E5B                     B3D5            equ	3675	;# 
   626   000E5C                     B3D6            equ	3676	;# 
   627   000E5D                     B3D7            equ	3677	;# 
   628   000E5E                     CANSTAT_RO6     equ	3678	;# 
   629   000E5F                     CANCON_RO6      equ	3679	;# 
   630   000E60                     B4CON           equ	3680	;# 
   631   000E61                     B4SIDH          equ	3681	;# 
   632   000E62                     B4SIDL          equ	3682	;# 
   633   000E63                     B4EIDH          equ	3683	;# 
   634   000E64                     B4EIDL          equ	3684	;# 
   635   000E65                     B4DLC           equ	3685	;# 
   636   000E66                     B4D0            equ	3686	;# 
   637   000E67                     B4D1            equ	3687	;# 
   638   000E68                     B4D2            equ	3688	;# 
   639   000E69                     B4D3            equ	3689	;# 
   640   000E6A                     B4D4            equ	3690	;# 
   641   000E6B                     B4D5            equ	3691	;# 
   642   000E6C                     B4D6            equ	3692	;# 
   643   000E6D                     B4D7            equ	3693	;# 
   644   000E6E                     CANSTAT_RO5     equ	3694	;# 
   645   000E6F                     CANCON_RO5      equ	3695	;# 
   646   000E70                     B5CON           equ	3696	;# 
   647   000E71                     B5SIDH          equ	3697	;# 
   648   000E72                     B5SIDL          equ	3698	;# 
   649   000E73                     B5EIDH          equ	3699	;# 
   650   000E74                     B5EIDL          equ	3700	;# 
   651   000E75                     B5DLC           equ	3701	;# 
   652   000E76                     B5D0            equ	3702	;# 
   653   000E77                     B5D1            equ	3703	;# 
   654   000E78                     B5D2            equ	3704	;# 
   655   000E79                     B5D3            equ	3705	;# 
   656   000E7A                     B5D4            equ	3706	;# 
   657   000E7B                     B5D5            equ	3707	;# 
   658   000E7C                     B5D6            equ	3708	;# 
   659   000E7D                     B5D7            equ	3709	;# 
   660   000E7E                     CANSTAT_RO4     equ	3710	;# 
   661   000E7F                     CANCON_RO4      equ	3711	;# 
   662   000F00                     RXF0SIDH        equ	3840	;# 
   663   000F01                     RXF0SIDL        equ	3841	;# 
   664   000F02                     RXF0EIDH        equ	3842	;# 
   665   000F03                     RXF0EIDL        equ	3843	;# 
   666   000F04                     RXF1SIDH        equ	3844	;# 
   667   000F05                     RXF1SIDL        equ	3845	;# 
   668   000F06                     RXF1EIDH        equ	3846	;# 
   669   000F07                     RXF1EIDL        equ	3847	;# 
   670   000F08                     RXF2SIDH        equ	3848	;# 
   671   000F09                     RXF2SIDL        equ	3849	;# 
   672   000F0A                     RXF2EIDH        equ	3850	;# 
   673   000F0B                     RXF2EIDL        equ	3851	;# 
   674   000F0C                     RXF3SIDH        equ	3852	;# 
   675   000F0D                     RXF3SIDL        equ	3853	;# 
   676   000F0E                     RXF3EIDH        equ	3854	;# 
   677   000F0F                     RXF3EIDL        equ	3855	;# 
   678   000F10                     RXF4SIDH        equ	3856	;# 
   679   000F11                     RXF4SIDL        equ	3857	;# 
   680   000F12                     RXF4EIDH        equ	3858	;# 
   681   000F13                     RXF4EIDL        equ	3859	;# 
   682   000F14                     RXF5SIDH        equ	3860	;# 
   683   000F15                     RXF5SIDL        equ	3861	;# 
   684   000F16                     RXF5EIDH        equ	3862	;# 
   685   000F17                     RXF5EIDL        equ	3863	;# 
   686   000F18                     RXM0SIDH        equ	3864	;# 
   687   000F19                     RXM0SIDL        equ	3865	;# 
   688   000F1A                     RXM0EIDH        equ	3866	;# 
   689   000F1B                     RXM0EIDL        equ	3867	;# 
   690   000F1C                     RXM1SIDH        equ	3868	;# 
   691   000F1D                     RXM1SIDL        equ	3869	;# 
   692   000F1E                     RXM1EIDH        equ	3870	;# 
   693   000F1F                     RXM1EIDL        equ	3871	;# 
   694   000F20                     TXB2CON         equ	3872	;# 
   695   000F21                     TXB2SIDH        equ	3873	;# 
   696   000F22                     TXB2SIDL        equ	3874	;# 
   697   000F23                     TXB2EIDH        equ	3875	;# 
   698   000F24                     TXB2EIDL        equ	3876	;# 
   699   000F25                     TXB2DLC         equ	3877	;# 
   700   000F26                     TXB2D0          equ	3878	;# 
   701   000F27                     TXB2D1          equ	3879	;# 
   702   000F28                     TXB2D2          equ	3880	;# 
   703   000F29                     TXB2D3          equ	3881	;# 
   704   000F2A                     TXB2D4          equ	3882	;# 
   705   000F2B                     TXB2D5          equ	3883	;# 
   706   000F2C                     TXB2D6          equ	3884	;# 
   707   000F2D                     TXB2D7          equ	3885	;# 
   708   000F2E                     CANSTAT_RO3     equ	3886	;# 
   709   000F2F                     CANCON_RO3      equ	3887	;# 
   710   000F30                     TXB1CON         equ	3888	;# 
   711   000F31                     TXB1SIDH        equ	3889	;# 
   712   000F32                     TXB1SIDL        equ	3890	;# 
   713   000F33                     TXB1EIDH        equ	3891	;# 
   714   000F34                     TXB1EIDL        equ	3892	;# 
   715   000F35                     TXB1DLC         equ	3893	;# 
   716   000F36                     TXB1D0          equ	3894	;# 
   717   000F37                     TXB1D1          equ	3895	;# 
   718   000F38                     TXB1D2          equ	3896	;# 
   719   000F39                     TXB1D3          equ	3897	;# 
   720   000F3A                     TXB1D4          equ	3898	;# 
   721   000F3B                     TXB1D5          equ	3899	;# 
   722   000F3C                     TXB1D6          equ	3900	;# 
   723   000F3D                     TXB1D7          equ	3901	;# 
   724   000F3E                     CANSTAT_RO2     equ	3902	;# 
   725   000F3F                     CANCON_RO2      equ	3903	;# 
   726   000F40                     TXB0CON         equ	3904	;# 
   727   000F41                     TXB0SIDH        equ	3905	;# 
   728   000F42                     TXB0SIDL        equ	3906	;# 
   729   000F43                     TXB0EIDH        equ	3907	;# 
   730   000F44                     TXB0EIDL        equ	3908	;# 
   731   000F45                     TXB0DLC         equ	3909	;# 
   732   000F46                     TXB0D0          equ	3910	;# 
   733   000F47                     TXB0D1          equ	3911	;# 
   734   000F48                     TXB0D2          equ	3912	;# 
   735   000F49                     TXB0D3          equ	3913	;# 
   736   000F4A                     TXB0D4          equ	3914	;# 
   737   000F4B                     TXB0D5          equ	3915	;# 
   738   000F4C                     TXB0D6          equ	3916	;# 
   739   000F4D                     TXB0D7          equ	3917	;# 
   740   000F4E                     CANSTAT_RO1     equ	3918	;# 
   741   000F4F                     CANCON_RO1      equ	3919	;# 
   742   000F50                     RXB1CON         equ	3920	;# 
   743   000F51                     RXB1SIDH        equ	3921	;# 
   744   000F52                     RXB1SIDL        equ	3922	;# 
   745   000F53                     RXB1EIDH        equ	3923	;# 
   746   000F54                     RXB1EIDL        equ	3924	;# 
   747   000F55                     RXB1DLC         equ	3925	;# 
   748   000F56                     RXB1D0          equ	3926	;# 
   749   000F57                     RXB1D1          equ	3927	;# 
   750   000F58                     RXB1D2          equ	3928	;# 
   751   000F59                     RXB1D3          equ	3929	;# 
   752   000F5A                     RXB1D4          equ	3930	;# 
   753   000F5B                     RXB1D5          equ	3931	;# 
   754   000F5C                     RXB1D6          equ	3932	;# 
   755   000F5D                     RXB1D7          equ	3933	;# 
   756   000F5E                     CANSTAT_RO0     equ	3934	;# 
   757   000F5F                     CANCON_RO0      equ	3935	;# 
   758   000F60                     RXB0CON         equ	3936	;# 
   759   000F61                     RXB0SIDH        equ	3937	;# 
   760   000F62                     RXB0SIDL        equ	3938	;# 
   761   000F63                     RXB0EIDH        equ	3939	;# 
   762   000F64                     RXB0EIDL        equ	3940	;# 
   763   000F65                     RXB0DLC         equ	3941	;# 
   764   000F66                     RXB0D0          equ	3942	;# 
   765   000F67                     RXB0D1          equ	3943	;# 
   766   000F68                     RXB0D2          equ	3944	;# 
   767   000F69                     RXB0D3          equ	3945	;# 
   768   000F6A                     RXB0D4          equ	3946	;# 
   769   000F6B                     RXB0D5          equ	3947	;# 
   770   000F6C                     RXB0D6          equ	3948	;# 
   771   000F6D                     RXB0D7          equ	3949	;# 
   772   000F6E                     CANSTAT         equ	3950	;# 
   773   000F6F                     CANCON          equ	3951	;# 
   774   000F70                     BRGCON1         equ	3952	;# 
   775   000F71                     BRGCON2         equ	3953	;# 
   776   000F72                     BRGCON3         equ	3954	;# 
   777   000F73                     CIOCON          equ	3955	;# 
   778   000F74                     COMSTAT         equ	3956	;# 
   779   000F75                     RXERRCNT        equ	3957	;# 
   780   000F76                     TXERRCNT        equ	3958	;# 
   781   000F77                     ECANCON         equ	3959	;# 
   782   000F80                     PORTA           equ	3968	;# 
   783   000F81                     PORTB           equ	3969	;# 
   784   000F82                     PORTC           equ	3970	;# 
   785   000F83                     PORTD           equ	3971	;# 
   786   000F84                     PORTE           equ	3972	;# 
   787   000F89                     LATA            equ	3977	;# 
   788   000F8A                     LATB            equ	3978	;# 
   789   000F8B                     LATC            equ	3979	;# 
   790   000F8C                     LATD            equ	3980	;# 
   791   000F8D                     LATE            equ	3981	;# 
   792   000F92                     TRISA           equ	3986	;# 
   793   000F92                     DDRA            equ	3986	;# 
   794   000F93                     TRISB           equ	3987	;# 
   795   000F93                     DDRB            equ	3987	;# 
   796   000F94                     TRISC           equ	3988	;# 
   797   000F94                     DDRC            equ	3988	;# 
   798   000F95                     TRISD           equ	3989	;# 
   799   000F95                     DDRD            equ	3989	;# 
   800   000F96                     TRISE           equ	3990	;# 
   801   000F96                     DDRE            equ	3990	;# 
   802   000F9B                     OSCTUNE         equ	3995	;# 
   803   000F9D                     PIE1            equ	3997	;# 
   804   000F9E                     PIR1            equ	3998	;# 
   805   000F9F                     IPR1            equ	3999	;# 
   806   000FA0                     PIE2            equ	4000	;# 
   807   000FA1                     PIR2            equ	4001	;# 
   808   000FA2                     IPR2            equ	4002	;# 
   809   000FA3                     PIE3            equ	4003	;# 
   810   000FA4                     PIR3            equ	4004	;# 
   811   000FA5                     IPR3            equ	4005	;# 
   812   000FA6                     EECON1          equ	4006	;# 
   813   000FA7                     EECON2          equ	4007	;# 
   814   000FA8                     EEDATA          equ	4008	;# 
   815   000FA9                     EEADR           equ	4009	;# 
   816   000FAB                     RCSTA           equ	4011	;# 
   817   000FAB                     RCSTA1          equ	4011	;# 
   818   000FAC                     TXSTA           equ	4012	;# 
   819   000FAC                     TXSTA1          equ	4012	;# 
   820   000FAD                     TXREG           equ	4013	;# 
   821   000FAD                     TXREG1          equ	4013	;# 
   822   000FAE                     RCREG           equ	4014	;# 
   823   000FAE                     RCREG1          equ	4014	;# 
   824   000FAF                     SPBRG           equ	4015	;# 
   825   000FAF                     SPBRG1          equ	4015	;# 
   826   000FB0                     SPBRGH          equ	4016	;# 
   827   000FB1                     T3CON           equ	4017	;# 
   828   000FB2                     TMR3            equ	4018	;# 
   829   000FB2                     TMR3L           equ	4018	;# 
   830   000FB3                     TMR3H           equ	4019	;# 
   831   000FB4                     CMCON           equ	4020	;# 
   832   000FB5                     CVRCON          equ	4021	;# 
   833   000FB6                     ECCP1AS         equ	4022	;# 
   834   000FB7                     ECCP1DEL        equ	4023	;# 
   835   000FB8                     BAUDCON         equ	4024	;# 
   836   000FB8                     BAUDCTL         equ	4024	;# 
   837   000FBA                     ECCP1CON        equ	4026	;# 
   838   000FBB                     ECCPR1          equ	4027	;# 
   839   000FBB                     ECCPR1L         equ	4027	;# 
   840   000FBC                     ECCPR1H         equ	4028	;# 
   841   000FBD                     CCP1CON         equ	4029	;# 
   842   000FBE                     CCPR1           equ	4030	;# 
   843   000FBE                     CCPR1L          equ	4030	;# 
   844   000FBF                     CCPR1H          equ	4031	;# 
   845   000FC0                     ADCON2          equ	4032	;# 
   846   000FC1                     ADCON1          equ	4033	;# 
   847   000FC2                     ADCON0          equ	4034	;# 
   848   000FC3                     ADRES           equ	4035	;# 
   849   000FC3                     ADRESL          equ	4035	;# 
   850   000FC4                     ADRESH          equ	4036	;# 
   851   000FC5                     SSPCON2         equ	4037	;# 
   852   000FC6                     SSPCON1         equ	4038	;# 
   853   000FC7                     SSPSTAT         equ	4039	;# 
   854   000FC8                     SSPADD          equ	4040	;# 
   855   000FC9                     SSPBUF          equ	4041	;# 
   856   000FCA                     T2CON           equ	4042	;# 
   857   000FCB                     PR2             equ	4043	;# 
   858   000FCB                     MEMCON          equ	4043	;# 
   859   000FCC                     TMR2            equ	4044	;# 
   860   000FCD                     T1CON           equ	4045	;# 
   861   000FCE                     TMR1            equ	4046	;# 
   862   000FCE                     TMR1L           equ	4046	;# 
   863   000FCF                     TMR1H           equ	4047	;# 
   864   000FD0                     RCON            equ	4048	;# 
   865   000FD1                     WDTCON          equ	4049	;# 
   866   000FD2                     HLVDCON         equ	4050	;# 
   867   000FD2                     LVDCON          equ	4050	;# 
   868   000FD3                     OSCCON          equ	4051	;# 
   869   000FD5                     T0CON           equ	4053	;# 
   870   000FD6                     TMR0            equ	4054	;# 
   871   000FD6                     TMR0L           equ	4054	;# 
   872   000FD7                     TMR0H           equ	4055	;# 
   873   000FD8                     STATUS          equ	4056	;# 
   874   000FD9                     FSR2            equ	4057	;# 
   875   000FD9                     FSR2L           equ	4057	;# 
   876   000FDA                     FSR2H           equ	4058	;# 
   877   000FDB                     PLUSW2          equ	4059	;# 
   878   000FDC                     PREINC2         equ	4060	;# 
   879   000FDD                     POSTDEC2        equ	4061	;# 
   880   000FDE                     POSTINC2        equ	4062	;# 
   881   000FDF                     INDF2           equ	4063	;# 
   882   000FE0                     BSR             equ	4064	;# 
   883   000FE1                     FSR1            equ	4065	;# 
   884   000FE1                     FSR1L           equ	4065	;# 
   885   000FE2                     FSR1H           equ	4066	;# 
   886   000FE3                     PLUSW1          equ	4067	;# 
   887   000FE4                     PREINC1         equ	4068	;# 
   888   000FE5                     POSTDEC1        equ	4069	;# 
   889   000FE6                     POSTINC1        equ	4070	;# 
   890   000FE7                     INDF1           equ	4071	;# 
   891   000FE8                     WREG            equ	4072	;# 
   892   000FE9                     FSR0            equ	4073	;# 
   893   000FE9                     FSR0L           equ	4073	;# 
   894   000FEA                     FSR0H           equ	4074	;# 
   895   000FEB                     PLUSW0          equ	4075	;# 
   896   000FEC                     PREINC0         equ	4076	;# 
   897   000FED                     POSTDEC0        equ	4077	;# 
   898   000FEE                     POSTINC0        equ	4078	;# 
   899   000FEF                     INDF0           equ	4079	;# 
   900   000FF0                     INTCON3         equ	4080	;# 
   901   000FF1                     INTCON2         equ	4081	;# 
   902   000FF2                     INTCON          equ	4082	;# 
   903   000FF3                     PROD            equ	4083	;# 
   904   000FF3                     PRODL           equ	4083	;# 
   905   000FF4                     PRODH           equ	4084	;# 
   906   000FF5                     TABLAT          equ	4085	;# 
   907   000FF6                     TBLPTR          equ	4086	;# 
   908   000FF6                     TBLPTRL         equ	4086	;# 
   909   000FF7                     TBLPTRH         equ	4087	;# 
   910   000FF8                     TBLPTRU         equ	4088	;# 
   911   000FF9                     PCLAT           equ	4089	;# 
   912   000FF9                     PC              equ	4089	;# 
   913   000FF9                     PCL             equ	4089	;# 
   914   000FFA                     PCLATH          equ	4090	;# 
   915   000FFB                     PCLATU          equ	4091	;# 
   916   000FFC                     STKPTR          equ	4092	;# 
   917   000FFD                     TOS             equ	4093	;# 
   918   000FFD                     TOSL            equ	4093	;# 
   919   000FFE                     TOSH            equ	4094	;# 
   920   000FFF                     TOSU            equ	4095	;# 
   921   000FAE                     _RCREG          set	4014
   922   000FAD                     _TXREG          set	4013
   923   000FAF                     _SPBRG          set	4015
   924   007CF5                     _RCIF           set	31989
   925   007CF4                     _TXIF           set	31988
   926   007DC3                     _BRG16          set	32195
   927   007D5C                     _CREN           set	32092
   928   007D5E                     _RX9            set	32094
   929   007D5F                     _SPEN           set	32095
   930   007D62                     _BRGH           set	32098
   931   007D63                     _SENDB          set	32099
   932   007D64                     _SYNC           set	32100
   933   007D65                     _TXEN           set	32101
   934   007D66                     _TX9            set	32102
   935   007CA6                     _TRISC6         set	31910
   936   007CA7                     _TRISC7         set	31911
   937                           
   938                           	psect	mediumconst
   939   002F70                     __pmediumconst:
   940                           	callstack 0
   941   002F70  00                 	db	0
   942   002F71                     STR_1:
   943   002F71  45                 	db	69	;'E'
   944   002F72  6D                 	db	109	;'m'
   945   002F73  65                 	db	101	;'e'
   946   002F74  72                 	db	114	;'r'
   947   002F75  74                 	db	116	;'t'
   948   002F76  78                 	db	120	;'x'
   949   002F77  65                 	db	101	;'e'
   950   002F78  20                 	db	32
   951   002F79  49                 	db	73	;'I'
   952   002F7A  6E                 	db	110	;'n'
   953   002F7B  66                 	db	102	;'f'
   954   002F7C  6F                 	db	111	;'o'
   955   002F7D  72                 	db	114	;'r'
   956   002F7E  6D                 	db	109	;'m'
   957   002F7F  61                 	db	97	;'a'
   958   002F80  74                 	db	116	;'t'
   959   002F81  69                 	db	105	;'i'
   960   002F82  6F                 	db	111	;'o'
   961   002F83  6E                 	db	110	;'n'
   962   002F84  20                 	db	32
   963   002F85  54                 	db	84	;'T'
   964   002F86  65                 	db	101	;'e'
   965   002F87  63                 	db	99	;'c'
   966   002F88  68                 	db	104	;'h'
   967   002F89  6E                 	db	110	;'n'
   968   002F8A  6F                 	db	111	;'o'
   969   002F8B  6C                 	db	108	;'l'
   970   002F8C  6F                 	db	111	;'o'
   971   002F8D  67                 	db	103	;'g'
   972   002F8E  69                 	db	105	;'i'
   973   002F8F  65                 	db	101	;'e'
   974   002F90  73                 	db	115	;'s'
   975   002F91  2E                 	db	46
   976   002F92  20                 	db	32
   977   002F93  50                 	db	80	;'P'
   978   002F94  72                 	db	114	;'r'
   979   002F95  65                 	db	101	;'e'
   980   002F96  73                 	db	115	;'s'
   981   002F97  73                 	db	115	;'s'
   982   002F98  20                 	db	32
   983   002F99  61                 	db	97	;'a'
   984   002F9A  6E                 	db	110	;'n'
   985   002F9B  79                 	db	121	;'y'
   986   002F9C  20                 	db	32
   987   002F9D  6B                 	db	107	;'k'
   988   002F9E  65                 	db	101	;'e'
   989   002F9F  79                 	db	121	;'y'
   990   002FA0  20                 	db	32
   991   002FA1  74                 	db	116	;'t'
   992   002FA2  6F                 	db	111	;'o'
   993   002FA3  20                 	db	32
   994   002FA4  63                 	db	99	;'c'
   995   002FA5  6F                 	db	111	;'o'
   996   002FA6  6E                 	db	110	;'n'
   997   002FA7  74                 	db	116	;'t'
   998   002FA8  69                 	db	105	;'i'
   999   002FA9  6E                 	db	110	;'n'
  1000   002FAA  75                 	db	117	;'u'
  1001   002FAB  65                 	db	101	;'e'
  1002   002FAC  0A                 	db	10
  1003   002FAD  0D                 	db	13
  1004   002FAE  00                 	db	0
  1005   002FAF                     STR_3:
  1006   002FAF  59                 	db	89	;'Y'
  1007   002FB0  6F                 	db	111	;'o'
  1008   002FB1  75                 	db	117	;'u'
  1009   002FB2  20                 	db	32
  1010   002FB3  73                 	db	115	;'s'
  1011   002FB4  68                 	db	104	;'h'
  1012   002FB5  6F                 	db	111	;'o'
  1013   002FB6  75                 	db	117	;'u'
  1014   002FB7  6C                 	db	108	;'l'
  1015   002FB8  64                 	db	100	;'d'
  1016   002FB9  20                 	db	32
  1017   002FBA  67                 	db	103	;'g'
  1018   002FBB  65                 	db	101	;'e'
  1019   002FBC  74                 	db	116	;'t'
  1020   002FBD  20                 	db	32
  1021   002FBE  62                 	db	98	;'b'
  1022   002FBF  61                 	db	97	;'a'
  1023   002FC0  63                 	db	99	;'c'
  1024   002FC1  6B                 	db	107	;'k'
  1025   002FC2  20                 	db	32
  1026   002FC3  77                 	db	119	;'w'
  1027   002FC4  68                 	db	104	;'h'
  1028   002FC5  61                 	db	97	;'a'
  1029   002FC6  74                 	db	116	;'t'
  1030   002FC7  65                 	db	101	;'e'
  1031   002FC8  76                 	db	118	;'v'
  1032   002FC9  65                 	db	101	;'e'
  1033   002FCA  72                 	db	114	;'r'
  1034   002FCB  20                 	db	32
  1035   002FCC  79                 	db	121	;'y'
  1036   002FCD  6F                 	db	111	;'o'
  1037   002FCE  75                 	db	117	;'u'
  1038   002FCF  20                 	db	32
  1039   002FD0  74                 	db	116	;'t'
  1040   002FD1  79                 	db	121	;'y'
  1041   002FD2  70                 	db	112	;'p'
  1042   002FD3  65                 	db	101	;'e'
  1043   002FD4  3A                 	db	58	;':'
  1044   002FD5  0A                 	db	10
  1045   002FD6  0D                 	db	13
  1046   002FD7  00                 	db	0
  1047   002FD8                     STR_2:
  1048   002FD8  57                 	db	87	;'W'
  1049   002FD9  65                 	db	101	;'e'
  1050   002FDA  6C                 	db	108	;'l'
  1051   002FDB  63                 	db	99	;'c'
  1052   002FDC  6F                 	db	111	;'o'
  1053   002FDD  6D                 	db	109	;'m'
  1054   002FDE  65                 	db	101	;'e'
  1055   002FDF  2E                 	db	46
  1056   002FE0  20                 	db	32
  1057   002FE1  54                 	db	84	;'T'
  1058   002FE2  68                 	db	104	;'h'
  1059   002FE3  69                 	db	105	;'i'
  1060   002FE4  73                 	db	115	;'s'
  1061   002FE5  20                 	db	32
  1062   002FE6  69                 	db	105	;'i'
  1063   002FE7  73                 	db	115	;'s'
  1064   002FE8  20                 	db	32
  1065   002FE9  55                 	db	85	;'U'
  1066   002FEA  41                 	db	65	;'A'
  1067   002FEB  52                 	db	82	;'R'
  1068   002FEC  54                 	db	84	;'T'
  1069   002FED  20                 	db	32
  1070   002FEE  54                 	db	84	;'T'
  1071   002FEF  65                 	db	101	;'e'
  1072   002FF0  73                 	db	115	;'s'
  1073   002FF1  74                 	db	116	;'t'
  1074   002FF2  20                 	db	32
  1075   002FF3  43                 	db	67	;'C'
  1076   002FF4  6F                 	db	111	;'o'
  1077   002FF5  64                 	db	100	;'d'
  1078   002FF6  65                 	db	101	;'e'
  1079   002FF7  2E                 	db	46
  1080   002FF8  0A                 	db	10
  1081   002FF9  0D                 	db	13
  1082   002FFA  00                 	db	0
  1083   002FF8                     STR_4           equ	STR_2+32
  1084   002FFB  00                 	db	0	; dummy byte at the end
  1085   002F70                     __smallconst    set	__pmediumconst
  1086   002F70                     __mediumconst   set	__pmediumconst
  1087   000002                     __activetblptr  equ	2
  1088                           
  1089                           ; #config settings
  1090                           
  1091                           	psect	cinit
  1092   002E8C                     __pcinit:
  1093                           	callstack 0
  1094   002E8C                     start_initialization:
  1095                           	callstack 0
  1096   002E8C                     __initialization:
  1097                           	callstack 0
  1098   002E8C                     end_of_initialization:
  1099                           	callstack 0
  1100   002E8C                     __end_of__initialization:
  1101                           	callstack 0
  1102   002E8C  0E00               	movlw	low (__Lmediumconst shr (0+16))
  1103   002E8E  6EF8               	movwf	tblptru,c
  1104   002E90  0100               	movlb	0
  1105   002E92  EF83  F017         	goto	_main	;jump to C main() function
  1106                           
  1107                           	psect	cstackCOMRAM
  1108   000001                     __pcstackCOMRAM:
  1109                           	callstack 0
  1110   000001                     putch@byte:
  1111                           	callstack 0
  1112   000001                     
  1113                           ; 1 bytes @ 0x0
  1114   000001                     	ds	1
  1115   000002                     getche@c:
  1116                           	callstack 0
  1117   000002                     puts@s:
  1118                           	callstack 0
  1119   000002                     
  1120                           ; 1 bytes @ 0x1
  1121   000002                     	ds	2
  1122   000004                     
  1123                           ; 1 bytes @ 0x3
  1124 ;;
  1125 ;;Main: autosize = 0, tempsize = 0, incstack = 0, save=0
  1126 ;;
  1127 ;; *************** function _main *****************
  1128 ;; Defined at:
  1129 ;;		line 21 in file "main.c"
  1130 ;; Parameters:    Size  Location     Type
  1131 ;;		None
  1132 ;; Auto vars:     Size  Location     Type
  1133 ;;  c               1    0        unsigned char 
  1134 ;; Return value:  Size  Location     Type
  1135 ;;                  1    wreg      void 
  1136 ;; Registers used:
  1137 ;;		wreg, status,2, status,0, tblptrl, tblptrh, tblptru, cstack
  1138 ;; Tracked objects:
  1139 ;;		On entry : 0/0
  1140 ;;		On exit  : 0/0
  1141 ;;		Unchanged: 0/0
  1142 ;; Data sizes:     COMRAM   BANK0   BANK1   BANK2   BANK3   BANK4   BANK5
  1143 ;;      Params:         0       0       0       0       0       0       0
  1144 ;;      Locals:         0       0       0       0       0       0       0
  1145 ;;      Temps:          0       0       0       0       0       0       0
  1146 ;;      Totals:         0       0       0       0       0       0       0
  1147 ;;Total ram usage:        0 bytes
  1148 ;; Hardware stack levels required when called: 3
  1149 ;; This function calls:
  1150 ;;		_getche
  1151 ;;		_init_config
  1152 ;;		_puts
  1153 ;; This function is called by:
  1154 ;;		Startup code after reset
  1155 ;; This function uses a non-reentrant model
  1156 ;;
  1157                           
  1158                           	psect	text0
  1159   002F06                     __ptext0:
  1160                           	callstack 0
  1161   002F06                     _main:
  1162                           	callstack 28
  1163   002F06                     
  1164                           ;main.c: 23:  char c;;main.c: 25:  init_config();
  1165   002F06  EC5C  F017         	call	_init_config	;wreg free
  1166                           
  1167                           ;main.c: 27:  puts("Welcome. This is UART Test Code.\n\r");
  1168   002F0A  0ED8               	movlw	low STR_2
  1169   002F0C  6E02               	movwf	puts@s^0,c
  1170   002F0E  0E2F               	movlw	high STR_2
  1171   002F10  6E03               	movwf	(puts@s+1)^0,c
  1172   002F12  EC9D  F017         	call	_puts	;wreg free
  1173                           
  1174                           ;main.c: 28:  puts("You should get back whatever you type:\n\r");
  1175   002F16  0EAF               	movlw	low STR_3
  1176   002F18  6E02               	movwf	puts@s^0,c
  1177   002F1A  0E2F               	movlw	high STR_3
  1178   002F1C  6E03               	movwf	(puts@s+1)^0,c
  1179   002F1E  EC9D  F017         	call	_puts	;wreg free
  1180   002F22                     l919:
  1181                           
  1182                           ;main.c: 31:  {;main.c: 32:   getche();
  1183   002F22  EC4B  F017         	call	_getche	;wreg free
  1184   002F26                     
  1185                           ;main.c: 33:   puts("\n\r");
  1186   002F26  0EF8               	movlw	low (STR_2+32)
  1187   002F28  6E02               	movwf	puts@s^0,c
  1188   002F2A  0E2F               	movlw	high (STR_2+32)
  1189   002F2C  6E03               	movwf	(puts@s+1)^0,c
  1190   002F2E  EC9D  F017         	call	_puts	;wreg free
  1191   002F32  EF91  F017         	goto	l919
  1192   002F36  EFFE  F017         	goto	start
  1193   002F3A                     __end_of_main:
  1194                           	callstack 0
  1195                           
  1196 ;; *************** function _init_config *****************
  1197 ;; Defined at:
  1198 ;;		line 13 in file "main.c"
  1199 ;; Parameters:    Size  Location     Type
  1200 ;;		None
  1201 ;; Auto vars:     Size  Location     Type
  1202 ;;		None
  1203 ;; Return value:  Size  Location     Type
  1204 ;;                  1    wreg      void 
  1205 ;; Registers used:
  1206 ;;		wreg, status,2, status,0, tblptrl, tblptrh, tblptru, cstack
  1207 ;; Tracked objects:
  1208 ;;		On entry : 0/0
  1209 ;;		On exit  : 0/0
  1210 ;;		Unchanged: 0/0
  1211 ;; Data sizes:     COMRAM   BANK0   BANK1   BANK2   BANK3   BANK4   BANK5
  1212 ;;      Params:         0       0       0       0       0       0       0
  1213 ;;      Locals:         0       0       0       0       0       0       0
  1214 ;;      Temps:          0       0       0       0       0       0       0
  1215 ;;      Totals:         0       0       0       0       0       0       0
  1216 ;;Total ram usage:        0 bytes
  1217 ;; Hardware stack levels used: 1
  1218 ;; Hardware stack levels required when called: 2
  1219 ;; This function calls:
  1220 ;;		_getch
  1221 ;;		_init_uart
  1222 ;;		_puts
  1223 ;; This function is called by:
  1224 ;;		_main
  1225 ;; This function uses a non-reentrant model
  1226 ;;
  1227                           
  1228                           	psect	text1
  1229   002EB8                     __ptext1:
  1230                           	callstack 0
  1231   002EB8                     _init_config:
  1232                           	callstack 28
  1233   002EB8                     
  1234                           ;main.c: 15:  init_uart();
  1235   002EB8  EC73  F017         	call	_init_uart	;wreg free
  1236   002EBC                     
  1237                           ;main.c: 17:  puts("Emertxe Information Technologies. Press any key to continue\n\r");
  1238   002EBC  0E71               	movlw	low STR_1
  1239   002EBE  6E02               	movwf	puts@s^0,c
  1240   002EC0  0E2F               	movlw	high STR_1
  1241   002EC2  6E03               	movwf	(puts@s+1)^0,c
  1242   002EC4  EC9D  F017         	call	_puts	;wreg free
  1243   002EC8                     
  1244                           ;main.c: 18:  getch();
  1245   002EC8  EC52  F017         	call	_getch	;wreg free
  1246   002ECC  0012               	return		;funcret
  1247   002ECE                     __end_of_init_config:
  1248                           	callstack 0
  1249                           
  1250 ;; *************** function _puts *****************
  1251 ;; Defined at:
  1252 ;;		line 62 in file "uart.c"
  1253 ;; Parameters:    Size  Location     Type
  1254 ;;  s               2    1[COMRAM] PTR const unsigned char 
  1255 ;;		 -> STR_4(3), STR_3(41), STR_2(35), STR_1(62), 
  1256 ;; Auto vars:     Size  Location     Type
  1257 ;;		None
  1258 ;; Return value:  Size  Location     Type
  1259 ;;                  2    1[COMRAM] int 
  1260 ;; Registers used:
  1261 ;;		wreg, status,2, status,0, tblptrl, tblptrh, tblptru, cstack
  1262 ;; Tracked objects:
  1263 ;;		On entry : 0/0
  1264 ;;		On exit  : 0/0
  1265 ;;		Unchanged: 0/0
  1266 ;; Data sizes:     COMRAM   BANK0   BANK1   BANK2   BANK3   BANK4   BANK5
  1267 ;;      Params:         2       0       0       0       0       0       0
  1268 ;;      Locals:         0       0       0       0       0       0       0
  1269 ;;      Temps:          0       0       0       0       0       0       0
  1270 ;;      Totals:         2       0       0       0       0       0       0
  1271 ;;Total ram usage:        2 bytes
  1272 ;; Hardware stack levels used: 1
  1273 ;; This function calls:
  1274 ;;		_putch
  1275 ;; This function is called by:
  1276 ;;		_init_config
  1277 ;;		_main
  1278 ;; This function uses a non-reentrant model
  1279 ;;
  1280                           
  1281                           	psect	text2
  1282   002F3A                     __ptext2:
  1283                           	callstack 0
  1284   002F3A                     _puts:
  1285                           	callstack 29
  1286   002F3A                     
  1287                           ;uart.c: 62: int puts(const char *s);uart.c: 63: {;uart.c: 64:  while(*s)
  1288   002F3A  EFA9  F017         	goto	l909
  1289   002F3E                     l905:
  1290                           
  1291                           ;uart.c: 65:  {;uart.c: 66:   putch(*s++);
  1292   002F3E  C002  FFF6         	movff	puts@s,tblptrl
  1293   002F42  C003  FFF7         	movff	puts@s+1,tblptrh
  1294   002F46                     	if	0	;tblptru may be non-zero
  1295   002F46                     	endif
  1296   002F46                     	if	0	;tblptru may be non-zero
  1297   002F46                     	endif
  1298   002F46  0008               	tblrd		*
  1299   002F48  50F5               	movf	tablat,w,c
  1300   002F4A  EC67  F017         	call	_putch
  1301   002F4E  4A02               	infsnz	puts@s^0,f,c
  1302   002F50  2A03               	incf	(puts@s+1)^0,f,c
  1303   002F52                     l909:
  1304                           
  1305                           ;uart.c: 64:  while(*s)
  1306   002F52  C002  FFF6         	movff	puts@s,tblptrl
  1307   002F56  C003  FFF7         	movff	puts@s+1,tblptrh
  1308   002F5A                     	if	0	;tblptru may be non-zero
  1309   002F5A                     	endif
  1310   002F5A                     	if	0	;tblptru may be non-zero
  1311   002F5A                     	endif
  1312   002F5A  0008               	tblrd		*
  1313   002F5C  50F5               	movf	tablat,w,c
  1314   002F5E  0900               	iorlw	0
  1315   002F60  A4D8               	btfss	status,2,c
  1316   002F62  EFB5  F017         	goto	u41
  1317   002F66  EFB7  F017         	goto	u40
  1318   002F6A                     u41:
  1319   002F6A  EF9F  F017         	goto	l905
  1320   002F6E                     u40:
  1321   002F6E  0012               	return		;funcret
  1322   002F70                     __end_of_puts:
  1323                           	callstack 0
  1324                           
  1325 ;; *************** function _init_uart *****************
  1326 ;; Defined at:
  1327 ;;		line 4 in file "uart.c"
  1328 ;; Parameters:    Size  Location     Type
  1329 ;;		None
  1330 ;; Auto vars:     Size  Location     Type
  1331 ;;		None
  1332 ;; Return value:  Size  Location     Type
  1333 ;;                  1    wreg      void 
  1334 ;; Registers used:
  1335 ;;		wreg, status,2
  1336 ;; Tracked objects:
  1337 ;;		On entry : 0/0
  1338 ;;		On exit  : 0/0
  1339 ;;		Unchanged: 0/0
  1340 ;; Data sizes:     COMRAM   BANK0   BANK1   BANK2   BANK3   BANK4   BANK5
  1341 ;;      Params:         0       0       0       0       0       0       0
  1342 ;;      Locals:         0       0       0       0       0       0       0
  1343 ;;      Temps:          0       0       0       0       0       0       0
  1344 ;;      Totals:         0       0       0       0       0       0       0
  1345 ;;Total ram usage:        0 bytes
  1346 ;; Hardware stack levels used: 1
  1347 ;; This function calls:
  1348 ;;		Nothing
  1349 ;; This function is called by:
  1350 ;;		_init_config
  1351 ;; This function uses a non-reentrant model
  1352 ;;
  1353                           
  1354                           	psect	text3
  1355   002EE6                     __ptext3:
  1356                           	callstack 0
  1357   002EE6                     _init_uart:
  1358                           	callstack 29
  1359   002EE6                     
  1360                           ;uart.c: 7:  TRISC7 = 1;
  1361   002EE6  8E94               	bsf	3988,7,c	;volatile
  1362                           
  1363                           ;uart.c: 8:  TRISC6 = 0;
  1364   002EE8  9C94               	bcf	3988,6,c	;volatile
  1365                           
  1366                           ;uart.c: 12:  TX9 = 0;
  1367   002EEA  9CAC               	bcf	4012,6,c	;volatile
  1368                           
  1369                           ;uart.c: 14:  TXEN = 1;
  1370   002EEC  8AAC               	bsf	4012,5,c	;volatile
  1371                           
  1372                           ;uart.c: 17:  SYNC = 0;
  1373   002EEE  98AC               	bcf	4012,4,c	;volatile
  1374                           
  1375                           ;uart.c: 19:  SENDB = 0;
  1376   002EF0  96AC               	bcf	4012,3,c	;volatile
  1377                           
  1378                           ;uart.c: 22:  BRGH = 1;
  1379   002EF2  84AC               	bsf	4012,2,c	;volatile
  1380                           
  1381                           ;uart.c: 26:  SPEN = 1;
  1382   002EF4  8EAB               	bsf	4011,7,c	;volatile
  1383                           
  1384                           ;uart.c: 28:  RX9 = 0;
  1385   002EF6  9CAB               	bcf	4011,6,c	;volatile
  1386                           
  1387                           ;uart.c: 30:  CREN = 1;
  1388   002EF8  88AB               	bsf	4011,4,c	;volatile
  1389                           
  1390                           ;uart.c: 35:  BRG16 = 0;
  1391   002EFA  96B8               	bcf	4024,3,c	;volatile
  1392   002EFC                     
  1393                           ;uart.c: 40:  SPBRG = 129;
  1394   002EFC  0E81               	movlw	129
  1395   002EFE  6EAF               	movwf	175,c	;volatile
  1396   002F00                     
  1397                           ;uart.c: 44:  TXIF = 0;
  1398   002F00  989E               	bcf	3998,4,c	;volatile
  1399   002F02                     
  1400                           ;uart.c: 47:  RCIF = 0;
  1401   002F02  9A9E               	bcf	3998,5,c	;volatile
  1402   002F04  0012               	return		;funcret
  1403   002F06                     __end_of_init_uart:
  1404                           	callstack 0
  1405                           
  1406 ;; *************** function _getche *****************
  1407 ;; Defined at:
  1408 ;;		line 83 in file "uart.c"
  1409 ;; Parameters:    Size  Location     Type
  1410 ;;		None
  1411 ;; Auto vars:     Size  Location     Type
  1412 ;;  c               1    1[COMRAM] unsigned char 
  1413 ;; Return value:  Size  Location     Type
  1414 ;;                  1    wreg      unsigned char 
  1415 ;; Registers used:
  1416 ;;		wreg, status,2, cstack
  1417 ;; Tracked objects:
  1418 ;;		On entry : 0/0
  1419 ;;		On exit  : 0/0
  1420 ;;		Unchanged: 0/0
  1421 ;; Data sizes:     COMRAM   BANK0   BANK1   BANK2   BANK3   BANK4   BANK5
  1422 ;;      Params:         0       0       0       0       0       0       0
  1423 ;;      Locals:         1       0       0       0       0       0       0
  1424 ;;      Temps:          0       0       0       0       0       0       0
  1425 ;;      Totals:         1       0       0       0       0       0       0
  1426 ;;Total ram usage:        1 bytes
  1427 ;; Hardware stack levels used: 1
  1428 ;; Hardware stack levels required when called: 1
  1429 ;; This function calls:
  1430 ;;		_getch
  1431 ;;		_putch
  1432 ;; This function is called by:
  1433 ;;		_main
  1434 ;; This function uses a non-reentrant model
  1435 ;;
  1436                           
  1437                           	psect	text4
  1438   002E96                     __ptext4:
  1439                           	callstack 0
  1440   002E96                     _getche:
  1441                           	callstack 29
  1442   002E96                     
  1443                           ;uart.c: 85:  unsigned char c;;uart.c: 87:  putch(c = getch());
  1444   002E96  EC52  F017         	call	_getch	;wreg free
  1445   002E9A  6E02               	movwf	getche@c^0,c
  1446   002E9C  5002               	movf	getche@c^0,w,c
  1447   002E9E  EC67  F017         	call	_putch
  1448   002EA2  0012               	return		;funcret
  1449   002EA4                     __end_of_getche:
  1450                           	callstack 0
  1451                           
  1452 ;; *************** function _putch *****************
  1453 ;; Defined at:
  1454 ;;		line 50 in file "uart.c"
  1455 ;; Parameters:    Size  Location     Type
  1456 ;;  byte            1    wreg     unsigned char 
  1457 ;; Auto vars:     Size  Location     Type
  1458 ;;  byte            1    0[COMRAM] unsigned char 
  1459 ;; Return value:  Size  Location     Type
  1460 ;;                  1    wreg      void 
  1461 ;; Registers used:
  1462 ;;		wreg
  1463 ;; Tracked objects:
  1464 ;;		On entry : 0/0
  1465 ;;		On exit  : 0/0
  1466 ;;		Unchanged: 0/0
  1467 ;; Data sizes:     COMRAM   BANK0   BANK1   BANK2   BANK3   BANK4   BANK5
  1468 ;;      Params:         0       0       0       0       0       0       0
  1469 ;;      Locals:         1       0       0       0       0       0       0
  1470 ;;      Temps:          0       0       0       0       0       0       0
  1471 ;;      Totals:         1       0       0       0       0       0       0
  1472 ;;Total ram usage:        1 bytes
  1473 ;; Hardware stack levels used: 1
  1474 ;; This function calls:
  1475 ;;		Nothing
  1476 ;; This function is called by:
  1477 ;;		_puts
  1478 ;;		_getche
  1479 ;; This function uses a non-reentrant model
  1480 ;;
  1481                           
  1482                           	psect	text5
  1483   002ECE                     __ptext5:
  1484                           	callstack 0
  1485   002ECE                     _putch:
  1486                           	callstack 28
  1487                           
  1488                           ;incstack = 0
  1489                           ;putch@byte stored from wreg
  1490   002ECE  6E01               	movwf	putch@byte^0,c
  1491   002ED0                     l57:
  1492                           
  1493                           ;uart.c: 54:  while(!TXIF)
  1494   002ED0  A89E               	btfss	3998,4,c	;volatile
  1495   002ED2  EF6D  F017         	goto	u11
  1496   002ED6  EF6F  F017         	goto	u10
  1497   002EDA                     u11:
  1498   002EDA  EF68  F017         	goto	l57
  1499   002EDE                     u10:
  1500   002EDE                     
  1501                           ;uart.c: 58:  TXIF = 0;
  1502   002EDE  989E               	bcf	3998,4,c	;volatile
  1503   002EE0                     
  1504                           ;uart.c: 59:  TXREG = byte;
  1505   002EE0  C001  FFAD         	movff	putch@byte,4013	;volatile
  1506   002EE4  0012               	return		;funcret
  1507   002EE6                     __end_of_putch:
  1508                           	callstack 0
  1509                           
  1510 ;; *************** function _getch *****************
  1511 ;; Defined at:
  1512 ;;		line 71 in file "uart.c"
  1513 ;; Parameters:    Size  Location     Type
  1514 ;;		None
  1515 ;; Auto vars:     Size  Location     Type
  1516 ;;		None
  1517 ;; Return value:  Size  Location     Type
  1518 ;;                  1    wreg      unsigned char 
  1519 ;; Registers used:
  1520 ;;		wreg, status,2
  1521 ;; Tracked objects:
  1522 ;;		On entry : 0/0
  1523 ;;		On exit  : 0/0
  1524 ;;		Unchanged: 0/0
  1525 ;; Data sizes:     COMRAM   BANK0   BANK1   BANK2   BANK3   BANK4   BANK5
  1526 ;;      Params:         0       0       0       0       0       0       0
  1527 ;;      Locals:         0       0       0       0       0       0       0
  1528 ;;      Temps:          0       0       0       0       0       0       0
  1529 ;;      Totals:         0       0       0       0       0       0       0
  1530 ;;Total ram usage:        0 bytes
  1531 ;; Hardware stack levels used: 1
  1532 ;; This function calls:
  1533 ;;		Nothing
  1534 ;; This function is called by:
  1535 ;;		_init_config
  1536 ;;		_getche
  1537 ;; This function uses a non-reentrant model
  1538 ;;
  1539                           
  1540                           	psect	text6
  1541   002EA4                     __ptext6:
  1542                           	callstack 0
  1543   002EA4                     _getch:
  1544                           	callstack 29
  1545   002EA4                     l69:
  1546                           
  1547                           ;uart.c: 75:  while(!RCIF)
  1548   002EA4  AA9E               	btfss	3998,5,c	;volatile
  1549   002EA6  EF57  F017         	goto	u31
  1550   002EAA  EF59  F017         	goto	u30
  1551   002EAE                     u31:
  1552   002EAE  EF52  F017         	goto	l69
  1553   002EB2                     u30:
  1554   002EB2                     
  1555                           ;uart.c: 79:  RCIF = 0;
  1556   002EB2  9A9E               	bcf	3998,5,c	;volatile
  1557   002EB4                     
  1558                           ;uart.c: 80:  return RCREG;
  1559   002EB4  50AE               	movf	174,w,c	;volatile
  1560   002EB6  0012               	return		;funcret
  1561   002EB8                     __end_of_getch:
  1562                           	callstack 0
  1563                           
  1564                           	psect	rparam
  1565   000001                     ___rparam_used  equ	1
  1566   000000                     ___param_bank   equ	0
  1567   000000                     __Lparam        equ	__Lrparam
  1568   000000                     __Hparam        equ	__Hrparam
  1569                           
  1570                           	psect	idloc
  1571                           
  1572                           ;Config register IDLOC0 @ 0x200000
  1573                           ;	unspecified, using default values
  1574   200000                     	org	2097152
  1575   200000  FF                 	db	255
  1576                           
  1577                           ;Config register IDLOC1 @ 0x200001
  1578                           ;	unspecified, using default values
  1579   200001                     	org	2097153
  1580   200001  FF                 	db	255
  1581                           
  1582                           ;Config register IDLOC2 @ 0x200002
  1583                           ;	unspecified, using default values
  1584   200002                     	org	2097154
  1585   200002  FF                 	db	255
  1586                           
  1587                           ;Config register IDLOC3 @ 0x200003
  1588                           ;	unspecified, using default values
  1589   200003                     	org	2097155
  1590   200003  FF                 	db	255
  1591                           
  1592                           ;Config register IDLOC4 @ 0x200004
  1593                           ;	unspecified, using default values
  1594   200004                     	org	2097156
  1595   200004  FF                 	db	255
  1596                           
  1597                           ;Config register IDLOC5 @ 0x200005
  1598                           ;	unspecified, using default values
  1599   200005                     	org	2097157
  1600   200005  FF                 	db	255
  1601                           
  1602                           ;Config register IDLOC6 @ 0x200006
  1603                           ;	unspecified, using default values
  1604   200006                     	org	2097158
  1605   200006  FF                 	db	255
  1606                           
  1607                           ;Config register IDLOC7 @ 0x200007
  1608                           ;	unspecified, using default values
  1609   200007                     	org	2097159
  1610   200007  FF                 	db	255
  1611                           
  1612                           	psect	config
  1613                           
  1614                           ; Padding undefined space
  1615   300000                     	org	3145728
  1616   300000  FF                 	db	255
  1617                           
  1618                           ;Config register CONFIG1H @ 0x300001
  1619                           ;	unspecified, using default values
  1620                           ;	Oscillator Selection bits
  1621                           ;	OSC = 0x7, unprogrammed default
  1622                           ;	Fail-Safe Clock Monitor Enable bit
  1623                           ;	FCMEN = 0x0, unprogrammed default
  1624                           ;	Internal/External Oscillator Switchover bit
  1625                           ;	IESO = 0x0, unprogrammed default
  1626   300001                     	org	3145729
  1627   300001  07                 	db	7
  1628                           
  1629                           ;Config register CONFIG2L @ 0x300002
  1630                           ;	unspecified, using default values
  1631                           ;	Power-up Timer Enable bit
  1632                           ;	PWRT = 0x1, unprogrammed default
  1633                           ;	Brown-out Reset Enable bits
  1634                           ;	BOREN = 0x3, unprogrammed default
  1635                           ;	Brown-out Reset Voltage bits
  1636                           ;	BORV = 0x3, unprogrammed default
  1637   300002                     	org	3145730
  1638   300002  1F                 	db	31
  1639                           
  1640                           ;Config register CONFIG2H @ 0x300003
  1641                           ;	unspecified, using default values
  1642                           ;	Watchdog Timer Enable bit
  1643                           ;	WDT = 0x1, unprogrammed default
  1644                           ;	Watchdog Timer Postscale Select bits
  1645                           ;	WDTPS = 0xF, unprogrammed default
  1646   300003                     	org	3145731
  1647   300003  1F                 	db	31
  1648                           
  1649                           ; Padding undefined space
  1650   300004                     	org	3145732
  1651   300004  FF                 	db	255
  1652                           
  1653                           ;Config register CONFIG3H @ 0x300005
  1654                           ;	unspecified, using default values
  1655                           ;	PORTB A/D Enable bit
  1656                           ;	PBADEN = 0x1, unprogrammed default
  1657                           ;	Low-Power Timer 1 Oscillator Enable bit
  1658                           ;	LPT1OSC = 0x0, unprogrammed default
  1659                           ;	MCLR Pin Enable bit
  1660                           ;	MCLRE = 0x1, unprogrammed default
  1661   300005                     	org	3145733
  1662   300005  82                 	db	130
  1663                           
  1664                           ;Config register CONFIG4L @ 0x300006
  1665                           ;	unspecified, using default values
  1666                           ;	Stack Full/Underflow Reset Enable bit
  1667                           ;	STVREN = 0x1, unprogrammed default
  1668                           ;	Single-Supply ICSP Enable bit
  1669                           ;	LVP = 0x1, unprogrammed default
  1670                           ;	Boot Block Size Select bit
  1671                           ;	BBSIZ = 0x0, unprogrammed default
  1672                           ;	Extended Instruction Set Enable bit
  1673                           ;	XINST = 0x0, unprogrammed default
  1674                           ;	Background Debugger Enable bit
  1675                           ;	DEBUG = 0x1, unprogrammed default
  1676   300006                     	org	3145734
  1677   300006  85                 	db	133
  1678                           
  1679                           ; Padding undefined space
  1680   300007                     	org	3145735
  1681   300007  FF                 	db	255
  1682                           
  1683                           ;Config register CONFIG5L @ 0x300008
  1684                           ;	unspecified, using default values
  1685                           ;	Code Protection bit
  1686                           ;	CP0 = 0x1, unprogrammed default
  1687                           ;	Code Protection bit
  1688                           ;	CP1 = 0x1, unprogrammed default
  1689                           ;	Code Protection bit
  1690                           ;	CP2 = 0x1, unprogrammed default
  1691                           ;	Code Protection bit
  1692                           ;	CP3 = 0x1, unprogrammed default
  1693   300008                     	org	3145736
  1694   300008  0F                 	db	15
  1695                           
  1696                           ;Config register CONFIG5H @ 0x300009
  1697                           ;	unspecified, using default values
  1698                           ;	Boot Block Code Protection bit
  1699                           ;	CPB = 0x1, unprogrammed default
  1700                           ;	Data EEPROM Code Protection bit
  1701                           ;	CPD = 0x1, unprogrammed default
  1702   300009                     	org	3145737
  1703   300009  C0                 	db	192
  1704                           
  1705                           ;Config register CONFIG6L @ 0x30000A
  1706                           ;	unspecified, using default values
  1707                           ;	Write Protection bit
  1708                           ;	WRT0 = 0x1, unprogrammed default
  1709                           ;	Write Protection bit
  1710                           ;	WRT1 = 0x1, unprogrammed default
  1711                           ;	Write Protection bit
  1712                           ;	WRT2 = 0x1, unprogrammed default
  1713                           ;	Write Protection bit
  1714                           ;	WRT3 = 0x1, unprogrammed default
  1715   30000A                     	org	3145738
  1716   30000A  0F                 	db	15
  1717                           
  1718                           ;Config register CONFIG6H @ 0x30000B
  1719                           ;	unspecified, using default values
  1720                           ;	Configuration Register Write Protection bit
  1721                           ;	WRTC = 0x1, unprogrammed default
  1722                           ;	Boot Block Write Protection bit
  1723                           ;	WRTB = 0x1, unprogrammed default
  1724                           ;	Data EEPROM Write Protection bit
  1725                           ;	WRTD = 0x1, unprogrammed default
  1726   30000B                     	org	3145739
  1727   30000B  E0                 	db	224
  1728                           
  1729                           ;Config register CONFIG7L @ 0x30000C
  1730                           ;	unspecified, using default values
  1731                           ;	Table Read Protection bit
  1732                           ;	EBTR0 = 0x1, unprogrammed default
  1733                           ;	Table Read Protection bit
  1734                           ;	EBTR1 = 0x1, unprogrammed default
  1735                           ;	Table Read Protection bit
  1736                           ;	EBTR2 = 0x1, unprogrammed default
  1737                           ;	Table Read Protection bit
  1738                           ;	EBTR3 = 0x1, unprogrammed default
  1739   30000C                     	org	3145740
  1740   30000C  0F                 	db	15
  1741                           
  1742                           ;Config register CONFIG7H @ 0x30000D
  1743                           ;	unspecified, using default values
  1744                           ;	Boot Block Table Read Protection bit
  1745                           ;	EBTRB = 0x1, unprogrammed default
  1746   30000D                     	org	3145741
  1747   30000D  40                 	db	64
  1748                           tosu	equ	0xFFF
  1749                           tosh	equ	0xFFE
  1750                           tosl	equ	0xFFD
  1751                           stkptr	equ	0xFFC
  1752                           pclatu	equ	0xFFB
  1753                           pclath	equ	0xFFA
  1754                           pcl	equ	0xFF9
  1755                           tblptru	equ	0xFF8
  1756                           tblptrh	equ	0xFF7
  1757                           tblptrl	equ	0xFF6
  1758                           tablat	equ	0xFF5
  1759                           prodh	equ	0xFF4
  1760                           prodl	equ	0xFF3
  1761                           indf0	equ	0xFEF
  1762                           postinc0	equ	0xFEE
  1763                           postdec0	equ	0xFED
  1764                           preinc0	equ	0xFEC
  1765                           plusw0	equ	0xFEB
  1766                           fsr0h	equ	0xFEA
  1767                           fsr0l	equ	0xFE9
  1768                           wreg	equ	0xFE8
  1769                           indf1	equ	0xFE7
  1770                           postinc1	equ	0xFE6
  1771                           postdec1	equ	0xFE5
  1772                           preinc1	equ	0xFE4
  1773                           plusw1	equ	0xFE3
  1774                           fsr1h	equ	0xFE2
  1775                           fsr1l	equ	0xFE1
  1776                           bsr	equ	0xFE0
  1777                           indf2	equ	0xFDF
  1778                           postinc2	equ	0xFDE
  1779                           postdec2	equ	0xFDD
  1780                           preinc2	equ	0xFDC
  1781                           plusw2	equ	0xFDB
  1782                           fsr2h	equ	0xFDA
  1783                           fsr2l	equ	0xFD9
  1784                           status	equ	0xFD8

Data Sizes:
    Strings     138
    Constant    0
    Data        0
    BSS         0
    Persistent  0
    Stack       0

Auto Spaces:
    Space          Size  Autos    Used
    COMRAM           95      3       3
    BANK0           160      0       0
    BANK1           256      0       0
    BANK2           256      0       0
    BANK3           256      0       0
    BANK4           256      0       0
    BANK5           256      0       0

Pointer List with Targets:

    puts@s	PTR const unsigned char  size(2) Largest target is 62
		 -> STR_1(CODE[62]), STR_2(CODE[35]), STR_3(CODE[41]), STR_4(CODE[3]), 


Critical Paths under _main in COMRAM

    _main->_puts
    _init_config->_puts
    _puts->_putch
    _getche->_putch

Critical Paths under _main in BANK0

    None.

Critical Paths under _main in BANK1

    None.

Critical Paths under _main in BANK2

    None.

Critical Paths under _main in BANK3

    None.

Critical Paths under _main in BANK4

    None.

Critical Paths under _main in BANK5

    None.

Call Graph Tables:

 ---------------------------------------------------------------------------------
 (Depth) Function   	        Calls       Base Space   Used Autos Params    Refs
 ---------------------------------------------------------------------------------
 (0) _main                                                 1     1      0     148
                             _getche
                        _init_config
                               _puts
 ---------------------------------------------------------------------------------
 (1) _init_config                                          0     0      0      64
                              _getch
                          _init_uart
                               _puts
 ---------------------------------------------------------------------------------
 (2) _puts                                                 2     0      2      64
                                              1 COMRAM     2     0      2
                              _putch
 ---------------------------------------------------------------------------------
 (2) _init_uart                                            0     0      0       0
 ---------------------------------------------------------------------------------
 (1) _getche                                               1     1      0      20
                                              1 COMRAM     1     1      0
                              _getch
                              _putch
 ---------------------------------------------------------------------------------
 (3) _putch                                                1     1      0      15
                                              0 COMRAM     1     1      0
                              _getch (ARG)
 ---------------------------------------------------------------------------------
 (2) _getch                                                0     0      0       0
 ---------------------------------------------------------------------------------
 Estimated maximum stack depth 3
 ---------------------------------------------------------------------------------

 Call Graph Graphs:

 _main (ROOT)
   _getche
     _getch
     _putch
       _getch (ARG)
   _init_config
     _getch
     _init_uart
     _puts
       _putch
   _puts

Address spaces:
Name               Size   Autos  Total    Usage
BITCOMRAM           95      0       0      0.0%
BITBANK0           160      0       0      0.0%
BITBANK1           256      0       0      0.0%
BITBANK2           256      0       0      0.0%
BITBANK3           256      0       0      0.0%
BITBANK4           256      0       0      0.0%
BITBANK5           256      0       0      0.0%
BITBIGSFRll        660      0       0      0.0%
BITBIGSFRh          82      0       0      0.0%
BITBIGSFRlh         24      0       0      0.0%
COMRAM              95      3       3      3.2%
BANK0              160      0       0      0.0%
BANK1              256      0       0      0.0%
BANK2              256      0       0      0.0%
BANK3              256      0       0      0.0%
BANK4              256      0       0      0.0%
BANK5              256      0       0      0.0%
BIGRAM            1535      0       0      0.0%
STACK                0      0       0      0.0%
DATA                 0      0       3      0.0%


Microchip Technology PIC18 Macro Assembler V3.10 build 20250813170317 
Symbol Table                                                                                   Fri Apr  3 14:28:41 2026

                     l11 2ECC                       l60 2EE4                       l54 2F04  
                     l71 2EB2                       l72 2EB6                       l57 2ED0  
                     l66 2F6E                       l59 2EDE                       l75 2EA2  
                     l69 2EA4                       u10 2EDE                       u11 2EDA  
                     u30 2EB2                       u31 2EAE                       u40 2F6E  
                     u41 2F6A                      l903 2F3A                      l911 2EB8  
                    l905 2F3E                      l913 2EBC                      l921 2F26  
                    l907 2F4E                      l915 2EC8                      l861 2ED0  
                    l909 2F52                      l917 2F06                      l863 2EE0  
                    l871 2F02                      l919 2F22                      l881 2EA4  
                    l865 2EE6                      l883 2EB4                      l867 2EFC  
                    l893 2E96                      l869 2F00                      _RX9 7D5E  
                    _TX9 7D66                     STR_1 2F71                     STR_2 2FD8  
                   STR_3 2FAF                     STR_4 2FF8                     _BRGH 7D62  
                   _CREN 7D5C                     _RCIF 7CF5                     _SPEN 7D5F  
                   _TXEN 7D65                     _TXIF 7CF4                     _SYNC 7D64  
                   _main 2F06                     _puts 2F3A                     start 2FFC  
           ___param_bank 0000                    ?_main 0001                    _BRG16 7DC3  
                  ?_puts 0002             ?_init_config 0001                    _RCREG 0FAE  
                  _SENDB 7D63                    _SPBRG 0FAF                    _TXREG 0FAD  
                  _getch 2EA4                    _putch 2ECE                    tablat 0FF5  
                  puts@s 0002                    status 0FD8          __initialization 2E8C  
           __end_of_main 2F3A             __end_of_puts 2F70                   ??_main 0004  
                 ??_puts 0004            __activetblptr 0002                   ?_getch 0001  
                 ?_putch 0001                   _TRISC6 7CA6                   _TRISC7 7CA7  
                 _getche 2E96                   isa$std 0001             __mediumconst 2F70  
                 tblptrh 0FF7                   tblptrl 0FF6                   tblptru 0FF8  
             __accesstop 0060  __end_of__initialization 2E8C            ___rparam_used 0001  
         __pcstackCOMRAM 0001            __end_of_getch 2EB8            __end_of_putch 2EE6  
                ??_getch 0001                  ??_putch 0001                  ?_getche 0001  
                __Hparam 0000                  __Lparam 0000                  __pcinit 2E8C  
                __ramtop 0600                  __ptext0 2F06                  __ptext1 2EB8  
                __ptext2 2F3A                  __ptext3 2EE6                  __ptext4 2E96  
                __ptext5 2ECE                  __ptext6 2EA4        __end_of_init_uart 2F06  
                getche@c 0002     end_of_initialization 2E8C            __Lmediumconst 2F70  
         __end_of_getche 2EA4      start_initialization 2E8C                 ??_getche 0002  
          ??_init_config 0004            __pmediumconst 2F70              __smallconst 2F70  
    __end_of_init_config 2ECE                _init_uart 2EE6               ?_init_uart 0001  
               __Hrparam 0000                 __Lrparam 0000              _init_config 2EB8  
               isa$xinst 0000                putch@byte 0001              ??_init_uart 0001  
